# File generated by ImageToStl.com - Free Image and 3D model conversion tools

mtllib SM_MetalGate_01a.mtl

o obj1
v 0.95189399 -1.93950498 -0.00845682
v 0.95189399 2.15992212 -0.00845618
v 1.07730031 2.15992212 -0.00845618
v 1.07730031 -1.93950498 -0.00845682
v 0.95189399 -1.93950498 0.03229471
v 1.07730031 -1.93950498 0.03229471
v 1.07730031 2.15992212 0.03229536
v 0.95189399 2.15992212 0.03229536
v 1.00473785 -2.15992236 0.01162459
v 1.01435304 -2.15992236 0.00825216
v 1.02396822 -2.15992236 0.01162459
v 1.01435304 -2.15992236 0.01499701
v 0.52384961 -1.93950498 -0.00845682
v 0.52384961 2.15992212 -0.00845618
v 0.64925581 2.15992212 -0.00845618
v 0.64925581 -1.93950498 -0.00845682
v 0.52384961 -1.93950498 0.03229471
v 0.64925581 -1.93950498 0.03229471
v 0.64925581 2.15992212 0.03229536
v 0.52384961 2.15992212 0.03229536
v 0.57669342 -2.15992236 0.01162459
v 0.5863086 -2.15992236 0.00825216
v 0.59592378 -2.15992236 0.01162459
v 0.5863086 -2.15992236 0.01499701
v 0.09580513 -1.93950498 -0.00845682
v 0.09580513 2.15992212 -0.00845618
v 0.22121146 2.15992212 -0.00845618
v 0.22121146 -1.93950498 -0.00845682
v 0.09580513 -1.93950498 0.03229471
v 0.22121146 -1.93950498 0.03229471
v 0.22121146 2.15992212 0.03229536
v 0.09580513 2.15992212 0.03229536
v 0.14864898 -2.15992236 0.01162459
v 0.15826416 -2.15992236 0.00825216
v 0.16787933 -2.15992236 0.01162459
v 0.15826416 -2.15992236 0.01499701
v -0.33223921 -1.93950498 -0.00845682
v -0.33223921 2.15992212 -0.00845618
v -0.20683296 2.15992212 -0.00845618
v -0.20683296 -1.93950498 -0.00845682
v -0.33223921 -1.93950498 0.03229471
v -0.20683296 -1.93950498 0.03229471
v -0.20683296 2.15992212 0.03229536
v -0.33223921 2.15992212 0.03229536
v -0.27939543 -2.15992236 0.01162459
v -0.26978028 -2.15992236 0.00825216
v -0.2601651 -2.15992236 0.01162459
v -0.26978028 -2.15992236 0.01499701
v -0.76028365 -1.93950498 -0.00845682
v -0.76028365 2.15992212 -0.00845618
v -0.63487744 2.15992212 -0.00845618
v -0.63487744 -1.93950498 -0.00845682
v -0.76028365 -1.93950498 0.03229471
v -0.63487744 -1.93950498 0.03229471
v -0.63487744 2.15992212 0.03229536
v -0.76028365 2.15992212 0.03229536
v -0.70743984 -2.15992236 0.01162459
v -0.69782472 -2.15992236 0.00825216
v -0.68820953 -2.15992236 0.01162459
v -0.69782472 -2.15992236 0.01499701
v -1.18832803 -1.93950498 -0.00845682
v -1.18832803 2.15992212 -0.00845618
v -1.06292188 2.15992212 -0.00845618
v -1.06292188 -1.93950498 -0.00845682
v -1.18832803 -1.93950498 0.03229471
v -1.06292188 -1.93950498 0.03229471
v -1.06292188 2.15992212 0.03229536
v -1.18832803 2.15992212 0.03229536
v -1.13548434 -2.15992236 0.01162459
v -1.12586915 -2.15992236 0.00825216
v -1.11625397 -2.15992236 0.01162459
v -1.12586915 -2.15992236 0.01499701
v -2.17143726 -1.6984632 -0.00585128
v 2.17143917 -1.6984632 -0.00585349
v 2.17143917 -1.57305694 -0.00585349
v -2.17143726 -1.57305694 -0.00585127
v -2.17143726 -1.6984632 -0.04104379
v -2.17143726 -1.57305694 -0.04104378
v 2.17143917 -1.57305694 -0.04104601
v 2.17143917 -1.6984632 -0.04104601
v -2.17143726 -1.16295958 -0.04104536
v 2.17143917 -1.16295993 -0.04104471
v 2.17143917 -1.28836608 -0.04104472
v -2.17143726 -1.28836596 -0.04104536
v -2.17143726 -1.16295958 -0.00585285
v -2.17143726 -1.28836596 -0.00585285
v 2.17143917 -1.28836608 -0.0058522
v 2.17143917 -1.16295993 -0.0058522
v -2.17143726 -0.867603 -0.00585213
v 2.17143917 -0.867603 -0.00585265
v 2.17143917 -0.74219662 -0.00585271
v -2.17143726 -0.74219662 -0.00585219
v -2.17143726 -0.867603 -0.04104465
v -2.17143726 -0.74219662 -0.0410447
v 2.17143917 -0.74219662 -0.04104523
v 2.17143917 -0.867603 -0.04104517
v -2.17143726 -0.32627136 -0.04104536
v 2.17143917 -0.32627165 -0.0410447
v 2.17143917 -0.45167786 -0.0410447
v -2.17143726 -0.45167768 -0.04104535
v -2.17143726 -0.32627136 -0.00585284
v -2.17143726 -0.45167768 -0.00585284
v 2.17143917 -0.45167786 -0.00585219
v 2.17143917 -0.32627165 -0.00585219
v -2.17143726 -0.03132797 -0.00585212
v 2.17143917 -0.03132797 -0.00585264
v 2.17143917 0.09407837 -0.0058527
v -2.17143726 0.09407837 -0.00585218
v -2.17143726 -0.03132797 -0.04104463
v -2.17143726 0.09407837 -0.04104469
v 2.17143917 0.09407837 -0.04104521
v 2.17143917 -0.03132797 -0.04104516
v -2.17143726 0.49964386 -0.04104535
v 2.17143917 0.49964353 -0.04104469
v 2.17143917 0.37423736 -0.0410447
v -2.17143726 0.37423766 -0.04104534
v -2.17143726 0.49964386 -0.00585283
v -2.17143726 0.37423766 -0.00585283
v 2.17143917 0.37423736 -0.00585218
v 2.17143917 0.49964353 -0.00585218
v -2.17143726 0.916098 -0.04104534
v 2.17143917 0.9160977 -0.04104469
v 2.17143917 0.79069149 -0.04104469
v -2.17143726 0.79069149 -0.04104533
v -2.17143726 0.916098 -0.00585282
v -2.17143726 0.79069149 -0.00585282
v 2.17143917 0.79069149 -0.00585217
v 2.17143917 0.9160977 -0.00585217
v -2.17143726 1.20733488 -0.00585124
v 2.17143917 1.20733488 -0.00585345
v 2.17143917 1.33274138 -0.00585345
v -2.17143726 1.33274138 -0.00585124
v -2.17143726 1.20733488 -0.04104376
v -2.17143726 1.33274138 -0.04104376
v 2.17143917 1.33274138 -0.04104597
v 2.17143917 1.20733488 -0.04104597
v -2.17143726 1.6238296 -0.0058521
v 2.17143917 1.6238296 -0.00585262
v 2.17143917 1.74923611 -0.00585268
v -2.17143726 1.74923611 -0.00585216
v -2.17143726 1.6238296 -0.04104462
v -2.17143726 1.74923611 -0.04104467
v 2.17143917 1.74923611 -0.0410452
v 2.17143917 1.6238296 -0.04104514
v -2.17143726 2.14603305 -0.04104532
v 2.17143917 2.14603257 -0.04104467
v 2.17143917 2.02062654 -0.04104468
v -2.17143726 2.02062678 -0.04104532
v -2.17143726 2.14603305 -0.00585281
v -2.17143726 2.02062678 -0.00585281
v 2.17143917 2.02062654 -0.00585216
v 2.17143917 2.14603257 -0.00585216
v -1.61637259 -1.93950498 -0.00845682
v -1.61637259 2.15992212 -0.00845618
v -1.49096632 2.15992212 -0.00845618
v -1.49096632 -1.93950498 -0.00845682
v -1.61637259 -1.93950498 0.03229471
v -1.49096632 -1.93950498 0.03229471
v -1.49096632 2.15992212 0.03229536
v -1.61637259 2.15992212 0.03229536
v -1.56352866 -2.15992236 0.01162459
v -1.55391359 -2.15992236 0.00825216
v -1.54429841 -2.15992236 0.01162459
v -1.55391359 -2.15992236 0.01499701
v -2.04441714 -1.93950498 -0.00845682
v -2.04441714 2.15992212 -0.00845618
v -1.91901052 2.15992212 -0.00845618
v -1.91901052 -1.93950498 -0.00845682
v -2.04441714 -1.93950498 0.03229471
v -1.91901052 -1.93950498 0.03229471
v -1.91901052 2.15992212 0.03229536
v -2.04441714 2.15992212 0.03229536
v -1.9915731 -2.15992236 0.01162459
v -1.98195791 -2.15992236 0.00825216
v -1.97234285 -2.15992236 0.01162459
v -1.98195791 -2.15992236 0.01499701
v 1.38743114 -1.93950498 -0.00845682
v 1.38743114 2.15992212 -0.00845618
v 1.51283729 2.15992212 -0.00845618
v 1.51283729 -1.93950498 -0.00845682
v 1.38743114 -1.93950498 0.03229471
v 1.51283729 -1.93950498 0.03229471
v 1.51283729 2.15992212 0.03229536
v 1.38743114 2.15992212 0.03229536
v 1.44027495 -2.15992236 0.01162459
v 1.44989014 -2.15992236 0.00825216
v 1.45950532 -2.15992236 0.01162459
v 1.44989014 -2.15992236 0.01499701
v 1.85738969 -1.93950498 -0.00845682
v 1.85738969 2.15992212 -0.00845618
v 1.98279583 2.15992212 -0.00845618
v 1.98279583 -1.93950498 -0.00845682
v 1.85738969 -1.93950498 0.03229471
v 1.98279583 -1.93950498 0.03229471
v 1.98279583 2.15992212 0.03229536
v 1.85738969 2.15992212 0.03229536
v 1.91023338 -2.15992236 0.01162459
v 1.91984856 -2.15992236 0.00825216
v 1.92946374 -2.15992236 0.01162459
v 1.91984856 -2.15992236 0.01499701
v 1.00473785 -2.15992236 0.01162459
v 1.01435304 -2.15992236 0.01499701
v 0.93858737 -1.93974364 0.04068738
v 0.93149167 -1.93974364 0.03694695
v 0.93149167 -1.93974364 -0.01369774
v 0.93858737 -1.93974364 0.04068738
v 0.93858737 -1.86407685 0.04068738
v 0.93149167 -1.86407685 0.03694695
v 0.93787783 -1.85769069 0.03555255
v 0.93787783 -1.85769069 -0.01230333
v 0.93149167 -1.86407685 -0.01369773
v 0.93858737 -1.93974364 -0.01743817
v 0.93858737 -1.86407685 -0.01743817
v 1.01435304 -2.15992236 0.01499701
v 1.02396822 -2.15992236 0.01162459
v 1.09721434 -1.93974364 0.03694695
v 1.09011865 -1.93974364 0.04068738
v 0.93858737 -1.93974364 0.04068738
v 1.09011865 -1.86407685 0.04068738
v 0.93858737 -1.86407685 0.04068738
v 0.94123268 -1.85769069 0.03732101
v 1.08747339 -1.85769069 0.03732101
v 1.01435304 -2.15992236 0.00825216
v 1.00473785 -2.15992236 0.01162459
v 0.93149167 -1.93974364 -0.01369774
v 0.93858737 -1.93974364 -0.01743817
v 1.09011865 -1.93974364 -0.01743817
v 0.93858737 -1.86407685 -0.01743817
v 0.94123268 -1.85769069 -0.01407178
v 1.08747339 -1.85769069 -0.01407178
v 1.09011865 -1.86407685 -0.01743817
v 1.09721434 -1.93974364 -0.01369774
v 1.09721434 -1.86407685 -0.01369773
v 1.02396822 -2.15992236 0.01162459
v 1.01435304 -2.15992236 0.00825216
v 1.09011865 -1.93974364 -0.01743817
v 1.09721434 -1.93974364 -0.01369774
v 1.09721434 -1.93974364 0.03694695
v 1.09721434 -1.86407685 -0.01369773
v 1.09082818 -1.85769069 -0.01230333
v 1.09082818 -1.85769069 0.03555255
v 1.09721434 -1.86407685 0.03694695
v 1.09011865 -1.93974364 0.04068738
v 1.09011865 -1.86407685 0.04068738
v 0.93787783 -1.85769069 0.03555255
v 0.93149167 -1.86407685 0.03694695
v 0.93858737 -1.86407685 0.04068738
v 0.94123268 -1.85769069 0.03732101
v 0.93787783 -1.85769069 -0.01230333
v 1.08747339 -1.85769069 -0.01407178
v 0.94123268 -1.85769069 -0.01407178
v 0.93149167 -1.86407685 -0.01369773
v 0.93858737 -1.86407685 -0.01743817
v 1.09082818 -1.85769069 0.03555255
v 1.08747339 -1.85769069 0.03732101
v 1.09721434 -1.86407685 0.03694695
v 1.09011865 -1.86407685 0.04068738
v 1.09082818 -1.85769069 -0.01230333
v 1.09011865 -1.86407685 -0.01743817
v 1.09721434 -1.86407685 -0.01369773
v 0.57669342 -2.15992236 0.01162459
v 0.5863086 -2.15992236 0.01499701
v 0.51054299 -1.93974364 0.04068738
v 0.50344723 -1.93974364 0.03694695
v 0.50344723 -1.93974364 -0.01369774
v 0.51054299 -1.93974364 0.04068738
v 0.51054299 -1.86407685 0.04068738
v 0.50344723 -1.86407685 0.03694695
v 0.5098334 -1.85769069 0.03555255
v 0.5098334 -1.85769069 -0.01230333
v 0.50344723 -1.86407685 -0.01369773
v 0.51054299 -1.93974364 -0.01743817
v 0.51054299 -1.86407685 -0.01743817
v 0.5863086 -2.15992236 0.01499701
v 0.59592378 -2.15992236 0.01162459
v 0.6691699 -1.93974364 0.03694695
v 0.66207421 -1.93974364 0.04068738
v 0.51054299 -1.93974364 0.04068738
v 0.66207421 -1.86407685 0.04068738
v 0.51054299 -1.86407685 0.04068738
v 0.51318824 -1.85769069 0.03732101
v 0.65942895 -1.85769069 0.03732101
v 0.5863086 -2.15992236 0.00825216
v 0.57669342 -2.15992236 0.01162459
v 0.50344723 -1.93974364 -0.01369774
v 0.51054299 -1.93974364 -0.01743817
v 0.66207421 -1.93974364 -0.01743817
v 0.51054299 -1.86407685 -0.01743817
v 0.51318824 -1.85769069 -0.01407178
v 0.65942895 -1.85769069 -0.01407178
v 0.66207421 -1.86407685 -0.01743817
v 0.6691699 -1.93974364 -0.01369774
v 0.6691699 -1.86407685 -0.01369773
v 0.59592378 -2.15992236 0.01162459
v 0.5863086 -2.15992236 0.00825216
v 0.66207421 -1.93974364 -0.01743817
v 0.6691699 -1.93974364 -0.01369774
v 0.6691699 -1.93974364 0.03694695
v 0.6691699 -1.86407685 -0.01369773
v 0.6627838 -1.85769069 -0.01230333
v 0.6627838 -1.85769069 0.03555255
v 0.6691699 -1.86407685 0.03694695
v 0.66207421 -1.93974364 0.04068738
v 0.66207421 -1.86407685 0.04068738
v 0.5098334 -1.85769069 0.03555255
v 0.50344723 -1.86407685 0.03694695
v 0.51054299 -1.86407685 0.04068738
v 0.51318824 -1.85769069 0.03732101
v 0.5098334 -1.85769069 -0.01230333
v 0.65942895 -1.85769069 -0.01407178
v 0.51318824 -1.85769069 -0.01407178
v 0.50344723 -1.86407685 -0.01369773
v 0.51054299 -1.86407685 -0.01743817
v 0.6627838 -1.85769069 0.03555255
v 0.65942895 -1.85769069 0.03732101
v 0.6691699 -1.86407685 0.03694695
v 0.66207421 -1.86407685 0.04068738
v 0.6627838 -1.85769069 -0.01230333
v 0.66207421 -1.86407685 -0.01743817
v 0.6691699 -1.86407685 -0.01369773
v 0.14864898 -2.15992236 0.01162459
v 0.15826416 -2.15992236 0.01499701
v 0.08249855 -1.93974364 0.04068738
v 0.07540283 -1.93974364 0.03694695
v 0.07540283 -1.93974364 -0.01369774
v 0.08249855 -1.93974364 0.04068738
v 0.08249855 -1.86407685 0.04068738
v 0.07540283 -1.86407685 0.03694695
v 0.08178902 -1.85769069 0.03555255
v 0.08178902 -1.85769069 -0.01230333
v 0.07540283 -1.86407685 -0.01369773
v 0.08249855 -1.93974364 -0.01743817
v 0.08249855 -1.86407685 -0.01743817
v 0.15826416 -2.15992236 0.01499701
v 0.16787933 -2.15992236 0.01162459
v 0.24112548 -1.93974364 0.03694695
v 0.23402977 -1.93974364 0.04068738
v 0.08249855 -1.93974364 0.04068738
v 0.23402977 -1.86407685 0.04068738
v 0.08249855 -1.86407685 0.04068738
v 0.08514381 -1.85769069 0.03732101
v 0.2313845 -1.85769069 0.03732101
v 0.15826416 -2.15992236 0.00825216
v 0.14864898 -2.15992236 0.01162459
v 0.07540283 -1.93974364 -0.01369774
v 0.08249855 -1.93974364 -0.01743817
v 0.23402977 -1.93974364 -0.01743817
v 0.08249855 -1.86407685 -0.01743817
v 0.08514381 -1.85769069 -0.01407178
v 0.2313845 -1.85769069 -0.01407178
v 0.23402977 -1.86407685 -0.01743817
v 0.24112548 -1.93974364 -0.01369774
v 0.24112548 -1.86407685 -0.01369773
v 0.16787933 -2.15992236 0.01162459
v 0.15826416 -2.15992236 0.00825216
v 0.23402977 -1.93974364 -0.01743817
v 0.24112548 -1.93974364 -0.01369774
v 0.24112548 -1.93974364 0.03694695
v 0.24112548 -1.86407685 -0.01369773
v 0.2347393 -1.85769069 -0.01230333
v 0.2347393 -1.85769069 0.03555255
v 0.24112548 -1.86407685 0.03694695
v 0.23402977 -1.93974364 0.04068738
v 0.23402977 -1.86407685 0.04068738
v 0.08178902 -1.85769069 0.03555255
v 0.07540283 -1.86407685 0.03694695
v 0.08249855 -1.86407685 0.04068738
v 0.08514381 -1.85769069 0.03732101
v 0.08178902 -1.85769069 -0.01230333
v 0.2313845 -1.85769069 -0.01407178
v 0.08514381 -1.85769069 -0.01407178
v 0.07540283 -1.86407685 -0.01369773
v 0.08249855 -1.86407685 -0.01743817
v 0.2347393 -1.85769069 0.03555255
v 0.2313845 -1.85769069 0.03732101
v 0.24112548 -1.86407685 0.03694695
v 0.23402977 -1.86407685 0.04068738
v 0.2347393 -1.85769069 -0.01230333
v 0.23402977 -1.86407685 -0.01743817
v 0.24112548 -1.86407685 -0.01369773
v -0.27939543 -2.15992236 0.01162459
v -0.26978028 -2.15992236 0.01499701
v -0.3455458 -1.93974364 0.04068738
v -0.35264158 -1.93974364 0.03694695
v -0.35264158 -1.93974364 -0.01369774
v -0.3455458 -1.93974364 0.04068738
v -0.3455458 -1.86407685 0.04068738
v -0.35264158 -1.86407685 0.03694695
v -0.34625548 -1.85769069 0.03555255
v -0.34625548 -1.85769069 -0.01230333
v -0.35264158 -1.86407685 -0.01369773
v -0.3455458 -1.93974364 -0.01743817
v -0.3455458 -1.86407685 -0.01743817
v -0.26978028 -2.15992236 0.01499701
v -0.2601651 -2.15992236 0.01162459
v -0.18691894 -1.93974364 0.03694695
v -0.19401465 -1.93974364 0.04068738
v -0.3455458 -1.93974364 0.04068738
v -0.19401465 -1.86407685 0.04068738
v -0.3455458 -1.86407685 0.04068738
v -0.34290069 -1.85769069 0.03732101
v -0.19665992 -1.85769069 0.03732101
v -0.26978028 -2.15992236 0.00825216
v -0.27939543 -2.15992236 0.01162459
v -0.35264158 -1.93974364 -0.01369774
v -0.3455458 -1.93974364 -0.01743817
v -0.19401465 -1.93974364 -0.01743817
v -0.3455458 -1.86407685 -0.01743817
v -0.34290069 -1.85769069 -0.01407178
v -0.19665992 -1.85769069 -0.01407178
v -0.19401465 -1.86407685 -0.01743817
v -0.18691894 -1.93974364 -0.01369774
v -0.18691894 -1.86407685 -0.01369773
v -0.2601651 -2.15992236 0.01162459
v -0.26978028 -2.15992236 0.00825216
v -0.19401465 -1.93974364 -0.01743817
v -0.18691894 -1.93974364 -0.01369774
v -0.18691894 -1.93974364 0.03694695
v -0.18691894 -1.86407685 -0.01369773
v -0.19330512 -1.85769069 -0.01230333
v -0.19330512 -1.85769069 0.03555255
v -0.18691894 -1.86407685 0.03694695
v -0.19401465 -1.93974364 0.04068738
v -0.19401465 -1.86407685 0.04068738
v -0.34625548 -1.85769069 0.03555255
v -0.35264158 -1.86407685 0.03694695
v -0.3455458 -1.86407685 0.04068738
v -0.34290069 -1.85769069 0.03732101
v -0.34625548 -1.85769069 -0.01230333
v -0.19665992 -1.85769069 -0.01407178
v -0.34290069 -1.85769069 -0.01407178
v -0.35264158 -1.86407685 -0.01369773
v -0.3455458 -1.86407685 -0.01743817
v -0.19330512 -1.85769069 0.03555255
v -0.19665992 -1.85769069 0.03732101
v -0.18691894 -1.86407685 0.03694695
v -0.19401465 -1.86407685 0.04068738
v -0.19330512 -1.85769069 -0.01230333
v -0.19401465 -1.86407685 -0.01743817
v -0.18691894 -1.86407685 -0.01369773
v -0.70743984 -2.15992236 0.01162459
v -0.69782472 -2.15992236 0.01499701
v -0.77359021 -1.93974364 0.04068738
v -0.78068602 -1.93974364 0.03694695
v -0.78068602 -1.93974364 -0.01369774
v -0.77359021 -1.93974364 0.04068738
v -0.77359021 -1.86407685 0.04068738
v -0.78068602 -1.86407685 0.03694695
v -0.77429992 -1.85769069 0.03555255
v -0.77429992 -1.85769069 -0.01230333
v -0.78068602 -1.86407685 -0.01369773
v -0.77359021 -1.93974364 -0.01743817
v -0.77359021 -1.86407685 -0.01743817
v -0.69782472 -2.15992236 0.01499701
v -0.68820953 -2.15992236 0.01162459
v -0.61496335 -1.93974364 0.03694695
v -0.62205917 -1.93974364 0.04068738
v -0.77359021 -1.93974364 0.04068738
v -0.62205917 -1.86407685 0.04068738
v -0.77359021 -1.86407685 0.04068738
v -0.77094513 -1.85769069 0.03732101
v -0.62470424 -1.85769069 0.03732101
v -0.69782472 -2.15992236 0.00825216
v -0.70743984 -2.15992236 0.01162459
v -0.78068602 -1.93974364 -0.01369774
v -0.77359021 -1.93974364 -0.01743817
v -0.62205917 -1.93974364 -0.01743817
v -0.77359021 -1.86407685 -0.01743817
v -0.77094513 -1.85769069 -0.01407178
v -0.62470424 -1.85769069 -0.01407178
v -0.62205917 -1.86407685 -0.01743817
v -0.61496335 -1.93974364 -0.01369774
v -0.61496335 -1.86407685 -0.01369773
v -0.68820953 -2.15992236 0.01162459
v -0.69782472 -2.15992236 0.00825216
v -0.62205917 -1.93974364 -0.01743817
v -0.61496335 -1.93974364 -0.01369774
v -0.61496335 -1.93974364 0.03694695
v -0.61496335 -1.86407685 -0.01369773
v -0.62134945 -1.85769069 -0.01230333
v -0.62134945 -1.85769069 0.03555255
v -0.61496335 -1.86407685 0.03694695
v -0.62205917 -1.93974364 0.04068738
v -0.62205917 -1.86407685 0.04068738
v -0.77429992 -1.85769069 0.03555255
v -0.78068602 -1.86407685 0.03694695
v -0.77359021 -1.86407685 0.04068738
v -0.77094513 -1.85769069 0.03732101
v -0.77429992 -1.85769069 -0.01230333
v -0.62470424 -1.85769069 -0.01407178
v -0.77094513 -1.85769069 -0.01407178
v -0.78068602 -1.86407685 -0.01369773
v -0.77359021 -1.86407685 -0.01743817
v -0.62134945 -1.85769069 0.03555255
v -0.62470424 -1.85769069 0.03732101
v -0.61496335 -1.86407685 0.03694695
v -0.62205917 -1.86407685 0.04068738
v -0.62134945 -1.85769069 -0.01230333
v -0.62205917 -1.86407685 -0.01743817
v -0.61496335 -1.86407685 -0.01369773
v -1.13548434 -2.15992236 0.01162459
v -1.12586915 -2.15992236 0.01499701
v -1.20163465 -1.93974364 0.04068738
v -1.20873046 -1.93974364 0.03694695
v -1.20873046 -1.93974364 -0.01369774
v -1.20163465 -1.93974364 0.04068738
v -1.20163465 -1.86407685 0.04068738
v -1.20873046 -1.86407685 0.03694695
v -1.2023443 -1.85769069 0.03555255
v -1.2023443 -1.85769069 -0.01230333
v -1.20873046 -1.86407685 -0.01369773
v -1.20163465 -1.93974364 -0.01743817
v -1.20163465 -1.86407685 -0.01743817
v -1.12586915 -2.15992236 0.01499701
v -1.11625397 -2.15992236 0.01162459
v -1.04300773 -1.93974364 0.03694695
v -1.05010355 -1.93974364 0.04068738
v -1.20163465 -1.93974364 0.04068738
v -1.05010355 -1.86407685 0.04068738
v -1.20163465 -1.86407685 0.04068738
v -1.19898951 -1.85769069 0.03732101
v -1.05274868 -1.85769069 0.03732101
v -1.12586915 -2.15992236 0.00825216
v -1.13548434 -2.15992236 0.01162459
v -1.20873046 -1.93974364 -0.01369774
v -1.20163465 -1.93974364 -0.01743817
v -1.05010355 -1.93974364 -0.01743817
v -1.20163465 -1.86407685 -0.01743817
v -1.19898951 -1.85769069 -0.01407178
v -1.05274868 -1.85769069 -0.01407178
v -1.05010355 -1.86407685 -0.01743817
v -1.04300773 -1.93974364 -0.01369774
v -1.04300773 -1.86407685 -0.01369773
v -1.11625397 -2.15992236 0.01162459
v -1.12586915 -2.15992236 0.00825216
v -1.05010355 -1.93974364 -0.01743817
v -1.04300773 -1.93974364 -0.01369774
v -1.04300773 -1.93974364 0.03694695
v -1.04300773 -1.86407685 -0.01369773
v -1.04939389 -1.85769069 -0.01230333
v -1.04939389 -1.85769069 0.03555255
v -1.04300773 -1.86407685 0.03694695
v -1.05010355 -1.93974364 0.04068738
v -1.05010355 -1.86407685 0.04068738
v -1.2023443 -1.85769069 0.03555255
v -1.20873046 -1.86407685 0.03694695
v -1.20163465 -1.86407685 0.04068738
v -1.19898951 -1.85769069 0.03732101
v -1.2023443 -1.85769069 -0.01230333
v -1.05274868 -1.85769069 -0.01407178
v -1.19898951 -1.85769069 -0.01407178
v -1.20873046 -1.86407685 -0.01369773
v -1.20163465 -1.86407685 -0.01743817
v -1.04939389 -1.85769069 0.03555255
v -1.05274868 -1.85769069 0.03732101
v -1.04300773 -1.86407685 0.03694695
v -1.05010355 -1.86407685 0.04068738
v -1.04939389 -1.85769069 -0.01230333
v -1.05010355 -1.86407685 -0.01743817
v -1.04300773 -1.86407685 -0.01369773
v -1.56352866 -2.15992236 0.01162459
v -1.55391359 -2.15992236 0.01499701
v -1.6296792 -1.93974364 0.04068738
v -1.6367749 -1.93974364 0.03694695
v -1.6367749 -1.93974364 -0.01369774
v -1.6296792 -1.93974364 0.04068738
v -1.6296792 -1.86407685 0.04068738
v -1.6367749 -1.86407685 0.03694695
v -1.63038874 -1.85769069 0.03555255
v -1.63038874 -1.85769069 -0.01230333
v -1.6367749 -1.86407685 -0.01369773
v -1.6296792 -1.93974364 -0.01743817
v -1.6296792 -1.86407685 -0.01743817
v -1.55391359 -2.15992236 0.01499701
v -1.54429841 -2.15992236 0.01162459
v -1.47105217 -1.93974364 0.03694695
v -1.47814798 -1.93974364 0.04068738
v -1.6296792 -1.93974364 0.04068738
v -1.47814798 -1.86407685 0.04068738
v -1.6296792 -1.86407685 0.04068738
v -1.62703395 -1.85769069 0.03732101
v -1.48079312 -1.85769069 0.03732101
v -1.55391359 -2.15992236 0.00825216
v -1.56352866 -2.15992236 0.01162459
v -1.6367749 -1.93974364 -0.01369774
v -1.6296792 -1.93974364 -0.01743817
v -1.47814798 -1.93974364 -0.01743817
v -1.6296792 -1.86407685 -0.01743817
v -1.62703395 -1.85769069 -0.01407178
v -1.48079312 -1.85769069 -0.01407178
v -1.47814798 -1.86407685 -0.01743817
v -1.47105217 -1.93974364 -0.01369774
v -1.47105217 -1.86407685 -0.01369773
v -1.54429841 -2.15992236 0.01162459
v -1.55391359 -2.15992236 0.00825216
v -1.47814798 -1.93974364 -0.01743817
v -1.47105217 -1.93974364 -0.01369774
v -1.47105217 -1.93974364 0.03694695
v -1.47105217 -1.86407685 -0.01369773
v -1.47743833 -1.85769069 -0.01230333
v -1.47743833 -1.85769069 0.03555255
v -1.47105217 -1.86407685 0.03694695
v -1.47814798 -1.93974364 0.04068738
v -1.47814798 -1.86407685 0.04068738
v -1.63038874 -1.85769069 0.03555255
v -1.6367749 -1.86407685 0.03694695
v -1.6296792 -1.86407685 0.04068738
v -1.62703395 -1.85769069 0.03732101
v -1.63038874 -1.85769069 -0.01230333
v -1.48079312 -1.85769069 -0.01407178
v -1.62703395 -1.85769069 -0.01407178
v -1.6367749 -1.86407685 -0.01369773
v -1.6296792 -1.86407685 -0.01743817
v -1.47743833 -1.85769069 0.03555255
v -1.48079312 -1.85769069 0.03732101
v -1.47105217 -1.86407685 0.03694695
v -1.47814798 -1.86407685 0.04068738
v -1.47743833 -1.85769069 -0.01230333
v -1.47814798 -1.86407685 -0.01743817
v -1.47105217 -1.86407685 -0.01369773
v -1.9915731 -2.15992236 0.01162459
v -1.98195791 -2.15992236 0.01499701
v -2.05772376 -1.93974364 0.04068738
v -2.06481934 -1.93974364 0.03694695
v -2.06481934 -1.93974364 -0.01369774
v -2.05772376 -1.93974364 0.04068738
v -2.05772376 -1.86407685 0.04068738
v -2.06481934 -1.86407685 0.03694695
v -2.05843329 -1.85769069 0.03555255
v -2.05843329 -1.85769069 -0.01230333
v -2.06481934 -1.86407685 -0.01369773
v -2.05772376 -1.93974364 -0.01743817
v -2.05772376 -1.86407685 -0.01743817
v -1.98195791 -2.15992236 0.01499701
v -1.97234285 -2.15992236 0.01162459
v -1.89909661 -1.93974364 0.03694695
v -1.9061923 -1.93974364 0.04068738
v -2.05772376 -1.93974364 0.04068738
v -1.9061923 -1.86407685 0.04068738
v -2.05772376 -1.86407685 0.04068738
v -2.05507827 -1.85769069 0.03732101
v -1.90883756 -1.85769069 0.03732101
v -1.98195791 -2.15992236 0.00825216
v -1.9915731 -2.15992236 0.01162459
v -2.06481934 -1.93974364 -0.01369774
v -2.05772376 -1.93974364 -0.01743817
v -1.9061923 -1.93974364 -0.01743817
v -2.05772376 -1.86407685 -0.01743817
v -2.05507827 -1.85769069 -0.01407178
v -1.90883756 -1.85769069 -0.01407178
v -1.9061923 -1.86407685 -0.01743817
v -1.89909661 -1.93974364 -0.01369774
v -1.89909661 -1.86407685 -0.01369773
v -1.97234285 -2.15992236 0.01162459
v -1.98195791 -2.15992236 0.00825216
v -1.9061923 -1.93974364 -0.01743817
v -1.89909661 -1.93974364 -0.01369774
v -1.89909661 -1.93974364 0.03694695
v -1.89909661 -1.86407685 -0.01369773
v -1.90548277 -1.85769069 -0.01230333
v -1.90548277 -1.85769069 0.03555255
v -1.89909661 -1.86407685 0.03694695
v -1.9061923 -1.93974364 0.04068738
v -1.9061923 -1.86407685 0.04068738
v -2.05843329 -1.85769069 0.03555255
v -2.06481934 -1.86407685 0.03694695
v -2.05772376 -1.86407685 0.04068738
v -2.05507827 -1.85769069 0.03732101
v -2.05843329 -1.85769069 -0.01230333
v -1.90883756 -1.85769069 -0.01407178
v -2.05507827 -1.85769069 -0.01407178
v -2.06481934 -1.86407685 -0.01369773
v -2.05772376 -1.86407685 -0.01743817
v -1.90548277 -1.85769069 0.03555255
v -1.90883756 -1.85769069 0.03732101
v -1.89909661 -1.86407685 0.03694695
v -1.9061923 -1.86407685 0.04068738
v -1.90548277 -1.85769069 -0.01230333
v -1.9061923 -1.86407685 -0.01743817
v -1.89909661 -1.86407685 -0.01369773
v 1.44027495 -2.15992236 0.01162459
v 1.44989014 -2.15992236 0.01499701
v 1.37412441 -1.93974364 0.04068738
v 1.36702883 -1.93974364 0.03694695
v 1.36702883 -1.93974364 -0.01369774
v 1.37412441 -1.86407685 0.04068738
v 1.36702883 -1.86407685 0.03694695
v 1.37341487 -1.85769069 0.03555255
v 1.37341487 -1.85769069 -0.01230333
v 1.36702883 -1.86407685 -0.01369774
v 1.37412441 -1.93974364 -0.01743817
v 1.37412441 -1.86407685 -0.01743817
v 1.44989014 -2.15992236 0.01499701
v 1.45950532 -2.15992236 0.01162459
v 1.53275144 -1.93974364 0.03694695
v 1.52565575 -1.93974364 0.04068738
v 1.37412441 -1.93974364 0.04068738
v 1.52565575 -1.86407685 0.04068738
v 1.37412441 -1.86407685 0.04068738
v 1.37676966 -1.85769069 0.037321
v 1.52301049 -1.85769069 0.037321
v 1.44989014 -2.15992236 0.00825216
v 1.44027495 -2.15992236 0.01162459
v 1.36702883 -1.93974364 -0.01369774
v 1.37412441 -1.93974364 -0.01743817
v 1.52565575 -1.93974364 -0.01743817
v 1.37412441 -1.86407685 -0.01743817
v 1.37676966 -1.85769069 -0.01407178
v 1.52301049 -1.85769069 -0.01407178
v 1.52565575 -1.86407685 -0.01743817
v 1.53275144 -1.93974364 -0.01369774
v 1.53275144 -1.86407685 -0.01369774
v 1.45950532 -2.15992236 0.01162459
v 1.44989014 -2.15992236 0.00825216
v 1.52565575 -1.93974364 -0.01743817
v 1.53275144 -1.93974364 -0.01369774
v 1.53275144 -1.93974364 0.03694695
v 1.53275144 -1.86407685 -0.01369774
v 1.52636528 -1.85769069 -0.01230333
v 1.52636528 -1.85769069 0.03555255
v 1.53275144 -1.86407685 0.03694695
v 1.52565575 -1.93974364 0.04068738
v 1.52565575 -1.86407685 0.04068738
v 1.37341487 -1.85769069 0.03555255
v 1.36702883 -1.86407685 0.03694695
v 1.37412441 -1.86407685 0.04068738
v 1.37676966 -1.85769069 0.037321
v 1.37341487 -1.85769069 -0.01230333
v 1.52301049 -1.85769069 -0.01407178
v 1.37676966 -1.85769069 -0.01407178
v 1.36702883 -1.86407685 -0.01369774
v 1.37412441 -1.86407685 -0.01743817
v 1.52636528 -1.85769069 0.03555255
v 1.52301049 -1.85769069 0.037321
v 1.53275144 -1.86407685 0.03694695
v 1.52565575 -1.86407685 0.04068738
v 1.52636528 -1.85769069 -0.01230333
v 1.52565575 -1.86407685 -0.01743817
v 1.53275144 -1.86407685 -0.01369774
v 1.91023338 -2.15992236 0.01162459
v 1.91984856 -2.15992236 0.01499701
v 1.84408295 -1.93974364 0.04068738
v 1.83698726 -1.93974364 0.03694695
v 1.83698726 -1.93974364 -0.01369774
v 1.84408295 -1.93974364 0.04068738
v 1.84408295 -1.86407685 0.04068738
v 1.83698726 -1.86407685 0.03694695
v 1.84337342 -1.85769069 0.03555255
v 1.84337342 -1.85769069 -0.01230334
v 1.83698726 -1.86407685 -0.01369774
v 1.84408295 -1.93974364 -0.01743817
v 1.84408295 -1.86407685 -0.01743817
v 1.91984856 -2.15992236 0.01499701
v 1.92946374 -2.15992236 0.01162459
v 2.00270987 -1.93974364 0.03694695
v 1.99561429 -1.93974364 0.04068738
v 1.84408295 -1.93974364 0.04068738
v 1.99561429 -1.86407685 0.04068738
v 1.84408295 -1.86407685 0.04068738
v 1.84672821 -1.85769069 0.037321
v 1.99296904 -1.85769069 0.037321
v 1.91984856 -2.15992236 0.00825216
v 1.91023338 -2.15992236 0.01162459
v 1.83698726 -1.93974364 -0.01369774
v 1.84408295 -1.93974364 -0.01743817
v 1.99561429 -1.93974364 -0.01743817
v 1.84408295 -1.86407685 -0.01743817
v 1.84672821 -1.85769069 -0.01407179
v 1.99296904 -1.85769069 -0.01407179
v 1.99561429 -1.86407685 -0.01743817
v 2.00270987 -1.93974364 -0.01369774
v 2.00270987 -1.86407685 -0.01369774
v 1.92946374 -2.15992236 0.01162459
v 1.91984856 -2.15992236 0.00825216
v 1.99561429 -1.93974364 -0.01743817
v 2.00270987 -1.93974364 -0.01369774
v 2.00270987 -1.93974364 0.03694695
v 2.00270987 -1.86407685 -0.01369774
v 1.99632382 -1.85769069 -0.01230334
v 1.99632382 -1.85769069 0.03555255
v 2.00270987 -1.86407685 0.03694695
v 1.99561429 -1.93974364 0.04068738
v 1.99561429 -1.86407685 0.04068738
v 1.84337342 -1.85769069 0.03555255
v 1.83698726 -1.86407685 0.03694695
v 1.84408295 -1.86407685 0.04068738
v 1.84672821 -1.85769069 0.037321
v 1.84337342 -1.85769069 -0.01230334
v 1.99296904 -1.85769069 -0.01407179
v 1.84672821 -1.85769069 -0.01407179
v 1.83698726 -1.86407685 -0.01369774
v 1.84408295 -1.86407685 -0.01743817
v 1.99632382 -1.85769069 0.03555255
v 1.99296904 -1.85769069 0.037321
v 2.00270987 -1.86407685 0.03694695
v 1.99561429 -1.86407685 0.04068738
v 1.99632382 -1.85769069 -0.01230334
v 1.99561429 -1.86407685 -0.01743817
v 2.00270987 -1.86407685 -0.01369774
v 0.94479823 2.15992212 -0.00471574
v 0.95189399 2.15992212 -0.00845618
v 0.95189399 -1.93950498 -0.00845682
v 0.94479823 -1.93950498 -0.00471639
v 0.94479823 -1.93950498 0.02855428
v 0.94479823 2.15992212 0.02855493
v 0.95189399 2.15992212 0.03229536
v 0.95189399 -1.93950498 0.03229471
v 1.084396 -1.93950498 -0.00471639
v 1.07730031 -1.93950498 -0.00845682
v 1.07730031 2.15992212 -0.00845618
v 1.084396 2.15992212 -0.00471574
v 1.084396 2.15992212 0.02855493
v 1.084396 -1.93950498 0.02855428
v 1.07730031 -1.93950498 0.03229471
v 1.07730031 2.15992212 0.03229536
v 0.51675385 2.15992212 -0.00471574
v 0.52384961 2.15992212 -0.00845618
v 0.52384961 -1.93950498 -0.00845682
v 0.51675385 -1.93950498 -0.00471639
v 0.51675385 -1.93950498 0.02855428
v 0.51675385 2.15992212 0.02855493
v 0.52384961 2.15992212 0.03229536
v 0.52384961 -1.93950498 0.03229471
v 0.65635163 -1.93950498 -0.00471639
v 0.64925581 -1.93950498 -0.00845682
v 0.64925581 2.15992212 -0.00845618
v 0.65635163 2.15992212 -0.00471574
v 0.65635163 2.15992212 0.02855493
v 0.65635163 -1.93950498 0.02855428
v 0.64925581 -1.93950498 0.03229471
v 0.64925581 2.15992212 0.03229536
v 0.08870941 2.15992212 -0.00471574
v 0.09580513 2.15992212 -0.00845618
v 0.09580513 -1.93950498 -0.00845682
v 0.08870941 -1.93950498 -0.00471639
v 0.08870941 -1.93950498 0.02855428
v 0.08870941 2.15992212 0.02855493
v 0.09580513 2.15992212 0.03229536
v 0.09580513 -1.93950498 0.03229471
v 0.22830719 -1.93950498 -0.00471639
v 0.22121146 -1.93950498 -0.00845682
v 0.22121146 2.15992212 -0.00845618
v 0.22830719 2.15992212 -0.00471574
v 0.22830719 2.15992212 0.02855493
v 0.22830719 -1.93950498 0.02855428
v 0.22121146 -1.93950498 0.03229471
v 0.22121146 2.15992212 0.03229536
v -0.33933502 2.15992212 -0.00471574
v -0.33223921 2.15992212 -0.00845618
v -0.33223921 -1.93950498 -0.00845682
v -0.33933502 -1.93950498 -0.00471639
v -0.33933502 -1.93950498 0.02855428
v -0.33933502 2.15992212 0.02855493
v -0.33223921 2.15992212 0.03229536
v -0.33223921 -1.93950498 0.03229471
v -0.19973724 -1.93950498 -0.00471639
v -0.20683296 -1.93950498 -0.00845682
v -0.20683296 2.15992212 -0.00845618
v -0.19973724 2.15992212 -0.00471574
v -0.19973724 2.15992212 0.02855493
v -0.19973724 -1.93950498 0.02855428
v -0.20683296 -1.93950498 0.03229471
v -0.20683296 2.15992212 0.03229536
v -0.76737946 2.15992212 -0.00471574
v -0.76028365 2.15992212 -0.00845618
v -0.76028365 -1.93950498 -0.00845682
v -0.76737946 -1.93950498 -0.00471639
v -0.76737946 -1.93950498 0.02855428
v -0.76737946 2.15992212 0.02855493
v -0.76028365 2.15992212 0.03229536
v -0.76028365 -1.93950498 0.03229471
v -0.62778169 -1.93950498 -0.00471639
v -0.63487744 -1.93950498 -0.00845682
v -0.63487744 2.15992212 -0.00845618
v -0.62778169 2.15992212 -0.00471574
v -0.62778169 2.15992212 0.02855493
v -0.62778169 -1.93950498 0.02855428
v -0.63487744 -1.93950498 0.03229471
v -0.63487744 2.15992212 0.03229536
v -1.19542384 2.15992212 -0.00471574
v -1.18832803 2.15992212 -0.00845618
v -1.18832803 -1.93950498 -0.00845682
v -1.19542384 -1.93950498 -0.00471639
v -1.19542384 -1.93950498 0.02855428
v -1.19542384 2.15992212 0.02855493
v -1.18832803 2.15992212 0.03229536
v -1.18832803 -1.93950498 0.03229471
v -1.05582607 -1.93950498 -0.00471639
v -1.06292188 -1.93950498 -0.00845682
v -1.06292188 2.15992212 -0.00845618
v -1.05582607 2.15992212 -0.00471574
v -1.05582607 2.15992212 0.02855493
v -1.05582607 -1.93950498 0.02855428
v -1.06292188 -1.93950498 0.03229471
v -1.06292188 2.15992212 0.03229536
v 2.17143917 -1.70555902 -0.00908368
v 2.17143917 -1.6984632 -0.00585349
v -2.17143726 -1.6984632 -0.00585128
v -2.17143726 -1.70555902 -0.00908147
v -2.17143726 -1.70555902 -0.0378136
v 2.17143917 -1.70555902 -0.03781581
v 2.17143917 -1.6984632 -0.04104601
v -2.17143726 -1.6984632 -0.04104379
v -2.17143726 -1.56596124 -0.00908147
v -2.17143726 -1.57305694 -0.00585127
v 2.17143917 -1.57305694 -0.00585349
v 2.17143917 -1.56596124 -0.00908368
v 2.17143917 -1.56596124 -0.03781581
v -2.17143726 -1.56596124 -0.0378136
v -2.17143726 -1.57305694 -0.04104378
v 2.17143917 -1.57305694 -0.04104601
v 2.17143917 -1.15586412 -0.03781452
v 2.17143917 -1.16295993 -0.04104471
v -2.17143726 -1.16295958 -0.04104536
v -2.17143726 -1.15586388 -0.03781517
v -2.17143726 -1.15586388 -0.00908304
v 2.17143917 -1.15586412 -0.00908239
v 2.17143917 -1.16295993 -0.0058522
v -2.17143726 -1.16295958 -0.00585285
v -2.17143726 -1.29546165 -0.03781517
v -2.17143726 -1.28836596 -0.04104536
v 2.17143917 -1.28836608 -0.04104472
v 2.17143917 -1.29546189 -0.03781452
v 2.17143917 -1.29546189 -0.00908239
v -2.17143726 -1.29546165 -0.00908304
v -2.17143726 -1.28836596 -0.00585285
v 2.17143917 -1.28836608 -0.0058522
v 2.17143917 -0.87469876 -0.00908284
v 2.17143917 -0.867603 -0.00585265
v -2.17143726 -0.867603 -0.00585213
v -2.17143726 -0.87469876 -0.00908232
v -2.17143726 -0.87469876 -0.03781445
v 2.17143917 -0.87469876 -0.03781497
v 2.17143917 -0.867603 -0.04104517
v -2.17143726 -0.867603 -0.04104465
v -2.17143726 -0.73510098 -0.00908239
v -2.17143726 -0.74219662 -0.00585219
v 2.17143917 -0.74219662 -0.00585271
v 2.17143917 -0.73510098 -0.00908291
v 2.17143917 -0.73510098 -0.03781504
v -2.17143726 -0.73510098 -0.03781452
v -2.17143726 -0.74219662 -0.0410447
v 2.17143917 -0.74219662 -0.04104523
v 2.17143917 -0.31917587 -0.03781451
v 2.17143917 -0.32627165 -0.0410447
v -2.17143726 -0.32627136 -0.04104536
v -2.17143726 -0.31917572 -0.03781516
v -2.17143726 -0.31917572 -0.00908303
v 2.17143917 -0.31917587 -0.00908238
v 2.17143917 -0.32627165 -0.00585219
v -2.17143726 -0.32627136 -0.00585284
v -2.17143726 -0.45877349 -0.03781516
v -2.17143726 -0.45167768 -0.04104535
v 2.17143917 -0.45167786 -0.0410447
v 2.17143917 -0.45877364 -0.03781451
v 2.17143917 -0.45877364 -0.00908238
v -2.17143726 -0.45877349 -0.00908303
v -2.17143726 -0.45167768 -0.00585284
v 2.17143917 -0.45167786 -0.00585219
v 2.17143917 -0.03842377 -0.00908283
v 2.17143917 -0.03132797 -0.00585264
v -2.17143726 -0.03132797 -0.00585212
v -2.17143726 -0.03842377 -0.00908231
v -2.17143726 -0.03842377 -0.03781444
v 2.17143917 -0.03842377 -0.03781496
v 2.17143917 -0.03132797 -0.04104516
v -2.17143726 -0.03132797 -0.04104463
v -2.17143726 0.10117401 -0.00908238
v -2.17143726 0.09407837 -0.00585218
v 2.17143917 0.09407837 -0.0058527
v 2.17143917 0.10117401 -0.0090829
v 2.17143917 0.10117401 -0.03781503
v -2.17143726 0.10117401 -0.03781451
v -2.17143726 0.09407837 -0.04104469
v 2.17143917 0.09407837 -0.04104521
v 2.17143917 0.5067395 -0.0378145
v 2.17143917 0.49964353 -0.04104469
v -2.17143726 0.49964386 -0.04104535
v -2.17143726 0.5067395 -0.03781515
v -2.17143726 0.5067395 -0.00908302
v 2.17143917 0.5067395 -0.00908237
v 2.17143917 0.49964353 -0.00585218
v -2.17143726 0.49964386 -0.00585283
v -2.17143726 0.36714172 -0.03781515
v -2.17143726 0.37423766 -0.04104534
v 2.17143917 0.37423736 -0.0410447
v 2.17143917 0.36714172 -0.0378145
v 2.17143917 0.36714172 -0.00908237
v -2.17143726 0.36714172 -0.00908302
v -2.17143726 0.37423766 -0.00585283
v 2.17143917 0.37423736 -0.00585218
v 2.17143917 0.92319363 -0.0378145
v 2.17143917 0.9160977 -0.04104469
v -2.17143726 0.916098 -0.04104534
v -2.17143726 0.92319363 -0.03781515
v -2.17143726 0.92319363 -0.00908301
v 2.17143917 0.92319363 -0.00908236
v 2.17143917 0.9160977 -0.00585217
v -2.17143726 0.916098 -0.00585282
v -2.17143726 0.78359586 -0.03781515
v -2.17143726 0.79069149 -0.04104533
v 2.17143917 0.79069149 -0.04104469
v 2.17143917 0.78359556 -0.0378145
v 2.17143917 0.78359556 -0.00908236
v -2.17143726 0.78359586 -0.00908301
v -2.17143726 0.79069149 -0.00585282
v 2.17143917 0.79069149 -0.00585217
v 2.17143917 1.20023918 -0.00908365
v 2.17143917 1.20733488 -0.00585345
v -2.17143726 1.20733488 -0.00585124
v -2.17143726 1.20023918 -0.00908143
v -2.17143726 1.20023918 -0.03781357
v 2.17143917 1.20023918 -0.03781578
v 2.17143917 1.20733488 -0.04104597
v -2.17143726 1.20733488 -0.04104376
v -2.17143726 1.33983696 -0.00908143
v -2.17143726 1.33274138 -0.00585124
v 2.17143917 1.33274138 -0.00585345
v 2.17143917 1.33983696 -0.00908364
v 2.17143917 1.33983696 -0.03781578
v -2.17143726 1.33983696 -0.03781356
v -2.17143726 1.33274138 -0.04104376
v 2.17143917 1.33274138 -0.04104597
v 2.17143917 1.61673403 -0.00908281
v 2.17143917 1.6238296 -0.00585262
v -2.17143726 1.6238296 -0.0058521
v -2.17143726 1.61673403 -0.00908229
v -2.17143726 1.61673403 -0.03781442
v 2.17143917 1.61673403 -0.03781494
v 2.17143917 1.6238296 -0.04104514
v -2.17143726 1.6238296 -0.04104462
v -2.17143726 1.7563318 -0.00908236
v -2.17143726 1.74923611 -0.00585216
v 2.17143917 1.74923611 -0.00585268
v 2.17143917 1.7563318 -0.00908288
v 2.17143917 1.7563318 -0.03781501
v -2.17143726 1.7563318 -0.03781449
v -2.17143726 1.74923611 -0.04104467
v 2.17143917 1.74923611 -0.0410452
v 2.17143917 2.15312862 -0.03781448
v 2.17143917 2.14603257 -0.04104467
v -2.17143726 2.14603305 -0.04104532
v -2.17143726 2.15312862 -0.03781513
v -2.17143726 2.15312862 -0.009083
v 2.17143917 2.15312862 -0.00908235
v 2.17143917 2.14603257 -0.00585216
v -2.17143726 2.14603305 -0.00585281
v -2.17143726 2.01353073 -0.03781513
v -2.17143726 2.02062678 -0.04104532
v 2.17143917 2.02062654 -0.04104468
v 2.17143917 2.01353073 -0.03781448
v 2.17143917 2.01353073 -0.00908235
v -2.17143726 2.01353073 -0.009083
v -2.17143726 2.02062678 -0.00585281
v 2.17143917 2.02062654 -0.00585216
v -1.62346828 2.15992212 -0.00471574
v -1.61637259 2.15992212 -0.00845618
v -1.61637259 -1.93950498 -0.00845682
v -1.62346828 -1.93950498 -0.00471639
v -1.62346828 -1.93950498 0.02855428
v -1.62346828 2.15992212 0.02855493
v -1.61637259 2.15992212 0.03229536
v -1.61637259 -1.93950498 0.03229471
v -1.48387051 -1.93950498 -0.00471639
v -1.49096632 -1.93950498 -0.00845682
v -1.49096632 2.15992212 -0.00845618
v -1.48387051 2.15992212 -0.00471574
v -1.48387051 2.15992212 0.02855493
v -1.48387051 -1.93950498 0.02855428
v -1.49096632 -1.93950498 0.03229471
v -1.49096632 2.15992212 0.03229536
v -2.05151272 2.15992212 -0.00471574
v -2.04441714 2.15992212 -0.00845618
v -2.04441714 -1.93950498 -0.00845682
v -2.05151272 -1.93950498 -0.00471639
v -2.05151272 -1.93950498 0.02855428
v -2.05151272 2.15992212 0.02855493
v -2.04441714 2.15992212 0.03229536
v -2.04441714 -1.93950498 0.03229471
v -1.91191494 -1.93950498 -0.00471639
v -1.91901052 -1.93950498 -0.00845682
v -1.91901052 2.15992212 -0.00845618
v -1.91191494 2.15992212 -0.00471574
v -1.91191494 2.15992212 0.02855493
v -1.91191494 -1.93950498 0.02855428
v -1.91901052 -1.93950498 0.03229471
v -1.91901052 2.15992212 0.03229536
v 1.38033533 2.15992212 -0.00471574
v 1.38743114 2.15992212 -0.00845618
v 1.38743114 -1.93950498 -0.00845682
v 1.38033533 -1.93950498 -0.00471639
v 1.38033533 -1.93950498 0.02855428
v 1.38033533 2.15992212 0.02855493
v 1.38743114 2.15992212 0.03229536
v 1.38743114 -1.93950498 0.03229471
v 1.5199331 -1.93950498 -0.00471639
v 1.51283729 -1.93950498 -0.00845682
v 1.51283729 2.15992212 -0.00845618
v 1.5199331 2.15992212 -0.00471574
v 1.5199331 2.15992212 0.02855493
v 1.5199331 -1.93950498 0.02855428
v 1.51283729 -1.93950498 0.03229471
v 1.51283729 2.15992212 0.03229536
v 1.85029387 2.15992212 -0.00471574
v 1.85738969 2.15992212 -0.00845618
v 1.85738969 -1.93950498 -0.00845682
v 1.85029387 -1.93950498 -0.00471639
v 1.85029387 -1.93950498 0.02855428
v 1.85029387 2.15992212 0.02855493
v 1.85738969 2.15992212 0.03229536
v 1.85738969 -1.93950498 0.03229471
v 1.98989165 -1.93950498 -0.00471639
v 1.98279583 -1.93950498 -0.00845682
v 1.98279583 2.15992212 -0.00845618
v 1.98989165 2.15992212 -0.00471574
v 1.98989165 2.15992212 0.02855493
v 1.98989165 -1.93950498 0.02855428
v 1.98279583 -1.93950498 0.03229471
v 1.98279583 2.15992212 0.03229536
v 1.07730031 2.15992212 -0.00845618
v 0.95189399 2.15992212 -0.00845618
v 0.94479823 2.15992212 -0.00471574
v 0.94479823 2.15992212 0.02855493
v 0.95189399 2.15992212 0.03229536
v 1.084396 2.15992212 0.02855493
v 1.084396 2.15992212 -0.00471574
v 1.07730031 2.15992212 0.03229536
v 0.64925581 2.15992212 -0.00845618
v 0.52384961 2.15992212 -0.00845618
v 0.51675385 2.15992212 -0.00471574
v 0.51675385 2.15992212 0.02855493
v 0.52384961 2.15992212 0.03229536
v 0.65635163 2.15992212 0.02855493
v 0.65635163 2.15992212 -0.00471574
v 0.64925581 2.15992212 0.03229536
v 0.22121146 2.15992212 -0.00845618
v 0.09580513 2.15992212 -0.00845618
v 0.08870941 2.15992212 -0.00471574
v 0.08870941 2.15992212 0.02855493
v 0.09580513 2.15992212 0.03229536
v 0.22830719 2.15992212 0.02855493
v 0.22830719 2.15992212 -0.00471574
v 0.22121146 2.15992212 0.03229536
v -0.20683296 2.15992212 -0.00845618
v -0.33223921 2.15992212 -0.00845618
v -0.33933502 2.15992212 -0.00471574
v -0.33933502 2.15992212 0.02855493
v -0.33223921 2.15992212 0.03229536
v -0.19973724 2.15992212 0.02855493
v -0.19973724 2.15992212 -0.00471574
v -0.20683296 2.15992212 0.03229536
v -0.63487744 2.15992212 -0.00845618
v -0.76028365 2.15992212 -0.00845618
v -0.76737946 2.15992212 -0.00471574
v -0.76737946 2.15992212 0.02855493
v -0.76028365 2.15992212 0.03229536
v -0.62778169 2.15992212 0.02855493
v -0.62778169 2.15992212 -0.00471574
v -0.63487744 2.15992212 0.03229536
v -1.06292188 2.15992212 -0.00845618
v -1.18832803 2.15992212 -0.00845618
v -1.19542384 2.15992212 -0.00471574
v -1.19542384 2.15992212 0.02855493
v -1.18832803 2.15992212 0.03229536
v -1.05582607 2.15992212 0.02855493
v -1.05582607 2.15992212 -0.00471574
v -1.06292188 2.15992212 0.03229536
v 2.17143917 -1.57305694 -0.00585349
v 2.17143917 -1.6984632 -0.00585349
v 2.17143917 -1.70555902 -0.00908368
v 2.17143917 -1.70555902 -0.03781581
v 2.17143917 -1.6984632 -0.04104601
v 2.17143917 -1.56596124 -0.03781581
v 2.17143917 -1.56596124 -0.00908368
v 2.17143917 -1.57305694 -0.04104601
v 2.17143917 -1.28836608 -0.04104472
v 2.17143917 -1.16295993 -0.04104471
v 2.17143917 -1.15586412 -0.03781452
v 2.17143917 -1.15586412 -0.00908239
v 2.17143917 -1.16295993 -0.0058522
v 2.17143917 -1.29546189 -0.00908239
v 2.17143917 -1.29546189 -0.03781452
v 2.17143917 -1.28836608 -0.0058522
v 2.17143917 -0.74219662 -0.00585271
v 2.17143917 -0.867603 -0.00585265
v 2.17143917 -0.87469876 -0.00908284
v 2.17143917 -0.87469876 -0.03781497
v 2.17143917 -0.867603 -0.04104517
v 2.17143917 -0.73510098 -0.03781504
v 2.17143917 -0.73510098 -0.00908291
v 2.17143917 -0.74219662 -0.04104523
v 2.17143917 -0.45167786 -0.0410447
v 2.17143917 -0.32627165 -0.0410447
v 2.17143917 -0.31917587 -0.03781451
v 2.17143917 -0.31917587 -0.00908238
v 2.17143917 -0.32627165 -0.00585219
v 2.17143917 -0.45877364 -0.00908238
v 2.17143917 -0.45877364 -0.03781451
v 2.17143917 -0.45167786 -0.00585219
v 2.17143917 0.09407837 -0.0058527
v 2.17143917 -0.03132797 -0.00585264
v 2.17143917 -0.03842377 -0.00908283
v 2.17143917 -0.03842377 -0.03781496
v 2.17143917 -0.03132797 -0.04104516
v 2.17143917 0.10117401 -0.03781503
v 2.17143917 0.10117401 -0.0090829
v 2.17143917 0.09407837 -0.04104521
v 2.17143917 0.37423736 -0.0410447
v 2.17143917 0.49964353 -0.04104469
v 2.17143917 0.5067395 -0.0378145
v 2.17143917 0.5067395 -0.00908237
v 2.17143917 0.49964353 -0.00585218
v 2.17143917 0.36714172 -0.00908237
v 2.17143917 0.36714172 -0.0378145
v 2.17143917 0.37423736 -0.00585218
v 2.17143917 0.79069149 -0.04104469
v 2.17143917 0.9160977 -0.04104469
v 2.17143917 0.92319363 -0.0378145
v 2.17143917 0.92319363 -0.00908236
v 2.17143917 0.9160977 -0.00585217
v 2.17143917 0.78359556 -0.00908236
v 2.17143917 0.78359556 -0.0378145
v 2.17143917 0.79069149 -0.00585217
v 2.17143917 1.33274138 -0.00585345
v 2.17143917 1.20733488 -0.00585345
v 2.17143917 1.20023918 -0.00908365
v 2.17143917 1.20023918 -0.03781578
v 2.17143917 1.20733488 -0.04104597
v 2.17143917 1.33983696 -0.03781578
v 2.17143917 1.33983696 -0.00908364
v 2.17143917 1.33274138 -0.04104597
v 2.17143917 1.74923611 -0.00585268
v 2.17143917 1.6238296 -0.00585262
v 2.17143917 1.61673403 -0.00908281
v 2.17143917 1.61673403 -0.03781494
v 2.17143917 1.6238296 -0.04104514
v 2.17143917 1.7563318 -0.03781501
v 2.17143917 1.7563318 -0.00908288
v 2.17143917 1.74923611 -0.0410452
v 2.17143917 2.02062654 -0.04104468
v 2.17143917 2.14603257 -0.04104467
v 2.17143917 2.15312862 -0.03781448
v 2.17143917 2.15312862 -0.00908235
v 2.17143917 2.14603257 -0.00585216
v 2.17143917 2.01353073 -0.00908235
v 2.17143917 2.01353073 -0.03781448
v 2.17143917 2.02062654 -0.00585216
v -1.49096632 2.15992212 -0.00845618
v -1.61637259 2.15992212 -0.00845618
v -1.62346828 2.15992212 -0.00471574
v -1.62346828 2.15992212 0.02855493
v -1.61637259 2.15992212 0.03229536
v -1.48387051 2.15992212 0.02855493
v -1.48387051 2.15992212 -0.00471574
v -1.49096632 2.15992212 0.03229536
v -1.91901052 2.15992212 -0.00845618
v -2.04441714 2.15992212 -0.00845618
v -2.05151272 2.15992212 -0.00471574
v -2.05151272 2.15992212 0.02855493
v -2.04441714 2.15992212 0.03229536
v -1.91191494 2.15992212 0.02855493
v -1.91191494 2.15992212 -0.00471574
v -1.91901052 2.15992212 0.03229536
v 1.51283729 2.15992212 -0.00845618
v 1.38743114 2.15992212 -0.00845618
v 1.38033533 2.15992212 -0.00471574
v 1.38033533 2.15992212 0.02855493
v 1.38743114 2.15992212 0.03229536
v 1.5199331 2.15992212 0.02855493
v 1.5199331 2.15992212 -0.00471574
v 1.51283729 2.15992212 0.03229536
v 1.98279583 2.15992212 -0.00845618
v 1.85738969 2.15992212 -0.00845618
v 1.85029387 2.15992212 -0.00471574
v 1.85029387 2.15992212 0.02855493
v 1.85738969 2.15992212 0.03229536
v 1.98989165 2.15992212 0.02855493
v 1.98989165 2.15992212 -0.00471574
v 1.98279583 2.15992212 0.03229536
v 0.96274412 -1.88048279 0.03986986
v 0.94056964 -1.89659345 0.03986985
v 0.94056964 -1.89659345 0.04487448
v 0.96274412 -1.88048279 0.04487449
v 0.98491859 -1.89659345 0.03986985
v 0.94903958 -1.92266107 0.04487448
v 0.94903958 -1.92266107 0.03986984
v 0.96274412 -1.90379834 0.06209662
v 0.98491859 -1.89659345 0.04487448
v 0.97644866 -1.92266107 0.03986984
v 0.97644866 -1.92266107 0.04487448
v 1.06191897 -1.88048279 0.03986986
v 1.0397445 -1.89659345 0.03986985
v 1.0397445 -1.89659345 0.04487448
v 1.06191897 -1.88048279 0.04487449
v 1.08409333 -1.89659345 0.03986985
v 1.04821444 -1.92266107 0.04487448
v 1.04821444 -1.92266107 0.03986984
v 1.06191897 -1.90379834 0.06209662
v 1.08409333 -1.89659345 0.04487448
v 1.07562339 -1.92266107 0.03986984
v 1.07562339 -1.92266107 0.04487448
v 1.06191897 -1.88048279 -0.01530792
v 1.08409333 -1.89659357 -0.01530792
v 1.08409333 -1.89659357 -0.02031255
v 1.06191897 -1.88048279 -0.02031255
v 1.0397445 -1.89659357 -0.01530791
v 1.07562339 -1.92266107 -0.02031255
v 1.07562339 -1.92266107 -0.01530792
v 1.06191897 -1.90379846 -0.02924214
v 1.0397445 -1.89659357 -0.02031254
v 1.04821444 -1.92266107 -0.01530792
v 1.04821444 -1.92266107 -0.02031254
v 0.96274412 -1.88048279 -0.01530792
v 0.98491859 -1.89659357 -0.01530792
v 0.98491859 -1.89659357 -0.02031255
v 0.96274412 -1.88048279 -0.02031255
v 0.94056964 -1.89659357 -0.01530791
v 0.97644866 -1.92266107 -0.02031255
v 0.97644866 -1.92266107 -0.01530792
v 0.96274412 -1.90379846 -0.02924214
v 0.94056964 -1.89659357 -0.02031254
v 0.94903958 -1.92266107 -0.01530792
v 0.94903958 -1.92266107 -0.02031254
v 1.01457024 0.05998611 -0.03566301
v 1.03674471 0.04387543 -0.03566301
v 1.03674471 0.04387543 -0.04515697
v 1.01457024 0.05998611 -0.04515697
v 0.99239582 0.04387543 -0.03566301
v 1.02827477 0.01780785 -0.04515696
v 1.02827477 0.01780785 -0.035663
v 1.01457024 0.03667053 -0.06209673
v 0.99239582 0.04387543 -0.04515696
v 1.00086582 0.01780785 -0.035663
v 1.00086582 0.01780785 -0.04515696
v 1.01457024 0.47643629 -0.03566277
v 1.03674471 0.4603256 -0.03566277
v 1.03674471 0.4603256 -0.04515674
v 1.01457024 0.47643629 -0.04515674
v 0.99239582 0.4603256 -0.03566277
v 1.02827477 0.43425804 -0.04515672
v 1.02827477 0.43425795 -0.03566277
v 1.01457024 0.45312071 -0.0620965
v 0.99239582 0.4603256 -0.04515673
v 1.00086582 0.43425804 -0.03566277
v 1.00086582 0.43425804 -0.04515672
v 1.01457024 0.89288646 -0.03566284
v 1.03674471 0.8767758 -0.03566284
v 1.03674471 0.8767758 -0.0451568
v 1.01457024 0.89288646 -0.0451568
v 0.99239582 0.8767758 -0.03566284
v 1.02827477 0.85070831 -0.04515679
v 1.02827477 0.85070831 -0.03566284
v 1.01457024 0.86957091 -0.06209656
v 0.99239582 0.8767758 -0.0451568
v 1.00086582 0.85070831 -0.03566283
v 1.00086582 0.85070831 -0.04515679
v 1.01457024 1.30933666 -0.03566291
v 1.03674471 1.293226 -0.03566291
v 1.03674471 1.293226 -0.04515687
v 1.01457024 1.30933666 -0.04515687
v 0.99239582 1.293226 -0.03566291
v 1.02827477 1.26715851 -0.04515686
v 1.02827477 1.26715827 -0.0356629
v 1.01457024 1.28602111 -0.06209663
v 0.99239582 1.293226 -0.04515686
v 1.00086582 1.26715851 -0.0356629
v 1.00086582 1.26715851 -0.04515686
v 1.01457024 1.72578681 -0.03566298
v 1.03674471 1.70967615 -0.03566298
v 1.03674471 1.70967615 -0.04515694
v 1.01457024 1.72578681 -0.04515694
v 0.99239582 1.70967615 -0.03566298
v 1.02827477 1.68360853 -0.04515693
v 1.02827477 1.68360853 -0.03566298
v 1.01457024 1.70247126 -0.0620967
v 0.99239582 1.70967615 -0.04515693
v 1.00086582 1.68360853 -0.03566296
v 1.00086582 1.68360853 -0.04515693
v 1.01457024 2.14223719 -0.03566274
v 1.03674471 2.12612629 -0.03566274
v 1.03674471 2.12612629 -0.0451567
v 1.01457024 2.14223719 -0.0451567
v 0.99239582 2.12612629 -0.03566274
v 1.02827477 2.10005879 -0.04515669
v 1.02827477 2.10005879 -0.03566274
v 1.01457024 2.11892152 -0.06209646
v 0.99239582 2.12612629 -0.0451567
v 1.00086582 2.10005879 -0.03566273
v 1.00086582 2.10005879 -0.04515669
v 1.01457024 -1.60581481 -0.03566274
v 1.03674471 -1.62192535 -0.03566274
v 1.03674471 -1.62192535 -0.0451567
v 1.01457024 -1.60581481 -0.0451567
v 0.99239582 -1.62192535 -0.03566274
v 1.02827477 -1.64799285 -0.0451567
v 1.02827477 -1.64799285 -0.03566274
v 1.01457024 -1.62913024 -0.06209646
v 0.99239582 -1.62192535 -0.0451567
v 1.00086582 -1.64799285 -0.03566274
v 1.00086582 -1.64799285 -0.04515669
v 1.01457024 -1.18936431 -0.03566281
v 1.03674471 -1.20547509 -0.0356628
v 1.03674471 -1.20547509 -0.04515677
v 1.01457024 -1.18936431 -0.04515677
v 0.99239582 -1.20547509 -0.0356628
v 1.02827477 -1.23154259 -0.04515677
v 1.02827477 -1.23154259 -0.0356628
v 1.01457024 -1.21267998 -0.06209652
v 0.99239582 -1.20547509 -0.04515677
v 1.00086582 -1.23154259 -0.0356628
v 1.00086582 -1.23154259 -0.04515676
v 1.01457024 -0.77291411 -0.03566288
v 1.03674471 -0.78902495 -0.03566287
v 1.03674471 -0.78902495 -0.04515684
v 1.01457024 -0.77291411 -0.04515684
v 0.99239582 -0.78902495 -0.03566287
v 1.02827477 -0.81509244 -0.04515683
v 1.02827477 -0.81509244 -0.03566287
v 1.01457024 -0.79622984 -0.0620966
v 0.99239582 -0.78902495 -0.04515683
v 1.00086582 -0.81509244 -0.03566287
v 1.00086582 -0.81509244 -0.04515683
v 1.01457024 -0.35646391 -0.03566295
v 1.03674471 -0.37257475 -0.03566294
v 1.03674471 -0.37257475 -0.0451569
v 1.01457024 -0.35646391 -0.0451569
v 0.99239582 -0.3725746 -0.03566294
v 1.02827477 -0.39864227 -0.0451569
v 1.02827477 -0.39864227 -0.03566294
v 1.01457024 -0.37977967 -0.06209666
v 0.99239582 -0.3725746 -0.0451569
v 1.00086582 -0.39864227 -0.03566294
v 1.00086582 -0.39864227 -0.0451569
v 1.01457024 0.05998611 0.02771725
v 0.99239582 0.04387543 0.02771725
v 0.99239582 0.04387543 0.03721121
v 1.01457024 0.05998611 0.03721121
v 1.03674471 0.0438755 0.02771725
v 1.00086582 0.01780785 0.0372112
v 1.00086582 0.01780785 0.02771724
v 1.01457024 0.03667053 0.05415098
v 1.03674471 0.0438755 0.03721121
v 1.02827477 0.01780785 0.02771724
v 1.02827477 0.01780785 0.0372112
v 1.01457024 0.47643629 0.02771701
v 0.99239582 0.4603256 0.02771701
v 0.99239582 0.4603256 0.03721097
v 1.01457024 0.47643629 0.03721097
v 1.03674471 0.46032569 0.02771701
v 1.00086582 0.4342581 0.03721096
v 1.00086582 0.43425804 0.027717
v 1.01457024 0.45312071 0.05415074
v 1.03674471 0.46032569 0.03721097
v 1.02827477 0.4342581 0.02771701
v 1.02827477 0.4342581 0.03721097
v 1.01457024 0.89288646 0.02771709
v 0.99239582 0.8767758 0.02771708
v 0.99239582 0.8767758 0.03721104
v 1.01457024 0.89288646 0.03721105
v 1.03674471 0.8767758 0.02771708
v 1.00086582 0.85070831 0.03721103
v 1.00086582 0.85070831 0.02771707
v 1.01457024 0.86957091 0.0541508
v 1.03674471 0.8767758 0.03721104
v 1.02827477 0.85070831 0.02771707
v 1.02827477 0.85070831 0.03721103
v 1.01457024 1.30933666 0.02771715
v 0.99239582 1.293226 0.02771714
v 0.99239582 1.293226 0.03721111
v 1.01457024 1.30933666 0.03721111
v 1.03674471 1.293226 0.02771714
v 1.00086582 1.26715851 0.0372111
v 1.00086582 1.26715827 0.02771714
v 1.01457024 1.28602111 0.05415086
v 1.03674471 1.293226 0.03721111
v 1.02827477 1.26715851 0.02771715
v 1.02827477 1.26715851 0.0372111
v 1.01457024 1.72578681 0.02771722
v 0.99239582 1.70967615 0.02771721
v 0.99239582 1.70967615 0.03721117
v 1.01457024 1.72578681 0.03721118
v 1.03674471 1.70967615 0.02771721
v 1.00086582 1.68360853 0.03721117
v 1.00086582 1.68360853 0.02771721
v 1.01457024 1.70247126 0.05415093
v 1.03674471 1.70967615 0.03721117
v 1.02827477 1.68360853 0.02771721
v 1.02827477 1.68360853 0.03721117
v 1.01457024 2.14223719 0.02771698
v 0.99239582 2.12612629 0.02771698
v 0.99239582 2.12612629 0.03721095
v 1.01457024 2.14223719 0.03721094
v 1.03674471 2.12612629 0.02771698
v 1.00086582 2.10005879 0.03721093
v 1.00086582 2.10005879 0.02771697
v 1.01457024 2.11892152 0.05415071
v 1.03674471 2.12612629 0.03721094
v 1.02827477 2.10005879 0.02771698
v 1.02827477 2.10005879 0.03721094
v 1.01457024 -1.60581481 0.02771697
v 0.99239582 -1.62192535 0.02771698
v 0.99239582 -1.62192535 0.03721094
v 1.01457024 -1.60581481 0.03721093
v 1.03674471 -1.62192535 0.02771698
v 1.00086582 -1.64799285 0.03721093
v 1.00086582 -1.64799285 0.02771697
v 1.01457024 -1.62913024 0.05415069
v 1.03674471 -1.62192535 0.03721094
v 1.02827477 -1.64799285 0.02771697
v 1.02827477 -1.64799285 0.03721093
v 1.01457024 -1.18936431 0.02771705
v 0.99239582 -1.20547509 0.02771705
v 0.99239582 -1.20547509 0.03721101
v 1.01457024 -1.18936431 0.03721101
v 1.03674471 -1.20547509 0.02771705
v 1.00086582 -1.23154259 0.037211
v 1.00086582 -1.23154259 0.02771704
v 1.01457024 -1.21267998 0.05415077
v 1.03674471 -1.20547509 0.03721101
v 1.02827477 -1.23154259 0.02771704
v 1.02827477 -1.23154259 0.037211
v 1.01457024 -0.77291411 0.02771711
v 0.99239582 -0.78902495 0.02771711
v 0.99239582 -0.78902495 0.03721108
v 1.01457024 -0.77291411 0.03721108
v 1.03674471 -0.78902495 0.02771711
v 1.00086582 -0.81509244 0.03721106
v 1.00086582 -0.81509244 0.02771711
v 1.01457024 -0.79622984 0.05415083
v 1.03674471 -0.78902495 0.03721108
v 1.02827477 -0.81509244 0.02771711
v 1.02827477 -0.81509244 0.03721107
v 1.01457024 -0.35646388 0.02771718
v 0.99239582 -0.37257472 0.02771718
v 0.99239582 -0.37257472 0.03721114
v 1.01457024 -0.35646388 0.03721115
v 1.03674471 -0.37257457 0.02771718
v 1.00086582 -0.39864221 0.03721114
v 1.00086582 -0.39864221 0.02771718
v 1.01457024 -0.37977967 0.0541509
v 1.03674471 -0.37257457 0.03721114
v 1.02827477 -0.39864221 0.02771718
v 1.02827477 -0.39864221 0.03721114
v 0.53469968 -1.88048279 0.03986986
v 0.51252526 -1.89659345 0.03986985
v 0.51252526 -1.89659345 0.04487448
v 0.53469968 -1.88048279 0.04487449
v 0.55687416 -1.89659345 0.03986985
v 0.52099514 -1.92266107 0.04487448
v 0.52099514 -1.92266107 0.03986984
v 0.53469968 -1.90379834 0.06209662
v 0.55687416 -1.89659345 0.04487448
v 0.54840428 -1.92266107 0.03986984
v 0.54840428 -1.92266107 0.04487448
v 0.63387448 -1.88048279 0.03986986
v 0.61170006 -1.89659345 0.03986985
v 0.61170006 -1.89659345 0.04487448
v 0.63387448 -1.88048279 0.04487449
v 0.65604895 -1.89659345 0.03986985
v 0.62016994 -1.92266107 0.04487448
v 0.62016994 -1.92266107 0.03986984
v 0.63387448 -1.90379834 0.06209662
v 0.65604895 -1.89659345 0.04487448
v 0.64757901 -1.92266107 0.03986984
v 0.64757901 -1.92266107 0.04487448
v 0.63387448 -1.88048279 -0.01530792
v 0.65604895 -1.89659357 -0.01530792
v 0.65604895 -1.89659357 -0.02031255
v 0.63387448 -1.88048279 -0.02031255
v 0.61170006 -1.89659357 -0.01530791
v 0.64757901 -1.92266107 -0.02031255
v 0.64757901 -1.92266107 -0.01530792
v 0.63387448 -1.90379846 -0.02924214
v 0.61170006 -1.89659357 -0.02031254
v 0.62016994 -1.92266107 -0.01530792
v 0.62016994 -1.92266107 -0.02031254
v 0.53469968 -1.88048279 -0.01530792
v 0.55687416 -1.89659357 -0.01530792
v 0.55687416 -1.89659357 -0.02031255
v 0.53469968 -1.88048279 -0.02031255
v 0.51252526 -1.89659357 -0.01530791
v 0.54840428 -1.92266107 -0.02031255
v 0.54840428 -1.92266107 -0.01530792
v 0.53469968 -1.90379846 -0.02924214
v 0.51252526 -1.89659357 -0.02031254
v 0.52099514 -1.92266107 -0.01530792
v 0.52099514 -1.92266107 -0.02031254
v 0.58652586 0.05998611 -0.03566301
v 0.60870034 0.04387543 -0.03566301
v 0.60870034 0.04387543 -0.04515697
v 0.58652586 0.05998611 -0.04515697
v 0.56435144 0.04387543 -0.03566301
v 0.60023046 0.01780785 -0.04515696
v 0.60023046 0.01780785 -0.035663
v 0.58652586 0.03667053 -0.06209673
v 0.56435144 0.04387543 -0.04515696
v 0.57282132 0.01780785 -0.035663
v 0.57282132 0.01780785 -0.04515696
v 0.58652586 0.47643629 -0.03566277
v 0.60870034 0.4603256 -0.03566277
v 0.60870034 0.4603256 -0.04515674
v 0.58652586 0.47643629 -0.04515674
v 0.56435144 0.4603256 -0.03566277
v 0.60023046 0.43425804 -0.04515672
v 0.60023046 0.43425795 -0.03566277
v 0.58652586 0.45312071 -0.0620965
v 0.56435144 0.4603256 -0.04515673
v 0.57282132 0.43425804 -0.03566277
v 0.57282132 0.43425804 -0.04515672
v 0.58652586 0.89288646 -0.03566284
v 0.60870034 0.8767758 -0.03566284
v 0.60870034 0.8767758 -0.0451568
v 0.58652586 0.89288646 -0.0451568
v 0.56435144 0.8767758 -0.03566284
v 0.60023046 0.85070831 -0.04515679
v 0.60023046 0.85070831 -0.03566284
v 0.58652586 0.86957091 -0.06209656
v 0.56435144 0.8767758 -0.0451568
v 0.57282132 0.85070831 -0.03566283
v 0.57282132 0.85070831 -0.04515679
v 0.58652586 1.30933666 -0.03566291
v 0.60870034 1.293226 -0.03566291
v 0.60870034 1.293226 -0.04515687
v 0.58652586 1.30933666 -0.04515687
v 0.56435144 1.293226 -0.03566291
v 0.60023046 1.26715851 -0.04515686
v 0.60023046 1.26715827 -0.0356629
v 0.58652586 1.28602111 -0.06209663
v 0.56435144 1.293226 -0.04515686
v 0.57282132 1.26715851 -0.0356629
v 0.57282132 1.26715851 -0.04515686
v 0.58652586 1.72578681 -0.03566298
v 0.60870034 1.70967615 -0.03566298
v 0.60870034 1.70967615 -0.04515694
v 0.58652586 1.72578681 -0.04515694
v 0.56435144 1.70967615 -0.03566298
v 0.60023046 1.68360853 -0.04515693
v 0.60023046 1.68360853 -0.03566298
v 0.58652586 1.70247126 -0.0620967
v 0.56435144 1.70967615 -0.04515693
v 0.57282132 1.68360853 -0.03566296
v 0.57282132 1.68360853 -0.04515693
v 0.58652586 2.14223719 -0.03566274
v 0.60870034 2.12612629 -0.03566274
v 0.60870034 2.12612629 -0.0451567
v 0.58652586 2.14223719 -0.0451567
v 0.56435144 2.12612629 -0.03566274
v 0.60023046 2.10005879 -0.04515669
v 0.60023046 2.10005879 -0.03566274
v 0.58652586 2.11892152 -0.06209646
v 0.56435144 2.12612629 -0.0451567
v 0.57282132 2.10005879 -0.03566273
v 0.57282132 2.10005879 -0.04515669
v 0.58652586 -1.60581481 -0.03566274
v 0.60870034 -1.62192535 -0.03566274
v 0.60870034 -1.62192535 -0.0451567
v 0.58652586 -1.60581481 -0.0451567
v 0.56435144 -1.62192535 -0.03566274
v 0.60023046 -1.64799285 -0.0451567
v 0.60023046 -1.64799285 -0.03566274
v 0.58652586 -1.62913024 -0.06209646
v 0.56435144 -1.62192535 -0.0451567
v 0.57282132 -1.64799285 -0.03566274
v 0.57282132 -1.64799285 -0.04515669
v 0.58652586 -1.18936431 -0.03566281
v 0.60870034 -1.20547509 -0.0356628
v 0.60870034 -1.20547509 -0.04515677
v 0.58652586 -1.18936431 -0.04515677
v 0.56435144 -1.20547509 -0.0356628
v 0.60023046 -1.23154259 -0.04515677
v 0.60023046 -1.23154259 -0.0356628
v 0.58652586 -1.21267998 -0.06209652
v 0.56435144 -1.20547509 -0.04515677
v 0.57282132 -1.23154259 -0.0356628
v 0.57282132 -1.23154259 -0.04515676
v 0.58652586 -0.77291411 -0.03566288
v 0.60870034 -0.78902495 -0.03566287
v 0.60870034 -0.78902495 -0.04515684
v 0.58652586 -0.77291411 -0.04515684
v 0.56435144 -0.78902495 -0.03566287
v 0.60023046 -0.81509244 -0.04515683
v 0.60023046 -0.81509244 -0.03566287
v 0.58652586 -0.79622984 -0.0620966
v 0.56435144 -0.78902495 -0.04515683
v 0.57282132 -0.81509244 -0.03566287
v 0.57282132 -0.81509244 -0.04515683
v 0.58652586 -0.35646391 -0.03566295
v 0.60870034 -0.37257475 -0.03566294
v 0.60870034 -0.37257475 -0.0451569
v 0.58652586 -0.35646391 -0.0451569
v 0.56435144 -0.3725746 -0.03566294
v 0.60023046 -0.39864227 -0.0451569
v 0.60023046 -0.39864227 -0.03566294
v 0.58652586 -0.37977967 -0.06209666
v 0.56435144 -0.3725746 -0.0451569
v 0.57282132 -0.39864227 -0.03566294
v 0.57282132 -0.39864227 -0.0451569
v 0.58652586 0.05998611 0.02771725
v 0.56435144 0.04387543 0.02771725
v 0.56435144 0.04387543 0.03721121
v 0.58652586 0.05998611 0.03721121
v 0.60870034 0.0438755 0.02771725
v 0.57282132 0.01780785 0.0372112
v 0.57282132 0.01780785 0.02771724
v 0.58652586 0.03667053 0.05415098
v 0.60870034 0.0438755 0.03721121
v 0.60023046 0.01780785 0.02771724
v 0.60023046 0.01780785 0.0372112
v 0.58652586 0.47643629 0.02771701
v 0.56435144 0.4603256 0.02771701
v 0.56435144 0.4603256 0.03721097
v 0.58652586 0.47643629 0.03721097
v 0.60870034 0.46032569 0.02771701
v 0.57282132 0.4342581 0.03721096
v 0.57282132 0.43425804 0.027717
v 0.58652586 0.45312071 0.05415074
v 0.60870034 0.46032569 0.03721097
v 0.60023046 0.4342581 0.02771701
v 0.60023046 0.4342581 0.03721097
v 0.58652586 0.89288646 0.02771709
v 0.56435144 0.8767758 0.02771708
v 0.56435144 0.8767758 0.03721104
v 0.58652586 0.89288646 0.03721105
v 0.60870034 0.8767758 0.02771708
v 0.57282132 0.85070831 0.03721103
v 0.57282132 0.85070831 0.02771707
v 0.58652586 0.86957091 0.0541508
v 0.60870034 0.8767758 0.03721104
v 0.60023046 0.85070831 0.02771707
v 0.60023046 0.85070831 0.03721103
v 0.58652586 1.30933666 0.02771715
v 0.56435144 1.293226 0.02771714
v 0.56435144 1.293226 0.03721111
v 0.58652586 1.30933666 0.03721111
v 0.60870034 1.293226 0.02771714
v 0.57282132 1.26715851 0.0372111
v 0.57282132 1.26715827 0.02771714
v 0.58652586 1.28602111 0.05415086
v 0.60870034 1.293226 0.03721111
v 0.60023046 1.26715851 0.02771715
v 0.60023046 1.26715851 0.0372111
v 0.58652586 1.72578681 0.02771722
v 0.56435144 1.70967615 0.02771721
v 0.56435144 1.70967615 0.03721117
v 0.58652586 1.72578681 0.03721118
v 0.60870034 1.70967615 0.02771721
v 0.57282132 1.68360853 0.03721117
v 0.57282132 1.68360853 0.02771721
v 0.58652586 1.70247126 0.05415093
v 0.60870034 1.70967615 0.03721117
v 0.60023046 1.68360853 0.02771721
v 0.60023046 1.68360853 0.03721117
v 0.58652586 2.14223719 0.02771698
v 0.56435144 2.12612629 0.02771698
v 0.56435144 2.12612629 0.03721095
v 0.58652586 2.14223719 0.03721094
v 0.60870034 2.12612629 0.02771698
v 0.57282132 2.10005879 0.03721093
v 0.57282132 2.10005879 0.02771697
v 0.58652586 2.11892152 0.05415071
v 0.60870034 2.12612629 0.03721094
v 0.60023046 2.10005879 0.02771698
v 0.60023046 2.10005879 0.03721094
v 0.58652586 -1.60581481 0.02771697
v 0.56435144 -1.62192535 0.02771698
v 0.56435144 -1.62192535 0.03721094
v 0.58652586 -1.60581481 0.03721093
v 0.60870034 -1.62192535 0.02771698
v 0.57282132 -1.64799285 0.03721093
v 0.57282132 -1.64799285 0.02771697
v 0.58652586 -1.62913024 0.05415069
v 0.60870034 -1.62192535 0.03721094
v 0.60023046 -1.64799285 0.02771697
v 0.60023046 -1.64799285 0.03721093
v 0.58652586 -1.18936431 0.02771705
v 0.56435144 -1.20547509 0.02771705
v 0.56435144 -1.20547509 0.03721101
v 0.58652586 -1.18936431 0.03721101
v 0.60870034 -1.20547509 0.02771705
v 0.57282132 -1.23154259 0.037211
v 0.57282132 -1.23154259 0.02771704
v 0.58652586 -1.21267998 0.05415077
v 0.60870034 -1.20547509 0.03721101
v 0.60023046 -1.23154259 0.02771704
v 0.60023046 -1.23154259 0.037211
v 0.58652586 -0.77291411 0.02771711
v 0.56435144 -0.78902495 0.02771711
v 0.56435144 -0.78902495 0.03721108
v 0.58652586 -0.77291411 0.03721108
v 0.60870034 -0.78902495 0.02771711
v 0.57282132 -0.81509244 0.03721106
v 0.57282132 -0.81509244 0.02771711
v 0.58652586 -0.79622984 0.05415083
v 0.60870034 -0.78902495 0.03721108
v 0.60023046 -0.81509244 0.02771711
v 0.60023046 -0.81509244 0.03721107
v 0.58652586 -0.35646388 0.02771718
v 0.56435144 -0.37257472 0.02771718
v 0.56435144 -0.37257472 0.03721114
v 0.58652586 -0.35646388 0.03721115
v 0.60870034 -0.37257457 0.02771718
v 0.57282132 -0.39864221 0.03721114
v 0.57282132 -0.39864221 0.02771718
v 0.58652586 -0.37977967 0.0541509
v 0.60870034 -0.37257457 0.03721114
v 0.60023046 -0.39864221 0.02771718
v 0.60023046 -0.39864221 0.03721114
v 0.10665527 -1.88048279 0.03986986
v 0.08448081 -1.89659345 0.03986985
v 0.08448081 -1.89659345 0.04487448
v 0.10665527 -1.88048279 0.04487449
v 0.12882972 -1.89659345 0.03986985
v 0.09295074 -1.92266107 0.04487448
v 0.09295074 -1.92266107 0.03986984
v 0.10665527 -1.90379834 0.06209662
v 0.12882972 -1.89659345 0.04487448
v 0.1203598 -1.92266107 0.03986984
v 0.1203598 -1.92266107 0.04487448
v 0.20583007 -1.88048279 0.03986986
v 0.18365562 -1.89659345 0.03986985
v 0.18365562 -1.89659345 0.04487448
v 0.20583007 -1.88048279 0.04487449
v 0.22800453 -1.89659345 0.03986985
v 0.19212554 -1.92266107 0.04487448
v 0.19212554 -1.92266107 0.03986984
v 0.20583007 -1.90379834 0.06209662
v 0.22800453 -1.89659345 0.04487448
v 0.21953461 -1.92266107 0.03986984
v 0.21953461 -1.92266107 0.04487448
v 0.20583007 -1.88048279 -0.01530792
v 0.22800453 -1.89659357 -0.01530792
v 0.22800453 -1.89659357 -0.02031255
v 0.20583007 -1.88048279 -0.02031255
v 0.18365562 -1.89659357 -0.01530791
v 0.21953461 -1.92266107 -0.02031255
v 0.21953461 -1.92266107 -0.01530792
v 0.20583007 -1.90379846 -0.02924214
v 0.18365562 -1.89659357 -0.02031254
v 0.19212554 -1.92266107 -0.01530792
v 0.19212554 -1.92266107 -0.02031254
v 0.10665527 -1.88048279 -0.01530792
v 0.12882972 -1.89659357 -0.01530792
v 0.12882972 -1.89659357 -0.02031255
v 0.10665527 -1.88048279 -0.02031255
v 0.08448081 -1.89659357 -0.01530791
v 0.1203598 -1.92266107 -0.02031255
v 0.1203598 -1.92266107 -0.01530792
v 0.10665527 -1.90379846 -0.02924214
v 0.08448081 -1.89659357 -0.02031254
v 0.09295074 -1.92266107 -0.01530792
v 0.09295074 -1.92266107 -0.02031254
v 0.15848145 0.05998611 -0.03566301
v 0.1806559 0.04387543 -0.03566301
v 0.1806559 0.04387543 -0.04515697
v 0.15848145 0.05998611 -0.04515697
v 0.13630699 0.04387543 -0.03566301
v 0.17218597 0.01780785 -0.04515696
v 0.17218597 0.01780785 -0.035663
v 0.15848145 0.03667053 -0.06209673
v 0.13630699 0.04387543 -0.04515696
v 0.14477691 0.01780785 -0.035663
v 0.14477691 0.01780785 -0.04515696
v 0.15848145 0.47643629 -0.03566277
v 0.1806559 0.4603256 -0.03566277
v 0.1806559 0.4603256 -0.04515674
v 0.15848145 0.47643629 -0.04515674
v 0.13630699 0.4603256 -0.03566277
v 0.17218597 0.43425804 -0.04515672
v 0.17218597 0.43425795 -0.03566277
v 0.15848145 0.45312071 -0.0620965
v 0.13630699 0.4603256 -0.04515673
v 0.14477691 0.43425804 -0.03566277
v 0.14477691 0.43425804 -0.04515672
v 0.15848145 0.89288646 -0.03566284
v 0.1806559 0.8767758 -0.03566284
v 0.1806559 0.8767758 -0.0451568
v 0.15848145 0.89288646 -0.0451568
v 0.13630699 0.8767758 -0.03566284
v 0.17218597 0.85070831 -0.04515679
v 0.17218597 0.85070831 -0.03566284
v 0.15848145 0.86957091 -0.06209656
v 0.13630699 0.8767758 -0.0451568
v 0.14477691 0.85070831 -0.03566283
v 0.14477691 0.85070831 -0.04515679
v 0.15848145 1.30933666 -0.03566291
v 0.1806559 1.293226 -0.03566291
v 0.1806559 1.293226 -0.04515687
v 0.15848145 1.30933666 -0.04515687
v 0.13630699 1.293226 -0.03566291
v 0.17218597 1.26715851 -0.04515686
v 0.17218597 1.26715827 -0.0356629
v 0.15848145 1.28602111 -0.06209663
v 0.13630699 1.293226 -0.04515686
v 0.14477691 1.26715851 -0.0356629
v 0.14477691 1.26715851 -0.04515686
v 0.15848145 1.72578681 -0.03566298
v 0.1806559 1.70967615 -0.03566298
v 0.1806559 1.70967615 -0.04515694
v 0.15848145 1.72578681 -0.04515694
v 0.13630699 1.70967615 -0.03566298
v 0.17218597 1.68360853 -0.04515693
v 0.17218597 1.68360853 -0.03566298
v 0.15848145 1.70247126 -0.0620967
v 0.13630699 1.70967615 -0.04515693
v 0.14477691 1.68360853 -0.03566296
v 0.14477691 1.68360853 -0.04515693
v 0.15848145 2.14223719 -0.03566274
v 0.1806559 2.12612629 -0.03566274
v 0.1806559 2.12612629 -0.0451567
v 0.15848145 2.14223719 -0.0451567
v 0.13630699 2.12612629 -0.03566274
v 0.17218597 2.10005879 -0.04515669
v 0.17218597 2.10005879 -0.03566274
v 0.15848145 2.11892152 -0.06209646
v 0.13630699 2.12612629 -0.0451567
v 0.14477691 2.10005879 -0.03566273
v 0.14477691 2.10005879 -0.04515669
v 0.15848145 -1.60581481 -0.03566274
v 0.1806559 -1.62192535 -0.03566274
v 0.1806559 -1.62192535 -0.0451567
v 0.15848145 -1.60581481 -0.0451567
v 0.13630699 -1.62192535 -0.03566274
v 0.17218597 -1.64799285 -0.0451567
v 0.17218597 -1.64799285 -0.03566274
v 0.15848145 -1.62913024 -0.06209646
v 0.13630699 -1.62192535 -0.0451567
v 0.14477691 -1.64799285 -0.03566274
v 0.14477691 -1.64799285 -0.04515669
v 0.15848145 -1.18936431 -0.03566281
v 0.1806559 -1.20547509 -0.0356628
v 0.1806559 -1.20547509 -0.04515677
v 0.15848145 -1.18936431 -0.04515677
v 0.13630699 -1.20547509 -0.0356628
v 0.17218597 -1.23154259 -0.04515677
v 0.17218597 -1.23154259 -0.0356628
v 0.15848145 -1.21267998 -0.06209652
v 0.13630699 -1.20547509 -0.04515677
v 0.14477691 -1.23154259 -0.0356628
v 0.14477691 -1.23154259 -0.04515676
v 0.15848145 -0.77291411 -0.03566288
v 0.1806559 -0.78902495 -0.03566287
v 0.1806559 -0.78902495 -0.04515684
v 0.15848145 -0.77291411 -0.04515684
v 0.13630699 -0.78902495 -0.03566287
v 0.17218597 -0.81509244 -0.04515683
v 0.17218597 -0.81509244 -0.03566287
v 0.15848145 -0.79622984 -0.0620966
v 0.13630699 -0.78902495 -0.04515683
v 0.14477691 -0.81509244 -0.03566287
v 0.14477691 -0.81509244 -0.04515683
v 0.15848145 -0.35646391 -0.03566295
v 0.1806559 -0.37257475 -0.03566294
v 0.1806559 -0.37257475 -0.0451569
v 0.15848145 -0.35646391 -0.0451569
v 0.13630699 -0.3725746 -0.03566294
v 0.17218597 -0.39864227 -0.0451569
v 0.17218597 -0.39864227 -0.03566294
v 0.15848145 -0.37977967 -0.06209666
v 0.13630699 -0.3725746 -0.0451569
v 0.14477691 -0.39864227 -0.03566294
v 0.14477691 -0.39864227 -0.0451569
v 0.15848145 0.05998611 0.02771725
v 0.13630699 0.04387543 0.02771725
v 0.13630699 0.04387543 0.03721121
v 0.15848145 0.05998611 0.03721121
v 0.1806559 0.0438755 0.02771725
v 0.14477691 0.01780785 0.0372112
v 0.14477691 0.01780785 0.02771724
v 0.15848145 0.03667053 0.05415098
v 0.1806559 0.0438755 0.03721121
v 0.17218597 0.01780785 0.02771724
v 0.17218597 0.01780785 0.0372112
v 0.15848145 0.47643629 0.02771701
v 0.13630699 0.4603256 0.02771701
v 0.13630699 0.4603256 0.03721097
v 0.15848145 0.47643629 0.03721097
v 0.1806559 0.46032569 0.02771701
v 0.14477691 0.4342581 0.03721096
v 0.14477691 0.43425804 0.027717
v 0.15848145 0.45312071 0.05415074
v 0.1806559 0.46032569 0.03721097
v 0.17218597 0.4342581 0.02771701
v 0.17218597 0.4342581 0.03721097
v 0.15848145 0.89288646 0.02771709
v 0.13630699 0.8767758 0.02771708
v 0.13630699 0.8767758 0.03721104
v 0.15848145 0.89288646 0.03721105
v 0.1806559 0.8767758 0.02771708
v 0.14477691 0.85070831 0.03721103
v 0.14477691 0.85070831 0.02771707
v 0.15848145 0.86957091 0.0541508
v 0.1806559 0.8767758 0.03721104
v 0.17218597 0.85070831 0.02771707
v 0.17218597 0.85070831 0.03721103
v 0.15848145 1.30933666 0.02771715
v 0.13630699 1.293226 0.02771714
v 0.13630699 1.293226 0.03721111
v 0.15848145 1.30933666 0.03721111
v 0.1806559 1.293226 0.02771714
v 0.14477691 1.26715851 0.0372111
v 0.14477691 1.26715827 0.02771714
v 0.15848145 1.28602111 0.05415086
v 0.1806559 1.293226 0.03721111
v 0.17218597 1.26715851 0.02771715
v 0.17218597 1.26715851 0.0372111
v 0.15848145 1.72578681 0.02771722
v 0.13630699 1.70967615 0.02771721
v 0.13630699 1.70967615 0.03721117
v 0.15848145 1.72578681 0.03721118
v 0.1806559 1.70967615 0.02771721
v 0.14477691 1.68360853 0.03721117
v 0.14477691 1.68360853 0.02771721
v 0.15848145 1.70247126 0.05415093
v 0.1806559 1.70967615 0.03721117
v 0.17218597 1.68360853 0.02771721
v 0.17218597 1.68360853 0.03721117
v 0.15848145 2.14223719 0.02771698
v 0.13630699 2.12612629 0.02771698
v 0.13630699 2.12612629 0.03721095
v 0.15848145 2.14223719 0.03721094
v 0.1806559 2.12612629 0.02771698
v 0.14477691 2.10005879 0.03721093
v 0.14477691 2.10005879 0.02771697
v 0.15848145 2.11892152 0.05415071
v 0.1806559 2.12612629 0.03721094
v 0.17218597 2.10005879 0.02771698
v 0.17218597 2.10005879 0.03721094
v 0.15848145 -1.60581481 0.02771697
v 0.13630699 -1.62192535 0.02771698
v 0.13630699 -1.62192535 0.03721094
v 0.15848145 -1.60581481 0.03721093
v 0.1806559 -1.62192535 0.02771698
v 0.14477691 -1.64799285 0.03721093
v 0.14477691 -1.64799285 0.02771697
v 0.15848145 -1.62913024 0.05415069
v 0.1806559 -1.62192535 0.03721094
v 0.17218597 -1.64799285 0.02771697
v 0.17218597 -1.64799285 0.03721093
v 0.15848145 -1.18936431 0.02771705
v 0.13630699 -1.20547509 0.02771705
v 0.13630699 -1.20547509 0.03721101
v 0.15848145 -1.18936431 0.03721101
v 0.1806559 -1.20547509 0.02771705
v 0.14477691 -1.23154259 0.037211
v 0.14477691 -1.23154259 0.02771704
v 0.15848145 -1.21267998 0.05415077
v 0.1806559 -1.20547509 0.03721101
v 0.17218597 -1.23154259 0.02771704
v 0.17218597 -1.23154259 0.037211
v 0.15848145 -0.77291411 0.02771711
v 0.13630699 -0.78902495 0.02771711
v 0.13630699 -0.78902495 0.03721108
v 0.15848145 -0.77291411 0.03721108
v 0.1806559 -0.78902495 0.02771711
v 0.14477691 -0.81509244 0.03721106
v 0.14477691 -0.81509244 0.02771711
v 0.15848145 -0.79622984 0.05415083
v 0.1806559 -0.78902495 0.03721108
v 0.17218597 -0.81509244 0.02771711
v 0.17218597 -0.81509244 0.03721107
v 0.15848145 -0.35646388 0.02771718
v 0.13630699 -0.37257472 0.02771718
v 0.13630699 -0.37257472 0.03721114
v 0.15848145 -0.35646388 0.03721115
v 0.1806559 -0.37257457 0.02771718
v 0.14477691 -0.39864221 0.03721114
v 0.14477691 -0.39864221 0.02771718
v 0.15848145 -0.37977967 0.0541509
v 0.1806559 -0.37257457 0.03721114
v 0.17218597 -0.39864221 0.02771718
v 0.17218597 -0.39864221 0.03721114
v -0.32138914 -1.88048279 0.03986986
v -0.34356353 -1.89659345 0.03986985
v -0.34356353 -1.89659345 0.04487448
v -0.32138914 -1.88048279 0.04487449
v -0.29921478 -1.89659345 0.03986985
v -0.33509368 -1.92266107 0.04487448
v -0.33509368 -1.92266107 0.03986984
v -0.32138914 -1.90379834 0.06209662
v -0.29921478 -1.89659345 0.04487448
v -0.30768463 -1.92266107 0.03986984
v -0.30768463 -1.92266107 0.04487448
v -0.22221436 -1.88048279 0.03986986
v -0.2443888 -1.89659345 0.03986985
v -0.2443888 -1.89659345 0.04487448
v -0.22221436 -1.88048279 0.04487449
v -0.20003989 -1.89659345 0.03986985
v -0.23591888 -1.92266107 0.04487448
v -0.23591888 -1.92266107 0.03986984
v -0.22221436 -1.90379834 0.06209662
v -0.20003989 -1.89659345 0.04487448
v -0.20850982 -1.92266107 0.03986984
v -0.20850982 -1.92266107 0.04487448
v -0.22221436 -1.88048279 -0.01530792
v -0.20003989 -1.89659357 -0.01530792
v -0.20003989 -1.89659357 -0.02031255
v -0.22221436 -1.88048279 -0.02031255
v -0.2443888 -1.89659357 -0.01530791
v -0.20850982 -1.92266107 -0.02031255
v -0.20850982 -1.92266107 -0.01530792
v -0.22221436 -1.90379846 -0.02924214
v -0.2443888 -1.89659357 -0.02031254
v -0.23591888 -1.92266107 -0.01530792
v -0.23591888 -1.92266107 -0.02031254
v -0.32138914 -1.88048279 -0.01530792
v -0.29921478 -1.89659357 -0.01530792
v -0.29921478 -1.89659357 -0.02031255
v -0.32138914 -1.88048279 -0.02031255
v -0.34356353 -1.89659357 -0.01530791
v -0.30768463 -1.92266107 -0.02031255
v -0.30768463 -1.92266107 -0.01530792
v -0.32138914 -1.90379846 -0.02924214
v -0.34356353 -1.89659357 -0.02031254
v -0.33509368 -1.92266107 -0.01530792
v -0.33509368 -1.92266107 -0.02031254
v -0.26956299 0.05998611 -0.03566301
v -0.24738853 0.04387543 -0.03566301
v -0.24738853 0.04387543 -0.04515697
v -0.26956299 0.05998611 -0.04515697
v -0.29173735 0.04387543 -0.03566301
v -0.25585845 0.01780785 -0.04515696
v -0.25585845 0.01780785 -0.035663
v -0.26956299 0.03667053 -0.06209673
v -0.29173735 0.04387543 -0.04515696
v -0.2832675 0.01780785 -0.035663
v -0.2832675 0.01780785 -0.04515696
v -0.26956299 0.47643629 -0.03566277
v -0.24738853 0.4603256 -0.03566277
v -0.24738853 0.4603256 -0.04515674
v -0.26956299 0.47643629 -0.04515674
v -0.29173735 0.4603256 -0.03566277
v -0.25585845 0.43425804 -0.04515672
v -0.25585845 0.43425795 -0.03566277
v -0.26956299 0.45312071 -0.0620965
v -0.29173735 0.4603256 -0.04515673
v -0.2832675 0.43425804 -0.03566277
v -0.2832675 0.43425804 -0.04515672
v -0.26956299 0.89288646 -0.03566284
v -0.24738853 0.8767758 -0.03566284
v -0.24738853 0.8767758 -0.0451568
v -0.26956299 0.89288646 -0.0451568
v -0.29173735 0.8767758 -0.03566284
v -0.25585845 0.85070831 -0.04515679
v -0.25585845 0.85070831 -0.03566284
v -0.26956299 0.86957091 -0.06209656
v -0.29173735 0.8767758 -0.0451568
v -0.2832675 0.85070831 -0.03566283
v -0.2832675 0.85070831 -0.04515679
v -0.26956299 1.30933666 -0.03566291
v -0.24738853 1.293226 -0.03566291
v -0.24738853 1.293226 -0.04515687
v -0.26956299 1.30933666 -0.04515687
v -0.29173735 1.293226 -0.03566291
v -0.25585845 1.26715851 -0.04515686
v -0.25585845 1.26715827 -0.0356629
v -0.26956299 1.28602111 -0.06209663
v -0.29173735 1.293226 -0.04515686
v -0.2832675 1.26715851 -0.0356629
v -0.2832675 1.26715851 -0.04515686
v -0.26956299 1.72578681 -0.03566298
v -0.24738853 1.70967615 -0.03566298
v -0.24738853 1.70967615 -0.04515694
v -0.26956299 1.72578681 -0.04515694
v -0.29173735 1.70967615 -0.03566298
v -0.25585845 1.68360853 -0.04515693
v -0.25585845 1.68360853 -0.03566298
v -0.26956299 1.70247126 -0.0620967
v -0.29173735 1.70967615 -0.04515693
v -0.2832675 1.68360853 -0.03566296
v -0.2832675 1.68360853 -0.04515693
v -0.26956299 2.14223719 -0.03566274
v -0.24738853 2.12612629 -0.03566274
v -0.24738853 2.12612629 -0.0451567
v -0.26956299 2.14223719 -0.0451567
v -0.29173735 2.12612629 -0.03566274
v -0.25585845 2.10005879 -0.04515669
v -0.25585845 2.10005879 -0.03566274
v -0.26956299 2.11892152 -0.06209646
v -0.29173735 2.12612629 -0.0451567
v -0.2832675 2.10005879 -0.03566273
v -0.2832675 2.10005879 -0.04515669
v -0.26956299 -1.60581481 -0.03566274
v -0.24738853 -1.62192535 -0.03566274
v -0.24738853 -1.62192535 -0.0451567
v -0.26956299 -1.60581481 -0.0451567
v -0.29173735 -1.62192535 -0.03566274
v -0.25585845 -1.64799285 -0.0451567
v -0.25585845 -1.64799285 -0.03566274
v -0.26956299 -1.62913024 -0.06209646
v -0.29173735 -1.62192535 -0.0451567
v -0.2832675 -1.64799285 -0.03566274
v -0.2832675 -1.64799285 -0.04515669
v -0.26956299 -1.18936431 -0.03566281
v -0.24738853 -1.20547509 -0.0356628
v -0.24738853 -1.20547509 -0.04515677
v -0.26956299 -1.18936431 -0.04515677
v -0.29173735 -1.20547509 -0.0356628
v -0.25585845 -1.23154259 -0.04515677
v -0.25585845 -1.23154259 -0.0356628
v -0.26956299 -1.21267998 -0.06209652
v -0.29173735 -1.20547509 -0.04515677
v -0.2832675 -1.23154259 -0.0356628
v -0.2832675 -1.23154259 -0.04515676
v -0.26956299 -0.77291411 -0.03566288
v -0.24738853 -0.78902495 -0.03566287
v -0.24738853 -0.78902495 -0.04515684
v -0.26956299 -0.77291411 -0.04515684
v -0.29173735 -0.78902495 -0.03566287
v -0.25585845 -0.81509244 -0.04515683
v -0.25585845 -0.81509244 -0.03566287
v -0.26956299 -0.79622984 -0.0620966
v -0.29173735 -0.78902495 -0.04515683
v -0.2832675 -0.81509244 -0.03566287
v -0.2832675 -0.81509244 -0.04515683
v -0.26956299 -0.35646391 -0.03566295
v -0.24738853 -0.37257475 -0.03566294
v -0.24738853 -0.37257475 -0.0451569
v -0.26956299 -0.35646391 -0.0451569
v -0.29173735 -0.3725746 -0.03566294
v -0.25585845 -0.39864227 -0.0451569
v -0.25585845 -0.39864227 -0.03566294
v -0.26956299 -0.37977967 -0.06209666
v -0.29173735 -0.3725746 -0.0451569
v -0.2832675 -0.39864227 -0.03566294
v -0.2832675 -0.39864227 -0.0451569
v -0.26956299 0.05998611 0.02771725
v -0.29173735 0.04387543 0.02771725
v -0.29173735 0.04387543 0.03721121
v -0.26956299 0.05998611 0.03721121
v -0.24738853 0.0438755 0.02771725
v -0.2832675 0.01780785 0.0372112
v -0.2832675 0.01780785 0.02771724
v -0.26956299 0.03667053 0.05415098
v -0.24738853 0.0438755 0.03721121
v -0.25585845 0.01780785 0.02771724
v -0.25585845 0.01780785 0.0372112
v -0.26956299 0.47643629 0.02771701
v -0.29173735 0.4603256 0.02771701
v -0.29173735 0.4603256 0.03721097
v -0.26956299 0.47643629 0.03721097
v -0.24738853 0.46032569 0.02771701
v -0.2832675 0.4342581 0.03721096
v -0.2832675 0.43425804 0.027717
v -0.26956299 0.45312071 0.05415074
v -0.24738853 0.46032569 0.03721097
v -0.25585845 0.4342581 0.02771701
v -0.25585845 0.4342581 0.03721097
v -0.26956299 0.89288646 0.02771709
v -0.29173735 0.8767758 0.02771708
v -0.29173735 0.8767758 0.03721104
v -0.26956299 0.89288646 0.03721105
v -0.24738853 0.8767758 0.02771708
v -0.2832675 0.85070831 0.03721103
v -0.2832675 0.85070831 0.02771707
v -0.26956299 0.86957091 0.0541508
v -0.24738853 0.8767758 0.03721104
v -0.25585845 0.85070831 0.02771707
v -0.25585845 0.85070831 0.03721103
v -0.26956299 1.30933666 0.02771715
v -0.29173735 1.293226 0.02771714
v -0.29173735 1.293226 0.03721111
v -0.26956299 1.30933666 0.03721111
v -0.24738853 1.293226 0.02771714
v -0.2832675 1.26715851 0.0372111
v -0.2832675 1.26715827 0.02771714
v -0.26956299 1.28602111 0.05415086
v -0.24738853 1.293226 0.03721111
v -0.25585845 1.26715851 0.02771715
v -0.25585845 1.26715851 0.0372111
v -0.26956299 1.72578681 0.02771722
v -0.29173735 1.70967615 0.02771721
v -0.29173735 1.70967615 0.03721117
v -0.26956299 1.72578681 0.03721118
v -0.24738853 1.70967615 0.02771721
v -0.2832675 1.68360853 0.03721117
v -0.2832675 1.68360853 0.02771721
v -0.26956299 1.70247126 0.05415093
v -0.24738853 1.70967615 0.03721117
v -0.25585845 1.68360853 0.02771721
v -0.25585845 1.68360853 0.03721117
v -0.26956299 2.14223719 0.02771698
v -0.29173735 2.12612629 0.02771698
v -0.29173735 2.12612629 0.03721095
v -0.26956299 2.14223719 0.03721094
v -0.24738853 2.12612629 0.02771698
v -0.2832675 2.10005879 0.03721093
v -0.2832675 2.10005879 0.02771697
v -0.26956299 2.11892152 0.05415071
v -0.24738853 2.12612629 0.03721094
v -0.25585845 2.10005879 0.02771698
v -0.25585845 2.10005879 0.03721094
v -0.26956299 -1.60581481 0.02771697
v -0.29173735 -1.62192535 0.02771698
v -0.29173735 -1.62192535 0.03721094
v -0.26956299 -1.60581481 0.03721093
v -0.24738853 -1.62192535 0.02771698
v -0.2832675 -1.64799285 0.03721093
v -0.2832675 -1.64799285 0.02771697
v -0.26956299 -1.62913024 0.05415069
v -0.24738853 -1.62192535 0.03721094
v -0.25585845 -1.64799285 0.02771697
v -0.25585845 -1.64799285 0.03721093
v -0.26956299 -1.18936431 0.02771705
v -0.29173735 -1.20547509 0.02771705
v -0.29173735 -1.20547509 0.03721101
v -0.26956299 -1.18936431 0.03721101
v -0.24738853 -1.20547509 0.02771705
v -0.2832675 -1.23154259 0.037211
v -0.2832675 -1.23154259 0.02771704
v -0.26956299 -1.21267998 0.05415077
v -0.24738853 -1.20547509 0.03721101
v -0.25585845 -1.23154259 0.02771704
v -0.25585845 -1.23154259 0.037211
v -0.26956299 -0.77291411 0.02771711
v -0.29173735 -0.78902495 0.02771711
v -0.29173735 -0.78902495 0.03721108
v -0.26956299 -0.77291411 0.03721108
v -0.24738853 -0.78902495 0.02771711
v -0.2832675 -0.81509244 0.03721106
v -0.2832675 -0.81509244 0.02771711
v -0.26956299 -0.79622984 0.05415083
v -0.24738853 -0.78902495 0.03721108
v -0.25585845 -0.81509244 0.02771711
v -0.25585845 -0.81509244 0.03721107
v -0.26956299 -0.35646388 0.02771718
v -0.29173735 -0.37257472 0.02771718
v -0.29173735 -0.37257472 0.03721114
v -0.26956299 -0.35646388 0.03721115
v -0.24738853 -0.37257457 0.02771718
v -0.2832675 -0.39864221 0.03721114
v -0.2832675 -0.39864221 0.02771718
v -0.26956299 -0.37977967 0.0541509
v -0.24738853 -0.37257457 0.03721114
v -0.25585845 -0.39864221 0.02771718
v -0.25585845 -0.39864221 0.03721114
v -0.74943358 -1.88048279 0.03986986
v -0.77160794 -1.89659345 0.03986985
v -0.77160794 -1.89659345 0.04487448
v -0.74943358 -1.88048279 0.04487449
v -0.72725922 -1.89659345 0.03986985
v -0.76313812 -1.92266107 0.04487448
v -0.76313812 -1.92266107 0.03986984
v -0.74943358 -1.90379834 0.06209662
v -0.72725922 -1.89659345 0.04487448
v -0.73572904 -1.92266107 0.03986984
v -0.73572904 -1.92266107 0.04487448
v -0.65025878 -1.88048279 0.03986986
v -0.67243314 -1.89659345 0.03986985
v -0.67243314 -1.89659345 0.04487448
v -0.65025878 -1.88048279 0.04487449
v -0.62808442 -1.89659345 0.03986985
v -0.66396332 -1.92266107 0.04487448
v -0.66396332 -1.92266107 0.03986984
v -0.65025878 -1.90379834 0.06209662
v -0.62808442 -1.89659345 0.04487448
v -0.63655424 -1.92266107 0.03986984
v -0.63655424 -1.92266107 0.04487448
v -0.65025878 -1.88048279 -0.01530792
v -0.62808442 -1.89659357 -0.01530792
v -0.62808442 -1.89659357 -0.02031255
v -0.65025878 -1.88048279 -0.02031255
v -0.67243314 -1.89659357 -0.01530791
v -0.63655424 -1.92266107 -0.02031255
v -0.63655424 -1.92266107 -0.01530792
v -0.65025878 -1.90379846 -0.02924214
v -0.67243314 -1.89659357 -0.02031254
v -0.66396332 -1.92266107 -0.01530792
v -0.66396332 -1.92266107 -0.02031254
v -0.74943358 -1.88048279 -0.01530792
v -0.72725922 -1.89659357 -0.01530792
v -0.72725922 -1.89659357 -0.02031255
v -0.74943358 -1.88048279 -0.02031255
v -0.77160794 -1.89659357 -0.01530791
v -0.73572904 -1.92266107 -0.02031255
v -0.73572904 -1.92266107 -0.01530792
v -0.74943358 -1.90379846 -0.02924214
v -0.77160794 -1.89659357 -0.02031254
v -0.76313812 -1.92266107 -0.01530792
v -0.76313812 -1.92266107 -0.02031254
v -0.6976074 0.05998611 -0.03566301
v -0.67543304 0.04387543 -0.03566301
v -0.67543304 0.04387543 -0.04515697
v -0.6976074 0.05998611 -0.04515697
v -0.71978176 0.04387543 -0.03566301
v -0.68390286 0.01780785 -0.04515696
v -0.68390286 0.01780785 -0.035663
v -0.6976074 0.03667053 -0.06209673
v -0.71978176 0.04387543 -0.04515696
v -0.71131194 0.01780785 -0.035663
v -0.71131194 0.01780785 -0.04515696
v -0.6976074 0.47643629 -0.03566277
v -0.67543304 0.4603256 -0.03566277
v -0.67543304 0.4603256 -0.04515674
v -0.6976074 0.47643629 -0.04515674
v -0.71978176 0.4603256 -0.03566277
v -0.68390286 0.43425804 -0.04515672
v -0.68390286 0.43425795 -0.03566277
v -0.6976074 0.45312071 -0.0620965
v -0.71978176 0.4603256 -0.04515673
v -0.71131194 0.43425804 -0.03566277
v -0.71131194 0.43425804 -0.04515672
v -0.6976074 0.89288646 -0.03566284
v -0.67543304 0.8767758 -0.03566284
v -0.67543304 0.8767758 -0.0451568
v -0.6976074 0.89288646 -0.0451568
v -0.71978176 0.8767758 -0.03566284
v -0.68390286 0.85070831 -0.04515679
v -0.68390286 0.85070831 -0.03566284
v -0.6976074 0.86957091 -0.06209656
v -0.71978176 0.8767758 -0.0451568
v -0.71131194 0.85070831 -0.03566283
v -0.71131194 0.85070831 -0.04515679
v -0.6976074 1.30933666 -0.03566291
v -0.67543304 1.293226 -0.03566291
v -0.67543304 1.293226 -0.04515687
v -0.6976074 1.30933666 -0.04515687
v -0.71978176 1.293226 -0.03566291
v -0.68390286 1.26715851 -0.04515686
v -0.68390286 1.26715827 -0.0356629
v -0.6976074 1.28602111 -0.06209663
v -0.71978176 1.293226 -0.04515686
v -0.71131194 1.26715851 -0.0356629
v -0.71131194 1.26715851 -0.04515686
v -0.6976074 1.72578681 -0.03566298
v -0.67543304 1.70967615 -0.03566298
v -0.67543304 1.70967615 -0.04515694
v -0.6976074 1.72578681 -0.04515694
v -0.71978176 1.70967615 -0.03566298
v -0.68390286 1.68360853 -0.04515693
v -0.68390286 1.68360853 -0.03566298
v -0.6976074 1.70247126 -0.0620967
v -0.71978176 1.70967615 -0.04515693
v -0.71131194 1.68360853 -0.03566296
v -0.71131194 1.68360853 -0.04515693
v -0.6976074 2.14223719 -0.03566274
v -0.67543304 2.12612629 -0.03566274
v -0.67543304 2.12612629 -0.0451567
v -0.6976074 2.14223719 -0.0451567
v -0.71978176 2.12612629 -0.03566274
v -0.68390286 2.10005879 -0.04515669
v -0.68390286 2.10005879 -0.03566274
v -0.6976074 2.11892152 -0.06209646
v -0.71978176 2.12612629 -0.0451567
v -0.71131194 2.10005879 -0.03566273
v -0.71131194 2.10005879 -0.04515669
v -0.6976074 -1.60581481 -0.03566274
v -0.67543304 -1.62192535 -0.03566274
v -0.67543304 -1.62192535 -0.0451567
v -0.6976074 -1.60581481 -0.0451567
v -0.71978176 -1.62192535 -0.03566274
v -0.68390286 -1.64799285 -0.0451567
v -0.68390286 -1.64799285 -0.03566274
v -0.6976074 -1.62913024 -0.06209646
v -0.71978176 -1.62192535 -0.0451567
v -0.71131194 -1.64799285 -0.03566274
v -0.71131194 -1.64799285 -0.04515669
v -0.6976074 -1.18936431 -0.03566281
v -0.67543304 -1.20547509 -0.0356628
v -0.67543304 -1.20547509 -0.04515677
v -0.6976074 -1.18936431 -0.04515677
v -0.71978176 -1.20547509 -0.0356628
v -0.68390286 -1.23154259 -0.04515677
v -0.68390286 -1.23154259 -0.0356628
v -0.6976074 -1.21267998 -0.06209652
v -0.71978176 -1.20547509 -0.04515677
v -0.71131194 -1.23154259 -0.0356628
v -0.71131194 -1.23154259 -0.04515676
v -0.6976074 -0.77291411 -0.03566288
v -0.67543304 -0.78902495 -0.03566287
v -0.67543304 -0.78902495 -0.04515684
v -0.6976074 -0.77291411 -0.04515684
v -0.71978176 -0.78902495 -0.03566287
v -0.68390286 -0.81509244 -0.04515683
v -0.68390286 -0.81509244 -0.03566287
v -0.6976074 -0.79622984 -0.0620966
v -0.71978176 -0.78902495 -0.04515683
v -0.71131194 -0.81509244 -0.03566287
v -0.71131194 -0.81509244 -0.04515683
v -0.6976074 -0.35646391 -0.03566295
v -0.67543304 -0.37257475 -0.03566294
v -0.67543304 -0.37257475 -0.0451569
v -0.6976074 -0.35646391 -0.0451569
v -0.71978176 -0.3725746 -0.03566294
v -0.68390286 -0.39864227 -0.0451569
v -0.68390286 -0.39864227 -0.03566294
v -0.6976074 -0.37977967 -0.06209666
v -0.71978176 -0.3725746 -0.0451569
v -0.71131194 -0.39864227 -0.03566294
v -0.71131194 -0.39864227 -0.0451569
v -0.6976074 0.05998611 0.02771725
v -0.71978176 0.04387543 0.02771725
v -0.71978176 0.04387543 0.03721121
v -0.6976074 0.05998611 0.03721121
v -0.67543304 0.0438755 0.02771725
v -0.71131194 0.01780785 0.0372112
v -0.71131194 0.01780785 0.02771724
v -0.6976074 0.03667053 0.05415098
v -0.67543304 0.0438755 0.03721121
v -0.68390286 0.01780785 0.02771724
v -0.68390286 0.01780785 0.0372112
v -0.6976074 0.47643629 0.02771701
v -0.71978176 0.4603256 0.02771701
v -0.71978176 0.4603256 0.03721097
v -0.6976074 0.47643629 0.03721097
v -0.67543304 0.46032569 0.02771701
v -0.71131194 0.4342581 0.03721096
v -0.71131194 0.43425804 0.027717
v -0.6976074 0.45312071 0.05415074
v -0.67543304 0.46032569 0.03721097
v -0.68390286 0.4342581 0.02771701
v -0.68390286 0.4342581 0.03721097
v -0.6976074 0.89288646 0.02771709
v -0.71978176 0.8767758 0.02771708
v -0.71978176 0.8767758 0.03721104
v -0.6976074 0.89288646 0.03721105
v -0.67543304 0.8767758 0.02771708
v -0.71131194 0.85070831 0.03721103
v -0.71131194 0.85070831 0.02771707
v -0.6976074 0.86957091 0.0541508
v -0.67543304 0.8767758 0.03721104
v -0.68390286 0.85070831 0.02771707
v -0.68390286 0.85070831 0.03721103
v -0.6976074 1.30933666 0.02771715
v -0.71978176 1.293226 0.02771714
v -0.71978176 1.293226 0.03721111
v -0.6976074 1.30933666 0.03721111
v -0.67543304 1.293226 0.02771714
v -0.71131194 1.26715851 0.0372111
v -0.71131194 1.26715827 0.02771714
v -0.6976074 1.28602111 0.05415086
v -0.67543304 1.293226 0.03721111
v -0.68390286 1.26715851 0.02771715
v -0.68390286 1.26715851 0.0372111
v -0.6976074 1.72578681 0.02771722
v -0.71978176 1.70967615 0.02771721
v -0.71978176 1.70967615 0.03721117
v -0.6976074 1.72578681 0.03721118
v -0.67543304 1.70967615 0.02771721
v -0.71131194 1.68360853 0.03721117
v -0.71131194 1.68360853 0.02771721
v -0.6976074 1.70247126 0.05415093
v -0.67543304 1.70967615 0.03721117
v -0.68390286 1.68360853 0.02771721
v -0.68390286 1.68360853 0.03721117
v -0.6976074 2.14223719 0.02771698
v -0.71978176 2.12612629 0.02771698
v -0.71978176 2.12612629 0.03721095
v -0.6976074 2.14223719 0.03721094
v -0.67543304 2.12612629 0.02771698
v -0.71131194 2.10005879 0.03721093
v -0.71131194 2.10005879 0.02771697
v -0.6976074 2.11892152 0.05415071
v -0.67543304 2.12612629 0.03721094
v -0.68390286 2.10005879 0.02771698
v -0.68390286 2.10005879 0.03721094
v -0.6976074 -1.60581481 0.02771697
v -0.71978176 -1.62192535 0.02771698
v -0.71978176 -1.62192535 0.03721094
v -0.6976074 -1.60581481 0.03721093
v -0.67543304 -1.62192535 0.02771698
v -0.71131194 -1.64799285 0.03721093
v -0.71131194 -1.64799285 0.02771697
v -0.6976074 -1.62913024 0.05415069
v -0.67543304 -1.62192535 0.03721094
v -0.68390286 -1.64799285 0.02771697
v -0.68390286 -1.64799285 0.03721093
v -0.6976074 -1.18936431 0.02771705
v -0.71978176 -1.20547509 0.02771705
v -0.71978176 -1.20547509 0.03721101
v -0.6976074 -1.18936431 0.03721101
v -0.67543304 -1.20547509 0.02771705
v -0.71131194 -1.23154259 0.037211
v -0.71131194 -1.23154259 0.02771704
v -0.6976074 -1.21267998 0.05415077
v -0.67543304 -1.20547509 0.03721101
v -0.68390286 -1.23154259 0.02771704
v -0.68390286 -1.23154259 0.037211
v -0.6976074 -0.77291411 0.02771711
v -0.71978176 -0.78902495 0.02771711
v -0.71978176 -0.78902495 0.03721108
v -0.6976074 -0.77291411 0.03721108
v -0.67543304 -0.78902495 0.02771711
v -0.71131194 -0.81509244 0.03721106
v -0.71131194 -0.81509244 0.02771711
v -0.6976074 -0.79622984 0.05415083
v -0.67543304 -0.78902495 0.03721108
v -0.68390286 -0.81509244 0.02771711
v -0.68390286 -0.81509244 0.03721107
v -0.6976074 -0.35646388 0.02771718
v -0.71978176 -0.37257472 0.02771718
v -0.71978176 -0.37257472 0.03721114
v -0.6976074 -0.35646388 0.03721115
v -0.67543304 -0.37257457 0.02771718
v -0.71131194 -0.39864221 0.03721114
v -0.71131194 -0.39864221 0.02771718
v -0.6976074 -0.37977967 0.0541509
v -0.67543304 -0.37257457 0.03721114
v -0.68390286 -0.39864221 0.02771718
v -0.68390286 -0.39864221 0.03721114
v -1.17747796 -1.88048279 0.03986986
v -1.19965243 -1.89659345 0.03986985
v -1.19965243 -1.89659345 0.04487448
v -1.17747796 -1.88048279 0.04487449
v -1.1553036 -1.89659345 0.03986985
v -1.19118249 -1.92266107 0.04487448
v -1.19118249 -1.92266107 0.03986984
v -1.17747796 -1.90379834 0.06209662
v -1.1553036 -1.89659345 0.04487448
v -1.16377342 -1.92266107 0.03986984
v -1.16377342 -1.92266107 0.04487448
v -1.07830322 -1.88048279 0.03986986
v -1.10047758 -1.89659345 0.03986985
v -1.10047758 -1.89659345 0.04487448
v -1.07830322 -1.88048279 0.04487449
v -1.05612886 -1.89659345 0.03986985
v -1.09200776 -1.92266107 0.04487448
v -1.09200776 -1.92266107 0.03986984
v -1.07830322 -1.90379834 0.06209662
v -1.05612886 -1.89659345 0.04487448
v -1.06459868 -1.92266107 0.03986984
v -1.06459868 -1.92266107 0.04487448
v -1.07830322 -1.88048279 -0.01530792
v -1.05612886 -1.89659357 -0.01530792
v -1.05612886 -1.89659357 -0.02031255
v -1.07830322 -1.88048279 -0.02031255
v -1.10047758 -1.89659357 -0.01530791
v -1.06459868 -1.92266107 -0.02031255
v -1.06459868 -1.92266107 -0.01530792
v -1.07830322 -1.90379846 -0.02924214
v -1.10047758 -1.89659357 -0.02031254
v -1.09200776 -1.92266107 -0.01530792
v -1.09200776 -1.92266107 -0.02031254
v -1.17747796 -1.88048279 -0.01530792
v -1.1553036 -1.89659357 -0.01530792
v -1.1553036 -1.89659357 -0.02031255
v -1.17747796 -1.88048279 -0.02031255
v -1.19965243 -1.89659357 -0.01530791
v -1.16377342 -1.92266107 -0.02031255
v -1.16377342 -1.92266107 -0.01530792
v -1.17747796 -1.90379846 -0.02924214
v -1.19965243 -1.89659357 -0.02031254
v -1.19118249 -1.92266107 -0.01530792
v -1.19118249 -1.92266107 -0.02031254
v -1.12565184 0.05998611 -0.03566301
v -1.10347748 0.04387543 -0.03566301
v -1.10347748 0.04387543 -0.04515697
v -1.12565184 0.05998611 -0.04515697
v -1.14782619 0.04387543 -0.03566301
v -1.1119473 0.01780785 -0.04515696
v -1.1119473 0.01780785 -0.035663
v -1.12565184 0.03667053 -0.06209673
v -1.14782619 0.04387543 -0.04515696
v -1.13935637 0.01780785 -0.035663
v -1.13935637 0.01780785 -0.04515696
v -1.12565184 0.47643629 -0.03566277
v -1.10347748 0.4603256 -0.03566277
v -1.10347748 0.4603256 -0.04515674
v -1.12565184 0.47643629 -0.04515674
v -1.14782619 0.4603256 -0.03566277
v -1.1119473 0.43425804 -0.04515672
v -1.1119473 0.43425795 -0.03566277
v -1.12565184 0.45312071 -0.0620965
v -1.14782619 0.4603256 -0.04515673
v -1.13935637 0.43425804 -0.03566277
v -1.13935637 0.43425804 -0.04515672
v -1.12565184 0.89288646 -0.03566284
v -1.10347748 0.8767758 -0.03566284
v -1.10347748 0.8767758 -0.0451568
v -1.12565184 0.89288646 -0.0451568
v -1.14782619 0.8767758 -0.03566284
v -1.1119473 0.85070831 -0.04515679
v -1.1119473 0.85070831 -0.03566284
v -1.12565184 0.86957091 -0.06209656
v -1.14782619 0.8767758 -0.0451568
v -1.13935637 0.85070831 -0.03566283
v -1.13935637 0.85070831 -0.04515679
v -1.12565184 1.30933666 -0.03566291
v -1.10347748 1.293226 -0.03566291
v -1.10347748 1.293226 -0.04515687
v -1.12565184 1.30933666 -0.04515687
v -1.14782619 1.293226 -0.03566291
v -1.1119473 1.26715851 -0.04515686
v -1.1119473 1.26715827 -0.0356629
v -1.12565184 1.28602111 -0.06209663
v -1.14782619 1.293226 -0.04515686
v -1.13935637 1.26715851 -0.0356629
v -1.13935637 1.26715851 -0.04515686
v -1.12565184 1.72578681 -0.03566298
v -1.10347748 1.70967615 -0.03566298
v -1.10347748 1.70967615 -0.04515694
v -1.12565184 1.72578681 -0.04515694
v -1.14782619 1.70967615 -0.03566298
v -1.1119473 1.68360853 -0.04515693
v -1.1119473 1.68360853 -0.03566298
v -1.12565184 1.70247126 -0.0620967
v -1.14782619 1.70967615 -0.04515693
v -1.13935637 1.68360853 -0.03566296
v -1.13935637 1.68360853 -0.04515693
v -1.12565184 2.14223719 -0.03566274
v -1.10347748 2.12612629 -0.03566274
v -1.10347748 2.12612629 -0.0451567
v -1.12565184 2.14223719 -0.0451567
v -1.14782619 2.12612629 -0.03566274
v -1.1119473 2.10005879 -0.04515669
v -1.1119473 2.10005879 -0.03566274
v -1.12565184 2.11892152 -0.06209646
v -1.14782619 2.12612629 -0.0451567
v -1.13935637 2.10005879 -0.03566273
v -1.13935637 2.10005879 -0.04515669
v -1.12565184 -1.60581481 -0.03566274
v -1.10347748 -1.62192535 -0.03566274
v -1.10347748 -1.62192535 -0.0451567
v -1.12565184 -1.60581481 -0.0451567
v -1.14782619 -1.62192535 -0.03566274
v -1.1119473 -1.64799285 -0.0451567
v -1.1119473 -1.64799285 -0.03566274
v -1.12565184 -1.62913024 -0.06209646
v -1.14782619 -1.62192535 -0.0451567
v -1.13935637 -1.64799285 -0.03566274
v -1.13935637 -1.64799285 -0.04515669
v -1.12565184 -1.18936431 -0.03566281
v -1.10347748 -1.20547509 -0.0356628
v -1.10347748 -1.20547509 -0.04515677
v -1.12565184 -1.18936431 -0.04515677
v -1.14782619 -1.20547509 -0.0356628
v -1.1119473 -1.23154259 -0.04515677
v -1.1119473 -1.23154259 -0.0356628
v -1.12565184 -1.21267998 -0.06209652
v -1.14782619 -1.20547509 -0.04515677
v -1.13935637 -1.23154259 -0.0356628
v -1.13935637 -1.23154259 -0.04515676
v -1.12565184 -0.77291411 -0.03566288
v -1.10347748 -0.78902495 -0.03566287
v -1.10347748 -0.78902495 -0.04515684
v -1.12565184 -0.77291411 -0.04515684
v -1.14782619 -0.78902495 -0.03566287
v -1.1119473 -0.81509244 -0.04515683
v -1.1119473 -0.81509244 -0.03566287
v -1.12565184 -0.79622984 -0.0620966
v -1.14782619 -0.78902495 -0.04515683
v -1.13935637 -0.81509244 -0.03566287
v -1.13935637 -0.81509244 -0.04515683
v -1.12565184 -0.35646391 -0.03566295
v -1.10347748 -0.37257475 -0.03566294
v -1.10347748 -0.37257475 -0.0451569
v -1.12565184 -0.35646391 -0.0451569
v -1.14782619 -0.3725746 -0.03566294
v -1.1119473 -0.39864227 -0.0451569
v -1.1119473 -0.39864227 -0.03566294
v -1.12565184 -0.37977967 -0.06209666
v -1.14782619 -0.3725746 -0.0451569
v -1.13935637 -0.39864227 -0.03566294
v -1.13935637 -0.39864227 -0.0451569
v -1.12565184 0.05998611 0.02771725
v -1.14782619 0.04387543 0.02771725
v -1.14782619 0.04387543 0.03721121
v -1.12565184 0.05998611 0.03721121
v -1.10347748 0.0438755 0.02771725
v -1.13935637 0.01780785 0.0372112
v -1.13935637 0.01780785 0.02771724
v -1.12565184 0.03667053 0.05415098
v -1.10347748 0.0438755 0.03721121
v -1.1119473 0.01780785 0.02771724
v -1.1119473 0.01780785 0.0372112
v -1.12565184 0.47643629 0.02771701
v -1.14782619 0.4603256 0.02771701
v -1.14782619 0.4603256 0.03721097
v -1.12565184 0.47643629 0.03721097
v -1.10347748 0.46032569 0.02771701
v -1.13935637 0.4342581 0.03721096
v -1.13935637 0.43425804 0.027717
v -1.12565184 0.45312071 0.05415074
v -1.10347748 0.46032569 0.03721097
v -1.1119473 0.4342581 0.02771701
v -1.1119473 0.4342581 0.03721097
v -1.12565184 0.89288646 0.02771709
v -1.14782619 0.8767758 0.02771708
v -1.14782619 0.8767758 0.03721104
v -1.12565184 0.89288646 0.03721105
v -1.10347748 0.8767758 0.02771708
v -1.13935637 0.85070831 0.03721103
v -1.13935637 0.85070831 0.02771707
v -1.12565184 0.86957091 0.0541508
v -1.10347748 0.8767758 0.03721104
v -1.1119473 0.85070831 0.02771707
v -1.1119473 0.85070831 0.03721103
v -1.12565184 1.30933666 0.02771715
v -1.14782619 1.293226 0.02771714
v -1.14782619 1.293226 0.03721111
v -1.12565184 1.30933666 0.03721111
v -1.10347748 1.293226 0.02771714
v -1.13935637 1.26715851 0.0372111
v -1.13935637 1.26715827 0.02771714
v -1.12565184 1.28602111 0.05415086
v -1.10347748 1.293226 0.03721111
v -1.1119473 1.26715851 0.02771715
v -1.1119473 1.26715851 0.0372111
v -1.12565184 1.72578681 0.02771722
v -1.14782619 1.70967615 0.02771721
v -1.14782619 1.70967615 0.03721117
v -1.12565184 1.72578681 0.03721118
v -1.10347748 1.70967615 0.02771721
v -1.13935637 1.68360853 0.03721117
v -1.13935637 1.68360853 0.02771721
v -1.12565184 1.70247126 0.05415093
v -1.10347748 1.70967615 0.03721117
v -1.1119473 1.68360853 0.02771721
v -1.1119473 1.68360853 0.03721117
v -1.12565184 2.14223719 0.02771698
v -1.14782619 2.12612629 0.02771698
v -1.14782619 2.12612629 0.03721095
v -1.12565184 2.14223719 0.03721094
v -1.10347748 2.12612629 0.02771698
v -1.13935637 2.10005879 0.03721093
v -1.13935637 2.10005879 0.02771697
v -1.12565184 2.11892152 0.05415071
v -1.10347748 2.12612629 0.03721094
v -1.1119473 2.10005879 0.02771698
v -1.1119473 2.10005879 0.03721094
v -1.12565184 -1.60581481 0.02771697
v -1.14782619 -1.62192535 0.02771698
v -1.14782619 -1.62192535 0.03721094
v -1.12565184 -1.60581481 0.03721093
v -1.10347748 -1.62192535 0.02771698
v -1.13935637 -1.64799285 0.03721093
v -1.13935637 -1.64799285 0.02771697
v -1.12565184 -1.62913024 0.05415069
v -1.10347748 -1.62192535 0.03721094
v -1.1119473 -1.64799285 0.02771697
v -1.1119473 -1.64799285 0.03721093
v -1.12565184 -1.18936431 0.02771705
v -1.14782619 -1.20547509 0.02771705
v -1.14782619 -1.20547509 0.03721101
v -1.12565184 -1.18936431 0.03721101
v -1.10347748 -1.20547509 0.02771705
v -1.13935637 -1.23154259 0.037211
v -1.13935637 -1.23154259 0.02771704
v -1.12565184 -1.21267998 0.05415077
v -1.10347748 -1.20547509 0.03721101
v -1.1119473 -1.23154259 0.02771704
v -1.1119473 -1.23154259 0.037211
v -1.12565184 -0.77291411 0.02771711
v -1.14782619 -0.78902495 0.02771711
v -1.14782619 -0.78902495 0.03721108
v -1.12565184 -0.77291411 0.03721108
v -1.10347748 -0.78902495 0.02771711
v -1.13935637 -0.81509244 0.03721106
v -1.13935637 -0.81509244 0.02771711
v -1.12565184 -0.79622984 0.05415083
v -1.10347748 -0.78902495 0.03721108
v -1.1119473 -0.81509244 0.02771711
v -1.1119473 -0.81509244 0.03721107
v -1.12565184 -0.35646388 0.02771718
v -1.14782619 -0.37257472 0.02771718
v -1.14782619 -0.37257472 0.03721114
v -1.12565184 -0.35646388 0.03721115
v -1.10347748 -0.37257457 0.02771718
v -1.13935637 -0.39864221 0.03721114
v -1.13935637 -0.39864221 0.02771718
v -1.12565184 -0.37977967 0.0541509
v -1.10347748 -0.37257457 0.03721114
v -1.1119473 -0.39864221 0.02771718
v -1.1119473 -0.39864221 0.03721114
v -1.60552239 -1.88048279 0.03986986
v -1.62769675 -1.89659345 0.03986985
v -1.62769675 -1.89659345 0.04487448
v -1.60552239 -1.88048279 0.04487449
v -1.58334804 -1.89659345 0.03986985
v -1.61922693 -1.92266107 0.04487448
v -1.61922693 -1.92266107 0.03986984
v -1.60552239 -1.90379834 0.06209662
v -1.58334804 -1.89659345 0.04487448
v -1.59181786 -1.92266107 0.03986984
v -1.59181786 -1.92266107 0.04487448
v -1.50634766 -1.88048279 0.03986986
v -1.52852201 -1.89659345 0.03986985
v -1.52852201 -1.89659345 0.04487448
v -1.50634766 -1.88048279 0.04487449
v -1.4841733 -1.89659345 0.03986985
v -1.52005219 -1.92266107 0.04487448
v -1.52005219 -1.92266107 0.03986984
v -1.50634766 -1.90379834 0.06209662
v -1.4841733 -1.89659345 0.04487448
v -1.49264312 -1.92266107 0.03986984
v -1.49264312 -1.92266107 0.04487448
v -1.50634766 -1.88048279 -0.01530792
v -1.4841733 -1.89659357 -0.01530792
v -1.4841733 -1.89659357 -0.02031255
v -1.50634766 -1.88048279 -0.02031255
v -1.52852201 -1.89659357 -0.01530791
v -1.49264312 -1.92266107 -0.02031255
v -1.49264312 -1.92266107 -0.01530792
v -1.50634766 -1.90379846 -0.02924214
v -1.52852201 -1.89659357 -0.02031254
v -1.52005219 -1.92266107 -0.01530792
v -1.52005219 -1.92266107 -0.02031254
v -1.60552239 -1.88048279 -0.01530792
v -1.58334804 -1.89659357 -0.01530792
v -1.58334804 -1.89659357 -0.02031255
v -1.60552239 -1.88048279 -0.02031255
v -1.62769675 -1.89659357 -0.01530791
v -1.59181786 -1.92266107 -0.02031255
v -1.59181786 -1.92266107 -0.01530792
v -1.60552239 -1.90379846 -0.02924214
v -1.62769675 -1.89659357 -0.02031254
v -1.61922693 -1.92266107 -0.01530792
v -1.61922693 -1.92266107 -0.02031254
v -1.55369627 0.05998611 -0.03566301
v -1.53152192 0.04387543 -0.03566301
v -1.53152192 0.04387543 -0.04515697
v -1.55369627 0.05998611 -0.04515697
v -1.57587063 0.04387543 -0.03566301
v -1.53999174 0.01780785 -0.04515696
v -1.53999174 0.01780785 -0.035663
v -1.55369627 0.03667053 -0.06209673
v -1.57587063 0.04387543 -0.04515696
v -1.56740081 0.01780785 -0.035663
v -1.56740081 0.01780785 -0.04515696
v -1.55369627 0.47643629 -0.03566277
v -1.53152192 0.4603256 -0.03566277
v -1.53152192 0.4603256 -0.04515674
v -1.55369627 0.47643629 -0.04515674
v -1.57587063 0.4603256 -0.03566277
v -1.53999174 0.43425804 -0.04515672
v -1.53999174 0.43425795 -0.03566277
v -1.55369627 0.45312071 -0.0620965
v -1.57587063 0.4603256 -0.04515673
v -1.56740081 0.43425804 -0.03566277
v -1.56740081 0.43425804 -0.04515672
v -1.55369627 0.89288646 -0.03566284
v -1.53152192 0.8767758 -0.03566284
v -1.53152192 0.8767758 -0.0451568
v -1.55369627 0.89288646 -0.0451568
v -1.57587063 0.8767758 -0.03566284
v -1.53999174 0.85070831 -0.04515679
v -1.53999174 0.85070831 -0.03566284
v -1.55369627 0.86957091 -0.06209656
v -1.57587063 0.8767758 -0.0451568
v -1.56740081 0.85070831 -0.03566283
v -1.56740081 0.85070831 -0.04515679
v -1.55369627 1.30933666 -0.03566291
v -1.53152192 1.293226 -0.03566291
v -1.53152192 1.293226 -0.04515687
v -1.55369627 1.30933666 -0.04515687
v -1.57587063 1.293226 -0.03566291
v -1.53999174 1.26715851 -0.04515686
v -1.53999174 1.26715827 -0.0356629
v -1.55369627 1.28602111 -0.06209663
v -1.57587063 1.293226 -0.04515686
v -1.56740081 1.26715851 -0.0356629
v -1.56740081 1.26715851 -0.04515686
v -1.55369627 1.72578681 -0.03566298
v -1.53152192 1.70967615 -0.03566298
v -1.53152192 1.70967615 -0.04515694
v -1.55369627 1.72578681 -0.04515694
v -1.57587063 1.70967615 -0.03566298
v -1.53999174 1.68360853 -0.04515693
v -1.53999174 1.68360853 -0.03566298
v -1.55369627 1.70247126 -0.0620967
v -1.57587063 1.70967615 -0.04515693
v -1.56740081 1.68360853 -0.03566296
v -1.56740081 1.68360853 -0.04515693
v -1.55369627 2.14223719 -0.03566274
v -1.53152192 2.12612629 -0.03566274
v -1.53152192 2.12612629 -0.0451567
v -1.55369627 2.14223719 -0.0451567
v -1.57587063 2.12612629 -0.03566274
v -1.53999174 2.10005879 -0.04515669
v -1.53999174 2.10005879 -0.03566274
v -1.55369627 2.11892152 -0.06209646
v -1.57587063 2.12612629 -0.0451567
v -1.56740081 2.10005879 -0.03566273
v -1.56740081 2.10005879 -0.04515669
v -1.55369627 -1.60581481 -0.03566274
v -1.53152192 -1.62192535 -0.03566274
v -1.53152192 -1.62192535 -0.0451567
v -1.55369627 -1.60581481 -0.0451567
v -1.57587063 -1.62192535 -0.03566274
v -1.53999174 -1.64799285 -0.0451567
v -1.53999174 -1.64799285 -0.03566274
v -1.55369627 -1.62913024 -0.06209646
v -1.57587063 -1.62192535 -0.0451567
v -1.56740081 -1.64799285 -0.03566274
v -1.56740081 -1.64799285 -0.04515669
v -1.55369627 -1.18936431 -0.03566281
v -1.53152192 -1.20547509 -0.0356628
v -1.53152192 -1.20547509 -0.04515677
v -1.55369627 -1.18936431 -0.04515677
v -1.57587063 -1.20547509 -0.0356628
v -1.53999174 -1.23154259 -0.04515677
v -1.53999174 -1.23154259 -0.0356628
v -1.55369627 -1.21267998 -0.06209652
v -1.57587063 -1.20547509 -0.04515677
v -1.56740081 -1.23154259 -0.0356628
v -1.56740081 -1.23154259 -0.04515676
v -1.55369627 -0.77291411 -0.03566288
v -1.53152192 -0.78902495 -0.03566287
v -1.53152192 -0.78902495 -0.04515684
v -1.55369627 -0.77291411 -0.04515684
v -1.57587063 -0.78902495 -0.03566287
v -1.53999174 -0.81509244 -0.04515683
v -1.53999174 -0.81509244 -0.03566287
v -1.55369627 -0.79622984 -0.0620966
v -1.57587063 -0.78902495 -0.04515683
v -1.56740081 -0.81509244 -0.03566287
v -1.56740081 -0.81509244 -0.04515683
v -1.55369627 -0.35646391 -0.03566295
v -1.53152192 -0.37257475 -0.03566294
v -1.53152192 -0.37257475 -0.0451569
v -1.55369627 -0.35646391 -0.0451569
v -1.57587063 -0.3725746 -0.03566294
v -1.53999174 -0.39864227 -0.0451569
v -1.53999174 -0.39864227 -0.03566294
v -1.55369627 -0.37977967 -0.06209666
v -1.57587063 -0.3725746 -0.0451569
v -1.56740081 -0.39864227 -0.03566294
v -1.56740081 -0.39864227 -0.0451569
v -1.55369627 0.05998611 0.02771725
v -1.57587063 0.04387543 0.02771725
v -1.57587063 0.04387543 0.03721121
v -1.55369627 0.05998611 0.03721121
v -1.53152192 0.0438755 0.02771725
v -1.56740081 0.01780785 0.0372112
v -1.56740081 0.01780785 0.02771724
v -1.55369627 0.03667053 0.05415098
v -1.53152192 0.0438755 0.03721121
v -1.53999174 0.01780785 0.02771724
v -1.53999174 0.01780785 0.0372112
v -1.55369627 0.47643629 0.02771701
v -1.57587063 0.4603256 0.02771701
v -1.57587063 0.4603256 0.03721097
v -1.55369627 0.47643629 0.03721097
v -1.53152192 0.46032569 0.02771701
v -1.56740081 0.4342581 0.03721096
v -1.56740081 0.43425804 0.027717
v -1.55369627 0.45312071 0.05415074
v -1.53152192 0.46032569 0.03721097
v -1.53999174 0.4342581 0.02771701
v -1.53999174 0.4342581 0.03721097
v -1.55369627 0.89288646 0.02771709
v -1.57587063 0.8767758 0.02771708
v -1.57587063 0.8767758 0.03721104
v -1.55369627 0.89288646 0.03721105
v -1.53152192 0.8767758 0.02771708
v -1.56740081 0.85070831 0.03721103
v -1.56740081 0.85070831 0.02771707
v -1.55369627 0.86957091 0.0541508
v -1.53152192 0.8767758 0.03721104
v -1.53999174 0.85070831 0.02771707
v -1.53999174 0.85070831 0.03721103
v -1.55369627 1.30933666 0.02771715
v -1.57587063 1.293226 0.02771714
v -1.57587063 1.293226 0.03721111
v -1.55369627 1.30933666 0.03721111
v -1.53152192 1.293226 0.02771714
v -1.56740081 1.26715851 0.0372111
v -1.56740081 1.26715827 0.02771714
v -1.55369627 1.28602111 0.05415086
v -1.53152192 1.293226 0.03721111
v -1.53999174 1.26715851 0.02771715
v -1.53999174 1.26715851 0.0372111
v -1.55369627 1.72578681 0.02771722
v -1.57587063 1.70967615 0.02771721
v -1.57587063 1.70967615 0.03721117
v -1.55369627 1.72578681 0.03721118
v -1.53152192 1.70967615 0.02771721
v -1.56740081 1.68360853 0.03721117
v -1.56740081 1.68360853 0.02771721
v -1.55369627 1.70247126 0.05415093
v -1.53152192 1.70967615 0.03721117
v -1.53999174 1.68360853 0.02771721
v -1.53999174 1.68360853 0.03721117
v -1.55369627 2.14223719 0.02771698
v -1.57587063 2.12612629 0.02771698
v -1.57587063 2.12612629 0.03721095
v -1.55369627 2.14223719 0.03721094
v -1.53152192 2.12612629 0.02771698
v -1.56740081 2.10005879 0.03721093
v -1.56740081 2.10005879 0.02771697
v -1.55369627 2.11892152 0.05415071
v -1.53152192 2.12612629 0.03721094
v -1.53999174 2.10005879 0.02771698
v -1.53999174 2.10005879 0.03721094
v -1.55369627 -1.60581481 0.02771697
v -1.57587063 -1.62192535 0.02771698
v -1.57587063 -1.62192535 0.03721094
v -1.55369627 -1.60581481 0.03721093
v -1.53152192 -1.62192535 0.02771698
v -1.56740081 -1.64799285 0.03721093
v -1.56740081 -1.64799285 0.02771697
v -1.55369627 -1.62913024 0.05415069
v -1.53152192 -1.62192535 0.03721094
v -1.53999174 -1.64799285 0.02771697
v -1.53999174 -1.64799285 0.03721093
v -1.55369627 -1.18936431 0.02771705
v -1.57587063 -1.20547509 0.02771705
v -1.57587063 -1.20547509 0.03721101
v -1.55369627 -1.18936431 0.03721101
v -1.53152192 -1.20547509 0.02771705
v -1.56740081 -1.23154259 0.037211
v -1.56740081 -1.23154259 0.02771704
v -1.55369627 -1.21267998 0.05415077
v -1.53152192 -1.20547509 0.03721101
v -1.53999174 -1.23154259 0.02771704
v -1.53999174 -1.23154259 0.037211
v -1.55369627 -0.77291411 0.02771711
v -1.57587063 -0.78902495 0.02771711
v -1.57587063 -0.78902495 0.03721108
v -1.55369627 -0.77291411 0.03721108
v -1.53152192 -0.78902495 0.02771711
v -1.56740081 -0.81509244 0.03721106
v -1.56740081 -0.81509244 0.02771711
v -1.55369627 -0.79622984 0.05415083
v -1.53152192 -0.78902495 0.03721108
v -1.53999174 -0.81509244 0.02771711
v -1.53999174 -0.81509244 0.03721107
v -1.55369627 -0.35646388 0.02771718
v -1.57587063 -0.37257472 0.02771718
v -1.57587063 -0.37257472 0.03721114
v -1.55369627 -0.35646388 0.03721115
v -1.53152192 -0.37257457 0.02771718
v -1.56740081 -0.39864221 0.03721114
v -1.56740081 -0.39864221 0.02771718
v -1.55369627 -0.37977967 0.0541509
v -1.53152192 -0.37257457 0.03721114
v -1.53999174 -0.39864221 0.02771718
v -1.53999174 -0.39864221 0.03721114
v -2.03356695 -1.88048279 0.03986986
v -2.05574131 -1.89659345 0.03986985
v -2.05574131 -1.89659345 0.04487448
v -2.03356695 -1.88048279 0.04487449
v -2.01139235 -1.89659345 0.03986985
v -2.04727149 -1.92266107 0.04487448
v -2.04727149 -1.92266107 0.03986984
v -2.03356695 -1.90379834 0.06209662
v -2.01139235 -1.89659345 0.04487448
v -2.01986241 -1.92266107 0.03986984
v -2.01986241 -1.92266107 0.04487448
v -1.93439209 -1.88048279 0.03986986
v -1.95656645 -1.89659345 0.03986985
v -1.95656645 -1.89659345 0.04487448
v -1.93439209 -1.88048279 0.04487449
v -1.91221762 -1.89659345 0.03986985
v -1.94809663 -1.92266107 0.04487448
v -1.94809663 -1.92266107 0.03986984
v -1.93439209 -1.90379834 0.06209662
v -1.91221762 -1.89659345 0.04487448
v -1.92068756 -1.92266107 0.03986984
v -1.92068756 -1.92266107 0.04487448
v -1.93439209 -1.88048279 -0.01530792
v -1.91221762 -1.89659357 -0.01530792
v -1.91221762 -1.89659357 -0.02031255
v -1.93439209 -1.88048279 -0.02031255
v -1.95656645 -1.89659357 -0.01530791
v -1.92068756 -1.92266107 -0.02031255
v -1.92068756 -1.92266107 -0.01530792
v -1.93439209 -1.90379846 -0.02924214
v -1.95656645 -1.89659357 -0.02031254
v -1.94809663 -1.92266107 -0.01530792
v -1.94809663 -1.92266107 -0.02031254
v -2.03356695 -1.88048279 -0.01530792
v -2.01139235 -1.89659357 -0.01530792
v -2.01139235 -1.89659357 -0.02031255
v -2.03356695 -1.88048279 -0.02031255
v -2.05574131 -1.89659357 -0.01530791
v -2.01986241 -1.92266107 -0.02031255
v -2.01986241 -1.92266107 -0.01530792
v -2.03356695 -1.90379846 -0.02924214
v -2.05574131 -1.89659357 -0.02031254
v -2.04727149 -1.92266107 -0.01530792
v -2.04727149 -1.92266107 -0.02031254
v -1.98174071 0.05998611 -0.03566301
v -1.95956635 0.04387543 -0.03566301
v -1.95956635 0.04387543 -0.04515697
v -1.98174071 0.05998611 -0.04515697
v -2.00391507 0.04387543 -0.03566301
v -1.96803617 0.01780785 -0.04515696
v -1.96803617 0.01780785 -0.035663
v -1.98174071 0.03667053 -0.06209673
v -2.00391507 0.04387543 -0.04515696
v -1.99544525 0.01780785 -0.035663
v -1.99544525 0.01780785 -0.04515696
v -1.98174071 0.47643629 -0.03566277
v -1.95956635 0.4603256 -0.03566277
v -1.95956635 0.4603256 -0.04515674
v -1.98174071 0.47643629 -0.04515674
v -2.00391507 0.4603256 -0.03566277
v -1.96803617 0.43425804 -0.04515672
v -1.96803617 0.43425795 -0.03566277
v -1.98174071 0.45312071 -0.0620965
v -2.00391507 0.4603256 -0.04515673
v -1.99544525 0.43425804 -0.03566277
v -1.99544525 0.43425804 -0.04515672
v -1.98174071 0.89288646 -0.03566284
v -1.95956635 0.8767758 -0.03566284
v -1.95956635 0.8767758 -0.0451568
v -1.98174071 0.89288646 -0.0451568
v -2.00391507 0.8767758 -0.03566284
v -1.96803617 0.85070831 -0.04515679
v -1.96803617 0.85070831 -0.03566284
v -1.98174071 0.86957091 -0.06209656
v -2.00391507 0.8767758 -0.0451568
v -1.99544525 0.85070831 -0.03566283
v -1.99544525 0.85070831 -0.04515679
v -1.98174071 1.30933666 -0.03566291
v -1.95956635 1.293226 -0.03566291
v -1.95956635 1.293226 -0.04515687
v -1.98174071 1.30933666 -0.04515687
v -2.00391507 1.293226 -0.03566291
v -1.96803617 1.26715851 -0.04515686
v -1.96803617 1.26715827 -0.0356629
v -1.98174071 1.28602111 -0.06209663
v -2.00391507 1.293226 -0.04515686
v -1.99544525 1.26715851 -0.0356629
v -1.99544525 1.26715851 -0.04515686
v -1.98174071 1.72578681 -0.03566298
v -1.95956635 1.70967615 -0.03566298
v -1.95956635 1.70967615 -0.04515694
v -1.98174071 1.72578681 -0.04515694
v -2.00391507 1.70967615 -0.03566298
v -1.96803617 1.68360853 -0.04515693
v -1.96803617 1.68360853 -0.03566298
v -1.98174071 1.70247126 -0.0620967
v -2.00391507 1.70967615 -0.04515693
v -1.99544525 1.68360853 -0.03566296
v -1.99544525 1.68360853 -0.04515693
v -1.98174071 2.14223719 -0.03566274
v -1.95956635 2.12612629 -0.03566274
v -1.95956635 2.12612629 -0.0451567
v -1.98174071 2.14223719 -0.0451567
v -2.00391507 2.12612629 -0.03566274
v -1.96803617 2.10005879 -0.04515669
v -1.96803617 2.10005879 -0.03566274
v -1.98174071 2.11892152 -0.06209646
v -2.00391507 2.12612629 -0.0451567
v -1.99544525 2.10005879 -0.03566273
v -1.99544525 2.10005879 -0.04515669
v -1.98174071 -1.60581481 -0.03566274
v -1.95956635 -1.62192535 -0.03566274
v -1.95956635 -1.62192535 -0.0451567
v -1.98174071 -1.60581481 -0.0451567
v -2.00391507 -1.62192535 -0.03566274
v -1.96803617 -1.64799285 -0.0451567
v -1.96803617 -1.64799285 -0.03566274
v -1.98174071 -1.62913024 -0.06209646
v -2.00391507 -1.62192535 -0.0451567
v -1.99544525 -1.64799285 -0.03566274
v -1.99544525 -1.64799285 -0.04515669
v -1.98174071 -1.18936431 -0.03566281
v -1.95956635 -1.20547509 -0.0356628
v -1.95956635 -1.20547509 -0.04515677
v -1.98174071 -1.18936431 -0.04515677
v -2.00391507 -1.20547509 -0.0356628
v -1.96803617 -1.23154259 -0.04515677
v -1.96803617 -1.23154259 -0.0356628
v -1.98174071 -1.21267998 -0.06209652
v -2.00391507 -1.20547509 -0.04515677
v -1.99544525 -1.23154259 -0.0356628
v -1.99544525 -1.23154259 -0.04515676
v -1.98174071 -0.77291411 -0.03566288
v -1.95956635 -0.78902495 -0.03566287
v -1.95956635 -0.78902495 -0.04515684
v -1.98174071 -0.77291411 -0.04515684
v -2.00391507 -0.78902495 -0.03566287
v -1.96803617 -0.81509244 -0.04515683
v -1.96803617 -0.81509244 -0.03566287
v -1.98174071 -0.79622984 -0.0620966
v -2.00391507 -0.78902495 -0.04515683
v -1.99544525 -0.81509244 -0.03566287
v -1.99544525 -0.81509244 -0.04515683
v -1.98174071 -0.35646391 -0.03566295
v -1.95956635 -0.37257475 -0.03566294
v -1.95956635 -0.37257475 -0.0451569
v -1.98174071 -0.35646391 -0.0451569
v -2.00391507 -0.3725746 -0.03566294
v -1.96803617 -0.39864227 -0.0451569
v -1.96803617 -0.39864227 -0.03566294
v -1.98174071 -0.37977967 -0.06209666
v -2.00391507 -0.3725746 -0.0451569
v -1.99544525 -0.39864227 -0.03566294
v -1.99544525 -0.39864227 -0.0451569
v -1.98174071 0.05998611 0.02771725
v -2.00391507 0.04387543 0.02771725
v -2.00391507 0.04387543 0.03721121
v -1.98174071 0.05998611 0.03721121
v -1.95956635 0.0438755 0.02771725
v -1.99544525 0.01780785 0.0372112
v -1.99544525 0.01780785 0.02771724
v -1.98174071 0.03667053 0.05415098
v -1.95956635 0.0438755 0.03721121
v -1.96803617 0.01780785 0.02771724
v -1.96803617 0.01780785 0.0372112
v -1.98174071 0.47643629 0.02771701
v -2.00391507 0.4603256 0.02771701
v -2.00391507 0.4603256 0.03721097
v -1.98174071 0.47643629 0.03721097
v -1.95956635 0.46032569 0.02771701
v -1.99544525 0.4342581 0.03721096
v -1.99544525 0.43425804 0.027717
v -1.98174071 0.45312071 0.05415074
v -1.95956635 0.46032569 0.03721097
v -1.96803617 0.4342581 0.02771701
v -1.96803617 0.4342581 0.03721097
v -1.98174071 0.89288646 0.02771709
v -2.00391507 0.8767758 0.02771708
v -2.00391507 0.8767758 0.03721104
v -1.98174071 0.89288646 0.03721105
v -1.95956635 0.8767758 0.02771708
v -1.99544525 0.85070831 0.03721103
v -1.99544525 0.85070831 0.02771707
v -1.98174071 0.86957091 0.0541508
v -1.95956635 0.8767758 0.03721104
v -1.96803617 0.85070831 0.02771707
v -1.96803617 0.85070831 0.03721103
v -1.98174071 1.30933666 0.02771715
v -2.00391507 1.293226 0.02771714
v -2.00391507 1.293226 0.03721111
v -1.98174071 1.30933666 0.03721111
v -1.95956635 1.293226 0.02771714
v -1.99544525 1.26715851 0.0372111
v -1.99544525 1.26715827 0.02771714
v -1.98174071 1.28602111 0.05415086
v -1.95956635 1.293226 0.03721111
v -1.96803617 1.26715851 0.02771715
v -1.96803617 1.26715851 0.0372111
v -1.98174071 1.72578681 0.02771722
v -2.00391507 1.70967615 0.02771721
v -2.00391507 1.70967615 0.03721117
v -1.98174071 1.72578681 0.03721118
v -1.95956635 1.70967615 0.02771721
v -1.99544525 1.68360853 0.03721117
v -1.99544525 1.68360853 0.02771721
v -1.98174071 1.70247126 0.05415093
v -1.95956635 1.70967615 0.03721117
v -1.96803617 1.68360853 0.02771721
v -1.96803617 1.68360853 0.03721117
v -1.98174071 2.14223719 0.02771698
v -2.00391507 2.12612629 0.02771698
v -2.00391507 2.12612629 0.03721095
v -1.98174071 2.14223719 0.03721094
v -1.95956635 2.12612629 0.02771698
v -1.99544525 2.10005879 0.03721093
v -1.99544525 2.10005879 0.02771697
v -1.98174071 2.11892152 0.05415071
v -1.95956635 2.12612629 0.03721094
v -1.96803617 2.10005879 0.02771698
v -1.96803617 2.10005879 0.03721094
v -1.98174071 -1.60581481 0.02771697
v -2.00391507 -1.62192535 0.02771698
v -2.00391507 -1.62192535 0.03721094
v -1.98174071 -1.60581481 0.03721093
v -1.95956635 -1.62192535 0.02771698
v -1.99544525 -1.64799285 0.03721093
v -1.99544525 -1.64799285 0.02771697
v -1.98174071 -1.62913024 0.05415069
v -1.95956635 -1.62192535 0.03721094
v -1.96803617 -1.64799285 0.02771697
v -1.96803617 -1.64799285 0.03721093
v -1.98174071 -1.18936431 0.02771705
v -2.00391507 -1.20547509 0.02771705
v -2.00391507 -1.20547509 0.03721101
v -1.98174071 -1.18936431 0.03721101
v -1.95956635 -1.20547509 0.02771705
v -1.99544525 -1.23154259 0.037211
v -1.99544525 -1.23154259 0.02771704
v -1.98174071 -1.21267998 0.05415077
v -1.95956635 -1.20547509 0.03721101
v -1.96803617 -1.23154259 0.02771704
v -1.96803617 -1.23154259 0.037211
v -1.98174071 -0.77291411 0.02771711
v -2.00391507 -0.78902495 0.02771711
v -2.00391507 -0.78902495 0.03721108
v -1.98174071 -0.77291411 0.03721108
v -1.95956635 -0.78902495 0.02771711
v -1.99544525 -0.81509244 0.03721106
v -1.99544525 -0.81509244 0.02771711
v -1.98174071 -0.79622984 0.05415083
v -1.95956635 -0.78902495 0.03721108
v -1.96803617 -0.81509244 0.02771711
v -1.96803617 -0.81509244 0.03721107
v -1.98174071 -0.35646388 0.02771718
v -2.00391507 -0.37257472 0.02771718
v -2.00391507 -0.37257472 0.03721114
v -1.98174071 -0.35646388 0.03721115
v -1.95956635 -0.37257457 0.02771718
v -1.99544525 -0.39864221 0.03721114
v -1.99544525 -0.39864221 0.02771718
v -1.98174071 -0.37977967 0.0541509
v -1.95956635 -0.37257457 0.03721114
v -1.96803617 -0.39864221 0.02771718
v -1.96803617 -0.39864221 0.03721114
v 1.39828122 -1.88048279 0.03986986
v 1.37610686 -1.89659345 0.03986985
v 1.37610686 -1.89659345 0.04487448
v 1.39828122 -1.88048279 0.04487449
v 1.42045557 -1.89659345 0.03986985
v 1.38457668 -1.92266107 0.04487448
v 1.38457668 -1.92266107 0.03986984
v 1.39828122 -1.90379834 0.06209662
v 1.42045557 -1.89659345 0.04487448
v 1.41198575 -1.92266107 0.03986984
v 1.41198575 -1.92266107 0.04487448
v 1.49745607 -1.88048279 0.03986986
v 1.4752816 -1.89659345 0.03986985
v 1.4752816 -1.89659345 0.04487448
v 1.49745607 -1.88048279 0.04487449
v 1.51963043 -1.89659345 0.03986985
v 1.48375154 -1.92266107 0.04487448
v 1.48375154 -1.92266107 0.03986984
v 1.49745607 -1.90379834 0.06209662
v 1.51963043 -1.89659345 0.04487448
v 1.51116049 -1.92266107 0.03986984
v 1.51116049 -1.92266107 0.04487448
v 1.49745607 -1.88048279 -0.01530792
v 1.51963043 -1.89659357 -0.01530792
v 1.51963043 -1.89659357 -0.02031255
v 1.49745607 -1.88048279 -0.02031255
v 1.4752816 -1.89659357 -0.01530791
v 1.51116049 -1.92266107 -0.02031255
v 1.51116049 -1.92266107 -0.01530792
v 1.49745607 -1.90379846 -0.02924214
v 1.4752816 -1.89659357 -0.02031254
v 1.48375154 -1.92266107 -0.01530792
v 1.48375154 -1.92266107 -0.02031254
v 1.39828122 -1.88048279 -0.01530792
v 1.42045557 -1.89659357 -0.01530792
v 1.42045557 -1.89659357 -0.02031255
v 1.39828122 -1.88048279 -0.02031255
v 1.37610686 -1.89659357 -0.01530791
v 1.41198575 -1.92266107 -0.02031255
v 1.41198575 -1.92266107 -0.01530792
v 1.39828122 -1.90379846 -0.02924214
v 1.37610686 -1.89659357 -0.02031254
v 1.38457668 -1.92266107 -0.01530792
v 1.38457668 -1.92266107 -0.02031254
v 1.45010734 0.05998611 -0.03566301
v 1.47228181 0.04387543 -0.03566301
v 1.47228181 0.04387543 -0.04515697
v 1.45010734 0.05998611 -0.04515697
v 1.42793298 0.04387543 -0.03566301
v 1.46381187 0.01780785 -0.04515696
v 1.46381187 0.01780785 -0.035663
v 1.45010734 0.03667053 -0.06209673
v 1.42793298 0.04387543 -0.04515696
v 1.43640292 0.01780785 -0.035663
v 1.43640292 0.01780785 -0.04515696
v 1.45010734 0.47643629 -0.03566277
v 1.47228181 0.4603256 -0.03566277
v 1.47228181 0.4603256 -0.04515674
v 1.45010734 0.47643629 -0.04515674
v 1.42793298 0.4603256 -0.03566277
v 1.46381187 0.43425804 -0.04515672
v 1.46381187 0.43425795 -0.03566276
v 1.45010734 0.45312071 -0.0620965
v 1.42793298 0.4603256 -0.04515673
v 1.43640292 0.43425804 -0.03566276
v 1.43640292 0.43425804 -0.04515672
v 1.45010734 0.89288646 -0.03566284
v 1.47228181 0.8767758 -0.03566284
v 1.47228181 0.8767758 -0.0451568
v 1.45010734 0.89288646 -0.04515681
v 1.42793298 0.8767758 -0.03566284
v 1.46381187 0.85070831 -0.04515679
v 1.46381187 0.85070831 -0.03566284
v 1.45010734 0.86957091 -0.06209656
v 1.42793298 0.8767758 -0.0451568
v 1.43640292 0.85070831 -0.03566283
v 1.43640292 0.85070831 -0.04515679
v 1.45010734 1.30933666 -0.03566291
v 1.47228181 1.293226 -0.03566291
v 1.47228181 1.293226 -0.04515687
v 1.45010734 1.30933666 -0.04515687
v 1.42793298 1.293226 -0.03566291
v 1.46381187 1.26715851 -0.04515686
v 1.46381187 1.26715827 -0.0356629
v 1.45010734 1.28602111 -0.06209663
v 1.42793298 1.293226 -0.04515686
v 1.43640292 1.26715851 -0.0356629
v 1.43640292 1.26715851 -0.04515686
v 1.45010734 1.72578681 -0.03566298
v 1.47228181 1.70967615 -0.03566298
v 1.47228181 1.70967615 -0.04515694
v 1.45010734 1.72578681 -0.04515694
v 1.42793298 1.70967615 -0.03566298
v 1.46381187 1.68360853 -0.04515693
v 1.46381187 1.68360853 -0.03566298
v 1.45010734 1.70247126 -0.0620967
v 1.42793298 1.70967615 -0.04515693
v 1.43640292 1.68360853 -0.03566296
v 1.43640292 1.68360853 -0.04515693
v 1.45010734 2.14223719 -0.03566274
v 1.47228181 2.12612629 -0.03566274
v 1.47228181 2.12612629 -0.0451567
v 1.45010734 2.14223719 -0.0451567
v 1.42793298 2.12612629 -0.03566274
v 1.46381187 2.10005879 -0.04515669
v 1.46381187 2.10005879 -0.03566274
v 1.45010734 2.11892152 -0.06209646
v 1.42793298 2.12612629 -0.0451567
v 1.43640292 2.10005879 -0.03566273
v 1.43640292 2.10005879 -0.04515669
v 1.45010734 -1.60581481 -0.03566274
v 1.47228181 -1.62192535 -0.03566274
v 1.47228181 -1.62192535 -0.0451567
v 1.45010734 -1.60581481 -0.0451567
v 1.42793298 -1.62192535 -0.03566274
v 1.46381187 -1.64799285 -0.0451567
v 1.46381187 -1.64799285 -0.03566274
v 1.45010734 -1.62913024 -0.06209646
v 1.42793298 -1.62192535 -0.0451567
v 1.43640292 -1.64799285 -0.03566274
v 1.43640292 -1.64799285 -0.04515669
v 1.45010734 -1.18936431 -0.03566281
v 1.47228181 -1.20547509 -0.0356628
v 1.47228181 -1.20547509 -0.04515677
v 1.45010734 -1.18936431 -0.04515677
v 1.42793298 -1.20547509 -0.0356628
v 1.46381187 -1.23154259 -0.04515677
v 1.46381187 -1.23154259 -0.0356628
v 1.45010734 -1.21267998 -0.06209652
v 1.42793298 -1.20547509 -0.04515677
v 1.43640292 -1.23154259 -0.0356628
v 1.43640292 -1.23154259 -0.04515676
v 1.45010734 -0.77291411 -0.03566288
v 1.47228181 -0.78902495 -0.03566287
v 1.47228181 -0.78902495 -0.04515684
v 1.45010734 -0.77291411 -0.04515684
v 1.42793298 -0.78902495 -0.03566287
v 1.46381187 -0.81509244 -0.04515683
v 1.46381187 -0.81509244 -0.03566287
v 1.45010734 -0.79622984 -0.0620966
v 1.42793298 -0.78902495 -0.04515683
v 1.43640292 -0.81509244 -0.03566287
v 1.43640292 -0.81509244 -0.04515683
v 1.45010734 -0.35646391 -0.03566295
v 1.47228181 -0.37257475 -0.03566294
v 1.47228181 -0.37257475 -0.0451569
v 1.45010734 -0.35646391 -0.0451569
v 1.42793298 -0.3725746 -0.03566294
v 1.46381187 -0.39864227 -0.0451569
v 1.46381187 -0.39864227 -0.03566294
v 1.45010734 -0.37977967 -0.06209666
v 1.42793298 -0.3725746 -0.0451569
v 1.43640292 -0.39864227 -0.03566294
v 1.43640292 -0.39864227 -0.0451569
v 1.45010734 0.05998611 0.02771725
v 1.42793298 0.04387543 0.02771725
v 1.42793298 0.04387543 0.03721121
v 1.45010734 0.05998611 0.03721121
v 1.47228181 0.0438755 0.02771725
v 1.43640292 0.01780785 0.0372112
v 1.43640292 0.01780785 0.02771724
v 1.45010734 0.03667053 0.05415097
v 1.47228181 0.0438755 0.03721121
v 1.46381187 0.01780785 0.02771724
v 1.46381187 0.01780785 0.0372112
v 1.45010734 0.47643629 0.02771701
v 1.42793298 0.4603256 0.02771701
v 1.42793298 0.4603256 0.03721097
v 1.45010734 0.47643629 0.03721097
v 1.47228181 0.46032569 0.02771701
v 1.43640292 0.4342581 0.03721096
v 1.43640292 0.43425804 0.027717
v 1.45010734 0.45312071 0.05415074
v 1.47228181 0.46032569 0.03721097
v 1.46381187 0.4342581 0.02771701
v 1.46381187 0.4342581 0.03721097
v 1.45010734 0.89288646 0.02771709
v 1.42793298 0.8767758 0.02771708
v 1.42793298 0.8767758 0.03721104
v 1.45010734 0.89288646 0.03721105
v 1.47228181 0.8767758 0.02771708
v 1.43640292 0.85070831 0.03721104
v 1.43640292 0.85070831 0.02771707
v 1.45010734 0.86957091 0.0541508
v 1.47228181 0.8767758 0.03721104
v 1.46381187 0.85070831 0.02771707
v 1.46381187 0.85070831 0.03721104
v 1.45010734 1.30933666 0.02771715
v 1.42793298 1.293226 0.02771714
v 1.42793298 1.293226 0.03721111
v 1.45010734 1.30933666 0.03721111
v 1.47228181 1.293226 0.02771714
v 1.43640292 1.26715851 0.0372111
v 1.43640292 1.26715827 0.02771714
v 1.45010734 1.28602111 0.05415086
v 1.47228181 1.293226 0.03721111
v 1.46381187 1.26715851 0.02771715
v 1.46381187 1.26715851 0.0372111
v 1.45010734 1.72578681 0.02771722
v 1.42793298 1.70967615 0.02771721
v 1.42793298 1.70967615 0.03721117
v 1.45010734 1.72578681 0.03721118
v 1.47228181 1.70967615 0.02771721
v 1.43640292 1.68360853 0.03721117
v 1.43640292 1.68360853 0.02771721
v 1.45010734 1.70247126 0.05415093
v 1.47228181 1.70967615 0.03721117
v 1.46381187 1.68360853 0.02771721
v 1.46381187 1.68360853 0.03721117
v 1.45010734 2.14223719 0.02771698
v 1.42793298 2.12612629 0.02771698
v 1.42793298 2.12612629 0.03721095
v 1.45010734 2.14223719 0.03721094
v 1.47228181 2.12612629 0.02771698
v 1.43640292 2.10005879 0.03721094
v 1.43640292 2.10005879 0.02771697
v 1.45010734 2.11892152 0.05415071
v 1.47228181 2.12612629 0.03721094
v 1.46381187 2.10005879 0.02771698
v 1.46381187 2.10005879 0.03721094
v 1.45010734 -1.60581481 0.02771697
v 1.42793298 -1.62192535 0.02771698
v 1.42793298 -1.62192535 0.03721094
v 1.45010734 -1.60581481 0.03721093
v 1.47228181 -1.62192535 0.02771698
v 1.43640292 -1.64799285 0.03721093
v 1.43640292 -1.64799285 0.02771697
v 1.45010734 -1.62913024 0.05415069
v 1.47228181 -1.62192535 0.03721094
v 1.46381187 -1.64799285 0.02771697
v 1.46381187 -1.64799285 0.03721093
v 1.45010734 -1.18936431 0.02771705
v 1.42793298 -1.20547509 0.02771705
v 1.42793298 -1.20547509 0.03721101
v 1.45010734 -1.18936431 0.03721101
v 1.47228181 -1.20547509 0.02771705
v 1.43640292 -1.23154259 0.037211
v 1.43640292 -1.23154259 0.02771704
v 1.45010734 -1.21267998 0.05415077
v 1.47228181 -1.20547509 0.03721101
v 1.46381187 -1.23154259 0.02771704
v 1.46381187 -1.23154259 0.037211
v 1.45010734 -0.77291411 0.02771711
v 1.42793298 -0.78902495 0.02771711
v 1.42793298 -0.78902495 0.03721108
v 1.45010734 -0.77291411 0.03721107
v 1.47228181 -0.78902495 0.02771711
v 1.43640292 -0.81509244 0.03721106
v 1.43640292 -0.81509244 0.02771711
v 1.45010734 -0.79622984 0.05415083
v 1.47228181 -0.78902495 0.03721108
v 1.46381187 -0.81509244 0.02771711
v 1.46381187 -0.81509244 0.03721107
v 1.45010734 -0.35646388 0.02771718
v 1.42793298 -0.37257472 0.02771718
v 1.42793298 -0.37257472 0.03721114
v 1.45010734 -0.35646388 0.03721115
v 1.47228181 -0.37257457 0.02771718
v 1.43640292 -0.39864221 0.03721114
v 1.43640292 -0.39864221 0.02771718
v 1.45010734 -0.37977967 0.0541509
v 1.47228181 -0.37257457 0.03721114
v 1.46381187 -0.39864221 0.02771718
v 1.46381187 -0.39864221 0.03721114
v 1.86823976 -1.88048279 0.03986986
v 1.84606528 -1.89659345 0.03986985
v 1.84606528 -1.89659345 0.04487448
v 1.86823976 -1.88048279 0.04487449
v 1.89041412 -1.89659345 0.03986985
v 1.85453522 -1.92266107 0.04487448
v 1.85453522 -1.92266107 0.03986984
v 1.86823976 -1.90379834 0.06209662
v 1.89041412 -1.89659345 0.04487448
v 1.88194418 -1.92266107 0.03986984
v 1.88194418 -1.92266107 0.04487448
v 1.9674145 -1.88048279 0.03986986
v 1.94524014 -1.89659345 0.03986985
v 1.94524014 -1.89659345 0.04487448
v 1.9674145 -1.88048279 0.04487449
v 1.98958886 -1.89659345 0.03986985
v 1.95370996 -1.92266107 0.04487448
v 1.95370996 -1.92266107 0.03986984
v 1.9674145 -1.90379834 0.06209662
v 1.98958886 -1.89659345 0.04487448
v 1.98111904 -1.92266107 0.03986984
v 1.98111904 -1.92266107 0.04487448
v 1.9674145 -1.88048279 -0.01530792
v 1.98958886 -1.89659357 -0.01530792
v 1.98958886 -1.89659357 -0.02031255
v 1.9674145 -1.88048279 -0.02031255
v 1.94524014 -1.89659357 -0.01530791
v 1.98111904 -1.92266107 -0.02031255
v 1.98111904 -1.92266107 -0.01530792
v 1.9674145 -1.90379846 -0.02924214
v 1.94524014 -1.89659357 -0.02031254
v 1.95370996 -1.92266107 -0.01530792
v 1.95370996 -1.92266107 -0.02031254
v 1.86823976 -1.88048279 -0.01530792
v 1.89041412 -1.89659357 -0.01530792
v 1.89041412 -1.89659357 -0.02031255
v 1.86823976 -1.88048279 -0.02031255
v 1.84606528 -1.89659357 -0.01530791
v 1.88194418 -1.92266107 -0.02031255
v 1.88194418 -1.92266107 -0.01530792
v 1.86823976 -1.90379846 -0.02924214
v 1.84606528 -1.89659357 -0.02031254
v 1.85453522 -1.92266107 -0.01530792
v 1.85453522 -1.92266107 -0.02031254
v 1.92006588 0.05998611 -0.03566301
v 1.94224024 0.04387543 -0.03566301
v 1.94224024 0.04387543 -0.04515697
v 1.92006588 0.05998611 -0.04515697
v 1.89789152 0.04387543 -0.03566301
v 1.93377042 0.01780785 -0.04515696
v 1.93377042 0.01780785 -0.035663
v 1.92006588 0.03667053 -0.06209673
v 1.89789152 0.04387543 -0.04515696
v 1.90636134 0.01780785 -0.035663
v 1.90636134 0.01780785 -0.04515696
v 1.92006588 0.47643629 -0.03566277
v 1.94224024 0.4603256 -0.03566277
v 1.94224024 0.4603256 -0.04515674
v 1.92006588 0.47643629 -0.04515674
v 1.89789152 0.4603256 -0.03566277
v 1.93377042 0.43425804 -0.04515672
v 1.93377042 0.43425795 -0.03566276
v 1.92006588 0.45312071 -0.0620965
v 1.89789152 0.4603256 -0.04515673
v 1.90636134 0.43425804 -0.03566276
v 1.90636134 0.43425804 -0.04515672
v 1.92006588 0.89288646 -0.03566285
v 1.94224024 0.8767758 -0.03566284
v 1.94224024 0.8767758 -0.0451568
v 1.92006588 0.89288646 -0.04515681
v 1.89789152 0.8767758 -0.03566284
v 1.93377042 0.85070831 -0.04515679
v 1.93377042 0.85070831 -0.03566284
v 1.92006588 0.86957091 -0.06209656
v 1.89789152 0.8767758 -0.0451568
v 1.90636134 0.85070831 -0.03566283
v 1.90636134 0.85070831 -0.04515679
v 1.92006588 1.30933666 -0.03566291
v 1.94224024 1.293226 -0.03566291
v 1.94224024 1.293226 -0.04515687
v 1.92006588 1.30933666 -0.04515687
v 1.89789152 1.293226 -0.03566291
v 1.93377042 1.26715851 -0.04515686
v 1.93377042 1.26715827 -0.0356629
v 1.92006588 1.28602111 -0.06209663
v 1.89789152 1.293226 -0.04515686
v 1.90636134 1.26715851 -0.0356629
v 1.90636134 1.26715851 -0.04515686
v 1.92006588 1.72578681 -0.03566298
v 1.94224024 1.70967615 -0.03566298
v 1.94224024 1.70967615 -0.04515694
v 1.92006588 1.72578681 -0.04515694
v 1.89789152 1.70967615 -0.03566298
v 1.93377042 1.68360853 -0.04515693
v 1.93377042 1.68360853 -0.03566298
v 1.92006588 1.70247126 -0.0620967
v 1.89789152 1.70967615 -0.04515693
v 1.90636134 1.68360853 -0.03566296
v 1.90636134 1.68360853 -0.04515693
v 1.92006588 2.14223719 -0.03566274
v 1.94224024 2.12612629 -0.03566274
v 1.94224024 2.12612629 -0.0451567
v 1.92006588 2.14223719 -0.0451567
v 1.89789152 2.12612629 -0.03566274
v 1.93377042 2.10005879 -0.04515669
v 1.93377042 2.10005879 -0.03566274
v 1.92006588 2.11892152 -0.06209646
v 1.89789152 2.12612629 -0.0451567
v 1.90636134 2.10005879 -0.03566273
v 1.90636134 2.10005879 -0.04515669
v 1.92006588 -1.60581481 -0.03566275
v 1.94224024 -1.62192535 -0.03566274
v 1.94224024 -1.62192535 -0.04515671
v 1.92006588 -1.60581481 -0.04515671
v 1.89789152 -1.62192535 -0.03566274
v 1.93377042 -1.64799285 -0.0451567
v 1.93377042 -1.64799285 -0.03566274
v 1.92006588 -1.62913024 -0.06209646
v 1.89789152 -1.62192535 -0.04515671
v 1.90636134 -1.64799285 -0.03566274
v 1.90636134 -1.64799285 -0.04515669
v 1.92006588 -1.18936431 -0.03566281
v 1.94224024 -1.20547509 -0.0356628
v 1.94224024 -1.20547509 -0.04515677
v 1.92006588 -1.18936431 -0.04515677
v 1.89789152 -1.20547509 -0.0356628
v 1.93377042 -1.23154259 -0.04515677
v 1.93377042 -1.23154259 -0.0356628
v 1.92006588 -1.21267998 -0.06209652
v 1.89789152 -1.20547509 -0.04515677
v 1.90636134 -1.23154259 -0.0356628
v 1.90636134 -1.23154259 -0.04515676
v 1.92006588 -0.77291411 -0.03566288
v 1.94224024 -0.78902495 -0.03566287
v 1.94224024 -0.78902495 -0.04515684
v 1.92006588 -0.77291411 -0.04515684
v 1.89789152 -0.78902495 -0.03566287
v 1.93377042 -0.81509244 -0.04515683
v 1.93377042 -0.81509244 -0.03566287
v 1.92006588 -0.79622984 -0.0620966
v 1.89789152 -0.78902495 -0.04515683
v 1.90636134 -0.81509244 -0.03566287
v 1.90636134 -0.81509244 -0.04515683
v 1.92006588 -0.35646391 -0.03566295
v 1.94224024 -0.37257475 -0.03566294
v 1.94224024 -0.37257475 -0.0451569
v 1.92006588 -0.35646391 -0.0451569
v 1.89789152 -0.3725746 -0.03566294
v 1.93377042 -0.39864227 -0.0451569
v 1.93377042 -0.39864227 -0.03566294
v 1.92006588 -0.37977967 -0.06209666
v 1.89789152 -0.3725746 -0.0451569
v 1.90636134 -0.39864227 -0.03566294
v 1.90636134 -0.39864227 -0.0451569
v 1.92006588 0.05998611 0.02771724
v 1.89789152 0.04387543 0.02771725
v 1.89789152 0.04387543 0.03721121
v 1.92006588 0.05998611 0.0372112
v 1.94224024 0.0438755 0.02771725
v 1.90636134 0.01780785 0.0372112
v 1.90636134 0.01780785 0.02771724
v 1.92006588 0.03667053 0.05415097
v 1.94224024 0.0438755 0.0372112
v 1.93377042 0.01780785 0.02771724
v 1.93377042 0.01780785 0.0372112
v 1.92006588 0.47643629 0.02771701
v 1.89789152 0.4603256 0.02771701
v 1.89789152 0.4603256 0.03721097
v 1.92006588 0.47643629 0.03721097
v 1.94224024 0.46032569 0.02771701
v 1.90636134 0.4342581 0.03721096
v 1.90636134 0.43425804 0.027717
v 1.92006588 0.45312071 0.05415074
v 1.94224024 0.46032569 0.03721097
v 1.93377042 0.4342581 0.02771701
v 1.93377042 0.4342581 0.03721097
v 1.92006588 0.89288646 0.02771709
v 1.89789152 0.8767758 0.02771708
v 1.89789152 0.8767758 0.03721104
v 1.92006588 0.89288646 0.03721105
v 1.94224024 0.8767758 0.02771708
v 1.90636134 0.85070831 0.03721104
v 1.90636134 0.85070831 0.02771707
v 1.92006588 0.86957091 0.0541508
v 1.94224024 0.8767758 0.03721104
v 1.93377042 0.85070831 0.02771707
v 1.93377042 0.85070831 0.03721104
v 1.92006588 1.30933666 0.02771714
v 1.89789152 1.293226 0.02771714
v 1.89789152 1.293226 0.03721111
v 1.92006588 1.30933666 0.03721111
v 1.94224024 1.293226 0.02771714
v 1.90636134 1.26715851 0.0372111
v 1.90636134 1.26715827 0.02771714
v 1.92006588 1.28602111 0.05415086
v 1.94224024 1.293226 0.03721111
v 1.93377042 1.26715851 0.02771715
v 1.93377042 1.26715851 0.0372111
v 1.92006588 1.72578681 0.02771722
v 1.89789152 1.70967615 0.02771721
v 1.89789152 1.70967615 0.03721117
v 1.92006588 1.72578681 0.03721118
v 1.94224024 1.70967615 0.02771721
v 1.90636134 1.68360853 0.03721117
v 1.90636134 1.68360853 0.02771721
v 1.92006588 1.70247126 0.05415093
v 1.94224024 1.70967615 0.03721117
v 1.93377042 1.68360853 0.02771721
v 1.93377042 1.68360853 0.03721117
v 1.92006588 2.14223719 0.02771698
v 1.89789152 2.12612629 0.02771698
v 1.89789152 2.12612629 0.03721095
v 1.92006588 2.14223719 0.03721094
v 1.94224024 2.12612629 0.02771698
v 1.90636134 2.10005879 0.03721094
v 1.90636134 2.10005879 0.02771697
v 1.92006588 2.11892152 0.05415071
v 1.94224024 2.12612629 0.03721094
v 1.93377042 2.10005879 0.02771698
v 1.93377042 2.10005879 0.03721095
v 1.92006588 -1.60581481 0.02771697
v 1.89789152 -1.62192535 0.02771698
v 1.89789152 -1.62192535 0.03721094
v 1.92006588 -1.60581481 0.03721093
v 1.94224024 -1.62192535 0.02771698
v 1.90636134 -1.64799285 0.03721093
v 1.90636134 -1.64799285 0.02771697
v 1.92006588 -1.62913024 0.05415069
v 1.94224024 -1.62192535 0.03721094
v 1.93377042 -1.64799285 0.02771697
v 1.93377042 -1.64799285 0.03721093
v 1.92006588 -1.18936431 0.02771705
v 1.89789152 -1.20547509 0.02771705
v 1.89789152 -1.20547509 0.03721101
v 1.92006588 -1.18936431 0.03721101
v 1.94224024 -1.20547509 0.02771705
v 1.90636134 -1.23154259 0.03721101
v 1.90636134 -1.23154259 0.02771705
v 1.92006588 -1.21267998 0.05415077
v 1.94224024 -1.20547509 0.03721101
v 1.93377042 -1.23154259 0.02771705
v 1.93377042 -1.23154259 0.03721101
v 1.92006588 -0.77291411 0.02771711
v 1.89789152 -0.78902495 0.02771711
v 1.89789152 -0.78902495 0.03721108
v 1.92006588 -0.77291411 0.03721107
v 1.94224024 -0.78902495 0.02771711
v 1.90636134 -0.81509244 0.03721106
v 1.90636134 -0.81509244 0.02771711
v 1.92006588 -0.79622984 0.05415083
v 1.94224024 -0.78902495 0.03721108
v 1.93377042 -0.81509244 0.02771711
v 1.93377042 -0.81509244 0.03721107
v 1.92006588 -0.35646388 0.02771719
v 1.89789152 -0.37257472 0.02771718
v 1.89789152 -0.37257472 0.03721114
v 1.92006588 -0.35646388 0.03721115
v 1.94224024 -0.37257457 0.02771718
v 1.90636134 -0.39864221 0.03721114
v 1.90636134 -0.39864221 0.02771718
v 1.92006588 -0.37977967 0.0541509
v 1.94224024 -0.37257457 0.03721114
v 1.93377042 -0.39864221 0.02771718
v 1.93377042 -0.39864221 0.03721114
vn -0.03148 0 -0.9995
vn 0.03148 0 -0.9995
vn -0.03148 0 0.9995
vn 0.03148 0 0.9995
vn -0.87304 -0.48765 0
vn 0 -0.16568 -0.98618
vn 0.87304 -0.48765 0
vn 0 -0.16568 0.98618
vn 0 -0.02362 0.99972
vn 0 0.02362 0.99972
vn 0 -0.02362 -0.99972
vn 0 0.02362 -0.99972
vn -0.04742 -0.07903 0.99574
vn -0.95897 -0.20437 0.19651
vn -0.95897 -0.20437 -0.19651
vn -0.0236 0.03147 0.99923
vn -0.98955 0.07068 0.12566
vn -0.03148 0.99947 0.00787
vn -0.03148 0.99947 -0.00787
vn -0.98955 0.07068 -0.12566
vn -0.04742 -0.07903 -0.99574
vn -0.0236 0.03147 -0.99923
vn 0.95897 -0.20437 0.19651
vn 0.04742 -0.07903 0.99574
vn 0.0236 0.03147 0.99923
vn 0 0.99627 0.08629
vn 0.04742 -0.07903 -0.99574
vn 0 0.99627 -0.08629
vn 0.0236 0.03147 -0.99923
vn 0.95897 -0.20437 -0.19651
vn 0.98955 0.07068 -0.12566
vn 0.03148 0.99947 -0.00787
vn 0.03148 0.99947 0.00787
vn 0.98955 0.07068 0.12566
vn -0.98206 0 -0.18856
vn -0.98206 0 0.18856
vn 0.98206 0 -0.18856
vn 0.98206 0 0.18856
vn 0 -0.97544 0.22026
vn 0 -0.97544 -0.22026
vn 0 0.97544 0.22026
vn 0 0.97544 -0.22026
vn 0 1 0
vn 1 0 0
vn -0.95178 0.30677 0
vn -0.76547 0.25252 0.59186
vn 0 0.80565 0.59239
vn 0.95178 0.30677 0
vn -0.47266 -0.65385 0.59083
vn -0.58864 -0.8084 0
vn 0 0 1
vn 0.76547 0.25252 0.59186
vn 0.58864 -0.8084 0
vn 0.47266 -0.65385 0.59083
vn 0.69238 0.22817 -0.68451
vn 0 0.73027 -0.68316
vn 0.42545 -0.5909 -0.68544
vn 0 0 -1
vn -0.69238 0.22817 -0.68451
vn -0.42545 -0.5909 -0.68544
vn 0.84184 0.27537 -0.46419
vn 0 0.88644 -0.46283
vn 0.51986 -0.71678 -0.46473
vn -0.84184 0.27537 -0.46419
vn -0.51986 -0.71678 -0.46473
vn -0.84184 0.27537 0.46419
vn 0 0.88644 0.46283
vn -0.51986 -0.71678 0.46473
vn 0.84184 0.27537 0.46419
vn 0.51986 -0.71678 0.46473
vt 0.60938 0.00781
vt 2.30859 0.00781
vt 2.30859 0.06055
vt 0.60938 0.06055
vt -0.02655 0.03711
vt -0.03271 0.04102
vt -0.03888 0.03711
vt -0.03271 0.0332
vt 0.28882 0.00781
vt 1.98828 0.00781
vt 1.98828 0.06055
vt 0.28882 0.06055
vt 0.22339 0.03711
vt 0.21729 0.04102
vt 0.21106 0.03711
vt 0.21729 0.0332
vt 0.35425 0.03711
vt 0.34814 0.04102
vt 0.3418 0.03711
vt 0.34814 0.0332
vt 1.29492 0.00781
vt 2.99414 0.00781
vt 2.99414 0.06055
vt 1.29492 0.06055
vt 0.94824 0.03711
vt 0.94189 0.04102
vt 0.93555 0.03711
vt 0.94189 0.0332
vt 0.77686 0.03711
vt 0.771 0.04102
vt 0.76465 0.03711
vt 0.771 0.0332
vt -0.25464 0.00781
vt 1.44434 0.00781
vt 1.44434 0.06055
vt -0.25464 0.06055
vt 0.12939 0.03711
vt 0.12329 0.04102
vt 0.11713 0.03711
vt 0.12329 0.0332
vt 1.50195 0.00781
vt 3.33984 0.00781
vt 3.33984 0.06055
vt 1.50195 0.06055
vt 0.89844 0.00781
vt 2.73633 0.00781
vt 2.73633 0.06055
vt 0.89844 0.06055
vt 0.55615 0.00781
vt 2.39258 0.00781
vt 2.39258 0.06055
vt 0.55615 0.06055
vt 0.44214 0.00781
vt 2.2793 0.00781
vt 2.2793 0.06055
vt 0.44214 0.06055
vt 0.48218 0.00781
vt 2.32031 0.00781
vt 2.32031 0.06055
vt 0.48218 0.06055
vt 0.54883 0.03711
vt 0.54248 0.04102
vt 0.53662 0.03711
vt 0.54248 0.0332
vt 0.97314 0.03711
vt 0.96729 0.04102
vt 0.96094 0.03711
vt 0.96729 0.0332
vt -0.02751 0.03857
vt -0.02798 0.03564
vt 0.04712 0.01953
vt 0.04761 0.02295
vt 0.04761 0.05469
vt 0.04761 0.01953
vt 0.07208 0.01953
vt 0.07208 0.02295
vt 0.07452 0.02393
vt 0.07452 0.05371
vt 0.07208 0.05469
vt 0.04761 0.05811
vt 0.07208 0.05811
vt -0.02779 0.03516
vt 0.04675 0.01074
vt 0.04703 0.01367
vt 0.04703 0.06396
vt 0.07202 0.01367
vt 0.07202 0.06396
vt 0.0744 0.06299
vt 0.0744 0.01465
vt 0.04703 0.06689
vt 0.07202 0.06689
vt -0.05911 0.02002
vt -0.06274 0.01758
vt -0.06027 0.01514
vt -0.05795 0.01855
vt -0.05911 0.05127
vt -0.00711 0.05273
vt -0.05795 0.05273
vt -0.06274 0.05371
vt -0.06027 0.05615
vt -0.00595 0.02002
vt -0.00711 0.01855
vt -0.00233 0.01758
vt -0.00479 0.01514
vt -0.00595 0.05127
vt -0.00479 0.05615
vt -0.00233 0.05371
vt 0.22241 0.03857
vt 0.22192 0.03564
vt 0.29712 0.01953
vt 0.29761 0.02295
vt 0.29761 0.05469
vt 0.29761 0.01953
vt 0.32202 0.01953
vt 0.32202 0.02295
vt 0.32446 0.02393
vt 0.32446 0.05371
vt 0.32202 0.05469
vt 0.29761 0.05811
vt 0.32202 0.05811
vt 0.22217 0.03516
vt 0.29663 0.01074
vt 0.29688 0.01367
vt 0.29688 0.06396
vt 0.32202 0.01367
vt 0.32202 0.06396
vt 0.32422 0.06299
vt 0.32422 0.01465
vt 0.29688 0.06689
vt 0.32202 0.06689
vt 0.1908 0.02002
vt 0.18726 0.01758
vt 0.1897 0.01514
vt 0.19202 0.01855
vt 0.1908 0.05127
vt 0.2428 0.05273
vt 0.19202 0.05273
vt 0.18726 0.05371
vt 0.1897 0.05615
vt 0.24402 0.02002
vt 0.2428 0.01855
vt 0.24768 0.01758
vt 0.24512 0.01514
vt 0.24402 0.05127
vt 0.24512 0.05615
vt 0.24768 0.05371
vt 0.35327 0.03857
vt 0.35278 0.03564
vt 0.42798 0.01953
vt 0.42847 0.02295
vt 0.42847 0.05469
vt 0.42847 0.01953
vt 0.45288 0.01953
vt 0.45288 0.02295
vt 0.45532 0.02393
vt 0.45532 0.05371
vt 0.45288 0.05469
vt 0.42847 0.05811
vt 0.45288 0.05811
vt 0.35303 0.03516
vt 0.42749 0.01074
vt 0.42773 0.01367
vt 0.42773 0.06396
vt 0.45288 0.01367
vt 0.45288 0.06396
vt 0.45508 0.06299
vt 0.45508 0.01465
vt 0.42773 0.06689
vt 0.45288 0.06689
vt 0.32153 0.02002
vt 0.31812 0.01758
vt 0.32056 0.01514
vt 0.32275 0.01855
vt 0.32153 0.05127
vt 0.37378 0.05273
vt 0.32275 0.05273
vt 0.31812 0.05371
vt 0.32056 0.05615
vt 0.37476 0.02002
vt 0.37378 0.01855
vt 0.37842 0.01758
vt 0.37598 0.01514
vt 0.37476 0.05127
vt 0.37598 0.05615
vt 0.37842 0.05371
vt 0.94727 0.03857
vt 0.94678 0.03564
vt 1.02148 0.01953
vt 1.02246 0.02295
vt 1.02246 0.05469
vt 1.02246 0.01953
vt 1.04688 0.01953
vt 1.04688 0.02295
vt 1.04883 0.02393
vt 1.04883 0.05371
vt 1.04688 0.05469
vt 1.02246 0.05811
vt 1.04688 0.05811
vt 0.94678 0.03516
vt 1.02148 0.01074
vt 1.02148 0.01367
vt 1.02148 0.06396
vt 1.04688 0.01367
vt 1.04688 0.06396
vt 1.04883 0.06299
vt 1.04883 0.01465
vt 1.02148 0.06689
vt 1.04688 0.06689
vt 0.91553 0.02002
vt 0.91211 0.01758
vt 0.91455 0.01514
vt 0.9165 0.01855
vt 0.91553 0.05127
vt 0.96777 0.05273
vt 0.9165 0.05273
vt 0.91211 0.05371
vt 0.91455 0.05615
vt 0.96875 0.02002
vt 0.96777 0.01855
vt 0.97217 0.01758
vt 0.96973 0.01514
vt 0.96875 0.05127
vt 0.96973 0.05615
vt 0.97217 0.05371
vt 0.77588 0.03857
vt 0.77539 0.03564
vt 0.85059 0.01953
vt 0.85107 0.02295
vt 0.85107 0.05469
vt 0.85107 0.01953
vt 0.87549 0.01953
vt 0.87549 0.02295
vt 0.87793 0.02393
vt 0.87793 0.05371
vt 0.87549 0.05469
vt 0.85107 0.05811
vt 0.87549 0.05811
vt 0.77588 0.03516
vt 0.8501 0.01074
vt 0.85059 0.01367
vt 0.85059 0.06396
vt 0.87549 0.01367
vt 0.87549 0.06396
vt 0.87793 0.06299
vt 0.87793 0.01465
vt 0.85059 0.06689
vt 0.87549 0.06689
vt 0.74414 0.02002
vt 0.74072 0.01758
vt 0.74316 0.01514
vt 0.74561 0.01855
vt 0.74414 0.05127
vt 0.79639 0.05273
vt 0.74561 0.05273
vt 0.74072 0.05371
vt 0.74316 0.05615
vt 0.79736 0.02002
vt 0.79639 0.01855
vt 0.80127 0.01758
vt 0.79883 0.01514
vt 0.79736 0.05127
vt 0.79883 0.05615
vt 0.80127 0.05371
vt 0.12842 0.03857
vt 0.12805 0.03564
vt 0.20312 0.01953
vt 0.20361 0.02295
vt 0.20361 0.05469
vt 0.20361 0.01953
vt 0.22815 0.01953
vt 0.22815 0.02295
vt 0.23059 0.02393
vt 0.23059 0.05371
vt 0.22815 0.05469
vt 0.20361 0.05811
vt 0.22815 0.05811
vt 0.12817 0.03516
vt 0.20276 0.01074
vt 0.203 0.01367
vt 0.203 0.06396
vt 0.22803 0.01367
vt 0.22803 0.06396
vt 0.23035 0.06299
vt 0.23035 0.01465
vt 0.203 0.06689
vt 0.22803 0.06689
vt 0.09692 0.02002
vt 0.09326 0.01758
vt 0.09576 0.01514
vt 0.09808 0.01855
vt 0.09692 0.05127
vt 0.14893 0.05273
vt 0.09808 0.05273
vt 0.09326 0.05371
vt 0.09576 0.05615
vt 0.15002 0.02002
vt 0.14893 0.01855
vt 0.15369 0.01758
vt 0.15125 0.01514
vt 0.15002 0.05127
vt 0.15125 0.05615
vt 0.15369 0.05371
vt 0.54785 0.03857
vt 0.54736 0.03564
vt 0.62256 0.01953
vt 0.62305 0.02295
vt 0.62305 0.05469
vt 0.62305 0.01953
vt 0.64746 0.01953
vt 0.64746 0.02295
vt 0.6499 0.02393
vt 0.6499 0.05371
vt 0.64746 0.05469
vt 0.62305 0.05811
vt 0.64746 0.05811
vt 0.54736 0.03516
vt 0.62207 0.01074
vt 0.62256 0.01367
vt 0.62256 0.06396
vt 0.64746 0.01367
vt 0.64746 0.06396
vt 0.6499 0.06299
vt 0.6499 0.01465
vt 0.62256 0.06689
vt 0.64746 0.06689
vt 0.51611 0.02002
vt 0.5127 0.01758
vt 0.51514 0.01514
vt 0.51758 0.01855
vt 0.51611 0.05127
vt 0.56836 0.05273
vt 0.51758 0.05273
vt 0.5127 0.05371
vt 0.51514 0.05615
vt 0.56934 0.02002
vt 0.56836 0.01855
vt 0.57275 0.01758
vt 0.57031 0.01514
vt 0.56934 0.05127
vt 0.57031 0.05615
vt 0.57275 0.05371
vt 0.97217 0.03857
vt 0.97168 0.03564
vt 1.07129 0.01953
vt 1.07129 0.02295
vt 1.07422 0.02393
vt 1.07422 0.05371
vt 1.07129 0.05469
vt 1.07129 0.05811
vt 0.97217 0.03516
vt 1.0459 0.01074
vt 1.07129 0.01367
vt 1.07129 0.06396
vt 1.07422 0.06299
vt 1.07422 0.01465
vt 1.07129 0.06689
vt 0.94092 0.02002
vt 0.93701 0.01758
vt 0.93945 0.01514
vt 0.94189 0.01855
vt 0.94092 0.05127
vt 0.99268 0.05273
vt 0.94189 0.05273
vt 0.93701 0.05371
vt 0.93945 0.05615
vt 0.99365 0.02002
vt 0.99268 0.01855
vt 0.99756 0.01758
vt 0.99512 0.01514
vt 0.99365 0.05127
vt 0.99512 0.05615
vt 0.99756 0.05371
vt 2.30859 0.04736
vt 2.30859 0.05225
vt 0.60938 0.05225
vt 0.60938 0.04736
vt 0.60938 0.021
vt 2.30859 0.021
vt 2.30859 0.01611
vt 0.60938 0.01611
vt 1.98828 0.04736
vt 1.98828 0.05225
vt 0.28882 0.05225
vt 0.28882 0.04736
vt 0.28882 0.021
vt 1.98828 0.021
vt 1.98828 0.01611
vt 0.28882 0.01611
vt 2.99414 0.04736
vt 2.99414 0.05225
vt 1.29492 0.05225
vt 1.29492 0.04736
vt 1.29492 0.021
vt 2.99414 0.021
vt 2.99414 0.01611
vt 1.29492 0.01611
vt 1.44434 0.04736
vt 1.44434 0.05225
vt -0.25464 0.05225
vt -0.25464 0.04736
vt -0.25464 0.021
vt 1.44434 0.021
vt 1.44434 0.01611
vt -0.25464 0.01611
vt 3.33984 0.04736
vt 3.33984 0.05225
vt 1.50195 0.05225
vt 1.50195 0.04736
vt 1.50195 0.021
vt 3.33984 0.021
vt 3.33984 0.01611
vt 1.50195 0.01611
vt 2.73633 0.04736
vt 2.73633 0.05225
vt 0.89844 0.05225
vt 0.89844 0.04736
vt 0.89844 0.021
vt 2.73633 0.021
vt 2.73633 0.01611
vt 0.89844 0.01611
vt 2.39258 0.04736
vt 2.39258 0.05225
vt 0.55615 0.05225
vt 0.55615 0.04736
vt 0.55615 0.021
vt 2.39258 0.021
vt 2.39258 0.01611
vt 0.55615 0.01611
vt 2.2793 0.04736
vt 2.2793 0.05225
vt 0.44214 0.05225
vt 0.44214 0.04736
vt 0.44214 0.021
vt 2.2793 0.021
vt 2.2793 0.01611
vt 0.44214 0.01611
vt 2.32031 0.04736
vt 2.32031 0.05225
vt 0.48218 0.05225
vt 0.48218 0.04736
vt 0.48218 0.021
vt 2.32031 0.021
vt 2.32031 0.01611
vt 0.48218 0.01611
vt 0.32227 0.00684
vt 0.37402 0.00684
vt 0.37695 0.01221
vt 0.37695 0.05908
vt 0.37402 0.06445
vt 0.31934 0.05908
vt 0.31934 0.01221
vt 0.32227 0.06445
vt 0.00199 0.00684
vt 0.05374 0.00684
vt 0.05667 0.01221
vt 0.05667 0.05908
vt 0.05374 0.06445
vt -0.00094 0.05908
vt -0.00094 0.01221
vt 0.00199 0.06445
vt 1.00781 0.00684
vt 1.05957 0.00684
vt 1.0625 0.01221
vt 1.0625 0.05908
vt 1.05957 0.06445
vt 1.00488 0.05908
vt 1.00488 0.01221
vt 1.00781 0.06445
vt -0.5415 0.00684
vt -0.48975 0.00684
vt -0.48682 0.01221
vt -0.48682 0.05908
vt -0.48975 0.06445
vt -0.54443 0.05908
vt -0.54443 0.01221
vt -0.5415 0.06445
vt 0.92627 0.00684
vt 0.97803 0.00684
vt 0.98096 0.01221
vt 0.98096 0.05908
vt 0.97803 0.06445
vt 0.92334 0.05908
vt 0.92334 0.01221
vt 0.92627 0.06445
vt -0.01982 0.00684
vt 0.03192 0.00684
vt 0.03485 0.01221
vt 0.03485 0.05908
vt 0.03192 0.06445
vt -0.02275 0.05908
vt -0.02275 0.01221
vt -0.01982 0.06445
vt -0.13391 0.00684
vt -0.08215 0.00684
vt -0.07922 0.01221
vt -0.07922 0.05908
vt -0.08215 0.06445
vt -0.13684 0.05908
vt -0.13684 0.01221
vt -0.13391 0.06445
vt -0.09363 0.00684
vt -0.04187 0.00684
vt -0.03894 0.01221
vt -0.03894 0.05908
vt -0.04187 0.06445
vt -0.09656 0.05908
vt -0.09656 0.01221
vt -0.09363 0.06445
vt 0.54688 0.05664
vt 0.52686 0.04248
vt 0.53076 0.04102
vt 0.54688 0.05273
vt 0.56689 0.04248
vt 0.53711 0.02197
vt 0.53467 0.01855
vt 0.54688 0.03564
vt 0.56299 0.04102
vt 0.55908 0.01855
vt 0.55664 0.02197
usemtl mat0
f 1/1/1 2/2/1 3/3/2
f 3/3/2 4/4/2 1/1/1
f 5/4/3 6/1/4 7/2/4
f 7/2/4 8/3/3 5/4/3
f 9/5/5 10/6/6 11/7/7
f 11/7/7 12/8/8 9/5/5
f 13/9/1 14/10/1 15/11/2
f 15/11/2 16/12/2 13/9/1
f 17/12/3 18/9/4 19/10/4
f 19/10/4 20/11/3 17/12/3
f 21/13/5 22/14/6 23/15/7
f 23/15/7 24/16/8 21/13/5
f 25/1/1 26/2/1 27/3/2
f 27/3/2 28/4/2 25/1/1
f 29/4/3 30/1/4 31/2/4
f 31/2/4 32/3/3 29/4/3
f 33/17/5 34/18/6 35/19/7
f 35/19/7 36/20/8 33/17/5
f 37/21/1 38/22/1 39/23/2
f 39/23/2 40/24/2 37/21/1
f 41/24/3 42/21/4 43/22/4
f 43/22/4 44/23/3 41/24/3
f 45/25/5 46/26/6 47/27/7
f 47/27/7 48/28/8 45/25/5
f 49/1/1 50/2/1 51/3/2
f 51/3/2 52/4/2 49/1/1
f 53/4/3 54/1/4 55/2/4
f 55/2/4 56/3/3 53/4/3
f 57/29/5 58/30/6 59/31/7
f 59/31/7 60/32/8 57/29/5
f 61/33/1 62/34/1 63/35/2
f 63/35/2 64/36/2 61/33/1
f 65/36/3 66/33/4 67/34/4
f 67/34/4 68/35/3 65/36/3
f 69/37/5 70/38/6 71/39/7
f 71/39/7 72/40/8 69/37/5
f 73/41/9 74/42/9 75/43/10
f 75/43/10 76/44/10 73/41/9
f 77/44/11 78/41/12 79/42/12
f 79/42/12 80/43/11 77/44/11
f 81/45/12 82/46/12 83/47/11
f 83/47/11 84/48/11 81/45/12
f 85/48/10 86/45/9 87/46/9
f 87/46/9 88/47/10 85/48/10
f 89/49/9 90/50/9 91/51/10
f 91/51/10 92/52/10 89/49/9
f 93/52/11 94/49/12 95/50/12
f 95/50/12 96/51/11 93/52/11
f 97/45/12 98/46/12 99/47/11
f 99/47/11 100/48/11 97/45/12
f 101/48/10 102/45/9 103/46/9
f 103/46/9 104/47/10 101/48/10
f 105/53/9 106/54/9 107/55/10
f 107/55/10 108/56/10 105/53/9
f 109/56/11 110/53/12 111/54/12
f 111/54/12 112/55/11 109/56/11
f 113/45/12 114/46/12 115/47/11
f 115/47/11 116/48/11 113/45/12
f 117/48/10 118/45/9 119/46/9
f 119/46/9 120/47/10 117/48/10
f 121/57/12 122/58/12 123/59/11
f 123/59/11 124/60/11 121/57/12
f 125/60/10 126/57/9 127/58/9
f 127/58/9 128/59/10 125/60/10
f 129/45/9 130/46/9 131/47/10
f 131/47/10 132/48/10 129/45/9
f 133/48/11 134/45/12 135/46/12
f 135/46/12 136/47/11 133/48/11
f 137/45/9 138/46/9 139/47/10
f 139/47/10 140/48/10 137/45/9
f 141/48/11 142/45/12 143/46/12
f 143/46/12 144/47/11 141/48/11
f 145/45/12 146/46/12 147/47/11
f 147/47/11 148/48/11 145/45/12
f 149/48/10 150/45/9 151/46/9
f 151/46/9 152/47/10 149/48/10
f 153/1/1 154/2/1 155/3/2
f 155/3/2 156/4/2 153/1/1
f 157/4/3 158/1/4 159/2/4
f 159/2/4 160/3/3 157/4/3
f 161/61/5 162/62/6 163/63/7
f 163/63/7 164/64/8 161/61/5
f 165/1/1 166/2/1 167/3/2
f 167/3/2 168/4/2 165/1/1
f 169/4/3 170/1/4 171/2/4
f 171/2/4 172/3/3 169/4/3
f 173/17/5 174/18/6 175/19/7
f 175/19/7 176/20/8 173/17/5
f 177/1/1 178/2/1 179/3/2
f 179/3/2 180/4/2 177/1/1
f 181/4/3 182/1/4 183/2/4
f 183/2/4 184/3/3 181/4/3
f 185/65/5 186/66/6 187/67/7
f 187/67/7 188/68/8 185/65/5
f 189/1/1 190/2/1 191/3/2
f 191/3/2 192/4/2 189/1/1
f 193/4/3 194/1/4 195/2/4
f 195/2/4 196/3/3 193/4/3
f 197/17/5 198/18/6 199/19/7
f 199/19/7 200/20/8 197/17/5
f 201/69/5 202/70/8 203/71/13
f 203/71/13 204/72/14 201/69/5
f 204/72/14 205/73/15 201/69/5
f 204/72/14 206/74/13 207/75/16
f 207/75/16 208/76/17 204/72/14
f 205/73/15 204/72/14 208/76/17
f 208/76/17 209/77/18 210/78/19
f 210/78/19 211/79/20 208/76/17
f 208/76/17 211/79/20 205/73/15
f 212/80/21 205/73/15 211/79/20
f 211/79/20 213/81/22 212/80/21
f 214/69/8 215/82/7 216/83/23
f 216/83/23 217/84/24 214/69/8
f 217/84/24 218/85/13 214/69/8
f 218/85/13 217/84/24 219/86/25
f 219/86/25 220/87/16 218/85/13
f 221/88/26 220/87/16 219/86/25
f 219/86/25 222/89/26 221/88/26
f 223/69/6 224/82/5 225/83/15
f 225/83/15 226/84/21 223/69/6
f 226/84/21 227/85/27 223/69/6
f 227/85/27 226/84/21 228/86/22
f 228/86/22 229/89/28 230/88/28
f 230/88/28 231/87/29 228/86/22
f 228/86/22 231/87/29 227/85/27
f 232/90/30 227/85/27 231/87/29
f 231/87/29 233/91/31 232/90/30
f 234/69/7 235/70/6 236/71/27
f 236/71/27 237/72/30 234/69/7
f 237/72/30 238/73/23 234/69/7
f 238/73/23 237/72/30 239/76/31
f 239/76/31 240/77/32 241/78/33
f 241/78/33 242/79/34 239/76/31
f 239/76/31 242/79/34 238/73/23
f 243/80/24 238/73/23 242/79/34
f 242/79/34 244/81/25 243/80/24
f 245/92/18 246/93/17 247/94/16
f 247/94/16 248/95/26 245/92/18
f 245/92/18 248/95/26 249/96/19
f 248/95/26 250/97/28 249/96/19
f 250/97/28 251/98/28 249/96/19
f 252/99/20 249/96/19 251/98/28
f 251/98/28 253/100/22 252/99/20
f 248/95/26 254/101/33 250/97/28
f 248/95/26 255/102/26 254/101/33
f 256/103/34 254/101/33 255/102/26
f 255/102/26 257/104/25 256/103/34
f 254/101/33 258/105/32 250/97/28
f 259/106/29 250/97/28 258/105/32
f 258/105/32 260/107/31 259/106/29
f 261/108/5 262/109/8 263/110/13
f 263/110/13 264/111/14 261/108/5
f 264/111/14 265/112/15 261/108/5
f 264/111/14 266/113/13 267/114/16
f 267/114/16 268/115/17 264/111/14
f 265/112/15 264/111/14 268/115/17
f 268/115/17 269/116/18 270/117/19
f 270/117/19 271/118/20 268/115/17
f 268/115/17 271/118/20 265/112/15
f 272/119/21 265/112/15 271/118/20
f 271/118/20 273/120/22 272/119/21
f 274/108/8 275/121/7 276/122/23
f 276/122/23 277/123/24 274/108/8
f 277/123/24 278/124/13 274/108/8
f 278/124/13 277/123/24 279/125/25
f 279/125/25 280/126/16 278/124/13
f 281/127/26 280/126/16 279/125/25
f 279/125/25 282/128/26 281/127/26
f 283/108/6 284/121/5 285/122/15
f 285/122/15 286/123/21 283/108/6
f 286/123/21 287/124/27 283/108/6
f 287/124/27 286/123/21 288/125/22
f 288/125/22 289/128/28 290/127/28
f 290/127/28 291/126/29 288/125/22
f 288/125/22 291/126/29 287/124/27
f 292/129/30 287/124/27 291/126/29
f 291/126/29 293/130/31 292/129/30
f 294/108/7 295/109/6 296/110/27
f 296/110/27 297/111/30 294/108/7
f 297/111/30 298/112/23 294/108/7
f 298/112/23 297/111/30 299/115/31
f 299/115/31 300/116/32 301/117/33
f 301/117/33 302/118/34 299/115/31
f 299/115/31 302/118/34 298/112/23
f 303/119/24 298/112/23 302/118/34
f 302/118/34 304/120/25 303/119/24
f 305/131/18 306/132/17 307/133/16
f 307/133/16 308/134/26 305/131/18
f 305/131/18 308/134/26 309/135/19
f 308/134/26 310/136/28 309/135/19
f 310/136/28 311/137/28 309/135/19
f 312/138/20 309/135/19 311/137/28
f 311/137/28 313/139/22 312/138/20
f 308/134/26 314/140/33 310/136/28
f 308/134/26 315/141/26 314/140/33
f 316/142/34 314/140/33 315/141/26
f 315/141/26 317/143/25 316/142/34
f 314/140/33 318/144/32 310/136/28
f 319/145/29 310/136/28 318/144/32
f 318/144/32 320/146/31 319/145/29
f 321/147/5 322/148/8 323/149/13
f 323/149/13 324/150/14 321/147/5
f 324/150/14 325/151/15 321/147/5
f 324/150/14 326/152/13 327/153/16
f 327/153/16 328/154/17 324/150/14
f 325/151/15 324/150/14 328/154/17
f 328/154/17 329/155/18 330/156/19
f 330/156/19 331/157/20 328/154/17
f 328/154/17 331/157/20 325/151/15
f 332/158/21 325/151/15 331/157/20
f 331/157/20 333/159/22 332/158/21
f 334/147/8 335/160/7 336/161/23
f 336/161/23 337/162/24 334/147/8
f 337/162/24 338/163/13 334/147/8
f 338/163/13 337/162/24 339/164/25
f 339/164/25 340/165/16 338/163/13
f 341/166/26 340/165/16 339/164/25
f 339/164/25 342/167/26 341/166/26
f 343/147/6 344/160/5 345/161/15
f 345/161/15 346/162/21 343/147/6
f 346/162/21 347/163/27 343/147/6
f 347/163/27 346/162/21 348/164/22
f 348/164/22 349/167/28 350/166/28
f 350/166/28 351/165/29 348/164/22
f 348/164/22 351/165/29 347/163/27
f 352/168/30 347/163/27 351/165/29
f 351/165/29 353/169/31 352/168/30
f 354/147/7 355/148/6 356/149/27
f 356/149/27 357/150/30 354/147/7
f 357/150/30 358/151/23 354/147/7
f 358/151/23 357/150/30 359/154/31
f 359/154/31 360/155/32 361/156/33
f 361/156/33 362/157/34 359/154/31
f 359/154/31 362/157/34 358/151/23
f 363/158/24 358/151/23 362/157/34
f 362/157/34 364/159/25 363/158/24
f 365/170/18 366/171/17 367/172/16
f 367/172/16 368/173/26 365/170/18
f 365/170/18 368/173/26 369/174/19
f 368/173/26 370/175/28 369/174/19
f 370/175/28 371/176/28 369/174/19
f 372/177/20 369/174/19 371/176/28
f 371/176/28 373/178/22 372/177/20
f 368/173/26 374/179/33 370/175/28
f 368/173/26 375/180/26 374/179/33
f 376/181/34 374/179/33 375/180/26
f 375/180/26 377/182/25 376/181/34
f 374/179/33 378/183/32 370/175/28
f 379/184/29 370/175/28 378/183/32
f 378/183/32 380/185/31 379/184/29
f 381/186/5 382/187/8 383/188/13
f 383/188/13 384/189/14 381/186/5
f 384/189/14 385/190/15 381/186/5
f 384/189/14 386/191/13 387/192/16
f 387/192/16 388/193/17 384/189/14
f 385/190/15 384/189/14 388/193/17
f 388/193/17 389/194/18 390/195/19
f 390/195/19 391/196/20 388/193/17
f 388/193/17 391/196/20 385/190/15
f 392/197/21 385/190/15 391/196/20
f 391/196/20 393/198/22 392/197/21
f 394/186/8 395/199/7 396/200/23
f 396/200/23 397/201/24 394/186/8
f 397/201/24 398/202/13 394/186/8
f 398/202/13 397/201/24 399/203/25
f 399/203/25 400/204/16 398/202/13
f 401/205/26 400/204/16 399/203/25
f 399/203/25 402/206/26 401/205/26
f 403/186/6 404/199/5 405/200/15
f 405/200/15 406/201/21 403/186/6
f 406/201/21 407/202/27 403/186/6
f 407/202/27 406/201/21 408/203/22
f 408/203/22 409/206/28 410/205/28
f 410/205/28 411/204/29 408/203/22
f 408/203/22 411/204/29 407/202/27
f 412/207/30 407/202/27 411/204/29
f 411/204/29 413/208/31 412/207/30
f 414/186/7 415/187/6 416/188/27
f 416/188/27 417/189/30 414/186/7
f 417/189/30 418/190/23 414/186/7
f 418/190/23 417/189/30 419/193/31
f 419/193/31 420/194/32 421/195/33
f 421/195/33 422/196/34 419/193/31
f 419/193/31 422/196/34 418/190/23
f 423/197/24 418/190/23 422/196/34
f 422/196/34 424/198/25 423/197/24
f 425/209/18 426/210/17 427/211/16
f 427/211/16 428/212/26 425/209/18
f 425/209/18 428/212/26 429/213/19
f 428/212/26 430/214/28 429/213/19
f 430/214/28 431/215/28 429/213/19
f 432/216/20 429/213/19 431/215/28
f 431/215/28 433/217/22 432/216/20
f 428/212/26 434/218/33 430/214/28
f 428/212/26 435/219/26 434/218/33
f 436/220/34 434/218/33 435/219/26
f 435/219/26 437/221/25 436/220/34
f 434/218/33 438/222/32 430/214/28
f 439/223/29 430/214/28 438/222/32
f 438/222/32 440/224/31 439/223/29
f 441/225/5 442/226/8 443/227/13
f 443/227/13 444/228/14 441/225/5
f 444/228/14 445/229/15 441/225/5
f 444/228/14 446/230/13 447/231/16
f 447/231/16 448/232/17 444/228/14
f 445/229/15 444/228/14 448/232/17
f 448/232/17 449/233/18 450/234/19
f 450/234/19 451/235/20 448/232/17
f 448/232/17 451/235/20 445/229/15
f 452/236/21 445/229/15 451/235/20
f 451/235/20 453/237/22 452/236/21
f 454/225/8 455/238/7 456/239/23
f 456/239/23 457/240/24 454/225/8
f 457/240/24 458/241/13 454/225/8
f 458/241/13 457/240/24 459/242/25
f 459/242/25 460/243/16 458/241/13
f 461/244/26 460/243/16 459/242/25
f 459/242/25 462/245/26 461/244/26
f 463/225/6 464/238/5 465/239/15
f 465/239/15 466/240/21 463/225/6
f 466/240/21 467/241/27 463/225/6
f 467/241/27 466/240/21 468/242/22
f 468/242/22 469/245/28 470/244/28
f 470/244/28 471/243/29 468/242/22
f 468/242/22 471/243/29 467/241/27
f 472/246/30 467/241/27 471/243/29
f 471/243/29 473/247/31 472/246/30
f 474/225/7 475/226/6 476/227/27
f 476/227/27 477/228/30 474/225/7
f 477/228/30 478/229/23 474/225/7
f 478/229/23 477/228/30 479/232/31
f 479/232/31 480/233/32 481/234/33
f 481/234/33 482/235/34 479/232/31
f 479/232/31 482/235/34 478/229/23
f 483/236/24 478/229/23 482/235/34
f 482/235/34 484/237/25 483/236/24
f 485/248/18 486/249/17 487/250/16
f 487/250/16 488/251/26 485/248/18
f 485/248/18 488/251/26 489/252/19
f 488/251/26 490/253/28 489/252/19
f 490/253/28 491/254/28 489/252/19
f 492/255/20 489/252/19 491/254/28
f 491/254/28 493/256/22 492/255/20
f 488/251/26 494/257/33 490/253/28
f 488/251/26 495/258/26 494/257/33
f 496/259/34 494/257/33 495/258/26
f 495/258/26 497/260/25 496/259/34
f 494/257/33 498/261/32 490/253/28
f 499/262/29 490/253/28 498/261/32
f 498/261/32 500/263/31 499/262/29
f 501/264/5 502/265/8 503/266/13
f 503/266/13 504/267/14 501/264/5
f 504/267/14 505/268/15 501/264/5
f 504/267/14 506/269/13 507/270/16
f 507/270/16 508/271/17 504/267/14
f 505/268/15 504/267/14 508/271/17
f 508/271/17 509/272/18 510/273/19
f 510/273/19 511/274/20 508/271/17
f 508/271/17 511/274/20 505/268/15
f 512/275/21 505/268/15 511/274/20
f 511/274/20 513/276/22 512/275/21
f 514/264/8 515/277/7 516/278/23
f 516/278/23 517/279/24 514/264/8
f 517/279/24 518/280/13 514/264/8
f 518/280/13 517/279/24 519/281/25
f 519/281/25 520/282/16 518/280/13
f 521/283/26 520/282/16 519/281/25
f 519/281/25 522/284/26 521/283/26
f 523/264/6 524/277/5 525/278/15
f 525/278/15 526/279/21 523/264/6
f 526/279/21 527/280/27 523/264/6
f 527/280/27 526/279/21 528/281/22
f 528/281/22 529/284/28 530/283/28
f 530/283/28 531/282/29 528/281/22
f 528/281/22 531/282/29 527/280/27
f 532/285/30 527/280/27 531/282/29
f 531/282/29 533/286/31 532/285/30
f 534/264/7 535/265/6 536/266/27
f 536/266/27 537/267/30 534/264/7
f 537/267/30 538/268/23 534/264/7
f 538/268/23 537/267/30 539/271/31
f 539/271/31 540/272/32 541/273/33
f 541/273/33 542/274/34 539/271/31
f 539/271/31 542/274/34 538/268/23
f 543/275/24 538/268/23 542/274/34
f 542/274/34 544/276/25 543/275/24
f 545/287/18 546/288/17 547/289/16
f 547/289/16 548/290/26 545/287/18
f 545/287/18 548/290/26 549/291/19
f 548/290/26 550/292/28 549/291/19
f 550/292/28 551/293/28 549/291/19
f 552/294/20 549/291/19 551/293/28
f 551/293/28 553/295/22 552/294/20
f 548/290/26 554/296/33 550/292/28
f 548/290/26 555/297/26 554/296/33
f 556/298/34 554/296/33 555/297/26
f 555/297/26 557/299/25 556/298/34
f 554/296/33 558/300/32 550/292/28
f 559/301/29 550/292/28 558/300/32
f 558/300/32 560/302/31 559/301/29
f 561/303/5 562/304/8 563/305/13
f 563/305/13 564/306/14 561/303/5
f 564/306/14 565/307/15 561/303/5
f 564/306/14 566/308/13 567/309/16
f 567/309/16 568/310/17 564/306/14
f 565/307/15 564/306/14 568/310/17
f 568/310/17 569/311/18 570/312/19
f 570/312/19 571/313/20 568/310/17
f 568/310/17 571/313/20 565/307/15
f 572/314/21 565/307/15 571/313/20
f 571/313/20 573/315/22 572/314/21
f 574/303/8 575/316/7 576/317/23
f 576/317/23 577/318/24 574/303/8
f 577/318/24 578/319/13 574/303/8
f 578/319/13 577/318/24 579/320/25
f 579/320/25 580/321/16 578/319/13
f 581/322/26 580/321/16 579/320/25
f 579/320/25 582/323/26 581/322/26
f 583/303/6 584/316/5 585/317/15
f 585/317/15 586/318/21 583/303/6
f 586/318/21 587/319/27 583/303/6
f 587/319/27 586/318/21 588/320/22
f 588/320/22 589/323/28 590/322/28
f 590/322/28 591/321/29 588/320/22
f 588/320/22 591/321/29 587/319/27
f 592/324/30 587/319/27 591/321/29
f 591/321/29 593/325/31 592/324/30
f 594/303/7 595/304/6 596/305/27
f 596/305/27 597/306/30 594/303/7
f 597/306/30 598/307/23 594/303/7
f 598/307/23 597/306/30 599/310/31
f 599/310/31 600/311/32 601/312/33
f 601/312/33 602/313/34 599/310/31
f 599/310/31 602/313/34 598/307/23
f 603/314/24 598/307/23 602/313/34
f 602/313/34 604/315/25 603/314/24
f 605/326/18 606/327/17 607/328/16
f 607/328/16 608/329/26 605/326/18
f 605/326/18 608/329/26 609/330/19
f 608/329/26 610/331/28 609/330/19
f 610/331/28 611/332/28 609/330/19
f 612/333/20 609/330/19 611/332/28
f 611/332/28 613/334/22 612/333/20
f 608/329/26 614/335/33 610/331/28
f 608/329/26 615/336/26 614/335/33
f 616/337/34 614/335/33 615/336/26
f 615/336/26 617/338/25 616/337/34
f 614/335/33 618/339/32 610/331/28
f 619/340/29 610/331/28 618/339/32
f 618/339/32 620/341/31 619/340/29
f 621/147/5 622/148/8 623/149/13
f 623/149/13 624/150/14 621/147/5
f 624/150/14 625/151/15 621/147/5
f 624/150/14 626/152/13 627/153/16
f 627/153/16 628/154/17 624/150/14
f 625/151/15 624/150/14 628/154/17
f 628/154/17 629/155/18 630/156/19
f 630/156/19 631/157/20 628/154/17
f 628/154/17 631/157/20 625/151/15
f 632/158/21 625/151/15 631/157/20
f 631/157/20 633/159/22 632/158/21
f 634/147/8 635/160/7 636/161/23
f 636/161/23 637/162/24 634/147/8
f 637/162/24 638/163/13 634/147/8
f 638/163/13 637/162/24 639/164/25
f 639/164/25 640/165/16 638/163/13
f 641/166/26 640/165/16 639/164/25
f 639/164/25 642/167/26 641/166/26
f 643/147/6 644/160/5 645/161/15
f 645/161/15 646/162/21 643/147/6
f 646/162/21 647/163/27 643/147/6
f 647/163/27 646/162/21 648/164/22
f 648/164/22 649/167/28 650/166/28
f 650/166/28 651/165/29 648/164/22
f 648/164/22 651/165/29 647/163/27
f 652/168/30 647/163/27 651/165/29
f 651/165/29 653/169/31 652/168/30
f 654/147/7 655/148/6 656/149/27
f 656/149/27 657/150/30 654/147/7
f 657/150/30 658/151/23 654/147/7
f 658/151/23 657/150/30 659/154/31
f 659/154/31 660/155/32 661/156/33
f 661/156/33 662/157/34 659/154/31
f 659/154/31 662/157/34 658/151/23
f 663/158/24 658/151/23 662/157/34
f 662/157/34 664/159/25 663/158/24
f 665/170/18 666/171/17 667/172/16
f 667/172/16 668/173/26 665/170/18
f 665/170/18 668/173/26 669/174/19
f 668/173/26 670/175/28 669/174/19
f 670/175/28 671/176/28 669/174/19
f 672/177/20 669/174/19 671/176/28
f 671/176/28 673/178/22 672/177/20
f 668/173/26 674/179/33 670/175/28
f 668/173/26 675/180/26 674/179/33
f 676/181/34 674/179/33 675/180/26
f 675/180/26 677/182/25 676/181/34
f 674/179/33 678/183/32 670/175/28
f 679/184/29 670/175/28 678/183/32
f 678/183/32 680/185/31 679/184/29
f 681/342/5 682/343/8 683/192/13
f 683/192/13 684/193/14 681/342/5
f 684/193/14 685/196/15 681/342/5
f 684/193/14 683/192/13 686/344/16
f 686/344/16 687/345/17 684/193/14
f 685/196/15 684/193/14 687/345/17
f 687/345/17 688/346/18 689/347/19
f 689/347/19 690/348/20 687/345/17
f 687/345/17 690/348/20 685/196/15
f 691/198/21 685/196/15 690/348/20
f 690/348/20 692/349/22 691/198/21
f 693/342/8 694/350/7 695/351/23
f 695/351/23 696/203/24 693/342/8
f 696/203/24 697/204/13 693/342/8
f 697/204/13 696/203/24 698/352/25
f 698/352/25 699/353/16 697/204/13
f 700/354/26 699/353/16 698/352/25
f 698/352/25 701/355/26 700/354/26
f 702/342/6 703/350/5 704/351/15
f 704/351/15 705/203/21 702/342/6
f 705/203/21 706/204/27 702/342/6
f 706/204/27 705/203/21 707/352/22
f 707/352/22 708/355/28 709/354/28
f 709/354/28 710/353/29 707/352/22
f 707/352/22 710/353/29 706/204/27
f 711/208/30 706/204/27 710/353/29
f 710/353/29 712/356/31 711/208/30
f 713/342/7 714/343/6 715/192/27
f 715/192/27 716/193/30 713/342/7
f 716/193/30 717/196/23 713/342/7
f 717/196/23 716/193/30 718/345/31
f 718/345/31 719/346/32 720/347/33
f 720/347/33 721/348/34 718/345/31
f 718/345/31 721/348/34 717/196/23
f 722/198/24 717/196/23 721/348/34
f 721/348/34 723/349/25 722/198/24
f 724/357/18 725/358/17 726/359/16
f 726/359/16 727/360/26 724/357/18
f 724/357/18 727/360/26 728/361/19
f 727/360/26 729/362/28 728/361/19
f 729/362/28 730/363/28 728/361/19
f 731/364/20 728/361/19 730/363/28
f 730/363/28 732/365/22 731/364/20
f 727/360/26 733/366/33 729/362/28
f 727/360/26 734/367/26 733/366/33
f 735/368/34 733/366/33 734/367/26
f 734/367/26 736/369/25 735/368/34
f 733/366/33 737/370/32 729/362/28
f 738/371/29 729/362/28 737/370/32
f 737/370/32 739/372/31 738/371/29
f 740/147/5 741/148/8 742/149/13
f 742/149/13 743/150/14 740/147/5
f 743/150/14 744/151/15 740/147/5
f 743/150/14 745/152/13 746/153/16
f 746/153/16 747/154/17 743/150/14
f 744/151/15 743/150/14 747/154/17
f 747/154/17 748/155/18 749/156/19
f 749/156/19 750/157/20 747/154/17
f 747/154/17 750/157/20 744/151/15
f 751/158/21 744/151/15 750/157/20
f 750/157/20 752/159/22 751/158/21
f 753/147/8 754/160/7 755/161/23
f 755/161/23 756/162/24 753/147/8
f 756/162/24 757/163/13 753/147/8
f 757/163/13 756/162/24 758/164/25
f 758/164/25 759/165/16 757/163/13
f 760/166/26 759/165/16 758/164/25
f 758/164/25 761/167/26 760/166/26
f 762/147/6 763/160/5 764/161/15
f 764/161/15 765/162/21 762/147/6
f 765/162/21 766/163/27 762/147/6
f 766/163/27 765/162/21 767/164/22
f 767/164/22 768/167/28 769/166/28
f 769/166/28 770/165/29 767/164/22
f 767/164/22 770/165/29 766/163/27
f 771/168/30 766/163/27 770/165/29
f 770/165/29 772/169/31 771/168/30
f 773/147/7 774/148/6 775/149/27
f 775/149/27 776/150/30 773/147/7
f 776/150/30 777/151/23 773/147/7
f 777/151/23 776/150/30 778/154/31
f 778/154/31 779/155/32 780/156/33
f 780/156/33 781/157/34 778/154/31
f 778/154/31 781/157/34 777/151/23
f 782/158/24 777/151/23 781/157/34
f 781/157/34 783/159/25 782/158/24
f 784/170/18 785/171/17 786/172/16
f 786/172/16 787/173/26 784/170/18
f 784/170/18 787/173/26 788/174/19
f 787/173/26 789/175/28 788/174/19
f 789/175/28 790/176/28 788/174/19
f 791/177/20 788/174/19 790/176/28
f 790/176/28 792/178/22 791/177/20
f 787/173/26 793/179/33 789/175/28
f 787/173/26 794/180/26 793/179/33
f 795/181/34 793/179/33 794/180/26
f 794/180/26 796/182/25 795/181/34
f 793/179/33 797/183/32 789/175/28
f 798/184/29 789/175/28 797/183/32
f 797/183/32 799/185/31 798/184/29
f 800/373/35 801/374/1 802/375/1
f 802/375/1 803/376/35 800/373/35
f 800/373/35 803/376/35 804/377/36
f 804/377/36 805/378/36 800/373/35
f 806/379/3 805/378/36 804/377/36
f 804/377/36 807/380/3 806/379/3
f 808/377/37 809/380/2 810/379/2
f 810/379/2 811/378/37 808/377/37
f 808/377/37 811/378/37 812/373/38
f 812/373/38 813/376/38 808/377/37
f 814/375/4 813/376/38 812/373/38
f 812/373/38 815/374/4 814/375/4
f 816/381/35 817/382/1 818/383/1
f 818/383/1 819/384/35 816/381/35
f 816/381/35 819/384/35 820/385/36
f 820/385/36 821/386/36 816/381/35
f 822/387/3 821/386/36 820/385/36
f 820/385/36 823/388/3 822/387/3
f 824/385/37 825/388/2 826/387/2
f 826/387/2 827/386/37 824/385/37
f 824/385/37 827/386/37 828/381/38
f 828/381/38 829/384/38 824/385/37
f 830/383/4 829/384/38 828/381/38
f 828/381/38 831/382/4 830/383/4
f 832/373/35 833/374/1 834/375/1
f 834/375/1 835/376/35 832/373/35
f 832/373/35 835/376/35 836/377/36
f 836/377/36 837/378/36 832/373/35
f 838/379/3 837/378/36 836/377/36
f 836/377/36 839/380/3 838/379/3
f 840/377/37 841/380/2 842/379/2
f 842/379/2 843/378/37 840/377/37
f 840/377/37 843/378/37 844/373/38
f 844/373/38 845/376/38 840/377/37
f 846/375/4 845/376/38 844/373/38
f 844/373/38 847/374/4 846/375/4
f 848/389/35 849/390/1 850/391/1
f 850/391/1 851/392/35 848/389/35
f 848/389/35 851/392/35 852/393/36
f 852/393/36 853/394/36 848/389/35
f 854/395/3 853/394/36 852/393/36
f 852/393/36 855/396/3 854/395/3
f 856/393/37 857/396/2 858/395/2
f 858/395/2 859/394/37 856/393/37
f 856/393/37 859/394/37 860/389/38
f 860/389/38 861/392/38 856/393/37
f 862/391/4 861/392/38 860/389/38
f 860/389/38 863/390/4 862/391/4
f 864/373/35 865/374/1 866/375/1
f 866/375/1 867/376/35 864/373/35
f 864/373/35 867/376/35 868/377/36
f 868/377/36 869/378/36 864/373/35
f 870/379/3 869/378/36 868/377/36
f 868/377/36 871/380/3 870/379/3
f 872/377/37 873/380/2 874/379/2
f 874/379/2 875/378/37 872/377/37
f 872/377/37 875/378/37 876/373/38
f 876/373/38 877/376/38 872/377/37
f 878/375/4 877/376/38 876/373/38
f 876/373/38 879/374/4 878/375/4
f 880/397/35 881/398/1 882/399/1
f 882/399/1 883/400/35 880/397/35
f 880/397/35 883/400/35 884/401/36
f 884/401/36 885/402/36 880/397/35
f 886/403/3 885/402/36 884/401/36
f 884/401/36 887/404/3 886/403/3
f 888/401/37 889/404/2 890/403/2
f 890/403/2 891/402/37 888/401/37
f 888/401/37 891/402/37 892/397/38
f 892/397/38 893/400/38 888/401/37
f 894/399/4 893/400/38 892/397/38
f 892/397/38 895/398/4 894/399/4
f 896/405/39 897/406/9 898/407/9
f 898/407/9 899/408/39 896/405/39
f 896/405/39 899/408/39 900/409/40
f 900/409/40 901/410/40 896/405/39
f 902/411/11 901/410/40 900/409/40
f 900/409/40 903/412/11 902/411/11
f 904/409/41 905/412/10 906/411/10
f 906/411/10 907/410/41 904/409/41
f 904/409/41 907/410/41 908/405/42
f 908/405/42 909/408/42 904/409/41
f 910/407/12 909/408/42 908/405/42
f 908/405/42 911/406/12 910/407/12
f 912/413/42 913/414/12 914/415/12
f 914/415/12 915/416/42 912/413/42
f 912/413/42 915/416/42 916/417/41
f 916/417/41 917/418/41 912/413/42
f 918/419/10 917/418/41 916/417/41
f 916/417/41 919/420/10 918/419/10
f 920/417/40 921/420/11 922/419/11
f 922/419/11 923/418/40 920/417/40
f 920/417/40 923/418/40 924/413/39
f 924/413/39 925/416/39 920/417/40
f 926/415/9 925/416/39 924/413/39
f 924/413/39 927/414/9 926/415/9
f 928/421/39 929/422/9 930/423/9
f 930/423/9 931/424/39 928/421/39
f 928/421/39 931/424/39 932/425/40
f 932/425/40 933/426/40 928/421/39
f 934/427/11 933/426/40 932/425/40
f 932/425/40 935/428/11 934/427/11
f 936/425/41 937/428/10 938/427/10
f 938/427/10 939/426/41 936/425/41
f 936/425/41 939/426/41 940/421/42
f 940/421/42 941/424/42 936/425/41
f 942/423/12 941/424/42 940/421/42
f 940/421/42 943/422/12 942/423/12
f 944/413/42 945/414/12 946/415/12
f 946/415/12 947/416/42 944/413/42
f 944/413/42 947/416/42 948/417/41
f 948/417/41 949/418/41 944/413/42
f 950/419/10 949/418/41 948/417/41
f 948/417/41 951/420/10 950/419/10
f 952/417/40 953/420/11 954/419/11
f 954/419/11 955/418/40 952/417/40
f 952/417/40 955/418/40 956/413/39
f 956/413/39 957/416/39 952/417/40
f 958/415/9 957/416/39 956/413/39
f 956/413/39 959/414/9 958/415/9
f 960/429/39 961/430/9 962/431/9
f 962/431/9 963/432/39 960/429/39
f 960/429/39 963/432/39 964/433/40
f 964/433/40 965/434/40 960/429/39
f 966/435/11 965/434/40 964/433/40
f 964/433/40 967/436/11 966/435/11
f 968/433/41 969/436/10 970/435/10
f 970/435/10 971/434/41 968/433/41
f 968/433/41 971/434/41 972/429/42
f 972/429/42 973/432/42 968/433/41
f 974/431/12 973/432/42 972/429/42
f 972/429/42 975/430/12 974/431/12
f 976/413/42 977/414/12 978/415/12
f 978/415/12 979/416/42 976/413/42
f 976/413/42 979/416/42 980/417/41
f 980/417/41 981/418/41 976/413/42
f 982/419/10 981/418/41 980/417/41
f 980/417/41 983/420/10 982/419/10
f 984/417/40 985/420/11 986/419/11
f 986/419/11 987/418/40 984/417/40
f 984/417/40 987/418/40 988/413/39
f 988/413/39 989/416/39 984/417/40
f 990/415/9 989/416/39 988/413/39
f 988/413/39 991/414/9 990/415/9
f 992/437/42 993/438/12 994/439/12
f 994/439/12 995/440/42 992/437/42
f 992/437/42 995/440/42 996/441/41
f 996/441/41 997/442/41 992/437/42
f 998/443/10 997/442/41 996/441/41
f 996/441/41 999/444/10 998/443/10
f 1000/441/40 1001/444/11 1002/443/11
f 1002/443/11 1003/442/40 1000/441/40
f 1000/441/40 1003/442/40 1004/437/39
f 1004/437/39 1005/440/39 1000/441/40
f 1006/439/9 1005/440/39 1004/437/39
f 1004/437/39 1007/438/9 1006/439/9
f 1008/413/39 1009/414/9 1010/415/9
f 1010/415/9 1011/416/39 1008/413/39
f 1008/413/39 1011/416/39 1012/417/40
f 1012/417/40 1013/418/40 1008/413/39
f 1014/419/11 1013/418/40 1012/417/40
f 1012/417/40 1015/420/11 1014/419/11
f 1016/417/41 1017/420/10 1018/419/10
f 1018/419/10 1019/418/41 1016/417/41
f 1016/417/41 1019/418/41 1020/413/42
f 1020/413/42 1021/416/42 1016/417/41
f 1022/415/12 1021/416/42 1020/413/42
f 1020/413/42 1023/414/12 1022/415/12
f 1024/413/39 1025/414/9 1026/415/9
f 1026/415/9 1027/416/39 1024/413/39
f 1024/413/39 1027/416/39 1028/417/40
f 1028/417/40 1029/418/40 1024/413/39
f 1030/419/11 1029/418/40 1028/417/40
f 1028/417/40 1031/420/11 1030/419/11
f 1032/417/41 1033/420/10 1034/419/10
f 1034/419/10 1035/418/41 1032/417/41
f 1032/417/41 1035/418/41 1036/413/42
f 1036/413/42 1037/416/42 1032/417/41
f 1038/415/12 1037/416/42 1036/413/42
f 1036/413/42 1039/414/12 1038/415/12
f 1040/413/42 1041/414/12 1042/415/12
f 1042/415/12 1043/416/42 1040/413/42
f 1040/413/42 1043/416/42 1044/417/41
f 1044/417/41 1045/418/41 1040/413/42
f 1046/419/10 1045/418/41 1044/417/41
f 1044/417/41 1047/420/10 1046/419/10
f 1048/417/40 1049/420/11 1050/419/11
f 1050/419/11 1051/418/40 1048/417/40
f 1048/417/40 1051/418/40 1052/413/39
f 1052/413/39 1053/416/39 1048/417/40
f 1054/415/9 1053/416/39 1052/413/39
f 1052/413/39 1055/414/9 1054/415/9
f 1056/373/35 1057/374/1 1058/375/1
f 1058/375/1 1059/376/35 1056/373/35
f 1056/373/35 1059/376/35 1060/377/36
f 1060/377/36 1061/378/36 1056/373/35
f 1062/379/3 1061/378/36 1060/377/36
f 1060/377/36 1063/380/3 1062/379/3
f 1064/377/37 1065/380/2 1066/379/2
f 1066/379/2 1067/378/37 1064/377/37
f 1064/377/37 1067/378/37 1068/373/38
f 1068/373/38 1069/376/38 1064/377/37
f 1070/375/4 1069/376/38 1068/373/38
f 1068/373/38 1071/374/4 1070/375/4
f 1072/373/35 1073/374/1 1074/375/1
f 1074/375/1 1075/376/35 1072/373/35
f 1072/373/35 1075/376/35 1076/377/36
f 1076/377/36 1077/378/36 1072/373/35
f 1078/379/3 1077/378/36 1076/377/36
f 1076/377/36 1079/380/3 1078/379/3
f 1080/377/37 1081/380/2 1082/379/2
f 1082/379/2 1083/378/37 1080/377/37
f 1080/377/37 1083/378/37 1084/373/38
f 1084/373/38 1085/376/38 1080/377/37
f 1086/375/4 1085/376/38 1084/373/38
f 1084/373/38 1087/374/4 1086/375/4
f 1088/373/35 1089/374/1 1090/375/1
f 1090/375/1 1091/376/35 1088/373/35
f 1088/373/35 1091/376/35 1092/377/36
f 1092/377/36 1093/378/36 1088/373/35
f 1094/379/3 1093/378/36 1092/377/36
f 1092/377/36 1095/380/3 1094/379/3
f 1096/377/37 1097/380/2 1098/379/2
f 1098/379/2 1099/378/37 1096/377/37
f 1096/377/37 1099/378/37 1100/373/38
f 1100/373/38 1101/376/38 1096/377/37
f 1102/375/4 1101/376/38 1100/373/38
f 1100/373/38 1103/374/4 1102/375/4
f 1104/373/35 1105/374/1 1106/375/1
f 1106/375/1 1107/376/35 1104/373/35
f 1104/373/35 1107/376/35 1108/377/36
f 1108/377/36 1109/378/36 1104/373/35
f 1110/379/3 1109/378/36 1108/377/36
f 1108/377/36 1111/380/3 1110/379/3
f 1112/377/37 1113/380/2 1114/379/2
f 1114/379/2 1115/378/37 1112/377/37
f 1112/377/37 1115/378/37 1116/373/38
f 1116/373/38 1117/376/38 1112/377/37
f 1118/375/4 1117/376/38 1116/373/38
f 1116/373/38 1119/374/4 1118/375/4
f 1120/445/43 1121/446/43 1122/447/43
f 1122/447/43 1123/448/43 1124/449/43
f 1120/445/43 1122/447/43 1124/449/43
f 1120/445/43 1124/449/43 1125/450/43
f 1126/451/43 1120/445/43 1125/450/43
f 1124/449/43 1127/452/43 1125/450/43
f 1128/453/43 1129/454/43 1130/455/43
f 1130/455/43 1131/456/43 1132/457/43
f 1128/453/43 1130/455/43 1132/457/43
f 1128/453/43 1132/457/43 1133/458/43
f 1134/459/43 1128/453/43 1133/458/43
f 1132/457/43 1135/460/43 1133/458/43
f 1136/445/43 1137/446/43 1138/447/43
f 1138/447/43 1139/448/43 1140/449/43
f 1136/445/43 1138/447/43 1140/449/43
f 1136/445/43 1140/449/43 1141/450/43
f 1142/451/43 1136/445/43 1141/450/43
f 1140/449/43 1143/452/43 1141/450/43
f 1144/461/43 1145/462/43 1146/463/43
f 1146/463/43 1147/464/43 1148/465/43
f 1144/461/43 1146/463/43 1148/465/43
f 1144/461/43 1148/465/43 1149/466/43
f 1150/467/43 1144/461/43 1149/466/43
f 1148/465/43 1151/468/43 1149/466/43
f 1152/445/43 1153/446/43 1154/447/43
f 1154/447/43 1155/448/43 1156/449/43
f 1152/445/43 1154/447/43 1156/449/43
f 1152/445/43 1156/449/43 1157/450/43
f 1158/451/43 1152/445/43 1157/450/43
f 1156/449/43 1159/452/43 1157/450/43
f 1160/469/43 1161/470/43 1162/471/43
f 1162/471/43 1163/472/43 1164/473/43
f 1160/469/43 1162/471/43 1164/473/43
f 1160/469/43 1164/473/43 1165/474/43
f 1166/475/43 1160/469/43 1165/474/43
f 1164/473/43 1167/476/43 1165/474/43
f 1168/477/44 1169/478/44 1170/479/44
f 1170/479/44 1171/480/44 1172/481/44
f 1168/477/44 1170/479/44 1172/481/44
f 1168/477/44 1172/481/44 1173/482/44
f 1174/483/44 1168/477/44 1173/482/44
f 1172/481/44 1175/484/44 1173/482/44
f 1176/445/44 1177/446/44 1178/447/44
f 1178/447/44 1179/448/44 1180/449/44
f 1176/445/44 1178/447/44 1180/449/44
f 1176/445/44 1180/449/44 1181/450/44
f 1182/451/44 1176/445/44 1181/450/44
f 1180/449/44 1183/452/44 1181/450/44
f 1184/485/44 1185/486/44 1186/487/44
f 1186/487/44 1187/488/44 1188/489/44
f 1184/485/44 1186/487/44 1188/489/44
f 1184/485/44 1188/489/44 1189/490/44
f 1190/491/44 1184/485/44 1189/490/44
f 1188/489/44 1191/492/44 1189/490/44
f 1192/445/44 1193/446/44 1194/447/44
f 1194/447/44 1195/448/44 1196/449/44
f 1192/445/44 1194/447/44 1196/449/44
f 1192/445/44 1196/449/44 1197/450/44
f 1198/451/44 1192/445/44 1197/450/44
f 1196/449/44 1199/452/44 1197/450/44
f 1200/493/44 1201/494/44 1202/495/44
f 1202/495/44 1203/496/44 1204/497/44
f 1200/493/44 1202/495/44 1204/497/44
f 1200/493/44 1204/497/44 1205/498/44
f 1206/499/44 1200/493/44 1205/498/44
f 1204/497/44 1207/500/44 1205/498/44
f 1208/445/44 1209/446/44 1210/447/44
f 1210/447/44 1211/448/44 1212/449/44
f 1208/445/44 1210/447/44 1212/449/44
f 1208/445/44 1212/449/44 1213/450/44
f 1214/451/44 1208/445/44 1213/450/44
f 1212/449/44 1215/452/44 1213/450/44
f 1216/501/44 1217/502/44 1218/503/44
f 1218/503/44 1219/504/44 1220/505/44
f 1216/501/44 1218/503/44 1220/505/44
f 1216/501/44 1220/505/44 1221/506/44
f 1222/507/44 1216/501/44 1221/506/44
f 1220/505/44 1223/508/44 1221/506/44
f 1224/445/44 1225/446/44 1226/447/44
f 1226/447/44 1227/448/44 1228/449/44
f 1224/445/44 1226/447/44 1228/449/44
f 1224/445/44 1228/449/44 1229/450/44
f 1230/451/44 1224/445/44 1229/450/44
f 1228/449/44 1231/452/44 1229/450/44
f 1232/445/44 1233/446/44 1234/447/44
f 1234/447/44 1235/448/44 1236/449/44
f 1232/445/44 1234/447/44 1236/449/44
f 1232/445/44 1236/449/44 1237/450/44
f 1238/451/44 1232/445/44 1237/450/44
f 1236/449/44 1239/452/44 1237/450/44
f 1240/445/44 1241/446/44 1242/447/44
f 1242/447/44 1243/448/44 1244/449/44
f 1240/445/44 1242/447/44 1244/449/44
f 1240/445/44 1244/449/44 1245/450/44
f 1246/451/44 1240/445/44 1245/450/44
f 1244/449/44 1247/452/44 1245/450/44
f 1248/445/43 1249/446/43 1250/447/43
f 1250/447/43 1251/448/43 1252/449/43
f 1248/445/43 1250/447/43 1252/449/43
f 1248/445/43 1252/449/43 1253/450/43
f 1254/451/43 1248/445/43 1253/450/43
f 1252/449/43 1255/452/43 1253/450/43
f 1256/445/43 1257/446/43 1258/447/43
f 1258/447/43 1259/448/43 1260/449/43
f 1256/445/43 1258/447/43 1260/449/43
f 1256/445/43 1260/449/43 1261/450/43
f 1262/451/43 1256/445/43 1261/450/43
f 1260/449/43 1263/452/43 1261/450/43
f 1264/445/43 1265/446/43 1266/447/43
f 1266/447/43 1267/448/43 1268/449/43
f 1264/445/43 1266/447/43 1268/449/43
f 1264/445/43 1268/449/43 1269/450/43
f 1270/451/43 1264/445/43 1269/450/43
f 1268/449/43 1271/452/43 1269/450/43
f 1272/445/43 1273/446/43 1274/447/43
f 1274/447/43 1275/448/43 1276/449/43
f 1272/445/43 1274/447/43 1276/449/43
f 1272/445/43 1276/449/43 1277/450/43
f 1278/451/43 1272/445/43 1277/450/43
f 1276/449/43 1279/452/43 1277/450/43
f 1280/509/43 1281/510/45 1282/511/46
f 1282/511/46 1283/512/47 1280/509/43
f 1284/513/48 1280/509/43 1283/512/47
f 1285/514/49 1282/511/46 1281/510/45
f 1281/510/45 1286/515/50 1285/514/49
f 1287/516/51 1283/512/47 1282/511/46
f 1287/516/51 1282/511/46 1285/514/49
f 1283/512/47 1288/517/52 1284/513/48
f 1287/516/51 1288/517/52 1283/512/47
f 1289/518/53 1284/513/48 1288/517/52
f 1287/516/51 1285/514/49 1290/519/54
f 1287/516/51 1290/519/54 1288/517/52
f 1290/519/54 1285/514/49 1286/515/50
f 1288/517/52 1290/519/54 1289/518/53
f 1286/515/50 1289/518/53 1290/519/54
f 1291/509/43 1292/510/45 1293/511/46
f 1293/511/46 1294/512/47 1291/509/43
f 1295/513/48 1291/509/43 1294/512/47
f 1296/514/49 1293/511/46 1292/510/45
f 1292/510/45 1297/515/50 1296/514/49
f 1298/516/51 1294/512/47 1293/511/46
f 1298/516/51 1293/511/46 1296/514/49
f 1294/512/47 1299/517/52 1295/513/48
f 1298/516/51 1299/517/52 1294/512/47
f 1300/518/53 1295/513/48 1299/517/52
f 1298/516/51 1296/514/49 1301/519/54
f 1298/516/51 1301/519/54 1299/517/52
f 1301/519/54 1296/514/49 1297/515/50
f 1299/517/52 1301/519/54 1300/518/53
f 1297/515/50 1300/518/53 1301/519/54
f 1302/509/43 1303/510/48 1304/511/55
f 1304/511/55 1305/512/56 1302/509/43
f 1306/513/45 1302/509/43 1305/512/56
f 1307/514/57 1304/511/55 1303/510/48
f 1303/510/48 1308/515/53 1307/514/57
f 1309/516/58 1305/512/56 1304/511/55
f 1309/516/58 1304/511/55 1307/514/57
f 1305/512/56 1310/517/59 1306/513/45
f 1309/516/58 1310/517/59 1305/512/56
f 1311/518/50 1306/513/45 1310/517/59
f 1309/516/58 1307/514/57 1312/519/60
f 1309/516/58 1312/519/60 1310/517/59
f 1312/519/60 1307/514/57 1308/515/53
f 1310/517/59 1312/519/60 1311/518/50
f 1308/515/53 1311/518/50 1312/519/60
f 1313/509/43 1314/510/48 1315/511/55
f 1315/511/55 1316/512/56 1313/509/43
f 1317/513/45 1313/509/43 1316/512/56
f 1318/514/57 1315/511/55 1314/510/48
f 1314/510/48 1319/515/53 1318/514/57
f 1320/516/58 1316/512/56 1315/511/55
f 1320/516/58 1315/511/55 1318/514/57
f 1316/512/56 1321/517/59 1317/513/45
f 1320/516/58 1321/517/59 1316/512/56
f 1322/518/50 1317/513/45 1321/517/59
f 1320/516/58 1318/514/57 1323/519/60
f 1320/516/58 1323/519/60 1321/517/59
f 1323/519/60 1318/514/57 1319/515/53
f 1321/517/59 1323/519/60 1322/518/50
f 1319/515/53 1322/518/50 1323/519/60
f 1324/509/43 1325/510/48 1326/511/61
f 1326/511/61 1327/512/62 1324/509/43
f 1328/513/45 1324/509/43 1327/512/62
f 1329/514/63 1326/511/61 1325/510/48
f 1325/510/48 1330/515/53 1329/514/63
f 1331/516/58 1327/512/62 1326/511/61
f 1331/516/58 1326/511/61 1329/514/63
f 1327/512/62 1332/517/64 1328/513/45
f 1331/516/58 1332/517/64 1327/512/62
f 1333/518/50 1328/513/45 1332/517/64
f 1331/516/58 1329/514/63 1334/519/65
f 1331/516/58 1334/519/65 1332/517/64
f 1334/519/65 1329/514/63 1330/515/53
f 1332/517/64 1334/519/65 1333/518/50
f 1330/515/53 1333/518/50 1334/519/65
f 1335/509/43 1336/510/48 1337/511/61
f 1337/511/61 1338/512/62 1335/509/43
f 1339/513/45 1335/509/43 1338/512/62
f 1340/514/63 1337/511/61 1336/510/48
f 1336/510/48 1341/515/53 1340/514/63
f 1342/516/58 1338/512/62 1337/511/61
f 1342/516/58 1337/511/61 1340/514/63
f 1338/512/62 1343/517/64 1339/513/45
f 1342/516/58 1343/517/64 1338/512/62
f 1344/518/50 1339/513/45 1343/517/64
f 1342/516/58 1340/514/63 1345/519/65
f 1342/516/58 1345/519/65 1343/517/64
f 1345/519/65 1340/514/63 1341/515/53
f 1343/517/64 1345/519/65 1344/518/50
f 1341/515/53 1344/518/50 1345/519/65
f 1346/509/43 1347/510/48 1348/511/61
f 1348/511/61 1349/512/62 1346/509/43
f 1350/513/45 1346/509/43 1349/512/62
f 1351/514/63 1348/511/61 1347/510/48
f 1347/510/48 1352/515/53 1351/514/63
f 1353/516/58 1349/512/62 1348/511/61
f 1353/516/58 1348/511/61 1351/514/63
f 1349/512/62 1354/517/64 1350/513/45
f 1353/516/58 1354/517/64 1349/512/62
f 1355/518/50 1350/513/45 1354/517/64
f 1353/516/58 1351/514/63 1356/519/65
f 1353/516/58 1356/519/65 1354/517/64
f 1356/519/65 1351/514/63 1352/515/53
f 1354/517/64 1356/519/65 1355/518/50
f 1352/515/53 1355/518/50 1356/519/65
f 1357/509/43 1358/510/48 1359/511/61
f 1359/511/61 1360/512/62 1357/509/43
f 1361/513/45 1357/509/43 1360/512/62
f 1362/514/63 1359/511/61 1358/510/48
f 1358/510/48 1363/515/53 1362/514/63
f 1364/516/58 1360/512/62 1359/511/61
f 1364/516/58 1359/511/61 1362/514/63
f 1360/512/62 1365/517/64 1361/513/45
f 1364/516/58 1365/517/64 1360/512/62
f 1366/518/50 1361/513/45 1365/517/64
f 1364/516/58 1362/514/63 1367/519/65
f 1364/516/58 1367/519/65 1365/517/64
f 1367/519/65 1362/514/63 1363/515/53
f 1365/517/64 1367/519/65 1366/518/50
f 1363/515/53 1366/518/50 1367/519/65
f 1368/509/43 1369/510/48 1370/511/61
f 1370/511/61 1371/512/62 1368/509/43
f 1372/513/45 1368/509/43 1371/512/62
f 1373/514/63 1370/511/61 1369/510/48
f 1369/510/48 1374/515/53 1373/514/63
f 1375/516/58 1371/512/62 1370/511/61
f 1375/516/58 1370/511/61 1373/514/63
f 1371/512/62 1376/517/64 1372/513/45
f 1375/516/58 1376/517/64 1371/512/62
f 1377/518/50 1372/513/45 1376/517/64
f 1375/516/58 1373/514/63 1378/519/65
f 1375/516/58 1378/519/65 1376/517/64
f 1378/519/65 1373/514/63 1374/515/53
f 1376/517/64 1378/519/65 1377/518/50
f 1374/515/53 1377/518/50 1378/519/65
f 1379/509/43 1380/510/48 1381/511/61
f 1381/511/61 1382/512/62 1379/509/43
f 1383/513/45 1379/509/43 1382/512/62
f 1384/514/63 1381/511/61 1380/510/48
f 1380/510/48 1385/515/53 1384/514/63
f 1386/516/58 1382/512/62 1381/511/61
f 1386/516/58 1381/511/61 1384/514/63
f 1382/512/62 1387/517/64 1383/513/45
f 1386/516/58 1387/517/64 1382/512/62
f 1388/518/50 1383/513/45 1387/517/64
f 1386/516/58 1384/514/63 1389/519/65
f 1386/516/58 1389/519/65 1387/517/64
f 1389/519/65 1384/514/63 1385/515/53
f 1387/517/64 1389/519/65 1388/518/50
f 1385/515/53 1388/518/50 1389/519/65
f 1390/509/43 1391/510/48 1392/511/61
f 1392/511/61 1393/512/62 1390/509/43
f 1394/513/45 1390/509/43 1393/512/62
f 1395/514/63 1392/511/61 1391/510/48
f 1391/510/48 1396/515/53 1395/514/63
f 1397/516/58 1393/512/62 1392/511/61
f 1397/516/58 1392/511/61 1395/514/63
f 1393/512/62 1398/517/64 1394/513/45
f 1397/516/58 1398/517/64 1393/512/62
f 1399/518/50 1394/513/45 1398/517/64
f 1397/516/58 1395/514/63 1400/519/65
f 1397/516/58 1400/519/65 1398/517/64
f 1400/519/65 1395/514/63 1396/515/53
f 1398/517/64 1400/519/65 1399/518/50
f 1396/515/53 1399/518/50 1400/519/65
f 1401/509/43 1402/510/48 1403/511/61
f 1403/511/61 1404/512/62 1401/509/43
f 1405/513/45 1401/509/43 1404/512/62
f 1406/514/63 1403/511/61 1402/510/48
f 1402/510/48 1407/515/53 1406/514/63
f 1408/516/58 1404/512/62 1403/511/61
f 1408/516/58 1403/511/61 1406/514/63
f 1404/512/62 1409/517/64 1405/513/45
f 1408/516/58 1409/517/64 1404/512/62
f 1410/518/50 1405/513/45 1409/517/64
f 1408/516/58 1406/514/63 1411/519/65
f 1408/516/58 1411/519/65 1409/517/64
f 1411/519/65 1406/514/63 1407/515/53
f 1409/517/64 1411/519/65 1410/518/50
f 1407/515/53 1410/518/50 1411/519/65
f 1412/509/43 1413/510/48 1414/511/61
f 1414/511/61 1415/512/62 1412/509/43
f 1416/513/45 1412/509/43 1415/512/62
f 1417/514/63 1414/511/61 1413/510/48
f 1413/510/48 1418/515/53 1417/514/63
f 1419/516/58 1415/512/62 1414/511/61
f 1419/516/58 1414/511/61 1417/514/63
f 1415/512/62 1420/517/64 1416/513/45
f 1419/516/58 1420/517/64 1415/512/62
f 1421/518/50 1416/513/45 1420/517/64
f 1419/516/58 1417/514/63 1422/519/65
f 1419/516/58 1422/519/65 1420/517/64
f 1422/519/65 1417/514/63 1418/515/53
f 1420/517/64 1422/519/65 1421/518/50
f 1418/515/53 1421/518/50 1422/519/65
f 1423/509/43 1424/510/48 1425/511/61
f 1425/511/61 1426/512/62 1423/509/43
f 1427/513/45 1423/509/43 1426/512/62
f 1428/514/63 1425/511/61 1424/510/48
f 1424/510/48 1429/515/53 1428/514/63
f 1430/516/58 1426/512/62 1425/511/61
f 1430/516/58 1425/511/61 1428/514/63
f 1426/512/62 1431/517/64 1427/513/45
f 1430/516/58 1431/517/64 1426/512/62
f 1432/518/50 1427/513/45 1431/517/64
f 1430/516/58 1428/514/63 1433/519/65
f 1430/516/58 1433/519/65 1431/517/64
f 1433/519/65 1428/514/63 1429/515/53
f 1431/517/64 1433/519/65 1432/518/50
f 1429/515/53 1432/518/50 1433/519/65
f 1434/509/43 1435/510/45 1436/511/66
f 1436/511/66 1437/512/67 1434/509/43
f 1438/513/48 1434/509/43 1437/512/67
f 1439/514/68 1436/511/66 1435/510/45
f 1435/510/45 1440/515/50 1439/514/68
f 1441/516/51 1437/512/67 1436/511/66
f 1441/516/51 1436/511/66 1439/514/68
f 1437/512/67 1442/517/69 1438/513/48
f 1441/516/51 1442/517/69 1437/512/67
f 1443/518/53 1438/513/48 1442/517/69
f 1441/516/51 1439/514/68 1444/519/70
f 1441/516/51 1444/519/70 1442/517/69
f 1444/519/70 1439/514/68 1440/515/50
f 1442/517/69 1444/519/70 1443/518/53
f 1440/515/50 1443/518/53 1444/519/70
f 1445/509/43 1446/510/45 1447/511/66
f 1447/511/66 1448/512/67 1445/509/43
f 1449/513/48 1445/509/43 1448/512/67
f 1450/514/68 1447/511/66 1446/510/45
f 1446/510/45 1451/515/50 1450/514/68
f 1452/516/51 1448/512/67 1447/511/66
f 1452/516/51 1447/511/66 1450/514/68
f 1448/512/67 1453/517/69 1449/513/48
f 1452/516/51 1453/517/69 1448/512/67
f 1454/518/53 1449/513/48 1453/517/69
f 1452/516/51 1450/514/68 1455/519/70
f 1452/516/51 1455/519/70 1453/517/69
f 1455/519/70 1450/514/68 1451/515/50
f 1453/517/69 1455/519/70 1454/518/53
f 1451/515/50 1454/518/53 1455/519/70
f 1456/509/43 1457/510/45 1458/511/66
f 1458/511/66 1459/512/67 1456/509/43
f 1460/513/48 1456/509/43 1459/512/67
f 1461/514/68 1458/511/66 1457/510/45
f 1457/510/45 1462/515/50 1461/514/68
f 1463/516/51 1459/512/67 1458/511/66
f 1463/516/51 1458/511/66 1461/514/68
f 1459/512/67 1464/517/69 1460/513/48
f 1463/516/51 1464/517/69 1459/512/67
f 1465/518/53 1460/513/48 1464/517/69
f 1463/516/51 1461/514/68 1466/519/70
f 1463/516/51 1466/519/70 1464/517/69
f 1466/519/70 1461/514/68 1462/515/50
f 1464/517/69 1466/519/70 1465/518/53
f 1462/515/50 1465/518/53 1466/519/70
f 1467/509/43 1468/510/45 1469/511/66
f 1469/511/66 1470/512/67 1467/509/43
f 1471/513/48 1467/509/43 1470/512/67
f 1472/514/68 1469/511/66 1468/510/45
f 1468/510/45 1473/515/50 1472/514/68
f 1474/516/51 1470/512/67 1469/511/66
f 1474/516/51 1469/511/66 1472/514/68
f 1470/512/67 1475/517/69 1471/513/48
f 1474/516/51 1475/517/69 1470/512/67
f 1476/518/53 1471/513/48 1475/517/69
f 1474/516/51 1472/514/68 1477/519/70
f 1474/516/51 1477/519/70 1475/517/69
f 1477/519/70 1472/514/68 1473/515/50
f 1475/517/69 1477/519/70 1476/518/53
f 1473/515/50 1476/518/53 1477/519/70
f 1478/509/43 1479/510/45 1480/511/66
f 1480/511/66 1481/512/67 1478/509/43
f 1482/513/48 1478/509/43 1481/512/67
f 1483/514/68 1480/511/66 1479/510/45
f 1479/510/45 1484/515/50 1483/514/68
f 1485/516/51 1481/512/67 1480/511/66
f 1485/516/51 1480/511/66 1483/514/68
f 1481/512/67 1486/517/69 1482/513/48
f 1485/516/51 1486/517/69 1481/512/67
f 1487/518/53 1482/513/48 1486/517/69
f 1485/516/51 1483/514/68 1488/519/70
f 1485/516/51 1488/519/70 1486/517/69
f 1488/519/70 1483/514/68 1484/515/50
f 1486/517/69 1488/519/70 1487/518/53
f 1484/515/50 1487/518/53 1488/519/70
f 1489/509/43 1490/510/45 1491/511/66
f 1491/511/66 1492/512/67 1489/509/43
f 1493/513/48 1489/509/43 1492/512/67
f 1494/514/68 1491/511/66 1490/510/45
f 1490/510/45 1495/515/50 1494/514/68
f 1496/516/51 1492/512/67 1491/511/66
f 1496/516/51 1491/511/66 1494/514/68
f 1492/512/67 1497/517/69 1493/513/48
f 1496/516/51 1497/517/69 1492/512/67
f 1498/518/53 1493/513/48 1497/517/69
f 1496/516/51 1494/514/68 1499/519/70
f 1496/516/51 1499/519/70 1497/517/69
f 1499/519/70 1494/514/68 1495/515/50
f 1497/517/69 1499/519/70 1498/518/53
f 1495/515/50 1498/518/53 1499/519/70
f 1500/509/43 1501/510/45 1502/511/66
f 1502/511/66 1503/512/67 1500/509/43
f 1504/513/48 1500/509/43 1503/512/67
f 1505/514/68 1502/511/66 1501/510/45
f 1501/510/45 1506/515/50 1505/514/68
f 1507/516/51 1503/512/67 1502/511/66
f 1507/516/51 1502/511/66 1505/514/68
f 1503/512/67 1508/517/69 1504/513/48
f 1507/516/51 1508/517/69 1503/512/67
f 1509/518/53 1504/513/48 1508/517/69
f 1507/516/51 1505/514/68 1510/519/70
f 1507/516/51 1510/519/70 1508/517/69
f 1510/519/70 1505/514/68 1506/515/50
f 1508/517/69 1510/519/70 1509/518/53
f 1506/515/50 1509/518/53 1510/519/70
f 1511/509/43 1512/510/45 1513/511/66
f 1513/511/66 1514/512/67 1511/509/43
f 1515/513/48 1511/509/43 1514/512/67
f 1516/514/68 1513/511/66 1512/510/45
f 1512/510/45 1517/515/50 1516/514/68
f 1518/516/51 1514/512/67 1513/511/66
f 1518/516/51 1513/511/66 1516/514/68
f 1514/512/67 1519/517/69 1515/513/48
f 1518/516/51 1519/517/69 1514/512/67
f 1520/518/53 1515/513/48 1519/517/69
f 1518/516/51 1516/514/68 1521/519/70
f 1518/516/51 1521/519/70 1519/517/69
f 1521/519/70 1516/514/68 1517/515/50
f 1519/517/69 1521/519/70 1520/518/53
f 1517/515/50 1520/518/53 1521/519/70
f 1522/509/43 1523/510/45 1524/511/66
f 1524/511/66 1525/512/67 1522/509/43
f 1526/513/48 1522/509/43 1525/512/67
f 1527/514/68 1524/511/66 1523/510/45
f 1523/510/45 1528/515/50 1527/514/68
f 1529/516/51 1525/512/67 1524/511/66
f 1529/516/51 1524/511/66 1527/514/68
f 1525/512/67 1530/517/69 1526/513/48
f 1529/516/51 1530/517/69 1525/512/67
f 1531/518/53 1526/513/48 1530/517/69
f 1529/516/51 1527/514/68 1532/519/70
f 1529/516/51 1532/519/70 1530/517/69
f 1532/519/70 1527/514/68 1528/515/50
f 1530/517/69 1532/519/70 1531/518/53
f 1528/515/50 1531/518/53 1532/519/70
f 1533/509/43 1534/510/45 1535/511/66
f 1535/511/66 1536/512/67 1533/509/43
f 1537/513/48 1533/509/43 1536/512/67
f 1538/514/68 1535/511/66 1534/510/45
f 1534/510/45 1539/515/50 1538/514/68
f 1540/516/51 1536/512/67 1535/511/66
f 1540/516/51 1535/511/66 1538/514/68
f 1536/512/67 1541/517/69 1537/513/48
f 1540/516/51 1541/517/69 1536/512/67
f 1542/518/53 1537/513/48 1541/517/69
f 1540/516/51 1538/514/68 1543/519/70
f 1540/516/51 1543/519/70 1541/517/69
f 1543/519/70 1538/514/68 1539/515/50
f 1541/517/69 1543/519/70 1542/518/53
f 1539/515/50 1542/518/53 1543/519/70
f 1544/509/43 1545/510/45 1546/511/46
f 1546/511/46 1547/512/47 1544/509/43
f 1548/513/48 1544/509/43 1547/512/47
f 1549/514/49 1546/511/46 1545/510/45
f 1545/510/45 1550/515/50 1549/514/49
f 1551/516/51 1547/512/47 1546/511/46
f 1551/516/51 1546/511/46 1549/514/49
f 1547/512/47 1552/517/52 1548/513/48
f 1551/516/51 1552/517/52 1547/512/47
f 1553/518/53 1548/513/48 1552/517/52
f 1551/516/51 1549/514/49 1554/519/54
f 1551/516/51 1554/519/54 1552/517/52
f 1554/519/54 1549/514/49 1550/515/50
f 1552/517/52 1554/519/54 1553/518/53
f 1550/515/50 1553/518/53 1554/519/54
f 1555/509/43 1556/510/45 1557/511/46
f 1557/511/46 1558/512/47 1555/509/43
f 1559/513/48 1555/509/43 1558/512/47
f 1560/514/49 1557/511/46 1556/510/45
f 1556/510/45 1561/515/50 1560/514/49
f 1562/516/51 1558/512/47 1557/511/46
f 1562/516/51 1557/511/46 1560/514/49
f 1558/512/47 1563/517/52 1559/513/48
f 1562/516/51 1563/517/52 1558/512/47
f 1564/518/53 1559/513/48 1563/517/52
f 1562/516/51 1560/514/49 1565/519/54
f 1562/516/51 1565/519/54 1563/517/52
f 1565/519/54 1560/514/49 1561/515/50
f 1563/517/52 1565/519/54 1564/518/53
f 1561/515/50 1564/518/53 1565/519/54
f 1566/509/43 1567/510/48 1568/511/55
f 1568/511/55 1569/512/56 1566/509/43
f 1570/513/45 1566/509/43 1569/512/56
f 1571/514/57 1568/511/55 1567/510/48
f 1567/510/48 1572/515/53 1571/514/57
f 1573/516/58 1569/512/56 1568/511/55
f 1573/516/58 1568/511/55 1571/514/57
f 1569/512/56 1574/517/59 1570/513/45
f 1573/516/58 1574/517/59 1569/512/56
f 1575/518/50 1570/513/45 1574/517/59
f 1573/516/58 1571/514/57 1576/519/60
f 1573/516/58 1576/519/60 1574/517/59
f 1576/519/60 1571/514/57 1572/515/53
f 1574/517/59 1576/519/60 1575/518/50
f 1572/515/53 1575/518/50 1576/519/60
f 1577/509/43 1578/510/48 1579/511/55
f 1579/511/55 1580/512/56 1577/509/43
f 1581/513/45 1577/509/43 1580/512/56
f 1582/514/57 1579/511/55 1578/510/48
f 1578/510/48 1583/515/53 1582/514/57
f 1584/516/58 1580/512/56 1579/511/55
f 1584/516/58 1579/511/55 1582/514/57
f 1580/512/56 1585/517/59 1581/513/45
f 1584/516/58 1585/517/59 1580/512/56
f 1586/518/50 1581/513/45 1585/517/59
f 1584/516/58 1582/514/57 1587/519/60
f 1584/516/58 1587/519/60 1585/517/59
f 1587/519/60 1582/514/57 1583/515/53
f 1585/517/59 1587/519/60 1586/518/50
f 1583/515/53 1586/518/50 1587/519/60
f 1588/509/43 1589/510/48 1590/511/61
f 1590/511/61 1591/512/62 1588/509/43
f 1592/513/45 1588/509/43 1591/512/62
f 1593/514/63 1590/511/61 1589/510/48
f 1589/510/48 1594/515/53 1593/514/63
f 1595/516/58 1591/512/62 1590/511/61
f 1595/516/58 1590/511/61 1593/514/63
f 1591/512/62 1596/517/64 1592/513/45
f 1595/516/58 1596/517/64 1591/512/62
f 1597/518/50 1592/513/45 1596/517/64
f 1595/516/58 1593/514/63 1598/519/65
f 1595/516/58 1598/519/65 1596/517/64
f 1598/519/65 1593/514/63 1594/515/53
f 1596/517/64 1598/519/65 1597/518/50
f 1594/515/53 1597/518/50 1598/519/65
f 1599/509/43 1600/510/48 1601/511/61
f 1601/511/61 1602/512/62 1599/509/43
f 1603/513/45 1599/509/43 1602/512/62
f 1604/514/63 1601/511/61 1600/510/48
f 1600/510/48 1605/515/53 1604/514/63
f 1606/516/58 1602/512/62 1601/511/61
f 1606/516/58 1601/511/61 1604/514/63
f 1602/512/62 1607/517/64 1603/513/45
f 1606/516/58 1607/517/64 1602/512/62
f 1608/518/50 1603/513/45 1607/517/64
f 1606/516/58 1604/514/63 1609/519/65
f 1606/516/58 1609/519/65 1607/517/64
f 1609/519/65 1604/514/63 1605/515/53
f 1607/517/64 1609/519/65 1608/518/50
f 1605/515/53 1608/518/50 1609/519/65
f 1610/509/43 1611/510/48 1612/511/61
f 1612/511/61 1613/512/62 1610/509/43
f 1614/513/45 1610/509/43 1613/512/62
f 1615/514/63 1612/511/61 1611/510/48
f 1611/510/48 1616/515/53 1615/514/63
f 1617/516/58 1613/512/62 1612/511/61
f 1617/516/58 1612/511/61 1615/514/63
f 1613/512/62 1618/517/64 1614/513/45
f 1617/516/58 1618/517/64 1613/512/62
f 1619/518/50 1614/513/45 1618/517/64
f 1617/516/58 1615/514/63 1620/519/65
f 1617/516/58 1620/519/65 1618/517/64
f 1620/519/65 1615/514/63 1616/515/53
f 1618/517/64 1620/519/65 1619/518/50
f 1616/515/53 1619/518/50 1620/519/65
f 1621/509/43 1622/510/48 1623/511/61
f 1623/511/61 1624/512/62 1621/509/43
f 1625/513/45 1621/509/43 1624/512/62
f 1626/514/63 1623/511/61 1622/510/48
f 1622/510/48 1627/515/53 1626/514/63
f 1628/516/58 1624/512/62 1623/511/61
f 1628/516/58 1623/511/61 1626/514/63
f 1624/512/62 1629/517/64 1625/513/45
f 1628/516/58 1629/517/64 1624/512/62
f 1630/518/50 1625/513/45 1629/517/64
f 1628/516/58 1626/514/63 1631/519/65
f 1628/516/58 1631/519/65 1629/517/64
f 1631/519/65 1626/514/63 1627/515/53
f 1629/517/64 1631/519/65 1630/518/50
f 1627/515/53 1630/518/50 1631/519/65
f 1632/509/43 1633/510/48 1634/511/61
f 1634/511/61 1635/512/62 1632/509/43
f 1636/513/45 1632/509/43 1635/512/62
f 1637/514/63 1634/511/61 1633/510/48
f 1633/510/48 1638/515/53 1637/514/63
f 1639/516/58 1635/512/62 1634/511/61
f 1639/516/58 1634/511/61 1637/514/63
f 1635/512/62 1640/517/64 1636/513/45
f 1639/516/58 1640/517/64 1635/512/62
f 1641/518/50 1636/513/45 1640/517/64
f 1639/516/58 1637/514/63 1642/519/65
f 1639/516/58 1642/519/65 1640/517/64
f 1642/519/65 1637/514/63 1638/515/53
f 1640/517/64 1642/519/65 1641/518/50
f 1638/515/53 1641/518/50 1642/519/65
f 1643/509/43 1644/510/48 1645/511/61
f 1645/511/61 1646/512/62 1643/509/43
f 1647/513/45 1643/509/43 1646/512/62
f 1648/514/63 1645/511/61 1644/510/48
f 1644/510/48 1649/515/53 1648/514/63
f 1650/516/58 1646/512/62 1645/511/61
f 1650/516/58 1645/511/61 1648/514/63
f 1646/512/62 1651/517/64 1647/513/45
f 1650/516/58 1651/517/64 1646/512/62
f 1652/518/50 1647/513/45 1651/517/64
f 1650/516/58 1648/514/63 1653/519/65
f 1650/516/58 1653/519/65 1651/517/64
f 1653/519/65 1648/514/63 1649/515/53
f 1651/517/64 1653/519/65 1652/518/50
f 1649/515/53 1652/518/50 1653/519/65
f 1654/509/43 1655/510/48 1656/511/61
f 1656/511/61 1657/512/62 1654/509/43
f 1658/513/45 1654/509/43 1657/512/62
f 1659/514/63 1656/511/61 1655/510/48
f 1655/510/48 1660/515/53 1659/514/63
f 1661/516/58 1657/512/62 1656/511/61
f 1661/516/58 1656/511/61 1659/514/63
f 1657/512/62 1662/517/64 1658/513/45
f 1661/516/58 1662/517/64 1657/512/62
f 1663/518/50 1658/513/45 1662/517/64
f 1661/516/58 1659/514/63 1664/519/65
f 1661/516/58 1664/519/65 1662/517/64
f 1664/519/65 1659/514/63 1660/515/53
f 1662/517/64 1664/519/65 1663/518/50
f 1660/515/53 1663/518/50 1664/519/65
f 1665/509/43 1666/510/48 1667/511/61
f 1667/511/61 1668/512/62 1665/509/43
f 1669/513/45 1665/509/43 1668/512/62
f 1670/514/63 1667/511/61 1666/510/48
f 1666/510/48 1671/515/53 1670/514/63
f 1672/516/58 1668/512/62 1667/511/61
f 1672/516/58 1667/511/61 1670/514/63
f 1668/512/62 1673/517/64 1669/513/45
f 1672/516/58 1673/517/64 1668/512/62
f 1674/518/50 1669/513/45 1673/517/64
f 1672/516/58 1670/514/63 1675/519/65
f 1672/516/58 1675/519/65 1673/517/64
f 1675/519/65 1670/514/63 1671/515/53
f 1673/517/64 1675/519/65 1674/518/50
f 1671/515/53 1674/518/50 1675/519/65
f 1676/509/43 1677/510/48 1678/511/61
f 1678/511/61 1679/512/62 1676/509/43
f 1680/513/45 1676/509/43 1679/512/62
f 1681/514/63 1678/511/61 1677/510/48
f 1677/510/48 1682/515/53 1681/514/63
f 1683/516/58 1679/512/62 1678/511/61
f 1683/516/58 1678/511/61 1681/514/63
f 1679/512/62 1684/517/64 1680/513/45
f 1683/516/58 1684/517/64 1679/512/62
f 1685/518/50 1680/513/45 1684/517/64
f 1683/516/58 1681/514/63 1686/519/65
f 1683/516/58 1686/519/65 1684/517/64
f 1686/519/65 1681/514/63 1682/515/53
f 1684/517/64 1686/519/65 1685/518/50
f 1682/515/53 1685/518/50 1686/519/65
f 1687/509/43 1688/510/48 1689/511/61
f 1689/511/61 1690/512/62 1687/509/43
f 1691/513/45 1687/509/43 1690/512/62
f 1692/514/63 1689/511/61 1688/510/48
f 1688/510/48 1693/515/53 1692/514/63
f 1694/516/58 1690/512/62 1689/511/61
f 1694/516/58 1689/511/61 1692/514/63
f 1690/512/62 1695/517/64 1691/513/45
f 1694/516/58 1695/517/64 1690/512/62
f 1696/518/50 1691/513/45 1695/517/64
f 1694/516/58 1692/514/63 1697/519/65
f 1694/516/58 1697/519/65 1695/517/64
f 1697/519/65 1692/514/63 1693/515/53
f 1695/517/64 1697/519/65 1696/518/50
f 1693/515/53 1696/518/50 1697/519/65
f 1698/509/43 1699/510/45 1700/511/66
f 1700/511/66 1701/512/67 1698/509/43
f 1702/513/48 1698/509/43 1701/512/67
f 1703/514/68 1700/511/66 1699/510/45
f 1699/510/45 1704/515/50 1703/514/68
f 1705/516/51 1701/512/67 1700/511/66
f 1705/516/51 1700/511/66 1703/514/68
f 1701/512/67 1706/517/69 1702/513/48
f 1705/516/51 1706/517/69 1701/512/67
f 1707/518/53 1702/513/48 1706/517/69
f 1705/516/51 1703/514/68 1708/519/70
f 1705/516/51 1708/519/70 1706/517/69
f 1708/519/70 1703/514/68 1704/515/50
f 1706/517/69 1708/519/70 1707/518/53
f 1704/515/50 1707/518/53 1708/519/70
f 1709/509/43 1710/510/45 1711/511/66
f 1711/511/66 1712/512/67 1709/509/43
f 1713/513/48 1709/509/43 1712/512/67
f 1714/514/68 1711/511/66 1710/510/45
f 1710/510/45 1715/515/50 1714/514/68
f 1716/516/51 1712/512/67 1711/511/66
f 1716/516/51 1711/511/66 1714/514/68
f 1712/512/67 1717/517/69 1713/513/48
f 1716/516/51 1717/517/69 1712/512/67
f 1718/518/53 1713/513/48 1717/517/69
f 1716/516/51 1714/514/68 1719/519/70
f 1716/516/51 1719/519/70 1717/517/69
f 1719/519/70 1714/514/68 1715/515/50
f 1717/517/69 1719/519/70 1718/518/53
f 1715/515/50 1718/518/53 1719/519/70
f 1720/509/43 1721/510/45 1722/511/66
f 1722/511/66 1723/512/67 1720/509/43
f 1724/513/48 1720/509/43 1723/512/67
f 1725/514/68 1722/511/66 1721/510/45
f 1721/510/45 1726/515/50 1725/514/68
f 1727/516/51 1723/512/67 1722/511/66
f 1727/516/51 1722/511/66 1725/514/68
f 1723/512/67 1728/517/69 1724/513/48
f 1727/516/51 1728/517/69 1723/512/67
f 1729/518/53 1724/513/48 1728/517/69
f 1727/516/51 1725/514/68 1730/519/70
f 1727/516/51 1730/519/70 1728/517/69
f 1730/519/70 1725/514/68 1726/515/50
f 1728/517/69 1730/519/70 1729/518/53
f 1726/515/50 1729/518/53 1730/519/70
f 1731/509/43 1732/510/45 1733/511/66
f 1733/511/66 1734/512/67 1731/509/43
f 1735/513/48 1731/509/43 1734/512/67
f 1736/514/68 1733/511/66 1732/510/45
f 1732/510/45 1737/515/50 1736/514/68
f 1738/516/51 1734/512/67 1733/511/66
f 1738/516/51 1733/511/66 1736/514/68
f 1734/512/67 1739/517/69 1735/513/48
f 1738/516/51 1739/517/69 1734/512/67
f 1740/518/53 1735/513/48 1739/517/69
f 1738/516/51 1736/514/68 1741/519/70
f 1738/516/51 1741/519/70 1739/517/69
f 1741/519/70 1736/514/68 1737/515/50
f 1739/517/69 1741/519/70 1740/518/53
f 1737/515/50 1740/518/53 1741/519/70
f 1742/509/43 1743/510/45 1744/511/66
f 1744/511/66 1745/512/67 1742/509/43
f 1746/513/48 1742/509/43 1745/512/67
f 1747/514/68 1744/511/66 1743/510/45
f 1743/510/45 1748/515/50 1747/514/68
f 1749/516/51 1745/512/67 1744/511/66
f 1749/516/51 1744/511/66 1747/514/68
f 1745/512/67 1750/517/69 1746/513/48
f 1749/516/51 1750/517/69 1745/512/67
f 1751/518/53 1746/513/48 1750/517/69
f 1749/516/51 1747/514/68 1752/519/70
f 1749/516/51 1752/519/70 1750/517/69
f 1752/519/70 1747/514/68 1748/515/50
f 1750/517/69 1752/519/70 1751/518/53
f 1748/515/50 1751/518/53 1752/519/70
f 1753/509/43 1754/510/45 1755/511/66
f 1755/511/66 1756/512/67 1753/509/43
f 1757/513/48 1753/509/43 1756/512/67
f 1758/514/68 1755/511/66 1754/510/45
f 1754/510/45 1759/515/50 1758/514/68
f 1760/516/51 1756/512/67 1755/511/66
f 1760/516/51 1755/511/66 1758/514/68
f 1756/512/67 1761/517/69 1757/513/48
f 1760/516/51 1761/517/69 1756/512/67
f 1762/518/53 1757/513/48 1761/517/69
f 1760/516/51 1758/514/68 1763/519/70
f 1760/516/51 1763/519/70 1761/517/69
f 1763/519/70 1758/514/68 1759/515/50
f 1761/517/69 1763/519/70 1762/518/53
f 1759/515/50 1762/518/53 1763/519/70
f 1764/509/43 1765/510/45 1766/511/66
f 1766/511/66 1767/512/67 1764/509/43
f 1768/513/48 1764/509/43 1767/512/67
f 1769/514/68 1766/511/66 1765/510/45
f 1765/510/45 1770/515/50 1769/514/68
f 1771/516/51 1767/512/67 1766/511/66
f 1771/516/51 1766/511/66 1769/514/68
f 1767/512/67 1772/517/69 1768/513/48
f 1771/516/51 1772/517/69 1767/512/67
f 1773/518/53 1768/513/48 1772/517/69
f 1771/516/51 1769/514/68 1774/519/70
f 1771/516/51 1774/519/70 1772/517/69
f 1774/519/70 1769/514/68 1770/515/50
f 1772/517/69 1774/519/70 1773/518/53
f 1770/515/50 1773/518/53 1774/519/70
f 1775/509/43 1776/510/45 1777/511/66
f 1777/511/66 1778/512/67 1775/509/43
f 1779/513/48 1775/509/43 1778/512/67
f 1780/514/68 1777/511/66 1776/510/45
f 1776/510/45 1781/515/50 1780/514/68
f 1782/516/51 1778/512/67 1777/511/66
f 1782/516/51 1777/511/66 1780/514/68
f 1778/512/67 1783/517/69 1779/513/48
f 1782/516/51 1783/517/69 1778/512/67
f 1784/518/53 1779/513/48 1783/517/69
f 1782/516/51 1780/514/68 1785/519/70
f 1782/516/51 1785/519/70 1783/517/69
f 1785/519/70 1780/514/68 1781/515/50
f 1783/517/69 1785/519/70 1784/518/53
f 1781/515/50 1784/518/53 1785/519/70
f 1786/509/43 1787/510/45 1788/511/66
f 1788/511/66 1789/512/67 1786/509/43
f 1790/513/48 1786/509/43 1789/512/67
f 1791/514/68 1788/511/66 1787/510/45
f 1787/510/45 1792/515/50 1791/514/68
f 1793/516/51 1789/512/67 1788/511/66
f 1793/516/51 1788/511/66 1791/514/68
f 1789/512/67 1794/517/69 1790/513/48
f 1793/516/51 1794/517/69 1789/512/67
f 1795/518/53 1790/513/48 1794/517/69
f 1793/516/51 1791/514/68 1796/519/70
f 1793/516/51 1796/519/70 1794/517/69
f 1796/519/70 1791/514/68 1792/515/50
f 1794/517/69 1796/519/70 1795/518/53
f 1792/515/50 1795/518/53 1796/519/70
f 1797/509/43 1798/510/45 1799/511/66
f 1799/511/66 1800/512/67 1797/509/43
f 1801/513/48 1797/509/43 1800/512/67
f 1802/514/68 1799/511/66 1798/510/45
f 1798/510/45 1803/515/50 1802/514/68
f 1804/516/51 1800/512/67 1799/511/66
f 1804/516/51 1799/511/66 1802/514/68
f 1800/512/67 1805/517/69 1801/513/48
f 1804/516/51 1805/517/69 1800/512/67
f 1806/518/53 1801/513/48 1805/517/69
f 1804/516/51 1802/514/68 1807/519/70
f 1804/516/51 1807/519/70 1805/517/69
f 1807/519/70 1802/514/68 1803/515/50
f 1805/517/69 1807/519/70 1806/518/53
f 1803/515/50 1806/518/53 1807/519/70
f 1808/509/43 1809/510/45 1810/511/46
f 1810/511/46 1811/512/47 1808/509/43
f 1812/513/48 1808/509/43 1811/512/47
f 1813/514/49 1810/511/46 1809/510/45
f 1809/510/45 1814/515/50 1813/514/49
f 1815/516/51 1811/512/47 1810/511/46
f 1815/516/51 1810/511/46 1813/514/49
f 1811/512/47 1816/517/52 1812/513/48
f 1815/516/51 1816/517/52 1811/512/47
f 1817/518/53 1812/513/48 1816/517/52
f 1815/516/51 1813/514/49 1818/519/54
f 1815/516/51 1818/519/54 1816/517/52
f 1818/519/54 1813/514/49 1814/515/50
f 1816/517/52 1818/519/54 1817/518/53
f 1814/515/50 1817/518/53 1818/519/54
f 1819/509/43 1820/510/45 1821/511/46
f 1821/511/46 1822/512/47 1819/509/43
f 1823/513/48 1819/509/43 1822/512/47
f 1824/514/49 1821/511/46 1820/510/45
f 1820/510/45 1825/515/50 1824/514/49
f 1826/516/51 1822/512/47 1821/511/46
f 1826/516/51 1821/511/46 1824/514/49
f 1822/512/47 1827/517/52 1823/513/48
f 1826/516/51 1827/517/52 1822/512/47
f 1828/518/53 1823/513/48 1827/517/52
f 1826/516/51 1824/514/49 1829/519/54
f 1826/516/51 1829/519/54 1827/517/52
f 1829/519/54 1824/514/49 1825/515/50
f 1827/517/52 1829/519/54 1828/518/53
f 1825/515/50 1828/518/53 1829/519/54
f 1830/509/43 1831/510/48 1832/511/55
f 1832/511/55 1833/512/56 1830/509/43
f 1834/513/45 1830/509/43 1833/512/56
f 1835/514/57 1832/511/55 1831/510/48
f 1831/510/48 1836/515/53 1835/514/57
f 1837/516/58 1833/512/56 1832/511/55
f 1837/516/58 1832/511/55 1835/514/57
f 1833/512/56 1838/517/59 1834/513/45
f 1837/516/58 1838/517/59 1833/512/56
f 1839/518/50 1834/513/45 1838/517/59
f 1837/516/58 1835/514/57 1840/519/60
f 1837/516/58 1840/519/60 1838/517/59
f 1840/519/60 1835/514/57 1836/515/53
f 1838/517/59 1840/519/60 1839/518/50
f 1836/515/53 1839/518/50 1840/519/60
f 1841/509/43 1842/510/48 1843/511/55
f 1843/511/55 1844/512/56 1841/509/43
f 1845/513/45 1841/509/43 1844/512/56
f 1846/514/57 1843/511/55 1842/510/48
f 1842/510/48 1847/515/53 1846/514/57
f 1848/516/58 1844/512/56 1843/511/55
f 1848/516/58 1843/511/55 1846/514/57
f 1844/512/56 1849/517/59 1845/513/45
f 1848/516/58 1849/517/59 1844/512/56
f 1850/518/50 1845/513/45 1849/517/59
f 1848/516/58 1846/514/57 1851/519/60
f 1848/516/58 1851/519/60 1849/517/59
f 1851/519/60 1846/514/57 1847/515/53
f 1849/517/59 1851/519/60 1850/518/50
f 1847/515/53 1850/518/50 1851/519/60
f 1852/509/43 1853/510/48 1854/511/61
f 1854/511/61 1855/512/62 1852/509/43
f 1856/513/45 1852/509/43 1855/512/62
f 1857/514/63 1854/511/61 1853/510/48
f 1853/510/48 1858/515/53 1857/514/63
f 1859/516/58 1855/512/62 1854/511/61
f 1859/516/58 1854/511/61 1857/514/63
f 1855/512/62 1860/517/64 1856/513/45
f 1859/516/58 1860/517/64 1855/512/62
f 1861/518/50 1856/513/45 1860/517/64
f 1859/516/58 1857/514/63 1862/519/65
f 1859/516/58 1862/519/65 1860/517/64
f 1862/519/65 1857/514/63 1858/515/53
f 1860/517/64 1862/519/65 1861/518/50
f 1858/515/53 1861/518/50 1862/519/65
f 1863/509/43 1864/510/48 1865/511/61
f 1865/511/61 1866/512/62 1863/509/43
f 1867/513/45 1863/509/43 1866/512/62
f 1868/514/63 1865/511/61 1864/510/48
f 1864/510/48 1869/515/53 1868/514/63
f 1870/516/58 1866/512/62 1865/511/61
f 1870/516/58 1865/511/61 1868/514/63
f 1866/512/62 1871/517/64 1867/513/45
f 1870/516/58 1871/517/64 1866/512/62
f 1872/518/50 1867/513/45 1871/517/64
f 1870/516/58 1868/514/63 1873/519/65
f 1870/516/58 1873/519/65 1871/517/64
f 1873/519/65 1868/514/63 1869/515/53
f 1871/517/64 1873/519/65 1872/518/50
f 1869/515/53 1872/518/50 1873/519/65
f 1874/509/43 1875/510/48 1876/511/61
f 1876/511/61 1877/512/62 1874/509/43
f 1878/513/45 1874/509/43 1877/512/62
f 1879/514/63 1876/511/61 1875/510/48
f 1875/510/48 1880/515/53 1879/514/63
f 1881/516/58 1877/512/62 1876/511/61
f 1881/516/58 1876/511/61 1879/514/63
f 1877/512/62 1882/517/64 1878/513/45
f 1881/516/58 1882/517/64 1877/512/62
f 1883/518/50 1878/513/45 1882/517/64
f 1881/516/58 1879/514/63 1884/519/65
f 1881/516/58 1884/519/65 1882/517/64
f 1884/519/65 1879/514/63 1880/515/53
f 1882/517/64 1884/519/65 1883/518/50
f 1880/515/53 1883/518/50 1884/519/65
f 1885/509/43 1886/510/48 1887/511/61
f 1887/511/61 1888/512/62 1885/509/43
f 1889/513/45 1885/509/43 1888/512/62
f 1890/514/63 1887/511/61 1886/510/48
f 1886/510/48 1891/515/53 1890/514/63
f 1892/516/58 1888/512/62 1887/511/61
f 1892/516/58 1887/511/61 1890/514/63
f 1888/512/62 1893/517/64 1889/513/45
f 1892/516/58 1893/517/64 1888/512/62
f 1894/518/50 1889/513/45 1893/517/64
f 1892/516/58 1890/514/63 1895/519/65
f 1892/516/58 1895/519/65 1893/517/64
f 1895/519/65 1890/514/63 1891/515/53
f 1893/517/64 1895/519/65 1894/518/50
f 1891/515/53 1894/518/50 1895/519/65
f 1896/509/43 1897/510/48 1898/511/61
f 1898/511/61 1899/512/62 1896/509/43
f 1900/513/45 1896/509/43 1899/512/62
f 1901/514/63 1898/511/61 1897/510/48
f 1897/510/48 1902/515/53 1901/514/63
f 1903/516/58 1899/512/62 1898/511/61
f 1903/516/58 1898/511/61 1901/514/63
f 1899/512/62 1904/517/64 1900/513/45
f 1903/516/58 1904/517/64 1899/512/62
f 1905/518/50 1900/513/45 1904/517/64
f 1903/516/58 1901/514/63 1906/519/65
f 1903/516/58 1906/519/65 1904/517/64
f 1906/519/65 1901/514/63 1902/515/53
f 1904/517/64 1906/519/65 1905/518/50
f 1902/515/53 1905/518/50 1906/519/65
f 1907/509/43 1908/510/48 1909/511/61
f 1909/511/61 1910/512/62 1907/509/43
f 1911/513/45 1907/509/43 1910/512/62
f 1912/514/63 1909/511/61 1908/510/48
f 1908/510/48 1913/515/53 1912/514/63
f 1914/516/58 1910/512/62 1909/511/61
f 1914/516/58 1909/511/61 1912/514/63
f 1910/512/62 1915/517/64 1911/513/45
f 1914/516/58 1915/517/64 1910/512/62
f 1916/518/50 1911/513/45 1915/517/64
f 1914/516/58 1912/514/63 1917/519/65
f 1914/516/58 1917/519/65 1915/517/64
f 1917/519/65 1912/514/63 1913/515/53
f 1915/517/64 1917/519/65 1916/518/50
f 1913/515/53 1916/518/50 1917/519/65
f 1918/509/43 1919/510/48 1920/511/61
f 1920/511/61 1921/512/62 1918/509/43
f 1922/513/45 1918/509/43 1921/512/62
f 1923/514/63 1920/511/61 1919/510/48
f 1919/510/48 1924/515/53 1923/514/63
f 1925/516/58 1921/512/62 1920/511/61
f 1925/516/58 1920/511/61 1923/514/63
f 1921/512/62 1926/517/64 1922/513/45
f 1925/516/58 1926/517/64 1921/512/62
f 1927/518/50 1922/513/45 1926/517/64
f 1925/516/58 1923/514/63 1928/519/65
f 1925/516/58 1928/519/65 1926/517/64
f 1928/519/65 1923/514/63 1924/515/53
f 1926/517/64 1928/519/65 1927/518/50
f 1924/515/53 1927/518/50 1928/519/65
f 1929/509/43 1930/510/48 1931/511/61
f 1931/511/61 1932/512/62 1929/509/43
f 1933/513/45 1929/509/43 1932/512/62
f 1934/514/63 1931/511/61 1930/510/48
f 1930/510/48 1935/515/53 1934/514/63
f 1936/516/58 1932/512/62 1931/511/61
f 1936/516/58 1931/511/61 1934/514/63
f 1932/512/62 1937/517/64 1933/513/45
f 1936/516/58 1937/517/64 1932/512/62
f 1938/518/50 1933/513/45 1937/517/64
f 1936/516/58 1934/514/63 1939/519/65
f 1936/516/58 1939/519/65 1937/517/64
f 1939/519/65 1934/514/63 1935/515/53
f 1937/517/64 1939/519/65 1938/518/50
f 1935/515/53 1938/518/50 1939/519/65
f 1940/509/43 1941/510/48 1942/511/61
f 1942/511/61 1943/512/62 1940/509/43
f 1944/513/45 1940/509/43 1943/512/62
f 1945/514/63 1942/511/61 1941/510/48
f 1941/510/48 1946/515/53 1945/514/63
f 1947/516/58 1943/512/62 1942/511/61
f 1947/516/58 1942/511/61 1945/514/63
f 1943/512/62 1948/517/64 1944/513/45
f 1947/516/58 1948/517/64 1943/512/62
f 1949/518/50 1944/513/45 1948/517/64
f 1947/516/58 1945/514/63 1950/519/65
f 1947/516/58 1950/519/65 1948/517/64
f 1950/519/65 1945/514/63 1946/515/53
f 1948/517/64 1950/519/65 1949/518/50
f 1946/515/53 1949/518/50 1950/519/65
f 1951/509/43 1952/510/48 1953/511/61
f 1953/511/61 1954/512/62 1951/509/43
f 1955/513/45 1951/509/43 1954/512/62
f 1956/514/63 1953/511/61 1952/510/48
f 1952/510/48 1957/515/53 1956/514/63
f 1958/516/58 1954/512/62 1953/511/61
f 1958/516/58 1953/511/61 1956/514/63
f 1954/512/62 1959/517/64 1955/513/45
f 1958/516/58 1959/517/64 1954/512/62
f 1960/518/50 1955/513/45 1959/517/64
f 1958/516/58 1956/514/63 1961/519/65
f 1958/516/58 1961/519/65 1959/517/64
f 1961/519/65 1956/514/63 1957/515/53
f 1959/517/64 1961/519/65 1960/518/50
f 1957/515/53 1960/518/50 1961/519/65
f 1962/509/43 1963/510/45 1964/511/66
f 1964/511/66 1965/512/67 1962/509/43
f 1966/513/48 1962/509/43 1965/512/67
f 1967/514/68 1964/511/66 1963/510/45
f 1963/510/45 1968/515/50 1967/514/68
f 1969/516/51 1965/512/67 1964/511/66
f 1969/516/51 1964/511/66 1967/514/68
f 1965/512/67 1970/517/69 1966/513/48
f 1969/516/51 1970/517/69 1965/512/67
f 1971/518/53 1966/513/48 1970/517/69
f 1969/516/51 1967/514/68 1972/519/70
f 1969/516/51 1972/519/70 1970/517/69
f 1972/519/70 1967/514/68 1968/515/50
f 1970/517/69 1972/519/70 1971/518/53
f 1968/515/50 1971/518/53 1972/519/70
f 1973/509/43 1974/510/45 1975/511/66
f 1975/511/66 1976/512/67 1973/509/43
f 1977/513/48 1973/509/43 1976/512/67
f 1978/514/68 1975/511/66 1974/510/45
f 1974/510/45 1979/515/50 1978/514/68
f 1980/516/51 1976/512/67 1975/511/66
f 1980/516/51 1975/511/66 1978/514/68
f 1976/512/67 1981/517/69 1977/513/48
f 1980/516/51 1981/517/69 1976/512/67
f 1982/518/53 1977/513/48 1981/517/69
f 1980/516/51 1978/514/68 1983/519/70
f 1980/516/51 1983/519/70 1981/517/69
f 1983/519/70 1978/514/68 1979/515/50
f 1981/517/69 1983/519/70 1982/518/53
f 1979/515/50 1982/518/53 1983/519/70
f 1984/509/43 1985/510/45 1986/511/66
f 1986/511/66 1987/512/67 1984/509/43
f 1988/513/48 1984/509/43 1987/512/67
f 1989/514/68 1986/511/66 1985/510/45
f 1985/510/45 1990/515/50 1989/514/68
f 1991/516/51 1987/512/67 1986/511/66
f 1991/516/51 1986/511/66 1989/514/68
f 1987/512/67 1992/517/69 1988/513/48
f 1991/516/51 1992/517/69 1987/512/67
f 1993/518/53 1988/513/48 1992/517/69
f 1991/516/51 1989/514/68 1994/519/70
f 1991/516/51 1994/519/70 1992/517/69
f 1994/519/70 1989/514/68 1990/515/50
f 1992/517/69 1994/519/70 1993/518/53
f 1990/515/50 1993/518/53 1994/519/70
f 1995/509/43 1996/510/45 1997/511/66
f 1997/511/66 1998/512/67 1995/509/43
f 1999/513/48 1995/509/43 1998/512/67
f 2000/514/68 1997/511/66 1996/510/45
f 1996/510/45 2001/515/50 2000/514/68
f 2002/516/51 1998/512/67 1997/511/66
f 2002/516/51 1997/511/66 2000/514/68
f 1998/512/67 2003/517/69 1999/513/48
f 2002/516/51 2003/517/69 1998/512/67
f 2004/518/53 1999/513/48 2003/517/69
f 2002/516/51 2000/514/68 2005/519/70
f 2002/516/51 2005/519/70 2003/517/69
f 2005/519/70 2000/514/68 2001/515/50
f 2003/517/69 2005/519/70 2004/518/53
f 2001/515/50 2004/518/53 2005/519/70
f 2006/509/43 2007/510/45 2008/511/66
f 2008/511/66 2009/512/67 2006/509/43
f 2010/513/48 2006/509/43 2009/512/67
f 2011/514/68 2008/511/66 2007/510/45
f 2007/510/45 2012/515/50 2011/514/68
f 2013/516/51 2009/512/67 2008/511/66
f 2013/516/51 2008/511/66 2011/514/68
f 2009/512/67 2014/517/69 2010/513/48
f 2013/516/51 2014/517/69 2009/512/67
f 2015/518/53 2010/513/48 2014/517/69
f 2013/516/51 2011/514/68 2016/519/70
f 2013/516/51 2016/519/70 2014/517/69
f 2016/519/70 2011/514/68 2012/515/50
f 2014/517/69 2016/519/70 2015/518/53
f 2012/515/50 2015/518/53 2016/519/70
f 2017/509/43 2018/510/45 2019/511/66
f 2019/511/66 2020/512/67 2017/509/43
f 2021/513/48 2017/509/43 2020/512/67
f 2022/514/68 2019/511/66 2018/510/45
f 2018/510/45 2023/515/50 2022/514/68
f 2024/516/51 2020/512/67 2019/511/66
f 2024/516/51 2019/511/66 2022/514/68
f 2020/512/67 2025/517/69 2021/513/48
f 2024/516/51 2025/517/69 2020/512/67
f 2026/518/53 2021/513/48 2025/517/69
f 2024/516/51 2022/514/68 2027/519/70
f 2024/516/51 2027/519/70 2025/517/69
f 2027/519/70 2022/514/68 2023/515/50
f 2025/517/69 2027/519/70 2026/518/53
f 2023/515/50 2026/518/53 2027/519/70
f 2028/509/43 2029/510/45 2030/511/66
f 2030/511/66 2031/512/67 2028/509/43
f 2032/513/48 2028/509/43 2031/512/67
f 2033/514/68 2030/511/66 2029/510/45
f 2029/510/45 2034/515/50 2033/514/68
f 2035/516/51 2031/512/67 2030/511/66
f 2035/516/51 2030/511/66 2033/514/68
f 2031/512/67 2036/517/69 2032/513/48
f 2035/516/51 2036/517/69 2031/512/67
f 2037/518/53 2032/513/48 2036/517/69
f 2035/516/51 2033/514/68 2038/519/70
f 2035/516/51 2038/519/70 2036/517/69
f 2038/519/70 2033/514/68 2034/515/50
f 2036/517/69 2038/519/70 2037/518/53
f 2034/515/50 2037/518/53 2038/519/70
f 2039/509/43 2040/510/45 2041/511/66
f 2041/511/66 2042/512/67 2039/509/43
f 2043/513/48 2039/509/43 2042/512/67
f 2044/514/68 2041/511/66 2040/510/45
f 2040/510/45 2045/515/50 2044/514/68
f 2046/516/51 2042/512/67 2041/511/66
f 2046/516/51 2041/511/66 2044/514/68
f 2042/512/67 2047/517/69 2043/513/48
f 2046/516/51 2047/517/69 2042/512/67
f 2048/518/53 2043/513/48 2047/517/69
f 2046/516/51 2044/514/68 2049/519/70
f 2046/516/51 2049/519/70 2047/517/69
f 2049/519/70 2044/514/68 2045/515/50
f 2047/517/69 2049/519/70 2048/518/53
f 2045/515/50 2048/518/53 2049/519/70
f 2050/509/43 2051/510/45 2052/511/66
f 2052/511/66 2053/512/67 2050/509/43
f 2054/513/48 2050/509/43 2053/512/67
f 2055/514/68 2052/511/66 2051/510/45
f 2051/510/45 2056/515/50 2055/514/68
f 2057/516/51 2053/512/67 2052/511/66
f 2057/516/51 2052/511/66 2055/514/68
f 2053/512/67 2058/517/69 2054/513/48
f 2057/516/51 2058/517/69 2053/512/67
f 2059/518/53 2054/513/48 2058/517/69
f 2057/516/51 2055/514/68 2060/519/70
f 2057/516/51 2060/519/70 2058/517/69
f 2060/519/70 2055/514/68 2056/515/50
f 2058/517/69 2060/519/70 2059/518/53
f 2056/515/50 2059/518/53 2060/519/70
f 2061/509/43 2062/510/45 2063/511/66
f 2063/511/66 2064/512/67 2061/509/43
f 2065/513/48 2061/509/43 2064/512/67
f 2066/514/68 2063/511/66 2062/510/45
f 2062/510/45 2067/515/50 2066/514/68
f 2068/516/51 2064/512/67 2063/511/66
f 2068/516/51 2063/511/66 2066/514/68
f 2064/512/67 2069/517/69 2065/513/48
f 2068/516/51 2069/517/69 2064/512/67
f 2070/518/53 2065/513/48 2069/517/69
f 2068/516/51 2066/514/68 2071/519/70
f 2068/516/51 2071/519/70 2069/517/69
f 2071/519/70 2066/514/68 2067/515/50
f 2069/517/69 2071/519/70 2070/518/53
f 2067/515/50 2070/518/53 2071/519/70
f 2072/509/43 2073/510/45 2074/511/46
f 2074/511/46 2075/512/47 2072/509/43
f 2076/513/48 2072/509/43 2075/512/47
f 2077/514/49 2074/511/46 2073/510/45
f 2073/510/45 2078/515/50 2077/514/49
f 2079/516/51 2075/512/47 2074/511/46
f 2079/516/51 2074/511/46 2077/514/49
f 2075/512/47 2080/517/52 2076/513/48
f 2079/516/51 2080/517/52 2075/512/47
f 2081/518/53 2076/513/48 2080/517/52
f 2079/516/51 2077/514/49 2082/519/54
f 2079/516/51 2082/519/54 2080/517/52
f 2082/519/54 2077/514/49 2078/515/50
f 2080/517/52 2082/519/54 2081/518/53
f 2078/515/50 2081/518/53 2082/519/54
f 2083/509/43 2084/510/45 2085/511/46
f 2085/511/46 2086/512/47 2083/509/43
f 2087/513/48 2083/509/43 2086/512/47
f 2088/514/49 2085/511/46 2084/510/45
f 2084/510/45 2089/515/50 2088/514/49
f 2090/516/51 2086/512/47 2085/511/46
f 2090/516/51 2085/511/46 2088/514/49
f 2086/512/47 2091/517/52 2087/513/48
f 2090/516/51 2091/517/52 2086/512/47
f 2092/518/53 2087/513/48 2091/517/52
f 2090/516/51 2088/514/49 2093/519/54
f 2090/516/51 2093/519/54 2091/517/52
f 2093/519/54 2088/514/49 2089/515/50
f 2091/517/52 2093/519/54 2092/518/53
f 2089/515/50 2092/518/53 2093/519/54
f 2094/509/43 2095/510/48 2096/511/55
f 2096/511/55 2097/512/56 2094/509/43
f 2098/513/45 2094/509/43 2097/512/56
f 2099/514/57 2096/511/55 2095/510/48
f 2095/510/48 2100/515/53 2099/514/57
f 2101/516/58 2097/512/56 2096/511/55
f 2101/516/58 2096/511/55 2099/514/57
f 2097/512/56 2102/517/59 2098/513/45
f 2101/516/58 2102/517/59 2097/512/56
f 2103/518/50 2098/513/45 2102/517/59
f 2101/516/58 2099/514/57 2104/519/60
f 2101/516/58 2104/519/60 2102/517/59
f 2104/519/60 2099/514/57 2100/515/53
f 2102/517/59 2104/519/60 2103/518/50
f 2100/515/53 2103/518/50 2104/519/60
f 2105/509/43 2106/510/48 2107/511/55
f 2107/511/55 2108/512/56 2105/509/43
f 2109/513/45 2105/509/43 2108/512/56
f 2110/514/57 2107/511/55 2106/510/48
f 2106/510/48 2111/515/53 2110/514/57
f 2112/516/58 2108/512/56 2107/511/55
f 2112/516/58 2107/511/55 2110/514/57
f 2108/512/56 2113/517/59 2109/513/45
f 2112/516/58 2113/517/59 2108/512/56
f 2114/518/50 2109/513/45 2113/517/59
f 2112/516/58 2110/514/57 2115/519/60
f 2112/516/58 2115/519/60 2113/517/59
f 2115/519/60 2110/514/57 2111/515/53
f 2113/517/59 2115/519/60 2114/518/50
f 2111/515/53 2114/518/50 2115/519/60
f 2116/509/43 2117/510/48 2118/511/61
f 2118/511/61 2119/512/62 2116/509/43
f 2120/513/45 2116/509/43 2119/512/62
f 2121/514/63 2118/511/61 2117/510/48
f 2117/510/48 2122/515/53 2121/514/63
f 2123/516/58 2119/512/62 2118/511/61
f 2123/516/58 2118/511/61 2121/514/63
f 2119/512/62 2124/517/64 2120/513/45
f 2123/516/58 2124/517/64 2119/512/62
f 2125/518/50 2120/513/45 2124/517/64
f 2123/516/58 2121/514/63 2126/519/65
f 2123/516/58 2126/519/65 2124/517/64
f 2126/519/65 2121/514/63 2122/515/53
f 2124/517/64 2126/519/65 2125/518/50
f 2122/515/53 2125/518/50 2126/519/65
f 2127/509/43 2128/510/48 2129/511/61
f 2129/511/61 2130/512/62 2127/509/43
f 2131/513/45 2127/509/43 2130/512/62
f 2132/514/63 2129/511/61 2128/510/48
f 2128/510/48 2133/515/53 2132/514/63
f 2134/516/58 2130/512/62 2129/511/61
f 2134/516/58 2129/511/61 2132/514/63
f 2130/512/62 2135/517/64 2131/513/45
f 2134/516/58 2135/517/64 2130/512/62
f 2136/518/50 2131/513/45 2135/517/64
f 2134/516/58 2132/514/63 2137/519/65
f 2134/516/58 2137/519/65 2135/517/64
f 2137/519/65 2132/514/63 2133/515/53
f 2135/517/64 2137/519/65 2136/518/50
f 2133/515/53 2136/518/50 2137/519/65
f 2138/509/43 2139/510/48 2140/511/61
f 2140/511/61 2141/512/62 2138/509/43
f 2142/513/45 2138/509/43 2141/512/62
f 2143/514/63 2140/511/61 2139/510/48
f 2139/510/48 2144/515/53 2143/514/63
f 2145/516/58 2141/512/62 2140/511/61
f 2145/516/58 2140/511/61 2143/514/63
f 2141/512/62 2146/517/64 2142/513/45
f 2145/516/58 2146/517/64 2141/512/62
f 2147/518/50 2142/513/45 2146/517/64
f 2145/516/58 2143/514/63 2148/519/65
f 2145/516/58 2148/519/65 2146/517/64
f 2148/519/65 2143/514/63 2144/515/53
f 2146/517/64 2148/519/65 2147/518/50
f 2144/515/53 2147/518/50 2148/519/65
f 2149/509/43 2150/510/48 2151/511/61
f 2151/511/61 2152/512/62 2149/509/43
f 2153/513/45 2149/509/43 2152/512/62
f 2154/514/63 2151/511/61 2150/510/48
f 2150/510/48 2155/515/53 2154/514/63
f 2156/516/58 2152/512/62 2151/511/61
f 2156/516/58 2151/511/61 2154/514/63
f 2152/512/62 2157/517/64 2153/513/45
f 2156/516/58 2157/517/64 2152/512/62
f 2158/518/50 2153/513/45 2157/517/64
f 2156/516/58 2154/514/63 2159/519/65
f 2156/516/58 2159/519/65 2157/517/64
f 2159/519/65 2154/514/63 2155/515/53
f 2157/517/64 2159/519/65 2158/518/50
f 2155/515/53 2158/518/50 2159/519/65
f 2160/509/43 2161/510/48 2162/511/61
f 2162/511/61 2163/512/62 2160/509/43
f 2164/513/45 2160/509/43 2163/512/62
f 2165/514/63 2162/511/61 2161/510/48
f 2161/510/48 2166/515/53 2165/514/63
f 2167/516/58 2163/512/62 2162/511/61
f 2167/516/58 2162/511/61 2165/514/63
f 2163/512/62 2168/517/64 2164/513/45
f 2167/516/58 2168/517/64 2163/512/62
f 2169/518/50 2164/513/45 2168/517/64
f 2167/516/58 2165/514/63 2170/519/65
f 2167/516/58 2170/519/65 2168/517/64
f 2170/519/65 2165/514/63 2166/515/53
f 2168/517/64 2170/519/65 2169/518/50
f 2166/515/53 2169/518/50 2170/519/65
f 2171/509/43 2172/510/48 2173/511/61
f 2173/511/61 2174/512/62 2171/509/43
f 2175/513/45 2171/509/43 2174/512/62
f 2176/514/63 2173/511/61 2172/510/48
f 2172/510/48 2177/515/53 2176/514/63
f 2178/516/58 2174/512/62 2173/511/61
f 2178/516/58 2173/511/61 2176/514/63
f 2174/512/62 2179/517/64 2175/513/45
f 2178/516/58 2179/517/64 2174/512/62
f 2180/518/50 2175/513/45 2179/517/64
f 2178/516/58 2176/514/63 2181/519/65
f 2178/516/58 2181/519/65 2179/517/64
f 2181/519/65 2176/514/63 2177/515/53
f 2179/517/64 2181/519/65 2180/518/50
f 2177/515/53 2180/518/50 2181/519/65
f 2182/509/43 2183/510/48 2184/511/61
f 2184/511/61 2185/512/62 2182/509/43
f 2186/513/45 2182/509/43 2185/512/62
f 2187/514/63 2184/511/61 2183/510/48
f 2183/510/48 2188/515/53 2187/514/63
f 2189/516/58 2185/512/62 2184/511/61
f 2189/516/58 2184/511/61 2187/514/63
f 2185/512/62 2190/517/64 2186/513/45
f 2189/516/58 2190/517/64 2185/512/62
f 2191/518/50 2186/513/45 2190/517/64
f 2189/516/58 2187/514/63 2192/519/65
f 2189/516/58 2192/519/65 2190/517/64
f 2192/519/65 2187/514/63 2188/515/53
f 2190/517/64 2192/519/65 2191/518/50
f 2188/515/53 2191/518/50 2192/519/65
f 2193/509/43 2194/510/48 2195/511/61
f 2195/511/61 2196/512/62 2193/509/43
f 2197/513/45 2193/509/43 2196/512/62
f 2198/514/63 2195/511/61 2194/510/48
f 2194/510/48 2199/515/53 2198/514/63
f 2200/516/58 2196/512/62 2195/511/61
f 2200/516/58 2195/511/61 2198/514/63
f 2196/512/62 2201/517/64 2197/513/45
f 2200/516/58 2201/517/64 2196/512/62
f 2202/518/50 2197/513/45 2201/517/64
f 2200/516/58 2198/514/63 2203/519/65
f 2200/516/58 2203/519/65 2201/517/64
f 2203/519/65 2198/514/63 2199/515/53
f 2201/517/64 2203/519/65 2202/518/50
f 2199/515/53 2202/518/50 2203/519/65
f 2204/509/43 2205/510/48 2206/511/61
f 2206/511/61 2207/512/62 2204/509/43
f 2208/513/45 2204/509/43 2207/512/62
f 2209/514/63 2206/511/61 2205/510/48
f 2205/510/48 2210/515/53 2209/514/63
f 2211/516/58 2207/512/62 2206/511/61
f 2211/516/58 2206/511/61 2209/514/63
f 2207/512/62 2212/517/64 2208/513/45
f 2211/516/58 2212/517/64 2207/512/62
f 2213/518/50 2208/513/45 2212/517/64
f 2211/516/58 2209/514/63 2214/519/65
f 2211/516/58 2214/519/65 2212/517/64
f 2214/519/65 2209/514/63 2210/515/53
f 2212/517/64 2214/519/65 2213/518/50
f 2210/515/53 2213/518/50 2214/519/65
f 2215/509/43 2216/510/48 2217/511/61
f 2217/511/61 2218/512/62 2215/509/43
f 2219/513/45 2215/509/43 2218/512/62
f 2220/514/63 2217/511/61 2216/510/48
f 2216/510/48 2221/515/53 2220/514/63
f 2222/516/58 2218/512/62 2217/511/61
f 2222/516/58 2217/511/61 2220/514/63
f 2218/512/62 2223/517/64 2219/513/45
f 2222/516/58 2223/517/64 2218/512/62
f 2224/518/50 2219/513/45 2223/517/64
f 2222/516/58 2220/514/63 2225/519/65
f 2222/516/58 2225/519/65 2223/517/64
f 2225/519/65 2220/514/63 2221/515/53
f 2223/517/64 2225/519/65 2224/518/50
f 2221/515/53 2224/518/50 2225/519/65
f 2226/509/43 2227/510/45 2228/511/66
f 2228/511/66 2229/512/67 2226/509/43
f 2230/513/48 2226/509/43 2229/512/67
f 2231/514/68 2228/511/66 2227/510/45
f 2227/510/45 2232/515/50 2231/514/68
f 2233/516/51 2229/512/67 2228/511/66
f 2233/516/51 2228/511/66 2231/514/68
f 2229/512/67 2234/517/69 2230/513/48
f 2233/516/51 2234/517/69 2229/512/67
f 2235/518/53 2230/513/48 2234/517/69
f 2233/516/51 2231/514/68 2236/519/70
f 2233/516/51 2236/519/70 2234/517/69
f 2236/519/70 2231/514/68 2232/515/50
f 2234/517/69 2236/519/70 2235/518/53
f 2232/515/50 2235/518/53 2236/519/70
f 2237/509/43 2238/510/45 2239/511/66
f 2239/511/66 2240/512/67 2237/509/43
f 2241/513/48 2237/509/43 2240/512/67
f 2242/514/68 2239/511/66 2238/510/45
f 2238/510/45 2243/515/50 2242/514/68
f 2244/516/51 2240/512/67 2239/511/66
f 2244/516/51 2239/511/66 2242/514/68
f 2240/512/67 2245/517/69 2241/513/48
f 2244/516/51 2245/517/69 2240/512/67
f 2246/518/53 2241/513/48 2245/517/69
f 2244/516/51 2242/514/68 2247/519/70
f 2244/516/51 2247/519/70 2245/517/69
f 2247/519/70 2242/514/68 2243/515/50
f 2245/517/69 2247/519/70 2246/518/53
f 2243/515/50 2246/518/53 2247/519/70
f 2248/509/43 2249/510/45 2250/511/66
f 2250/511/66 2251/512/67 2248/509/43
f 2252/513/48 2248/509/43 2251/512/67
f 2253/514/68 2250/511/66 2249/510/45
f 2249/510/45 2254/515/50 2253/514/68
f 2255/516/51 2251/512/67 2250/511/66
f 2255/516/51 2250/511/66 2253/514/68
f 2251/512/67 2256/517/69 2252/513/48
f 2255/516/51 2256/517/69 2251/512/67
f 2257/518/53 2252/513/48 2256/517/69
f 2255/516/51 2253/514/68 2258/519/70
f 2255/516/51 2258/519/70 2256/517/69
f 2258/519/70 2253/514/68 2254/515/50
f 2256/517/69 2258/519/70 2257/518/53
f 2254/515/50 2257/518/53 2258/519/70
f 2259/509/43 2260/510/45 2261/511/66
f 2261/511/66 2262/512/67 2259/509/43
f 2263/513/48 2259/509/43 2262/512/67
f 2264/514/68 2261/511/66 2260/510/45
f 2260/510/45 2265/515/50 2264/514/68
f 2266/516/51 2262/512/67 2261/511/66
f 2266/516/51 2261/511/66 2264/514/68
f 2262/512/67 2267/517/69 2263/513/48
f 2266/516/51 2267/517/69 2262/512/67
f 2268/518/53 2263/513/48 2267/517/69
f 2266/516/51 2264/514/68 2269/519/70
f 2266/516/51 2269/519/70 2267/517/69
f 2269/519/70 2264/514/68 2265/515/50
f 2267/517/69 2269/519/70 2268/518/53
f 2265/515/50 2268/518/53 2269/519/70
f 2270/509/43 2271/510/45 2272/511/66
f 2272/511/66 2273/512/67 2270/509/43
f 2274/513/48 2270/509/43 2273/512/67
f 2275/514/68 2272/511/66 2271/510/45
f 2271/510/45 2276/515/50 2275/514/68
f 2277/516/51 2273/512/67 2272/511/66
f 2277/516/51 2272/511/66 2275/514/68
f 2273/512/67 2278/517/69 2274/513/48
f 2277/516/51 2278/517/69 2273/512/67
f 2279/518/53 2274/513/48 2278/517/69
f 2277/516/51 2275/514/68 2280/519/70
f 2277/516/51 2280/519/70 2278/517/69
f 2280/519/70 2275/514/68 2276/515/50
f 2278/517/69 2280/519/70 2279/518/53
f 2276/515/50 2279/518/53 2280/519/70
f 2281/509/43 2282/510/45 2283/511/66
f 2283/511/66 2284/512/67 2281/509/43
f 2285/513/48 2281/509/43 2284/512/67
f 2286/514/68 2283/511/66 2282/510/45
f 2282/510/45 2287/515/50 2286/514/68
f 2288/516/51 2284/512/67 2283/511/66
f 2288/516/51 2283/511/66 2286/514/68
f 2284/512/67 2289/517/69 2285/513/48
f 2288/516/51 2289/517/69 2284/512/67
f 2290/518/53 2285/513/48 2289/517/69
f 2288/516/51 2286/514/68 2291/519/70
f 2288/516/51 2291/519/70 2289/517/69
f 2291/519/70 2286/514/68 2287/515/50
f 2289/517/69 2291/519/70 2290/518/53
f 2287/515/50 2290/518/53 2291/519/70
f 2292/509/43 2293/510/45 2294/511/66
f 2294/511/66 2295/512/67 2292/509/43
f 2296/513/48 2292/509/43 2295/512/67
f 2297/514/68 2294/511/66 2293/510/45
f 2293/510/45 2298/515/50 2297/514/68
f 2299/516/51 2295/512/67 2294/511/66
f 2299/516/51 2294/511/66 2297/514/68
f 2295/512/67 2300/517/69 2296/513/48
f 2299/516/51 2300/517/69 2295/512/67
f 2301/518/53 2296/513/48 2300/517/69
f 2299/516/51 2297/514/68 2302/519/70
f 2299/516/51 2302/519/70 2300/517/69
f 2302/519/70 2297/514/68 2298/515/50
f 2300/517/69 2302/519/70 2301/518/53
f 2298/515/50 2301/518/53 2302/519/70
f 2303/509/43 2304/510/45 2305/511/66
f 2305/511/66 2306/512/67 2303/509/43
f 2307/513/48 2303/509/43 2306/512/67
f 2308/514/68 2305/511/66 2304/510/45
f 2304/510/45 2309/515/50 2308/514/68
f 2310/516/51 2306/512/67 2305/511/66
f 2310/516/51 2305/511/66 2308/514/68
f 2306/512/67 2311/517/69 2307/513/48
f 2310/516/51 2311/517/69 2306/512/67
f 2312/518/53 2307/513/48 2311/517/69
f 2310/516/51 2308/514/68 2313/519/70
f 2310/516/51 2313/519/70 2311/517/69
f 2313/519/70 2308/514/68 2309/515/50
f 2311/517/69 2313/519/70 2312/518/53
f 2309/515/50 2312/518/53 2313/519/70
f 2314/509/43 2315/510/45 2316/511/66
f 2316/511/66 2317/512/67 2314/509/43
f 2318/513/48 2314/509/43 2317/512/67
f 2319/514/68 2316/511/66 2315/510/45
f 2315/510/45 2320/515/50 2319/514/68
f 2321/516/51 2317/512/67 2316/511/66
f 2321/516/51 2316/511/66 2319/514/68
f 2317/512/67 2322/517/69 2318/513/48
f 2321/516/51 2322/517/69 2317/512/67
f 2323/518/53 2318/513/48 2322/517/69
f 2321/516/51 2319/514/68 2324/519/70
f 2321/516/51 2324/519/70 2322/517/69
f 2324/519/70 2319/514/68 2320/515/50
f 2322/517/69 2324/519/70 2323/518/53
f 2320/515/50 2323/518/53 2324/519/70
f 2325/509/43 2326/510/45 2327/511/66
f 2327/511/66 2328/512/67 2325/509/43
f 2329/513/48 2325/509/43 2328/512/67
f 2330/514/68 2327/511/66 2326/510/45
f 2326/510/45 2331/515/50 2330/514/68
f 2332/516/51 2328/512/67 2327/511/66
f 2332/516/51 2327/511/66 2330/514/68
f 2328/512/67 2333/517/69 2329/513/48
f 2332/516/51 2333/517/69 2328/512/67
f 2334/518/53 2329/513/48 2333/517/69
f 2332/516/51 2330/514/68 2335/519/70
f 2332/516/51 2335/519/70 2333/517/69
f 2335/519/70 2330/514/68 2331/515/50
f 2333/517/69 2335/519/70 2334/518/53
f 2331/515/50 2334/518/53 2335/519/70
f 2336/509/43 2337/510/45 2338/511/46
f 2338/511/46 2339/512/47 2336/509/43
f 2340/513/48 2336/509/43 2339/512/47
f 2341/514/49 2338/511/46 2337/510/45
f 2337/510/45 2342/515/50 2341/514/49
f 2343/516/51 2339/512/47 2338/511/46
f 2343/516/51 2338/511/46 2341/514/49
f 2339/512/47 2344/517/52 2340/513/48
f 2343/516/51 2344/517/52 2339/512/47
f 2345/518/53 2340/513/48 2344/517/52
f 2343/516/51 2341/514/49 2346/519/54
f 2343/516/51 2346/519/54 2344/517/52
f 2346/519/54 2341/514/49 2342/515/50
f 2344/517/52 2346/519/54 2345/518/53
f 2342/515/50 2345/518/53 2346/519/54
f 2347/509/43 2348/510/45 2349/511/46
f 2349/511/46 2350/512/47 2347/509/43
f 2351/513/48 2347/509/43 2350/512/47
f 2352/514/49 2349/511/46 2348/510/45
f 2348/510/45 2353/515/50 2352/514/49
f 2354/516/51 2350/512/47 2349/511/46
f 2354/516/51 2349/511/46 2352/514/49
f 2350/512/47 2355/517/52 2351/513/48
f 2354/516/51 2355/517/52 2350/512/47
f 2356/518/53 2351/513/48 2355/517/52
f 2354/516/51 2352/514/49 2357/519/54
f 2354/516/51 2357/519/54 2355/517/52
f 2357/519/54 2352/514/49 2353/515/50
f 2355/517/52 2357/519/54 2356/518/53
f 2353/515/50 2356/518/53 2357/519/54
f 2358/509/43 2359/510/48 2360/511/55
f 2360/511/55 2361/512/56 2358/509/43
f 2362/513/45 2358/509/43 2361/512/56
f 2363/514/57 2360/511/55 2359/510/48
f 2359/510/48 2364/515/53 2363/514/57
f 2365/516/58 2361/512/56 2360/511/55
f 2365/516/58 2360/511/55 2363/514/57
f 2361/512/56 2366/517/59 2362/513/45
f 2365/516/58 2366/517/59 2361/512/56
f 2367/518/50 2362/513/45 2366/517/59
f 2365/516/58 2363/514/57 2368/519/60
f 2365/516/58 2368/519/60 2366/517/59
f 2368/519/60 2363/514/57 2364/515/53
f 2366/517/59 2368/519/60 2367/518/50
f 2364/515/53 2367/518/50 2368/519/60
f 2369/509/43 2370/510/48 2371/511/55
f 2371/511/55 2372/512/56 2369/509/43
f 2373/513/45 2369/509/43 2372/512/56
f 2374/514/57 2371/511/55 2370/510/48
f 2370/510/48 2375/515/53 2374/514/57
f 2376/516/58 2372/512/56 2371/511/55
f 2376/516/58 2371/511/55 2374/514/57
f 2372/512/56 2377/517/59 2373/513/45
f 2376/516/58 2377/517/59 2372/512/56
f 2378/518/50 2373/513/45 2377/517/59
f 2376/516/58 2374/514/57 2379/519/60
f 2376/516/58 2379/519/60 2377/517/59
f 2379/519/60 2374/514/57 2375/515/53
f 2377/517/59 2379/519/60 2378/518/50
f 2375/515/53 2378/518/50 2379/519/60
f 2380/509/43 2381/510/48 2382/511/61
f 2382/511/61 2383/512/62 2380/509/43
f 2384/513/45 2380/509/43 2383/512/62
f 2385/514/63 2382/511/61 2381/510/48
f 2381/510/48 2386/515/53 2385/514/63
f 2387/516/58 2383/512/62 2382/511/61
f 2387/516/58 2382/511/61 2385/514/63
f 2383/512/62 2388/517/64 2384/513/45
f 2387/516/58 2388/517/64 2383/512/62
f 2389/518/50 2384/513/45 2388/517/64
f 2387/516/58 2385/514/63 2390/519/65
f 2387/516/58 2390/519/65 2388/517/64
f 2390/519/65 2385/514/63 2386/515/53
f 2388/517/64 2390/519/65 2389/518/50
f 2386/515/53 2389/518/50 2390/519/65
f 2391/509/43 2392/510/48 2393/511/61
f 2393/511/61 2394/512/62 2391/509/43
f 2395/513/45 2391/509/43 2394/512/62
f 2396/514/63 2393/511/61 2392/510/48
f 2392/510/48 2397/515/53 2396/514/63
f 2398/516/58 2394/512/62 2393/511/61
f 2398/516/58 2393/511/61 2396/514/63
f 2394/512/62 2399/517/64 2395/513/45
f 2398/516/58 2399/517/64 2394/512/62
f 2400/518/50 2395/513/45 2399/517/64
f 2398/516/58 2396/514/63 2401/519/65
f 2398/516/58 2401/519/65 2399/517/64
f 2401/519/65 2396/514/63 2397/515/53
f 2399/517/64 2401/519/65 2400/518/50
f 2397/515/53 2400/518/50 2401/519/65
f 2402/509/43 2403/510/48 2404/511/61
f 2404/511/61 2405/512/62 2402/509/43
f 2406/513/45 2402/509/43 2405/512/62
f 2407/514/63 2404/511/61 2403/510/48
f 2403/510/48 2408/515/53 2407/514/63
f 2409/516/58 2405/512/62 2404/511/61
f 2409/516/58 2404/511/61 2407/514/63
f 2405/512/62 2410/517/64 2406/513/45
f 2409/516/58 2410/517/64 2405/512/62
f 2411/518/50 2406/513/45 2410/517/64
f 2409/516/58 2407/514/63 2412/519/65
f 2409/516/58 2412/519/65 2410/517/64
f 2412/519/65 2407/514/63 2408/515/53
f 2410/517/64 2412/519/65 2411/518/50
f 2408/515/53 2411/518/50 2412/519/65
f 2413/509/43 2414/510/48 2415/511/61
f 2415/511/61 2416/512/62 2413/509/43
f 2417/513/45 2413/509/43 2416/512/62
f 2418/514/63 2415/511/61 2414/510/48
f 2414/510/48 2419/515/53 2418/514/63
f 2420/516/58 2416/512/62 2415/511/61
f 2420/516/58 2415/511/61 2418/514/63
f 2416/512/62 2421/517/64 2417/513/45
f 2420/516/58 2421/517/64 2416/512/62
f 2422/518/50 2417/513/45 2421/517/64
f 2420/516/58 2418/514/63 2423/519/65
f 2420/516/58 2423/519/65 2421/517/64
f 2423/519/65 2418/514/63 2419/515/53
f 2421/517/64 2423/519/65 2422/518/50
f 2419/515/53 2422/518/50 2423/519/65
f 2424/509/43 2425/510/48 2426/511/61
f 2426/511/61 2427/512/62 2424/509/43
f 2428/513/45 2424/509/43 2427/512/62
f 2429/514/63 2426/511/61 2425/510/48
f 2425/510/48 2430/515/53 2429/514/63
f 2431/516/58 2427/512/62 2426/511/61
f 2431/516/58 2426/511/61 2429/514/63
f 2427/512/62 2432/517/64 2428/513/45
f 2431/516/58 2432/517/64 2427/512/62
f 2433/518/50 2428/513/45 2432/517/64
f 2431/516/58 2429/514/63 2434/519/65
f 2431/516/58 2434/519/65 2432/517/64
f 2434/519/65 2429/514/63 2430/515/53
f 2432/517/64 2434/519/65 2433/518/50
f 2430/515/53 2433/518/50 2434/519/65
f 2435/509/43 2436/510/48 2437/511/61
f 2437/511/61 2438/512/62 2435/509/43
f 2439/513/45 2435/509/43 2438/512/62
f 2440/514/63 2437/511/61 2436/510/48
f 2436/510/48 2441/515/53 2440/514/63
f 2442/516/58 2438/512/62 2437/511/61
f 2442/516/58 2437/511/61 2440/514/63
f 2438/512/62 2443/517/64 2439/513/45
f 2442/516/58 2443/517/64 2438/512/62
f 2444/518/50 2439/513/45 2443/517/64
f 2442/516/58 2440/514/63 2445/519/65
f 2442/516/58 2445/519/65 2443/517/64
f 2445/519/65 2440/514/63 2441/515/53
f 2443/517/64 2445/519/65 2444/518/50
f 2441/515/53 2444/518/50 2445/519/65
f 2446/509/43 2447/510/48 2448/511/61
f 2448/511/61 2449/512/62 2446/509/43
f 2450/513/45 2446/509/43 2449/512/62
f 2451/514/63 2448/511/61 2447/510/48
f 2447/510/48 2452/515/53 2451/514/63
f 2453/516/58 2449/512/62 2448/511/61
f 2453/516/58 2448/511/61 2451/514/63
f 2449/512/62 2454/517/64 2450/513/45
f 2453/516/58 2454/517/64 2449/512/62
f 2455/518/50 2450/513/45 2454/517/64
f 2453/516/58 2451/514/63 2456/519/65
f 2453/516/58 2456/519/65 2454/517/64
f 2456/519/65 2451/514/63 2452/515/53
f 2454/517/64 2456/519/65 2455/518/50
f 2452/515/53 2455/518/50 2456/519/65
f 2457/509/43 2458/510/48 2459/511/61
f 2459/511/61 2460/512/62 2457/509/43
f 2461/513/45 2457/509/43 2460/512/62
f 2462/514/63 2459/511/61 2458/510/48
f 2458/510/48 2463/515/53 2462/514/63
f 2464/516/58 2460/512/62 2459/511/61
f 2464/516/58 2459/511/61 2462/514/63
f 2460/512/62 2465/517/64 2461/513/45
f 2464/516/58 2465/517/64 2460/512/62
f 2466/518/50 2461/513/45 2465/517/64
f 2464/516/58 2462/514/63 2467/519/65
f 2464/516/58 2467/519/65 2465/517/64
f 2467/519/65 2462/514/63 2463/515/53
f 2465/517/64 2467/519/65 2466/518/50
f 2463/515/53 2466/518/50 2467/519/65
f 2468/509/43 2469/510/48 2470/511/61
f 2470/511/61 2471/512/62 2468/509/43
f 2472/513/45 2468/509/43 2471/512/62
f 2473/514/63 2470/511/61 2469/510/48
f 2469/510/48 2474/515/53 2473/514/63
f 2475/516/58 2471/512/62 2470/511/61
f 2475/516/58 2470/511/61 2473/514/63
f 2471/512/62 2476/517/64 2472/513/45
f 2475/516/58 2476/517/64 2471/512/62
f 2477/518/50 2472/513/45 2476/517/64
f 2475/516/58 2473/514/63 2478/519/65
f 2475/516/58 2478/519/65 2476/517/64
f 2478/519/65 2473/514/63 2474/515/53
f 2476/517/64 2478/519/65 2477/518/50
f 2474/515/53 2477/518/50 2478/519/65
f 2479/509/43 2480/510/48 2481/511/61
f 2481/511/61 2482/512/62 2479/509/43
f 2483/513/45 2479/509/43 2482/512/62
f 2484/514/63 2481/511/61 2480/510/48
f 2480/510/48 2485/515/53 2484/514/63
f 2486/516/58 2482/512/62 2481/511/61
f 2486/516/58 2481/511/61 2484/514/63
f 2482/512/62 2487/517/64 2483/513/45
f 2486/516/58 2487/517/64 2482/512/62
f 2488/518/50 2483/513/45 2487/517/64
f 2486/516/58 2484/514/63 2489/519/65
f 2486/516/58 2489/519/65 2487/517/64
f 2489/519/65 2484/514/63 2485/515/53
f 2487/517/64 2489/519/65 2488/518/50
f 2485/515/53 2488/518/50 2489/519/65
f 2490/509/43 2491/510/45 2492/511/66
f 2492/511/66 2493/512/67 2490/509/43
f 2494/513/48 2490/509/43 2493/512/67
f 2495/514/68 2492/511/66 2491/510/45
f 2491/510/45 2496/515/50 2495/514/68
f 2497/516/51 2493/512/67 2492/511/66
f 2497/516/51 2492/511/66 2495/514/68
f 2493/512/67 2498/517/69 2494/513/48
f 2497/516/51 2498/517/69 2493/512/67
f 2499/518/53 2494/513/48 2498/517/69
f 2497/516/51 2495/514/68 2500/519/70
f 2497/516/51 2500/519/70 2498/517/69
f 2500/519/70 2495/514/68 2496/515/50
f 2498/517/69 2500/519/70 2499/518/53
f 2496/515/50 2499/518/53 2500/519/70
f 2501/509/43 2502/510/45 2503/511/66
f 2503/511/66 2504/512/67 2501/509/43
f 2505/513/48 2501/509/43 2504/512/67
f 2506/514/68 2503/511/66 2502/510/45
f 2502/510/45 2507/515/50 2506/514/68
f 2508/516/51 2504/512/67 2503/511/66
f 2508/516/51 2503/511/66 2506/514/68
f 2504/512/67 2509/517/69 2505/513/48
f 2508/516/51 2509/517/69 2504/512/67
f 2510/518/53 2505/513/48 2509/517/69
f 2508/516/51 2506/514/68 2511/519/70
f 2508/516/51 2511/519/70 2509/517/69
f 2511/519/70 2506/514/68 2507/515/50
f 2509/517/69 2511/519/70 2510/518/53
f 2507/515/50 2510/518/53 2511/519/70
f 2512/509/43 2513/510/45 2514/511/66
f 2514/511/66 2515/512/67 2512/509/43
f 2516/513/48 2512/509/43 2515/512/67
f 2517/514/68 2514/511/66 2513/510/45
f 2513/510/45 2518/515/50 2517/514/68
f 2519/516/51 2515/512/67 2514/511/66
f 2519/516/51 2514/511/66 2517/514/68
f 2515/512/67 2520/517/69 2516/513/48
f 2519/516/51 2520/517/69 2515/512/67
f 2521/518/53 2516/513/48 2520/517/69
f 2519/516/51 2517/514/68 2522/519/70
f 2519/516/51 2522/519/70 2520/517/69
f 2522/519/70 2517/514/68 2518/515/50
f 2520/517/69 2522/519/70 2521/518/53
f 2518/515/50 2521/518/53 2522/519/70
f 2523/509/43 2524/510/45 2525/511/66
f 2525/511/66 2526/512/67 2523/509/43
f 2527/513/48 2523/509/43 2526/512/67
f 2528/514/68 2525/511/66 2524/510/45
f 2524/510/45 2529/515/50 2528/514/68
f 2530/516/51 2526/512/67 2525/511/66
f 2530/516/51 2525/511/66 2528/514/68
f 2526/512/67 2531/517/69 2527/513/48
f 2530/516/51 2531/517/69 2526/512/67
f 2532/518/53 2527/513/48 2531/517/69
f 2530/516/51 2528/514/68 2533/519/70
f 2530/516/51 2533/519/70 2531/517/69
f 2533/519/70 2528/514/68 2529/515/50
f 2531/517/69 2533/519/70 2532/518/53
f 2529/515/50 2532/518/53 2533/519/70
f 2534/509/43 2535/510/45 2536/511/66
f 2536/511/66 2537/512/67 2534/509/43
f 2538/513/48 2534/509/43 2537/512/67
f 2539/514/68 2536/511/66 2535/510/45
f 2535/510/45 2540/515/50 2539/514/68
f 2541/516/51 2537/512/67 2536/511/66
f 2541/516/51 2536/511/66 2539/514/68
f 2537/512/67 2542/517/69 2538/513/48
f 2541/516/51 2542/517/69 2537/512/67
f 2543/518/53 2538/513/48 2542/517/69
f 2541/516/51 2539/514/68 2544/519/70
f 2541/516/51 2544/519/70 2542/517/69
f 2544/519/70 2539/514/68 2540/515/50
f 2542/517/69 2544/519/70 2543/518/53
f 2540/515/50 2543/518/53 2544/519/70
f 2545/509/43 2546/510/45 2547/511/66
f 2547/511/66 2548/512/67 2545/509/43
f 2549/513/48 2545/509/43 2548/512/67
f 2550/514/68 2547/511/66 2546/510/45
f 2546/510/45 2551/515/50 2550/514/68
f 2552/516/51 2548/512/67 2547/511/66
f 2552/516/51 2547/511/66 2550/514/68
f 2548/512/67 2553/517/69 2549/513/48
f 2552/516/51 2553/517/69 2548/512/67
f 2554/518/53 2549/513/48 2553/517/69
f 2552/516/51 2550/514/68 2555/519/70
f 2552/516/51 2555/519/70 2553/517/69
f 2555/519/70 2550/514/68 2551/515/50
f 2553/517/69 2555/519/70 2554/518/53
f 2551/515/50 2554/518/53 2555/519/70
f 2556/509/43 2557/510/45 2558/511/66
f 2558/511/66 2559/512/67 2556/509/43
f 2560/513/48 2556/509/43 2559/512/67
f 2561/514/68 2558/511/66 2557/510/45
f 2557/510/45 2562/515/50 2561/514/68
f 2563/516/51 2559/512/67 2558/511/66
f 2563/516/51 2558/511/66 2561/514/68
f 2559/512/67 2564/517/69 2560/513/48
f 2563/516/51 2564/517/69 2559/512/67
f 2565/518/53 2560/513/48 2564/517/69
f 2563/516/51 2561/514/68 2566/519/70
f 2563/516/51 2566/519/70 2564/517/69
f 2566/519/70 2561/514/68 2562/515/50
f 2564/517/69 2566/519/70 2565/518/53
f 2562/515/50 2565/518/53 2566/519/70
f 2567/509/43 2568/510/45 2569/511/66
f 2569/511/66 2570/512/67 2567/509/43
f 2571/513/48 2567/509/43 2570/512/67
f 2572/514/68 2569/511/66 2568/510/45
f 2568/510/45 2573/515/50 2572/514/68
f 2574/516/51 2570/512/67 2569/511/66
f 2574/516/51 2569/511/66 2572/514/68
f 2570/512/67 2575/517/69 2571/513/48
f 2574/516/51 2575/517/69 2570/512/67
f 2576/518/53 2571/513/48 2575/517/69
f 2574/516/51 2572/514/68 2577/519/70
f 2574/516/51 2577/519/70 2575/517/69
f 2577/519/70 2572/514/68 2573/515/50
f 2575/517/69 2577/519/70 2576/518/53
f 2573/515/50 2576/518/53 2577/519/70
f 2578/509/43 2579/510/45 2580/511/66
f 2580/511/66 2581/512/67 2578/509/43
f 2582/513/48 2578/509/43 2581/512/67
f 2583/514/68 2580/511/66 2579/510/45
f 2579/510/45 2584/515/50 2583/514/68
f 2585/516/51 2581/512/67 2580/511/66
f 2585/516/51 2580/511/66 2583/514/68
f 2581/512/67 2586/517/69 2582/513/48
f 2585/516/51 2586/517/69 2581/512/67
f 2587/518/53 2582/513/48 2586/517/69
f 2585/516/51 2583/514/68 2588/519/70
f 2585/516/51 2588/519/70 2586/517/69
f 2588/519/70 2583/514/68 2584/515/50
f 2586/517/69 2588/519/70 2587/518/53
f 2584/515/50 2587/518/53 2588/519/70
f 2589/509/43 2590/510/45 2591/511/66
f 2591/511/66 2592/512/67 2589/509/43
f 2593/513/48 2589/509/43 2592/512/67
f 2594/514/68 2591/511/66 2590/510/45
f 2590/510/45 2595/515/50 2594/514/68
f 2596/516/51 2592/512/67 2591/511/66
f 2596/516/51 2591/511/66 2594/514/68
f 2592/512/67 2597/517/69 2593/513/48
f 2596/516/51 2597/517/69 2592/512/67
f 2598/518/53 2593/513/48 2597/517/69
f 2596/516/51 2594/514/68 2599/519/70
f 2596/516/51 2599/519/70 2597/517/69
f 2599/519/70 2594/514/68 2595/515/50
f 2597/517/69 2599/519/70 2598/518/53
f 2595/515/50 2598/518/53 2599/519/70
f 2600/509/43 2601/510/45 2602/511/46
f 2602/511/46 2603/512/47 2600/509/43
f 2604/513/48 2600/509/43 2603/512/47
f 2605/514/49 2602/511/46 2601/510/45
f 2601/510/45 2606/515/50 2605/514/49
f 2607/516/51 2603/512/47 2602/511/46
f 2607/516/51 2602/511/46 2605/514/49
f 2603/512/47 2608/517/52 2604/513/48
f 2607/516/51 2608/517/52 2603/512/47
f 2609/518/53 2604/513/48 2608/517/52
f 2607/516/51 2605/514/49 2610/519/54
f 2607/516/51 2610/519/54 2608/517/52
f 2610/519/54 2605/514/49 2606/515/50
f 2608/517/52 2610/519/54 2609/518/53
f 2606/515/50 2609/518/53 2610/519/54
f 2611/509/43 2612/510/45 2613/511/46
f 2613/511/46 2614/512/47 2611/509/43
f 2615/513/48 2611/509/43 2614/512/47
f 2616/514/49 2613/511/46 2612/510/45
f 2612/510/45 2617/515/50 2616/514/49
f 2618/516/51 2614/512/47 2613/511/46
f 2618/516/51 2613/511/46 2616/514/49
f 2614/512/47 2619/517/52 2615/513/48
f 2618/516/51 2619/517/52 2614/512/47
f 2620/518/53 2615/513/48 2619/517/52
f 2618/516/51 2616/514/49 2621/519/54
f 2618/516/51 2621/519/54 2619/517/52
f 2621/519/54 2616/514/49 2617/515/50
f 2619/517/52 2621/519/54 2620/518/53
f 2617/515/50 2620/518/53 2621/519/54
f 2622/509/43 2623/510/48 2624/511/55
f 2624/511/55 2625/512/56 2622/509/43
f 2626/513/45 2622/509/43 2625/512/56
f 2627/514/57 2624/511/55 2623/510/48
f 2623/510/48 2628/515/53 2627/514/57
f 2629/516/58 2625/512/56 2624/511/55
f 2629/516/58 2624/511/55 2627/514/57
f 2625/512/56 2630/517/59 2626/513/45
f 2629/516/58 2630/517/59 2625/512/56
f 2631/518/50 2626/513/45 2630/517/59
f 2629/516/58 2627/514/57 2632/519/60
f 2629/516/58 2632/519/60 2630/517/59
f 2632/519/60 2627/514/57 2628/515/53
f 2630/517/59 2632/519/60 2631/518/50
f 2628/515/53 2631/518/50 2632/519/60
f 2633/509/43 2634/510/48 2635/511/55
f 2635/511/55 2636/512/56 2633/509/43
f 2637/513/45 2633/509/43 2636/512/56
f 2638/514/57 2635/511/55 2634/510/48
f 2634/510/48 2639/515/53 2638/514/57
f 2640/516/58 2636/512/56 2635/511/55
f 2640/516/58 2635/511/55 2638/514/57
f 2636/512/56 2641/517/59 2637/513/45
f 2640/516/58 2641/517/59 2636/512/56
f 2642/518/50 2637/513/45 2641/517/59
f 2640/516/58 2638/514/57 2643/519/60
f 2640/516/58 2643/519/60 2641/517/59
f 2643/519/60 2638/514/57 2639/515/53
f 2641/517/59 2643/519/60 2642/518/50
f 2639/515/53 2642/518/50 2643/519/60
f 2644/509/43 2645/510/48 2646/511/61
f 2646/511/61 2647/512/62 2644/509/43
f 2648/513/45 2644/509/43 2647/512/62
f 2649/514/63 2646/511/61 2645/510/48
f 2645/510/48 2650/515/53 2649/514/63
f 2651/516/58 2647/512/62 2646/511/61
f 2651/516/58 2646/511/61 2649/514/63
f 2647/512/62 2652/517/64 2648/513/45
f 2651/516/58 2652/517/64 2647/512/62
f 2653/518/50 2648/513/45 2652/517/64
f 2651/516/58 2649/514/63 2654/519/65
f 2651/516/58 2654/519/65 2652/517/64
f 2654/519/65 2649/514/63 2650/515/53
f 2652/517/64 2654/519/65 2653/518/50
f 2650/515/53 2653/518/50 2654/519/65
f 2655/509/43 2656/510/48 2657/511/61
f 2657/511/61 2658/512/62 2655/509/43
f 2659/513/45 2655/509/43 2658/512/62
f 2660/514/63 2657/511/61 2656/510/48
f 2656/510/48 2661/515/53 2660/514/63
f 2662/516/58 2658/512/62 2657/511/61
f 2662/516/58 2657/511/61 2660/514/63
f 2658/512/62 2663/517/64 2659/513/45
f 2662/516/58 2663/517/64 2658/512/62
f 2664/518/50 2659/513/45 2663/517/64
f 2662/516/58 2660/514/63 2665/519/65
f 2662/516/58 2665/519/65 2663/517/64
f 2665/519/65 2660/514/63 2661/515/53
f 2663/517/64 2665/519/65 2664/518/50
f 2661/515/53 2664/518/50 2665/519/65
f 2666/509/43 2667/510/48 2668/511/61
f 2668/511/61 2669/512/62 2666/509/43
f 2670/513/45 2666/509/43 2669/512/62
f 2671/514/63 2668/511/61 2667/510/48
f 2667/510/48 2672/515/53 2671/514/63
f 2673/516/58 2669/512/62 2668/511/61
f 2673/516/58 2668/511/61 2671/514/63
f 2669/512/62 2674/517/64 2670/513/45
f 2673/516/58 2674/517/64 2669/512/62
f 2675/518/50 2670/513/45 2674/517/64
f 2673/516/58 2671/514/63 2676/519/65
f 2673/516/58 2676/519/65 2674/517/64
f 2676/519/65 2671/514/63 2672/515/53
f 2674/517/64 2676/519/65 2675/518/50
f 2672/515/53 2675/518/50 2676/519/65
f 2677/509/43 2678/510/48 2679/511/61
f 2679/511/61 2680/512/62 2677/509/43
f 2681/513/45 2677/509/43 2680/512/62
f 2682/514/63 2679/511/61 2678/510/48
f 2678/510/48 2683/515/53 2682/514/63
f 2684/516/58 2680/512/62 2679/511/61
f 2684/516/58 2679/511/61 2682/514/63
f 2680/512/62 2685/517/64 2681/513/45
f 2684/516/58 2685/517/64 2680/512/62
f 2686/518/50 2681/513/45 2685/517/64
f 2684/516/58 2682/514/63 2687/519/65
f 2684/516/58 2687/519/65 2685/517/64
f 2687/519/65 2682/514/63 2683/515/53
f 2685/517/64 2687/519/65 2686/518/50
f 2683/515/53 2686/518/50 2687/519/65
f 2688/509/43 2689/510/48 2690/511/61
f 2690/511/61 2691/512/62 2688/509/43
f 2692/513/45 2688/509/43 2691/512/62
f 2693/514/63 2690/511/61 2689/510/48
f 2689/510/48 2694/515/53 2693/514/63
f 2695/516/58 2691/512/62 2690/511/61
f 2695/516/58 2690/511/61 2693/514/63
f 2691/512/62 2696/517/64 2692/513/45
f 2695/516/58 2696/517/64 2691/512/62
f 2697/518/50 2692/513/45 2696/517/64
f 2695/516/58 2693/514/63 2698/519/65
f 2695/516/58 2698/519/65 2696/517/64
f 2698/519/65 2693/514/63 2694/515/53
f 2696/517/64 2698/519/65 2697/518/50
f 2694/515/53 2697/518/50 2698/519/65
f 2699/509/43 2700/510/48 2701/511/61
f 2701/511/61 2702/512/62 2699/509/43
f 2703/513/45 2699/509/43 2702/512/62
f 2704/514/63 2701/511/61 2700/510/48
f 2700/510/48 2705/515/53 2704/514/63
f 2706/516/58 2702/512/62 2701/511/61
f 2706/516/58 2701/511/61 2704/514/63
f 2702/512/62 2707/517/64 2703/513/45
f 2706/516/58 2707/517/64 2702/512/62
f 2708/518/50 2703/513/45 2707/517/64
f 2706/516/58 2704/514/63 2709/519/65
f 2706/516/58 2709/519/65 2707/517/64
f 2709/519/65 2704/514/63 2705/515/53
f 2707/517/64 2709/519/65 2708/518/50
f 2705/515/53 2708/518/50 2709/519/65
f 2710/509/43 2711/510/48 2712/511/61
f 2712/511/61 2713/512/62 2710/509/43
f 2714/513/45 2710/509/43 2713/512/62
f 2715/514/63 2712/511/61 2711/510/48
f 2711/510/48 2716/515/53 2715/514/63
f 2717/516/58 2713/512/62 2712/511/61
f 2717/516/58 2712/511/61 2715/514/63
f 2713/512/62 2718/517/64 2714/513/45
f 2717/516/58 2718/517/64 2713/512/62
f 2719/518/50 2714/513/45 2718/517/64
f 2717/516/58 2715/514/63 2720/519/65
f 2717/516/58 2720/519/65 2718/517/64
f 2720/519/65 2715/514/63 2716/515/53
f 2718/517/64 2720/519/65 2719/518/50
f 2716/515/53 2719/518/50 2720/519/65
f 2721/509/43 2722/510/48 2723/511/61
f 2723/511/61 2724/512/62 2721/509/43
f 2725/513/45 2721/509/43 2724/512/62
f 2726/514/63 2723/511/61 2722/510/48
f 2722/510/48 2727/515/53 2726/514/63
f 2728/516/58 2724/512/62 2723/511/61
f 2728/516/58 2723/511/61 2726/514/63
f 2724/512/62 2729/517/64 2725/513/45
f 2728/516/58 2729/517/64 2724/512/62
f 2730/518/50 2725/513/45 2729/517/64
f 2728/516/58 2726/514/63 2731/519/65
f 2728/516/58 2731/519/65 2729/517/64
f 2731/519/65 2726/514/63 2727/515/53
f 2729/517/64 2731/519/65 2730/518/50
f 2727/515/53 2730/518/50 2731/519/65
f 2732/509/43 2733/510/48 2734/511/61
f 2734/511/61 2735/512/62 2732/509/43
f 2736/513/45 2732/509/43 2735/512/62
f 2737/514/63 2734/511/61 2733/510/48
f 2733/510/48 2738/515/53 2737/514/63
f 2739/516/58 2735/512/62 2734/511/61
f 2739/516/58 2734/511/61 2737/514/63
f 2735/512/62 2740/517/64 2736/513/45
f 2739/516/58 2740/517/64 2735/512/62
f 2741/518/50 2736/513/45 2740/517/64
f 2739/516/58 2737/514/63 2742/519/65
f 2739/516/58 2742/519/65 2740/517/64
f 2742/519/65 2737/514/63 2738/515/53
f 2740/517/64 2742/519/65 2741/518/50
f 2738/515/53 2741/518/50 2742/519/65
f 2743/509/43 2744/510/48 2745/511/61
f 2745/511/61 2746/512/62 2743/509/43
f 2747/513/45 2743/509/43 2746/512/62
f 2748/514/63 2745/511/61 2744/510/48
f 2744/510/48 2749/515/53 2748/514/63
f 2750/516/58 2746/512/62 2745/511/61
f 2750/516/58 2745/511/61 2748/514/63
f 2746/512/62 2751/517/64 2747/513/45
f 2750/516/58 2751/517/64 2746/512/62
f 2752/518/50 2747/513/45 2751/517/64
f 2750/516/58 2748/514/63 2753/519/65
f 2750/516/58 2753/519/65 2751/517/64
f 2753/519/65 2748/514/63 2749/515/53
f 2751/517/64 2753/519/65 2752/518/50
f 2749/515/53 2752/518/50 2753/519/65
f 2754/509/43 2755/510/45 2756/511/66
f 2756/511/66 2757/512/67 2754/509/43
f 2758/513/48 2754/509/43 2757/512/67
f 2759/514/68 2756/511/66 2755/510/45
f 2755/510/45 2760/515/50 2759/514/68
f 2761/516/51 2757/512/67 2756/511/66
f 2761/516/51 2756/511/66 2759/514/68
f 2757/512/67 2762/517/69 2758/513/48
f 2761/516/51 2762/517/69 2757/512/67
f 2763/518/53 2758/513/48 2762/517/69
f 2761/516/51 2759/514/68 2764/519/70
f 2761/516/51 2764/519/70 2762/517/69
f 2764/519/70 2759/514/68 2760/515/50
f 2762/517/69 2764/519/70 2763/518/53
f 2760/515/50 2763/518/53 2764/519/70
f 2765/509/43 2766/510/45 2767/511/66
f 2767/511/66 2768/512/67 2765/509/43
f 2769/513/48 2765/509/43 2768/512/67
f 2770/514/68 2767/511/66 2766/510/45
f 2766/510/45 2771/515/50 2770/514/68
f 2772/516/51 2768/512/67 2767/511/66
f 2772/516/51 2767/511/66 2770/514/68
f 2768/512/67 2773/517/69 2769/513/48
f 2772/516/51 2773/517/69 2768/512/67
f 2774/518/53 2769/513/48 2773/517/69
f 2772/516/51 2770/514/68 2775/519/70
f 2772/516/51 2775/519/70 2773/517/69
f 2775/519/70 2770/514/68 2771/515/50
f 2773/517/69 2775/519/70 2774/518/53
f 2771/515/50 2774/518/53 2775/519/70
f 2776/509/43 2777/510/45 2778/511/66
f 2778/511/66 2779/512/67 2776/509/43
f 2780/513/48 2776/509/43 2779/512/67
f 2781/514/68 2778/511/66 2777/510/45
f 2777/510/45 2782/515/50 2781/514/68
f 2783/516/51 2779/512/67 2778/511/66
f 2783/516/51 2778/511/66 2781/514/68
f 2779/512/67 2784/517/69 2780/513/48
f 2783/516/51 2784/517/69 2779/512/67
f 2785/518/53 2780/513/48 2784/517/69
f 2783/516/51 2781/514/68 2786/519/70
f 2783/516/51 2786/519/70 2784/517/69
f 2786/519/70 2781/514/68 2782/515/50
f 2784/517/69 2786/519/70 2785/518/53
f 2782/515/50 2785/518/53 2786/519/70
f 2787/509/43 2788/510/45 2789/511/66
f 2789/511/66 2790/512/67 2787/509/43
f 2791/513/48 2787/509/43 2790/512/67
f 2792/514/68 2789/511/66 2788/510/45
f 2788/510/45 2793/515/50 2792/514/68
f 2794/516/51 2790/512/67 2789/511/66
f 2794/516/51 2789/511/66 2792/514/68
f 2790/512/67 2795/517/69 2791/513/48
f 2794/516/51 2795/517/69 2790/512/67
f 2796/518/53 2791/513/48 2795/517/69
f 2794/516/51 2792/514/68 2797/519/70
f 2794/516/51 2797/519/70 2795/517/69
f 2797/519/70 2792/514/68 2793/515/50
f 2795/517/69 2797/519/70 2796/518/53
f 2793/515/50 2796/518/53 2797/519/70
f 2798/509/43 2799/510/45 2800/511/66
f 2800/511/66 2801/512/67 2798/509/43
f 2802/513/48 2798/509/43 2801/512/67
f 2803/514/68 2800/511/66 2799/510/45
f 2799/510/45 2804/515/50 2803/514/68
f 2805/516/51 2801/512/67 2800/511/66
f 2805/516/51 2800/511/66 2803/514/68
f 2801/512/67 2806/517/69 2802/513/48
f 2805/516/51 2806/517/69 2801/512/67
f 2807/518/53 2802/513/48 2806/517/69
f 2805/516/51 2803/514/68 2808/519/70
f 2805/516/51 2808/519/70 2806/517/69
f 2808/519/70 2803/514/68 2804/515/50
f 2806/517/69 2808/519/70 2807/518/53
f 2804/515/50 2807/518/53 2808/519/70
f 2809/509/43 2810/510/45 2811/511/66
f 2811/511/66 2812/512/67 2809/509/43
f 2813/513/48 2809/509/43 2812/512/67
f 2814/514/68 2811/511/66 2810/510/45
f 2810/510/45 2815/515/50 2814/514/68
f 2816/516/51 2812/512/67 2811/511/66
f 2816/516/51 2811/511/66 2814/514/68
f 2812/512/67 2817/517/69 2813/513/48
f 2816/516/51 2817/517/69 2812/512/67
f 2818/518/53 2813/513/48 2817/517/69
f 2816/516/51 2814/514/68 2819/519/70
f 2816/516/51 2819/519/70 2817/517/69
f 2819/519/70 2814/514/68 2815/515/50
f 2817/517/69 2819/519/70 2818/518/53
f 2815/515/50 2818/518/53 2819/519/70
f 2820/509/43 2821/510/45 2822/511/66
f 2822/511/66 2823/512/67 2820/509/43
f 2824/513/48 2820/509/43 2823/512/67
f 2825/514/68 2822/511/66 2821/510/45
f 2821/510/45 2826/515/50 2825/514/68
f 2827/516/51 2823/512/67 2822/511/66
f 2827/516/51 2822/511/66 2825/514/68
f 2823/512/67 2828/517/69 2824/513/48
f 2827/516/51 2828/517/69 2823/512/67
f 2829/518/53 2824/513/48 2828/517/69
f 2827/516/51 2825/514/68 2830/519/70
f 2827/516/51 2830/519/70 2828/517/69
f 2830/519/70 2825/514/68 2826/515/50
f 2828/517/69 2830/519/70 2829/518/53
f 2826/515/50 2829/518/53 2830/519/70
f 2831/509/43 2832/510/45 2833/511/66
f 2833/511/66 2834/512/67 2831/509/43
f 2835/513/48 2831/509/43 2834/512/67
f 2836/514/68 2833/511/66 2832/510/45
f 2832/510/45 2837/515/50 2836/514/68
f 2838/516/51 2834/512/67 2833/511/66
f 2838/516/51 2833/511/66 2836/514/68
f 2834/512/67 2839/517/69 2835/513/48
f 2838/516/51 2839/517/69 2834/512/67
f 2840/518/53 2835/513/48 2839/517/69
f 2838/516/51 2836/514/68 2841/519/70
f 2838/516/51 2841/519/70 2839/517/69
f 2841/519/70 2836/514/68 2837/515/50
f 2839/517/69 2841/519/70 2840/518/53
f 2837/515/50 2840/518/53 2841/519/70
f 2842/509/43 2843/510/45 2844/511/66
f 2844/511/66 2845/512/67 2842/509/43
f 2846/513/48 2842/509/43 2845/512/67
f 2847/514/68 2844/511/66 2843/510/45
f 2843/510/45 2848/515/50 2847/514/68
f 2849/516/51 2845/512/67 2844/511/66
f 2849/516/51 2844/511/66 2847/514/68
f 2845/512/67 2850/517/69 2846/513/48
f 2849/516/51 2850/517/69 2845/512/67
f 2851/518/53 2846/513/48 2850/517/69
f 2849/516/51 2847/514/68 2852/519/70
f 2849/516/51 2852/519/70 2850/517/69
f 2852/519/70 2847/514/68 2848/515/50
f 2850/517/69 2852/519/70 2851/518/53
f 2848/515/50 2851/518/53 2852/519/70
f 2853/509/43 2854/510/45 2855/511/66
f 2855/511/66 2856/512/67 2853/509/43
f 2857/513/48 2853/509/43 2856/512/67
f 2858/514/68 2855/511/66 2854/510/45
f 2854/510/45 2859/515/50 2858/514/68
f 2860/516/51 2856/512/67 2855/511/66
f 2860/516/51 2855/511/66 2858/514/68
f 2856/512/67 2861/517/69 2857/513/48
f 2860/516/51 2861/517/69 2856/512/67
f 2862/518/53 2857/513/48 2861/517/69
f 2860/516/51 2858/514/68 2863/519/70
f 2860/516/51 2863/519/70 2861/517/69
f 2863/519/70 2858/514/68 2859/515/50
f 2861/517/69 2863/519/70 2862/518/53
f 2859/515/50 2862/518/53 2863/519/70
f 2864/509/43 2865/510/45 2866/511/46
f 2866/511/46 2867/512/47 2864/509/43
f 2868/513/48 2864/509/43 2867/512/47
f 2869/514/49 2866/511/46 2865/510/45
f 2865/510/45 2870/515/50 2869/514/49
f 2871/516/51 2867/512/47 2866/511/46
f 2871/516/51 2866/511/46 2869/514/49
f 2867/512/47 2872/517/52 2868/513/48
f 2871/516/51 2872/517/52 2867/512/47
f 2873/518/53 2868/513/48 2872/517/52
f 2871/516/51 2869/514/49 2874/519/54
f 2871/516/51 2874/519/54 2872/517/52
f 2874/519/54 2869/514/49 2870/515/50
f 2872/517/52 2874/519/54 2873/518/53
f 2870/515/50 2873/518/53 2874/519/54
f 2875/509/43 2876/510/45 2877/511/46
f 2877/511/46 2878/512/47 2875/509/43
f 2879/513/48 2875/509/43 2878/512/47
f 2880/514/49 2877/511/46 2876/510/45
f 2876/510/45 2881/515/50 2880/514/49
f 2882/516/51 2878/512/47 2877/511/46
f 2882/516/51 2877/511/46 2880/514/49
f 2878/512/47 2883/517/52 2879/513/48
f 2882/516/51 2883/517/52 2878/512/47
f 2884/518/53 2879/513/48 2883/517/52
f 2882/516/51 2880/514/49 2885/519/54
f 2882/516/51 2885/519/54 2883/517/52
f 2885/519/54 2880/514/49 2881/515/50
f 2883/517/52 2885/519/54 2884/518/53
f 2881/515/50 2884/518/53 2885/519/54
f 2886/509/43 2887/510/48 2888/511/55
f 2888/511/55 2889/512/56 2886/509/43
f 2890/513/45 2886/509/43 2889/512/56
f 2891/514/57 2888/511/55 2887/510/48
f 2887/510/48 2892/515/53 2891/514/57
f 2893/516/58 2889/512/56 2888/511/55
f 2893/516/58 2888/511/55 2891/514/57
f 2889/512/56 2894/517/59 2890/513/45
f 2893/516/58 2894/517/59 2889/512/56
f 2895/518/50 2890/513/45 2894/517/59
f 2893/516/58 2891/514/57 2896/519/60
f 2893/516/58 2896/519/60 2894/517/59
f 2896/519/60 2891/514/57 2892/515/53
f 2894/517/59 2896/519/60 2895/518/50
f 2892/515/53 2895/518/50 2896/519/60
f 2897/509/43 2898/510/48 2899/511/55
f 2899/511/55 2900/512/56 2897/509/43
f 2901/513/45 2897/509/43 2900/512/56
f 2902/514/57 2899/511/55 2898/510/48
f 2898/510/48 2903/515/53 2902/514/57
f 2904/516/58 2900/512/56 2899/511/55
f 2904/516/58 2899/511/55 2902/514/57
f 2900/512/56 2905/517/59 2901/513/45
f 2904/516/58 2905/517/59 2900/512/56
f 2906/518/50 2901/513/45 2905/517/59
f 2904/516/58 2902/514/57 2907/519/60
f 2904/516/58 2907/519/60 2905/517/59
f 2907/519/60 2902/514/57 2903/515/53
f 2905/517/59 2907/519/60 2906/518/50
f 2903/515/53 2906/518/50 2907/519/60
f 2908/509/43 2909/510/48 2910/511/61
f 2910/511/61 2911/512/62 2908/509/43
f 2912/513/45 2908/509/43 2911/512/62
f 2913/514/63 2910/511/61 2909/510/48
f 2909/510/48 2914/515/53 2913/514/63
f 2915/516/58 2911/512/62 2910/511/61
f 2915/516/58 2910/511/61 2913/514/63
f 2911/512/62 2916/517/64 2912/513/45
f 2915/516/58 2916/517/64 2911/512/62
f 2917/518/50 2912/513/45 2916/517/64
f 2915/516/58 2913/514/63 2918/519/65
f 2915/516/58 2918/519/65 2916/517/64
f 2918/519/65 2913/514/63 2914/515/53
f 2916/517/64 2918/519/65 2917/518/50
f 2914/515/53 2917/518/50 2918/519/65
f 2919/509/43 2920/510/48 2921/511/61
f 2921/511/61 2922/512/62 2919/509/43
f 2923/513/45 2919/509/43 2922/512/62
f 2924/514/63 2921/511/61 2920/510/48
f 2920/510/48 2925/515/53 2924/514/63
f 2926/516/58 2922/512/62 2921/511/61
f 2926/516/58 2921/511/61 2924/514/63
f 2922/512/62 2927/517/64 2923/513/45
f 2926/516/58 2927/517/64 2922/512/62
f 2928/518/50 2923/513/45 2927/517/64
f 2926/516/58 2924/514/63 2929/519/65
f 2926/516/58 2929/519/65 2927/517/64
f 2929/519/65 2924/514/63 2925/515/53
f 2927/517/64 2929/519/65 2928/518/50
f 2925/515/53 2928/518/50 2929/519/65
f 2930/509/43 2931/510/48 2932/511/61
f 2932/511/61 2933/512/62 2930/509/43
f 2934/513/45 2930/509/43 2933/512/62
f 2935/514/63 2932/511/61 2931/510/48
f 2931/510/48 2936/515/53 2935/514/63
f 2937/516/58 2933/512/62 2932/511/61
f 2937/516/58 2932/511/61 2935/514/63
f 2933/512/62 2938/517/64 2934/513/45
f 2937/516/58 2938/517/64 2933/512/62
f 2939/518/50 2934/513/45 2938/517/64
f 2937/516/58 2935/514/63 2940/519/65
f 2937/516/58 2940/519/65 2938/517/64
f 2940/519/65 2935/514/63 2936/515/53
f 2938/517/64 2940/519/65 2939/518/50
f 2936/515/53 2939/518/50 2940/519/65
f 2941/509/43 2942/510/48 2943/511/61
f 2943/511/61 2944/512/62 2941/509/43
f 2945/513/45 2941/509/43 2944/512/62
f 2946/514/63 2943/511/61 2942/510/48
f 2942/510/48 2947/515/53 2946/514/63
f 2948/516/58 2944/512/62 2943/511/61
f 2948/516/58 2943/511/61 2946/514/63
f 2944/512/62 2949/517/64 2945/513/45
f 2948/516/58 2949/517/64 2944/512/62
f 2950/518/50 2945/513/45 2949/517/64
f 2948/516/58 2946/514/63 2951/519/65
f 2948/516/58 2951/519/65 2949/517/64
f 2951/519/65 2946/514/63 2947/515/53
f 2949/517/64 2951/519/65 2950/518/50
f 2947/515/53 2950/518/50 2951/519/65
f 2952/509/43 2953/510/48 2954/511/61
f 2954/511/61 2955/512/62 2952/509/43
f 2956/513/45 2952/509/43 2955/512/62
f 2957/514/63 2954/511/61 2953/510/48
f 2953/510/48 2958/515/53 2957/514/63
f 2959/516/58 2955/512/62 2954/511/61
f 2959/516/58 2954/511/61 2957/514/63
f 2955/512/62 2960/517/64 2956/513/45
f 2959/516/58 2960/517/64 2955/512/62
f 2961/518/50 2956/513/45 2960/517/64
f 2959/516/58 2957/514/63 2962/519/65
f 2959/516/58 2962/519/65 2960/517/64
f 2962/519/65 2957/514/63 2958/515/53
f 2960/517/64 2962/519/65 2961/518/50
f 2958/515/53 2961/518/50 2962/519/65
f 2963/509/43 2964/510/48 2965/511/61
f 2965/511/61 2966/512/62 2963/509/43
f 2967/513/45 2963/509/43 2966/512/62
f 2968/514/63 2965/511/61 2964/510/48
f 2964/510/48 2969/515/53 2968/514/63
f 2970/516/58 2966/512/62 2965/511/61
f 2970/516/58 2965/511/61 2968/514/63
f 2966/512/62 2971/517/64 2967/513/45
f 2970/516/58 2971/517/64 2966/512/62
f 2972/518/50 2967/513/45 2971/517/64
f 2970/516/58 2968/514/63 2973/519/65
f 2970/516/58 2973/519/65 2971/517/64
f 2973/519/65 2968/514/63 2969/515/53
f 2971/517/64 2973/519/65 2972/518/50
f 2969/515/53 2972/518/50 2973/519/65
f 2974/509/43 2975/510/48 2976/511/61
f 2976/511/61 2977/512/62 2974/509/43
f 2978/513/45 2974/509/43 2977/512/62
f 2979/514/63 2976/511/61 2975/510/48
f 2975/510/48 2980/515/53 2979/514/63
f 2981/516/58 2977/512/62 2976/511/61
f 2981/516/58 2976/511/61 2979/514/63
f 2977/512/62 2982/517/64 2978/513/45
f 2981/516/58 2982/517/64 2977/512/62
f 2983/518/50 2978/513/45 2982/517/64
f 2981/516/58 2979/514/63 2984/519/65
f 2981/516/58 2984/519/65 2982/517/64
f 2984/519/65 2979/514/63 2980/515/53
f 2982/517/64 2984/519/65 2983/518/50
f 2980/515/53 2983/518/50 2984/519/65
f 2985/509/43 2986/510/48 2987/511/61
f 2987/511/61 2988/512/62 2985/509/43
f 2989/513/45 2985/509/43 2988/512/62
f 2990/514/63 2987/511/61 2986/510/48
f 2986/510/48 2991/515/53 2990/514/63
f 2992/516/58 2988/512/62 2987/511/61
f 2992/516/58 2987/511/61 2990/514/63
f 2988/512/62 2993/517/64 2989/513/45
f 2992/516/58 2993/517/64 2988/512/62
f 2994/518/50 2989/513/45 2993/517/64
f 2992/516/58 2990/514/63 2995/519/65
f 2992/516/58 2995/519/65 2993/517/64
f 2995/519/65 2990/514/63 2991/515/53
f 2993/517/64 2995/519/65 2994/518/50
f 2991/515/53 2994/518/50 2995/519/65
f 2996/509/43 2997/510/48 2998/511/61
f 2998/511/61 2999/512/62 2996/509/43
f 3000/513/45 2996/509/43 2999/512/62
f 3001/514/63 2998/511/61 2997/510/48
f 2997/510/48 3002/515/53 3001/514/63
f 3003/516/58 2999/512/62 2998/511/61
f 3003/516/58 2998/511/61 3001/514/63
f 2999/512/62 3004/517/64 3000/513/45
f 3003/516/58 3004/517/64 2999/512/62
f 3005/518/50 3000/513/45 3004/517/64
f 3003/516/58 3001/514/63 3006/519/65
f 3003/516/58 3006/519/65 3004/517/64
f 3006/519/65 3001/514/63 3002/515/53
f 3004/517/64 3006/519/65 3005/518/50
f 3002/515/53 3005/518/50 3006/519/65
f 3007/509/43 3008/510/48 3009/511/61
f 3009/511/61 3010/512/62 3007/509/43
f 3011/513/45 3007/509/43 3010/512/62
f 3012/514/63 3009/511/61 3008/510/48
f 3008/510/48 3013/515/53 3012/514/63
f 3014/516/58 3010/512/62 3009/511/61
f 3014/516/58 3009/511/61 3012/514/63
f 3010/512/62 3015/517/64 3011/513/45
f 3014/516/58 3015/517/64 3010/512/62
f 3016/518/50 3011/513/45 3015/517/64
f 3014/516/58 3012/514/63 3017/519/65
f 3014/516/58 3017/519/65 3015/517/64
f 3017/519/65 3012/514/63 3013/515/53
f 3015/517/64 3017/519/65 3016/518/50
f 3013/515/53 3016/518/50 3017/519/65
f 3018/509/43 3019/510/45 3020/511/66
f 3020/511/66 3021/512/67 3018/509/43
f 3022/513/48 3018/509/43 3021/512/67
f 3023/514/68 3020/511/66 3019/510/45
f 3019/510/45 3024/515/50 3023/514/68
f 3025/516/51 3021/512/67 3020/511/66
f 3025/516/51 3020/511/66 3023/514/68
f 3021/512/67 3026/517/69 3022/513/48
f 3025/516/51 3026/517/69 3021/512/67
f 3027/518/53 3022/513/48 3026/517/69
f 3025/516/51 3023/514/68 3028/519/70
f 3025/516/51 3028/519/70 3026/517/69
f 3028/519/70 3023/514/68 3024/515/50
f 3026/517/69 3028/519/70 3027/518/53
f 3024/515/50 3027/518/53 3028/519/70
f 3029/509/43 3030/510/45 3031/511/66
f 3031/511/66 3032/512/67 3029/509/43
f 3033/513/48 3029/509/43 3032/512/67
f 3034/514/68 3031/511/66 3030/510/45
f 3030/510/45 3035/515/50 3034/514/68
f 3036/516/51 3032/512/67 3031/511/66
f 3036/516/51 3031/511/66 3034/514/68
f 3032/512/67 3037/517/69 3033/513/48
f 3036/516/51 3037/517/69 3032/512/67
f 3038/518/53 3033/513/48 3037/517/69
f 3036/516/51 3034/514/68 3039/519/70
f 3036/516/51 3039/519/70 3037/517/69
f 3039/519/70 3034/514/68 3035/515/50
f 3037/517/69 3039/519/70 3038/518/53
f 3035/515/50 3038/518/53 3039/519/70
f 3040/509/43 3041/510/45 3042/511/66
f 3042/511/66 3043/512/67 3040/509/43
f 3044/513/48 3040/509/43 3043/512/67
f 3045/514/68 3042/511/66 3041/510/45
f 3041/510/45 3046/515/50 3045/514/68
f 3047/516/51 3043/512/67 3042/511/66
f 3047/516/51 3042/511/66 3045/514/68
f 3043/512/67 3048/517/69 3044/513/48
f 3047/516/51 3048/517/69 3043/512/67
f 3049/518/53 3044/513/48 3048/517/69
f 3047/516/51 3045/514/68 3050/519/70
f 3047/516/51 3050/519/70 3048/517/69
f 3050/519/70 3045/514/68 3046/515/50
f 3048/517/69 3050/519/70 3049/518/53
f 3046/515/50 3049/518/53 3050/519/70
f 3051/509/43 3052/510/45 3053/511/66
f 3053/511/66 3054/512/67 3051/509/43
f 3055/513/48 3051/509/43 3054/512/67
f 3056/514/68 3053/511/66 3052/510/45
f 3052/510/45 3057/515/50 3056/514/68
f 3058/516/51 3054/512/67 3053/511/66
f 3058/516/51 3053/511/66 3056/514/68
f 3054/512/67 3059/517/69 3055/513/48
f 3058/516/51 3059/517/69 3054/512/67
f 3060/518/53 3055/513/48 3059/517/69
f 3058/516/51 3056/514/68 3061/519/70
f 3058/516/51 3061/519/70 3059/517/69
f 3061/519/70 3056/514/68 3057/515/50
f 3059/517/69 3061/519/70 3060/518/53
f 3057/515/50 3060/518/53 3061/519/70
f 3062/509/43 3063/510/45 3064/511/66
f 3064/511/66 3065/512/67 3062/509/43
f 3066/513/48 3062/509/43 3065/512/67
f 3067/514/68 3064/511/66 3063/510/45
f 3063/510/45 3068/515/50 3067/514/68
f 3069/516/51 3065/512/67 3064/511/66
f 3069/516/51 3064/511/66 3067/514/68
f 3065/512/67 3070/517/69 3066/513/48
f 3069/516/51 3070/517/69 3065/512/67
f 3071/518/53 3066/513/48 3070/517/69
f 3069/516/51 3067/514/68 3072/519/70
f 3069/516/51 3072/519/70 3070/517/69
f 3072/519/70 3067/514/68 3068/515/50
f 3070/517/69 3072/519/70 3071/518/53
f 3068/515/50 3071/518/53 3072/519/70
f 3073/509/43 3074/510/45 3075/511/66
f 3075/511/66 3076/512/67 3073/509/43
f 3077/513/48 3073/509/43 3076/512/67
f 3078/514/68 3075/511/66 3074/510/45
f 3074/510/45 3079/515/50 3078/514/68
f 3080/516/51 3076/512/67 3075/511/66
f 3080/516/51 3075/511/66 3078/514/68
f 3076/512/67 3081/517/69 3077/513/48
f 3080/516/51 3081/517/69 3076/512/67
f 3082/518/53 3077/513/48 3081/517/69
f 3080/516/51 3078/514/68 3083/519/70
f 3080/516/51 3083/519/70 3081/517/69
f 3083/519/70 3078/514/68 3079/515/50
f 3081/517/69 3083/519/70 3082/518/53
f 3079/515/50 3082/518/53 3083/519/70
f 3084/509/43 3085/510/45 3086/511/66
f 3086/511/66 3087/512/67 3084/509/43
f 3088/513/48 3084/509/43 3087/512/67
f 3089/514/68 3086/511/66 3085/510/45
f 3085/510/45 3090/515/50 3089/514/68
f 3091/516/51 3087/512/67 3086/511/66
f 3091/516/51 3086/511/66 3089/514/68
f 3087/512/67 3092/517/69 3088/513/48
f 3091/516/51 3092/517/69 3087/512/67
f 3093/518/53 3088/513/48 3092/517/69
f 3091/516/51 3089/514/68 3094/519/70
f 3091/516/51 3094/519/70 3092/517/69
f 3094/519/70 3089/514/68 3090/515/50
f 3092/517/69 3094/519/70 3093/518/53
f 3090/515/50 3093/518/53 3094/519/70
f 3095/509/43 3096/510/45 3097/511/66
f 3097/511/66 3098/512/67 3095/509/43
f 3099/513/48 3095/509/43 3098/512/67
f 3100/514/68 3097/511/66 3096/510/45
f 3096/510/45 3101/515/50 3100/514/68
f 3102/516/51 3098/512/67 3097/511/66
f 3102/516/51 3097/511/66 3100/514/68
f 3098/512/67 3103/517/69 3099/513/48
f 3102/516/51 3103/517/69 3098/512/67
f 3104/518/53 3099/513/48 3103/517/69
f 3102/516/51 3100/514/68 3105/519/70
f 3102/516/51 3105/519/70 3103/517/69
f 3105/519/70 3100/514/68 3101/515/50
f 3103/517/69 3105/519/70 3104/518/53
f 3101/515/50 3104/518/53 3105/519/70
f 3106/509/43 3107/510/45 3108/511/66
f 3108/511/66 3109/512/67 3106/509/43
f 3110/513/48 3106/509/43 3109/512/67
f 3111/514/68 3108/511/66 3107/510/45
f 3107/510/45 3112/515/50 3111/514/68
f 3113/516/51 3109/512/67 3108/511/66
f 3113/516/51 3108/511/66 3111/514/68
f 3109/512/67 3114/517/69 3110/513/48
f 3113/516/51 3114/517/69 3109/512/67
f 3115/518/53 3110/513/48 3114/517/69
f 3113/516/51 3111/514/68 3116/519/70
f 3113/516/51 3116/519/70 3114/517/69
f 3116/519/70 3111/514/68 3112/515/50
f 3114/517/69 3116/519/70 3115/518/53
f 3112/515/50 3115/518/53 3116/519/70
f 3117/509/43 3118/510/45 3119/511/66
f 3119/511/66 3120/512/67 3117/509/43
f 3121/513/48 3117/509/43 3120/512/67
f 3122/514/68 3119/511/66 3118/510/45
f 3118/510/45 3123/515/50 3122/514/68
f 3124/516/51 3120/512/67 3119/511/66
f 3124/516/51 3119/511/66 3122/514/68
f 3120/512/67 3125/517/69 3121/513/48
f 3124/516/51 3125/517/69 3120/512/67
f 3126/518/53 3121/513/48 3125/517/69
f 3124/516/51 3122/514/68 3127/519/70
f 3124/516/51 3127/519/70 3125/517/69
f 3127/519/70 3122/514/68 3123/515/50
f 3125/517/69 3127/519/70 3126/518/53
f 3123/515/50 3126/518/53 3127/519/70
f 3128/509/43 3129/510/45 3130/511/46
f 3130/511/46 3131/512/47 3128/509/43
f 3132/513/48 3128/509/43 3131/512/47
f 3133/514/49 3130/511/46 3129/510/45
f 3129/510/45 3134/515/50 3133/514/49
f 3135/516/51 3131/512/47 3130/511/46
f 3135/516/51 3130/511/46 3133/514/49
f 3131/512/47 3136/517/52 3132/513/48
f 3135/516/51 3136/517/52 3131/512/47
f 3137/518/53 3132/513/48 3136/517/52
f 3135/516/51 3133/514/49 3138/519/54
f 3135/516/51 3138/519/54 3136/517/52
f 3138/519/54 3133/514/49 3134/515/50
f 3136/517/52 3138/519/54 3137/518/53
f 3134/515/50 3137/518/53 3138/519/54
f 3139/509/43 3140/510/45 3141/511/46
f 3141/511/46 3142/512/47 3139/509/43
f 3143/513/48 3139/509/43 3142/512/47
f 3144/514/49 3141/511/46 3140/510/45
f 3140/510/45 3145/515/50 3144/514/49
f 3146/516/51 3142/512/47 3141/511/46
f 3146/516/51 3141/511/46 3144/514/49
f 3142/512/47 3147/517/52 3143/513/48
f 3146/516/51 3147/517/52 3142/512/47
f 3148/518/53 3143/513/48 3147/517/52
f 3146/516/51 3144/514/49 3149/519/54
f 3146/516/51 3149/519/54 3147/517/52
f 3149/519/54 3144/514/49 3145/515/50
f 3147/517/52 3149/519/54 3148/518/53
f 3145/515/50 3148/518/53 3149/519/54
f 3150/509/43 3151/510/48 3152/511/55
f 3152/511/55 3153/512/56 3150/509/43
f 3154/513/45 3150/509/43 3153/512/56
f 3155/514/57 3152/511/55 3151/510/48
f 3151/510/48 3156/515/53 3155/514/57
f 3157/516/58 3153/512/56 3152/511/55
f 3157/516/58 3152/511/55 3155/514/57
f 3153/512/56 3158/517/59 3154/513/45
f 3157/516/58 3158/517/59 3153/512/56
f 3159/518/50 3154/513/45 3158/517/59
f 3157/516/58 3155/514/57 3160/519/60
f 3157/516/58 3160/519/60 3158/517/59
f 3160/519/60 3155/514/57 3156/515/53
f 3158/517/59 3160/519/60 3159/518/50
f 3156/515/53 3159/518/50 3160/519/60
f 3161/509/43 3162/510/48 3163/511/55
f 3163/511/55 3164/512/56 3161/509/43
f 3165/513/45 3161/509/43 3164/512/56
f 3166/514/57 3163/511/55 3162/510/48
f 3162/510/48 3167/515/53 3166/514/57
f 3168/516/58 3164/512/56 3163/511/55
f 3168/516/58 3163/511/55 3166/514/57
f 3164/512/56 3169/517/59 3165/513/45
f 3168/516/58 3169/517/59 3164/512/56
f 3170/518/50 3165/513/45 3169/517/59
f 3168/516/58 3166/514/57 3171/519/60
f 3168/516/58 3171/519/60 3169/517/59
f 3171/519/60 3166/514/57 3167/515/53
f 3169/517/59 3171/519/60 3170/518/50
f 3167/515/53 3170/518/50 3171/519/60
f 3172/509/43 3173/510/48 3174/511/61
f 3174/511/61 3175/512/62 3172/509/43
f 3176/513/45 3172/509/43 3175/512/62
f 3177/514/63 3174/511/61 3173/510/48
f 3173/510/48 3178/515/53 3177/514/63
f 3179/516/58 3175/512/62 3174/511/61
f 3179/516/58 3174/511/61 3177/514/63
f 3175/512/62 3180/517/64 3176/513/45
f 3179/516/58 3180/517/64 3175/512/62
f 3181/518/50 3176/513/45 3180/517/64
f 3179/516/58 3177/514/63 3182/519/65
f 3179/516/58 3182/519/65 3180/517/64
f 3182/519/65 3177/514/63 3178/515/53
f 3180/517/64 3182/519/65 3181/518/50
f 3178/515/53 3181/518/50 3182/519/65
f 3183/509/43 3184/510/48 3185/511/61
f 3185/511/61 3186/512/62 3183/509/43
f 3187/513/45 3183/509/43 3186/512/62
f 3188/514/63 3185/511/61 3184/510/48
f 3184/510/48 3189/515/53 3188/514/63
f 3190/516/58 3186/512/62 3185/511/61
f 3190/516/58 3185/511/61 3188/514/63
f 3186/512/62 3191/517/64 3187/513/45
f 3190/516/58 3191/517/64 3186/512/62
f 3192/518/50 3187/513/45 3191/517/64
f 3190/516/58 3188/514/63 3193/519/65
f 3190/516/58 3193/519/65 3191/517/64
f 3193/519/65 3188/514/63 3189/515/53
f 3191/517/64 3193/519/65 3192/518/50
f 3189/515/53 3192/518/50 3193/519/65
f 3194/509/43 3195/510/48 3196/511/61
f 3196/511/61 3197/512/62 3194/509/43
f 3198/513/45 3194/509/43 3197/512/62
f 3199/514/63 3196/511/61 3195/510/48
f 3195/510/48 3200/515/53 3199/514/63
f 3201/516/58 3197/512/62 3196/511/61
f 3201/516/58 3196/511/61 3199/514/63
f 3197/512/62 3202/517/64 3198/513/45
f 3201/516/58 3202/517/64 3197/512/62
f 3203/518/50 3198/513/45 3202/517/64
f 3201/516/58 3199/514/63 3204/519/65
f 3201/516/58 3204/519/65 3202/517/64
f 3204/519/65 3199/514/63 3200/515/53
f 3202/517/64 3204/519/65 3203/518/50
f 3200/515/53 3203/518/50 3204/519/65
f 3205/509/43 3206/510/48 3207/511/61
f 3207/511/61 3208/512/62 3205/509/43
f 3209/513/45 3205/509/43 3208/512/62
f 3210/514/63 3207/511/61 3206/510/48
f 3206/510/48 3211/515/53 3210/514/63
f 3212/516/58 3208/512/62 3207/511/61
f 3212/516/58 3207/511/61 3210/514/63
f 3208/512/62 3213/517/64 3209/513/45
f 3212/516/58 3213/517/64 3208/512/62
f 3214/518/50 3209/513/45 3213/517/64
f 3212/516/58 3210/514/63 3215/519/65
f 3212/516/58 3215/519/65 3213/517/64
f 3215/519/65 3210/514/63 3211/515/53
f 3213/517/64 3215/519/65 3214/518/50
f 3211/515/53 3214/518/50 3215/519/65
f 3216/509/43 3217/510/48 3218/511/61
f 3218/511/61 3219/512/62 3216/509/43
f 3220/513/45 3216/509/43 3219/512/62
f 3221/514/63 3218/511/61 3217/510/48
f 3217/510/48 3222/515/53 3221/514/63
f 3223/516/58 3219/512/62 3218/511/61
f 3223/516/58 3218/511/61 3221/514/63
f 3219/512/62 3224/517/64 3220/513/45
f 3223/516/58 3224/517/64 3219/512/62
f 3225/518/50 3220/513/45 3224/517/64
f 3223/516/58 3221/514/63 3226/519/65
f 3223/516/58 3226/519/65 3224/517/64
f 3226/519/65 3221/514/63 3222/515/53
f 3224/517/64 3226/519/65 3225/518/50
f 3222/515/53 3225/518/50 3226/519/65
f 3227/509/43 3228/510/48 3229/511/61
f 3229/511/61 3230/512/62 3227/509/43
f 3231/513/45 3227/509/43 3230/512/62
f 3232/514/63 3229/511/61 3228/510/48
f 3228/510/48 3233/515/53 3232/514/63
f 3234/516/58 3230/512/62 3229/511/61
f 3234/516/58 3229/511/61 3232/514/63
f 3230/512/62 3235/517/64 3231/513/45
f 3234/516/58 3235/517/64 3230/512/62
f 3236/518/50 3231/513/45 3235/517/64
f 3234/516/58 3232/514/63 3237/519/65
f 3234/516/58 3237/519/65 3235/517/64
f 3237/519/65 3232/514/63 3233/515/53
f 3235/517/64 3237/519/65 3236/518/50
f 3233/515/53 3236/518/50 3237/519/65
f 3238/509/43 3239/510/48 3240/511/61
f 3240/511/61 3241/512/62 3238/509/43
f 3242/513/45 3238/509/43 3241/512/62
f 3243/514/63 3240/511/61 3239/510/48
f 3239/510/48 3244/515/53 3243/514/63
f 3245/516/58 3241/512/62 3240/511/61
f 3245/516/58 3240/511/61 3243/514/63
f 3241/512/62 3246/517/64 3242/513/45
f 3245/516/58 3246/517/64 3241/512/62
f 3247/518/50 3242/513/45 3246/517/64
f 3245/516/58 3243/514/63 3248/519/65
f 3245/516/58 3248/519/65 3246/517/64
f 3248/519/65 3243/514/63 3244/515/53
f 3246/517/64 3248/519/65 3247/518/50
f 3244/515/53 3247/518/50 3248/519/65
f 3249/509/43 3250/510/48 3251/511/61
f 3251/511/61 3252/512/62 3249/509/43
f 3253/513/45 3249/509/43 3252/512/62
f 3254/514/63 3251/511/61 3250/510/48
f 3250/510/48 3255/515/53 3254/514/63
f 3256/516/58 3252/512/62 3251/511/61
f 3256/516/58 3251/511/61 3254/514/63
f 3252/512/62 3257/517/64 3253/513/45
f 3256/516/58 3257/517/64 3252/512/62
f 3258/518/50 3253/513/45 3257/517/64
f 3256/516/58 3254/514/63 3259/519/65
f 3256/516/58 3259/519/65 3257/517/64
f 3259/519/65 3254/514/63 3255/515/53
f 3257/517/64 3259/519/65 3258/518/50
f 3255/515/53 3258/518/50 3259/519/65
f 3260/509/43 3261/510/48 3262/511/61
f 3262/511/61 3263/512/62 3260/509/43
f 3264/513/45 3260/509/43 3263/512/62
f 3265/514/63 3262/511/61 3261/510/48
f 3261/510/48 3266/515/53 3265/514/63
f 3267/516/58 3263/512/62 3262/511/61
f 3267/516/58 3262/511/61 3265/514/63
f 3263/512/62 3268/517/64 3264/513/45
f 3267/516/58 3268/517/64 3263/512/62
f 3269/518/50 3264/513/45 3268/517/64
f 3267/516/58 3265/514/63 3270/519/65
f 3267/516/58 3270/519/65 3268/517/64
f 3270/519/65 3265/514/63 3266/515/53
f 3268/517/64 3270/519/65 3269/518/50
f 3266/515/53 3269/518/50 3270/519/65
f 3271/509/43 3272/510/48 3273/511/61
f 3273/511/61 3274/512/62 3271/509/43
f 3275/513/45 3271/509/43 3274/512/62
f 3276/514/63 3273/511/61 3272/510/48
f 3272/510/48 3277/515/53 3276/514/63
f 3278/516/58 3274/512/62 3273/511/61
f 3278/516/58 3273/511/61 3276/514/63
f 3274/512/62 3279/517/64 3275/513/45
f 3278/516/58 3279/517/64 3274/512/62
f 3280/518/50 3275/513/45 3279/517/64
f 3278/516/58 3276/514/63 3281/519/65
f 3278/516/58 3281/519/65 3279/517/64
f 3281/519/65 3276/514/63 3277/515/53
f 3279/517/64 3281/519/65 3280/518/50
f 3277/515/53 3280/518/50 3281/519/65
f 3282/509/43 3283/510/45 3284/511/66
f 3284/511/66 3285/512/67 3282/509/43
f 3286/513/48 3282/509/43 3285/512/67
f 3287/514/68 3284/511/66 3283/510/45
f 3283/510/45 3288/515/50 3287/514/68
f 3289/516/51 3285/512/67 3284/511/66
f 3289/516/51 3284/511/66 3287/514/68
f 3285/512/67 3290/517/69 3286/513/48
f 3289/516/51 3290/517/69 3285/512/67
f 3291/518/53 3286/513/48 3290/517/69
f 3289/516/51 3287/514/68 3292/519/70
f 3289/516/51 3292/519/70 3290/517/69
f 3292/519/70 3287/514/68 3288/515/50
f 3290/517/69 3292/519/70 3291/518/53
f 3288/515/50 3291/518/53 3292/519/70
f 3293/509/43 3294/510/45 3295/511/66
f 3295/511/66 3296/512/67 3293/509/43
f 3297/513/48 3293/509/43 3296/512/67
f 3298/514/68 3295/511/66 3294/510/45
f 3294/510/45 3299/515/50 3298/514/68
f 3300/516/51 3296/512/67 3295/511/66
f 3300/516/51 3295/511/66 3298/514/68
f 3296/512/67 3301/517/69 3297/513/48
f 3300/516/51 3301/517/69 3296/512/67
f 3302/518/53 3297/513/48 3301/517/69
f 3300/516/51 3298/514/68 3303/519/70
f 3300/516/51 3303/519/70 3301/517/69
f 3303/519/70 3298/514/68 3299/515/50
f 3301/517/69 3303/519/70 3302/518/53
f 3299/515/50 3302/518/53 3303/519/70
f 3304/509/43 3305/510/45 3306/511/66
f 3306/511/66 3307/512/67 3304/509/43
f 3308/513/48 3304/509/43 3307/512/67
f 3309/514/68 3306/511/66 3305/510/45
f 3305/510/45 3310/515/50 3309/514/68
f 3311/516/51 3307/512/67 3306/511/66
f 3311/516/51 3306/511/66 3309/514/68
f 3307/512/67 3312/517/69 3308/513/48
f 3311/516/51 3312/517/69 3307/512/67
f 3313/518/53 3308/513/48 3312/517/69
f 3311/516/51 3309/514/68 3314/519/70
f 3311/516/51 3314/519/70 3312/517/69
f 3314/519/70 3309/514/68 3310/515/50
f 3312/517/69 3314/519/70 3313/518/53
f 3310/515/50 3313/518/53 3314/519/70
f 3315/509/43 3316/510/45 3317/511/66
f 3317/511/66 3318/512/67 3315/509/43
f 3319/513/48 3315/509/43 3318/512/67
f 3320/514/68 3317/511/66 3316/510/45
f 3316/510/45 3321/515/50 3320/514/68
f 3322/516/51 3318/512/67 3317/511/66
f 3322/516/51 3317/511/66 3320/514/68
f 3318/512/67 3323/517/69 3319/513/48
f 3322/516/51 3323/517/69 3318/512/67
f 3324/518/53 3319/513/48 3323/517/69
f 3322/516/51 3320/514/68 3325/519/70
f 3322/516/51 3325/519/70 3323/517/69
f 3325/519/70 3320/514/68 3321/515/50
f 3323/517/69 3325/519/70 3324/518/53
f 3321/515/50 3324/518/53 3325/519/70
f 3326/509/43 3327/510/45 3328/511/66
f 3328/511/66 3329/512/67 3326/509/43
f 3330/513/48 3326/509/43 3329/512/67
f 3331/514/68 3328/511/66 3327/510/45
f 3327/510/45 3332/515/50 3331/514/68
f 3333/516/51 3329/512/67 3328/511/66
f 3333/516/51 3328/511/66 3331/514/68
f 3329/512/67 3334/517/69 3330/513/48
f 3333/516/51 3334/517/69 3329/512/67
f 3335/518/53 3330/513/48 3334/517/69
f 3333/516/51 3331/514/68 3336/519/70
f 3333/516/51 3336/519/70 3334/517/69
f 3336/519/70 3331/514/68 3332/515/50
f 3334/517/69 3336/519/70 3335/518/53
f 3332/515/50 3335/518/53 3336/519/70
f 3337/509/43 3338/510/45 3339/511/66
f 3339/511/66 3340/512/67 3337/509/43
f 3341/513/48 3337/509/43 3340/512/67
f 3342/514/68 3339/511/66 3338/510/45
f 3338/510/45 3343/515/50 3342/514/68
f 3344/516/51 3340/512/67 3339/511/66
f 3344/516/51 3339/511/66 3342/514/68
f 3340/512/67 3345/517/69 3341/513/48
f 3344/516/51 3345/517/69 3340/512/67
f 3346/518/53 3341/513/48 3345/517/69
f 3344/516/51 3342/514/68 3347/519/70
f 3344/516/51 3347/519/70 3345/517/69
f 3347/519/70 3342/514/68 3343/515/50
f 3345/517/69 3347/519/70 3346/518/53
f 3343/515/50 3346/518/53 3347/519/70
f 3348/509/43 3349/510/45 3350/511/66
f 3350/511/66 3351/512/67 3348/509/43
f 3352/513/48 3348/509/43 3351/512/67
f 3353/514/68 3350/511/66 3349/510/45
f 3349/510/45 3354/515/50 3353/514/68
f 3355/516/51 3351/512/67 3350/511/66
f 3355/516/51 3350/511/66 3353/514/68
f 3351/512/67 3356/517/69 3352/513/48
f 3355/516/51 3356/517/69 3351/512/67
f 3357/518/53 3352/513/48 3356/517/69
f 3355/516/51 3353/514/68 3358/519/70
f 3355/516/51 3358/519/70 3356/517/69
f 3358/519/70 3353/514/68 3354/515/50
f 3356/517/69 3358/519/70 3357/518/53
f 3354/515/50 3357/518/53 3358/519/70
f 3359/509/43 3360/510/45 3361/511/66
f 3361/511/66 3362/512/67 3359/509/43
f 3363/513/48 3359/509/43 3362/512/67
f 3364/514/68 3361/511/66 3360/510/45
f 3360/510/45 3365/515/50 3364/514/68
f 3366/516/51 3362/512/67 3361/511/66
f 3366/516/51 3361/511/66 3364/514/68
f 3362/512/67 3367/517/69 3363/513/48
f 3366/516/51 3367/517/69 3362/512/67
f 3368/518/53 3363/513/48 3367/517/69
f 3366/516/51 3364/514/68 3369/519/70
f 3366/516/51 3369/519/70 3367/517/69
f 3369/519/70 3364/514/68 3365/515/50
f 3367/517/69 3369/519/70 3368/518/53
f 3365/515/50 3368/518/53 3369/519/70
f 3370/509/43 3371/510/45 3372/511/66
f 3372/511/66 3373/512/67 3370/509/43
f 3374/513/48 3370/509/43 3373/512/67
f 3375/514/68 3372/511/66 3371/510/45
f 3371/510/45 3376/515/50 3375/514/68
f 3377/516/51 3373/512/67 3372/511/66
f 3377/516/51 3372/511/66 3375/514/68
f 3373/512/67 3378/517/69 3374/513/48
f 3377/516/51 3378/517/69 3373/512/67
f 3379/518/53 3374/513/48 3378/517/69
f 3377/516/51 3375/514/68 3380/519/70
f 3377/516/51 3380/519/70 3378/517/69
f 3380/519/70 3375/514/68 3376/515/50
f 3378/517/69 3380/519/70 3379/518/53
f 3376/515/50 3379/518/53 3380/519/70
f 3381/509/43 3382/510/45 3383/511/66
f 3383/511/66 3384/512/67 3381/509/43
f 3385/513/48 3381/509/43 3384/512/67
f 3386/514/68 3383/511/66 3382/510/45
f 3382/510/45 3387/515/50 3386/514/68
f 3388/516/51 3384/512/67 3383/511/66
f 3388/516/51 3383/511/66 3386/514/68
f 3384/512/67 3389/517/69 3385/513/48
f 3388/516/51 3389/517/69 3384/512/67
f 3390/518/53 3385/513/48 3389/517/69
f 3388/516/51 3386/514/68 3391/519/70
f 3388/516/51 3391/519/70 3389/517/69
f 3391/519/70 3386/514/68 3387/515/50
f 3389/517/69 3391/519/70 3390/518/53
f 3387/515/50 3390/518/53 3391/519/70
f 3392/509/43 3393/510/45 3394/511/46
f 3394/511/46 3395/512/47 3392/509/43
f 3396/513/48 3392/509/43 3395/512/47
f 3397/514/49 3394/511/46 3393/510/45
f 3393/510/45 3398/515/50 3397/514/49
f 3399/516/51 3395/512/47 3394/511/46
f 3399/516/51 3394/511/46 3397/514/49
f 3395/512/47 3400/517/52 3396/513/48
f 3399/516/51 3400/517/52 3395/512/47
f 3401/518/53 3396/513/48 3400/517/52
f 3399/516/51 3397/514/49 3402/519/54
f 3399/516/51 3402/519/54 3400/517/52
f 3402/519/54 3397/514/49 3398/515/50
f 3400/517/52 3402/519/54 3401/518/53
f 3398/515/50 3401/518/53 3402/519/54
f 3403/509/43 3404/510/45 3405/511/46
f 3405/511/46 3406/512/47 3403/509/43
f 3407/513/48 3403/509/43 3406/512/47
f 3408/514/49 3405/511/46 3404/510/45
f 3404/510/45 3409/515/50 3408/514/49
f 3410/516/51 3406/512/47 3405/511/46
f 3410/516/51 3405/511/46 3408/514/49
f 3406/512/47 3411/517/52 3407/513/48
f 3410/516/51 3411/517/52 3406/512/47
f 3412/518/53 3407/513/48 3411/517/52
f 3410/516/51 3408/514/49 3413/519/54
f 3410/516/51 3413/519/54 3411/517/52
f 3413/519/54 3408/514/49 3409/515/50
f 3411/517/52 3413/519/54 3412/518/53
f 3409/515/50 3412/518/53 3413/519/54
f 3414/509/43 3415/510/48 3416/511/55
f 3416/511/55 3417/512/56 3414/509/43
f 3418/513/45 3414/509/43 3417/512/56
f 3419/514/57 3416/511/55 3415/510/48
f 3415/510/48 3420/515/53 3419/514/57
f 3421/516/58 3417/512/56 3416/511/55
f 3421/516/58 3416/511/55 3419/514/57
f 3417/512/56 3422/517/59 3418/513/45
f 3421/516/58 3422/517/59 3417/512/56
f 3423/518/50 3418/513/45 3422/517/59
f 3421/516/58 3419/514/57 3424/519/60
f 3421/516/58 3424/519/60 3422/517/59
f 3424/519/60 3419/514/57 3420/515/53
f 3422/517/59 3424/519/60 3423/518/50
f 3420/515/53 3423/518/50 3424/519/60
f 3425/509/43 3426/510/48 3427/511/55
f 3427/511/55 3428/512/56 3425/509/43
f 3429/513/45 3425/509/43 3428/512/56
f 3430/514/57 3427/511/55 3426/510/48
f 3426/510/48 3431/515/53 3430/514/57
f 3432/516/58 3428/512/56 3427/511/55
f 3432/516/58 3427/511/55 3430/514/57
f 3428/512/56 3433/517/59 3429/513/45
f 3432/516/58 3433/517/59 3428/512/56
f 3434/518/50 3429/513/45 3433/517/59
f 3432/516/58 3430/514/57 3435/519/60
f 3432/516/58 3435/519/60 3433/517/59
f 3435/519/60 3430/514/57 3431/515/53
f 3433/517/59 3435/519/60 3434/518/50
f 3431/515/53 3434/518/50 3435/519/60
f 3436/509/43 3437/510/48 3438/511/61
f 3438/511/61 3439/512/62 3436/509/43
f 3440/513/45 3436/509/43 3439/512/62
f 3441/514/63 3438/511/61 3437/510/48
f 3437/510/48 3442/515/53 3441/514/63
f 3443/516/58 3439/512/62 3438/511/61
f 3443/516/58 3438/511/61 3441/514/63
f 3439/512/62 3444/517/64 3440/513/45
f 3443/516/58 3444/517/64 3439/512/62
f 3445/518/50 3440/513/45 3444/517/64
f 3443/516/58 3441/514/63 3446/519/65
f 3443/516/58 3446/519/65 3444/517/64
f 3446/519/65 3441/514/63 3442/515/53
f 3444/517/64 3446/519/65 3445/518/50
f 3442/515/53 3445/518/50 3446/519/65
f 3447/509/43 3448/510/48 3449/511/61
f 3449/511/61 3450/512/62 3447/509/43
f 3451/513/45 3447/509/43 3450/512/62
f 3452/514/63 3449/511/61 3448/510/48
f 3448/510/48 3453/515/53 3452/514/63
f 3454/516/58 3450/512/62 3449/511/61
f 3454/516/58 3449/511/61 3452/514/63
f 3450/512/62 3455/517/64 3451/513/45
f 3454/516/58 3455/517/64 3450/512/62
f 3456/518/50 3451/513/45 3455/517/64
f 3454/516/58 3452/514/63 3457/519/65
f 3454/516/58 3457/519/65 3455/517/64
f 3457/519/65 3452/514/63 3453/515/53
f 3455/517/64 3457/519/65 3456/518/50
f 3453/515/53 3456/518/50 3457/519/65
f 3458/509/43 3459/510/48 3460/511/61
f 3460/511/61 3461/512/62 3458/509/43
f 3462/513/45 3458/509/43 3461/512/62
f 3463/514/63 3460/511/61 3459/510/48
f 3459/510/48 3464/515/53 3463/514/63
f 3465/516/58 3461/512/62 3460/511/61
f 3465/516/58 3460/511/61 3463/514/63
f 3461/512/62 3466/517/64 3462/513/45
f 3465/516/58 3466/517/64 3461/512/62
f 3467/518/50 3462/513/45 3466/517/64
f 3465/516/58 3463/514/63 3468/519/65
f 3465/516/58 3468/519/65 3466/517/64
f 3468/519/65 3463/514/63 3464/515/53
f 3466/517/64 3468/519/65 3467/518/50
f 3464/515/53 3467/518/50 3468/519/65
f 3469/509/43 3470/510/48 3471/511/61
f 3471/511/61 3472/512/62 3469/509/43
f 3473/513/45 3469/509/43 3472/512/62
f 3474/514/63 3471/511/61 3470/510/48
f 3470/510/48 3475/515/53 3474/514/63
f 3476/516/58 3472/512/62 3471/511/61
f 3476/516/58 3471/511/61 3474/514/63
f 3472/512/62 3477/517/64 3473/513/45
f 3476/516/58 3477/517/64 3472/512/62
f 3478/518/50 3473/513/45 3477/517/64
f 3476/516/58 3474/514/63 3479/519/65
f 3476/516/58 3479/519/65 3477/517/64
f 3479/519/65 3474/514/63 3475/515/53
f 3477/517/64 3479/519/65 3478/518/50
f 3475/515/53 3478/518/50 3479/519/65
f 3480/509/43 3481/510/48 3482/511/61
f 3482/511/61 3483/512/62 3480/509/43
f 3484/513/45 3480/509/43 3483/512/62
f 3485/514/63 3482/511/61 3481/510/48
f 3481/510/48 3486/515/53 3485/514/63
f 3487/516/58 3483/512/62 3482/511/61
f 3487/516/58 3482/511/61 3485/514/63
f 3483/512/62 3488/517/64 3484/513/45
f 3487/516/58 3488/517/64 3483/512/62
f 3489/518/50 3484/513/45 3488/517/64
f 3487/516/58 3485/514/63 3490/519/65
f 3487/516/58 3490/519/65 3488/517/64
f 3490/519/65 3485/514/63 3486/515/53
f 3488/517/64 3490/519/65 3489/518/50
f 3486/515/53 3489/518/50 3490/519/65
f 3491/509/43 3492/510/48 3493/511/61
f 3493/511/61 3494/512/62 3491/509/43
f 3495/513/45 3491/509/43 3494/512/62
f 3496/514/63 3493/511/61 3492/510/48
f 3492/510/48 3497/515/53 3496/514/63
f 3498/516/58 3494/512/62 3493/511/61
f 3498/516/58 3493/511/61 3496/514/63
f 3494/512/62 3499/517/64 3495/513/45
f 3498/516/58 3499/517/64 3494/512/62
f 3500/518/50 3495/513/45 3499/517/64
f 3498/516/58 3496/514/63 3501/519/65
f 3498/516/58 3501/519/65 3499/517/64
f 3501/519/65 3496/514/63 3497/515/53
f 3499/517/64 3501/519/65 3500/518/50
f 3497/515/53 3500/518/50 3501/519/65
f 3502/509/43 3503/510/48 3504/511/61
f 3504/511/61 3505/512/62 3502/509/43
f 3506/513/45 3502/509/43 3505/512/62
f 3507/514/63 3504/511/61 3503/510/48
f 3503/510/48 3508/515/53 3507/514/63
f 3509/516/58 3505/512/62 3504/511/61
f 3509/516/58 3504/511/61 3507/514/63
f 3505/512/62 3510/517/64 3506/513/45
f 3509/516/58 3510/517/64 3505/512/62
f 3511/518/50 3506/513/45 3510/517/64
f 3509/516/58 3507/514/63 3512/519/65
f 3509/516/58 3512/519/65 3510/517/64
f 3512/519/65 3507/514/63 3508/515/53
f 3510/517/64 3512/519/65 3511/518/50
f 3508/515/53 3511/518/50 3512/519/65
f 3513/509/43 3514/510/48 3515/511/61
f 3515/511/61 3516/512/62 3513/509/43
f 3517/513/45 3513/509/43 3516/512/62
f 3518/514/63 3515/511/61 3514/510/48
f 3514/510/48 3519/515/53 3518/514/63
f 3520/516/58 3516/512/62 3515/511/61
f 3520/516/58 3515/511/61 3518/514/63
f 3516/512/62 3521/517/64 3517/513/45
f 3520/516/58 3521/517/64 3516/512/62
f 3522/518/50 3517/513/45 3521/517/64
f 3520/516/58 3518/514/63 3523/519/65
f 3520/516/58 3523/519/65 3521/517/64
f 3523/519/65 3518/514/63 3519/515/53
f 3521/517/64 3523/519/65 3522/518/50
f 3519/515/53 3522/518/50 3523/519/65
f 3524/509/43 3525/510/48 3526/511/61
f 3526/511/61 3527/512/62 3524/509/43
f 3528/513/45 3524/509/43 3527/512/62
f 3529/514/63 3526/511/61 3525/510/48
f 3525/510/48 3530/515/53 3529/514/63
f 3531/516/58 3527/512/62 3526/511/61
f 3531/516/58 3526/511/61 3529/514/63
f 3527/512/62 3532/517/64 3528/513/45
f 3531/516/58 3532/517/64 3527/512/62
f 3533/518/50 3528/513/45 3532/517/64
f 3531/516/58 3529/514/63 3534/519/65
f 3531/516/58 3534/519/65 3532/517/64
f 3534/519/65 3529/514/63 3530/515/53
f 3532/517/64 3534/519/65 3533/518/50
f 3530/515/53 3533/518/50 3534/519/65
f 3535/509/43 3536/510/48 3537/511/61
f 3537/511/61 3538/512/62 3535/509/43
f 3539/513/45 3535/509/43 3538/512/62
f 3540/514/63 3537/511/61 3536/510/48
f 3536/510/48 3541/515/53 3540/514/63
f 3542/516/58 3538/512/62 3537/511/61
f 3542/516/58 3537/511/61 3540/514/63
f 3538/512/62 3543/517/64 3539/513/45
f 3542/516/58 3543/517/64 3538/512/62
f 3544/518/50 3539/513/45 3543/517/64
f 3542/516/58 3540/514/63 3545/519/65
f 3542/516/58 3545/519/65 3543/517/64
f 3545/519/65 3540/514/63 3541/515/53
f 3543/517/64 3545/519/65 3544/518/50
f 3541/515/53 3544/518/50 3545/519/65
f 3546/509/43 3547/510/45 3548/511/66
f 3548/511/66 3549/512/67 3546/509/43
f 3550/513/48 3546/509/43 3549/512/67
f 3551/514/68 3548/511/66 3547/510/45
f 3547/510/45 3552/515/50 3551/514/68
f 3553/516/51 3549/512/67 3548/511/66
f 3553/516/51 3548/511/66 3551/514/68
f 3549/512/67 3554/517/69 3550/513/48
f 3553/516/51 3554/517/69 3549/512/67
f 3555/518/53 3550/513/48 3554/517/69
f 3553/516/51 3551/514/68 3556/519/70
f 3553/516/51 3556/519/70 3554/517/69
f 3556/519/70 3551/514/68 3552/515/50
f 3554/517/69 3556/519/70 3555/518/53
f 3552/515/50 3555/518/53 3556/519/70
f 3557/509/43 3558/510/45 3559/511/66
f 3559/511/66 3560/512/67 3557/509/43
f 3561/513/48 3557/509/43 3560/512/67
f 3562/514/68 3559/511/66 3558/510/45
f 3558/510/45 3563/515/50 3562/514/68
f 3564/516/51 3560/512/67 3559/511/66
f 3564/516/51 3559/511/66 3562/514/68
f 3560/512/67 3565/517/69 3561/513/48
f 3564/516/51 3565/517/69 3560/512/67
f 3566/518/53 3561/513/48 3565/517/69
f 3564/516/51 3562/514/68 3567/519/70
f 3564/516/51 3567/519/70 3565/517/69
f 3567/519/70 3562/514/68 3563/515/50
f 3565/517/69 3567/519/70 3566/518/53
f 3563/515/50 3566/518/53 3567/519/70
f 3568/509/43 3569/510/45 3570/511/66
f 3570/511/66 3571/512/67 3568/509/43
f 3572/513/48 3568/509/43 3571/512/67
f 3573/514/68 3570/511/66 3569/510/45
f 3569/510/45 3574/515/50 3573/514/68
f 3575/516/51 3571/512/67 3570/511/66
f 3575/516/51 3570/511/66 3573/514/68
f 3571/512/67 3576/517/69 3572/513/48
f 3575/516/51 3576/517/69 3571/512/67
f 3577/518/53 3572/513/48 3576/517/69
f 3575/516/51 3573/514/68 3578/519/70
f 3575/516/51 3578/519/70 3576/517/69
f 3578/519/70 3573/514/68 3574/515/50
f 3576/517/69 3578/519/70 3577/518/53
f 3574/515/50 3577/518/53 3578/519/70
f 3579/509/43 3580/510/45 3581/511/66
f 3581/511/66 3582/512/67 3579/509/43
f 3583/513/48 3579/509/43 3582/512/67
f 3584/514/68 3581/511/66 3580/510/45
f 3580/510/45 3585/515/50 3584/514/68
f 3586/516/51 3582/512/67 3581/511/66
f 3586/516/51 3581/511/66 3584/514/68
f 3582/512/67 3587/517/69 3583/513/48
f 3586/516/51 3587/517/69 3582/512/67
f 3588/518/53 3583/513/48 3587/517/69
f 3586/516/51 3584/514/68 3589/519/70
f 3586/516/51 3589/519/70 3587/517/69
f 3589/519/70 3584/514/68 3585/515/50
f 3587/517/69 3589/519/70 3588/518/53
f 3585/515/50 3588/518/53 3589/519/70
f 3590/509/43 3591/510/45 3592/511/66
f 3592/511/66 3593/512/67 3590/509/43
f 3594/513/48 3590/509/43 3593/512/67
f 3595/514/68 3592/511/66 3591/510/45
f 3591/510/45 3596/515/50 3595/514/68
f 3597/516/51 3593/512/67 3592/511/66
f 3597/516/51 3592/511/66 3595/514/68
f 3593/512/67 3598/517/69 3594/513/48
f 3597/516/51 3598/517/69 3593/512/67
f 3599/518/53 3594/513/48 3598/517/69
f 3597/516/51 3595/514/68 3600/519/70
f 3597/516/51 3600/519/70 3598/517/69
f 3600/519/70 3595/514/68 3596/515/50
f 3598/517/69 3600/519/70 3599/518/53
f 3596/515/50 3599/518/53 3600/519/70
f 3601/509/43 3602/510/45 3603/511/66
f 3603/511/66 3604/512/67 3601/509/43
f 3605/513/48 3601/509/43 3604/512/67
f 3606/514/68 3603/511/66 3602/510/45
f 3602/510/45 3607/515/50 3606/514/68
f 3608/516/51 3604/512/67 3603/511/66
f 3608/516/51 3603/511/66 3606/514/68
f 3604/512/67 3609/517/69 3605/513/48
f 3608/516/51 3609/517/69 3604/512/67
f 3610/518/53 3605/513/48 3609/517/69
f 3608/516/51 3606/514/68 3611/519/70
f 3608/516/51 3611/519/70 3609/517/69
f 3611/519/70 3606/514/68 3607/515/50
f 3609/517/69 3611/519/70 3610/518/53
f 3607/515/50 3610/518/53 3611/519/70
f 3612/509/43 3613/510/45 3614/511/66
f 3614/511/66 3615/512/67 3612/509/43
f 3616/513/48 3612/509/43 3615/512/67
f 3617/514/68 3614/511/66 3613/510/45
f 3613/510/45 3618/515/50 3617/514/68
f 3619/516/51 3615/512/67 3614/511/66
f 3619/516/51 3614/511/66 3617/514/68
f 3615/512/67 3620/517/69 3616/513/48
f 3619/516/51 3620/517/69 3615/512/67
f 3621/518/53 3616/513/48 3620/517/69
f 3619/516/51 3617/514/68 3622/519/70
f 3619/516/51 3622/519/70 3620/517/69
f 3622/519/70 3617/514/68 3618/515/50
f 3620/517/69 3622/519/70 3621/518/53
f 3618/515/50 3621/518/53 3622/519/70
f 3623/509/43 3624/510/45 3625/511/66
f 3625/511/66 3626/512/67 3623/509/43
f 3627/513/48 3623/509/43 3626/512/67
f 3628/514/68 3625/511/66 3624/510/45
f 3624/510/45 3629/515/50 3628/514/68
f 3630/516/51 3626/512/67 3625/511/66
f 3630/516/51 3625/511/66 3628/514/68
f 3626/512/67 3631/517/69 3627/513/48
f 3630/516/51 3631/517/69 3626/512/67
f 3632/518/53 3627/513/48 3631/517/69
f 3630/516/51 3628/514/68 3633/519/70
f 3630/516/51 3633/519/70 3631/517/69
f 3633/519/70 3628/514/68 3629/515/50
f 3631/517/69 3633/519/70 3632/518/53
f 3629/515/50 3632/518/53 3633/519/70
f 3634/509/43 3635/510/45 3636/511/66
f 3636/511/66 3637/512/67 3634/509/43
f 3638/513/48 3634/509/43 3637/512/67
f 3639/514/68 3636/511/66 3635/510/45
f 3635/510/45 3640/515/50 3639/514/68
f 3641/516/51 3637/512/67 3636/511/66
f 3641/516/51 3636/511/66 3639/514/68
f 3637/512/67 3642/517/69 3638/513/48
f 3641/516/51 3642/517/69 3637/512/67
f 3643/518/53 3638/513/48 3642/517/69
f 3641/516/51 3639/514/68 3644/519/70
f 3641/516/51 3644/519/70 3642/517/69
f 3644/519/70 3639/514/68 3640/515/50
f 3642/517/69 3644/519/70 3643/518/53
f 3640/515/50 3643/518/53 3644/519/70
f 3645/509/43 3646/510/45 3647/511/66
f 3647/511/66 3648/512/67 3645/509/43
f 3649/513/48 3645/509/43 3648/512/67
f 3650/514/68 3647/511/66 3646/510/45
f 3646/510/45 3651/515/50 3650/514/68
f 3652/516/51 3648/512/67 3647/511/66
f 3652/516/51 3647/511/66 3650/514/68
f 3648/512/67 3653/517/69 3649/513/48
f 3652/516/51 3653/517/69 3648/512/67
f 3654/518/53 3649/513/48 3653/517/69
f 3652/516/51 3650/514/68 3655/519/70
f 3652/516/51 3655/519/70 3653/517/69
f 3655/519/70 3650/514/68 3651/515/50
f 3653/517/69 3655/519/70 3654/518/53
f 3651/515/50 3654/518/53 3655/519/70
f 3656/509/43 3657/510/45 3658/511/46
f 3658/511/46 3659/512/47 3656/509/43
f 3660/513/48 3656/509/43 3659/512/47
f 3661/514/49 3658/511/46 3657/510/45
f 3657/510/45 3662/515/50 3661/514/49
f 3663/516/51 3659/512/47 3658/511/46
f 3663/516/51 3658/511/46 3661/514/49
f 3659/512/47 3664/517/52 3660/513/48
f 3663/516/51 3664/517/52 3659/512/47
f 3665/518/53 3660/513/48 3664/517/52
f 3663/516/51 3661/514/49 3666/519/54
f 3663/516/51 3666/519/54 3664/517/52
f 3666/519/54 3661/514/49 3662/515/50
f 3664/517/52 3666/519/54 3665/518/53
f 3662/515/50 3665/518/53 3666/519/54
f 3667/509/43 3668/510/45 3669/511/46
f 3669/511/46 3670/512/47 3667/509/43
f 3671/513/48 3667/509/43 3670/512/47
f 3672/514/49 3669/511/46 3668/510/45
f 3668/510/45 3673/515/50 3672/514/49
f 3674/516/51 3670/512/47 3669/511/46
f 3674/516/51 3669/511/46 3672/514/49
f 3670/512/47 3675/517/52 3671/513/48
f 3674/516/51 3675/517/52 3670/512/47
f 3676/518/53 3671/513/48 3675/517/52
f 3674/516/51 3672/514/49 3677/519/54
f 3674/516/51 3677/519/54 3675/517/52
f 3677/519/54 3672/514/49 3673/515/50
f 3675/517/52 3677/519/54 3676/518/53
f 3673/515/50 3676/518/53 3677/519/54
f 3678/509/43 3679/510/48 3680/511/55
f 3680/511/55 3681/512/56 3678/509/43
f 3682/513/45 3678/509/43 3681/512/56
f 3683/514/57 3680/511/55 3679/510/48
f 3679/510/48 3684/515/53 3683/514/57
f 3685/516/58 3681/512/56 3680/511/55
f 3685/516/58 3680/511/55 3683/514/57
f 3681/512/56 3686/517/59 3682/513/45
f 3685/516/58 3686/517/59 3681/512/56
f 3687/518/50 3682/513/45 3686/517/59
f 3685/516/58 3683/514/57 3688/519/60
f 3685/516/58 3688/519/60 3686/517/59
f 3688/519/60 3683/514/57 3684/515/53
f 3686/517/59 3688/519/60 3687/518/50
f 3684/515/53 3687/518/50 3688/519/60
f 3689/509/43 3690/510/48 3691/511/55
f 3691/511/55 3692/512/56 3689/509/43
f 3693/513/45 3689/509/43 3692/512/56
f 3694/514/57 3691/511/55 3690/510/48
f 3690/510/48 3695/515/53 3694/514/57
f 3696/516/58 3692/512/56 3691/511/55
f 3696/516/58 3691/511/55 3694/514/57
f 3692/512/56 3697/517/59 3693/513/45
f 3696/516/58 3697/517/59 3692/512/56
f 3698/518/50 3693/513/45 3697/517/59
f 3696/516/58 3694/514/57 3699/519/60
f 3696/516/58 3699/519/60 3697/517/59
f 3699/519/60 3694/514/57 3695/515/53
f 3697/517/59 3699/519/60 3698/518/50
f 3695/515/53 3698/518/50 3699/519/60
f 3700/509/43 3701/510/48 3702/511/61
f 3702/511/61 3703/512/62 3700/509/43
f 3704/513/45 3700/509/43 3703/512/62
f 3705/514/63 3702/511/61 3701/510/48
f 3701/510/48 3706/515/53 3705/514/63
f 3707/516/58 3703/512/62 3702/511/61
f 3707/516/58 3702/511/61 3705/514/63
f 3703/512/62 3708/517/64 3704/513/45
f 3707/516/58 3708/517/64 3703/512/62
f 3709/518/50 3704/513/45 3708/517/64
f 3707/516/58 3705/514/63 3710/519/65
f 3707/516/58 3710/519/65 3708/517/64
f 3710/519/65 3705/514/63 3706/515/53
f 3708/517/64 3710/519/65 3709/518/50
f 3706/515/53 3709/518/50 3710/519/65
f 3711/509/43 3712/510/48 3713/511/61
f 3713/511/61 3714/512/62 3711/509/43
f 3715/513/45 3711/509/43 3714/512/62
f 3716/514/63 3713/511/61 3712/510/48
f 3712/510/48 3717/515/53 3716/514/63
f 3718/516/58 3714/512/62 3713/511/61
f 3718/516/58 3713/511/61 3716/514/63
f 3714/512/62 3719/517/64 3715/513/45
f 3718/516/58 3719/517/64 3714/512/62
f 3720/518/50 3715/513/45 3719/517/64
f 3718/516/58 3716/514/63 3721/519/65
f 3718/516/58 3721/519/65 3719/517/64
f 3721/519/65 3716/514/63 3717/515/53
f 3719/517/64 3721/519/65 3720/518/50
f 3717/515/53 3720/518/50 3721/519/65
f 3722/509/43 3723/510/48 3724/511/61
f 3724/511/61 3725/512/62 3722/509/43
f 3726/513/45 3722/509/43 3725/512/62
f 3727/514/63 3724/511/61 3723/510/48
f 3723/510/48 3728/515/53 3727/514/63
f 3729/516/58 3725/512/62 3724/511/61
f 3729/516/58 3724/511/61 3727/514/63
f 3725/512/62 3730/517/64 3726/513/45
f 3729/516/58 3730/517/64 3725/512/62
f 3731/518/50 3726/513/45 3730/517/64
f 3729/516/58 3727/514/63 3732/519/65
f 3729/516/58 3732/519/65 3730/517/64
f 3732/519/65 3727/514/63 3728/515/53
f 3730/517/64 3732/519/65 3731/518/50
f 3728/515/53 3731/518/50 3732/519/65
f 3733/509/43 3734/510/48 3735/511/61
f 3735/511/61 3736/512/62 3733/509/43
f 3737/513/45 3733/509/43 3736/512/62
f 3738/514/63 3735/511/61 3734/510/48
f 3734/510/48 3739/515/53 3738/514/63
f 3740/516/58 3736/512/62 3735/511/61
f 3740/516/58 3735/511/61 3738/514/63
f 3736/512/62 3741/517/64 3737/513/45
f 3740/516/58 3741/517/64 3736/512/62
f 3742/518/50 3737/513/45 3741/517/64
f 3740/516/58 3738/514/63 3743/519/65
f 3740/516/58 3743/519/65 3741/517/64
f 3743/519/65 3738/514/63 3739/515/53
f 3741/517/64 3743/519/65 3742/518/50
f 3739/515/53 3742/518/50 3743/519/65
f 3744/509/43 3745/510/48 3746/511/61
f 3746/511/61 3747/512/62 3744/509/43
f 3748/513/45 3744/509/43 3747/512/62
f 3749/514/63 3746/511/61 3745/510/48
f 3745/510/48 3750/515/53 3749/514/63
f 3751/516/58 3747/512/62 3746/511/61
f 3751/516/58 3746/511/61 3749/514/63
f 3747/512/62 3752/517/64 3748/513/45
f 3751/516/58 3752/517/64 3747/512/62
f 3753/518/50 3748/513/45 3752/517/64
f 3751/516/58 3749/514/63 3754/519/65
f 3751/516/58 3754/519/65 3752/517/64
f 3754/519/65 3749/514/63 3750/515/53
f 3752/517/64 3754/519/65 3753/518/50
f 3750/515/53 3753/518/50 3754/519/65
f 3755/509/43 3756/510/48 3757/511/61
f 3757/511/61 3758/512/62 3755/509/43
f 3759/513/45 3755/509/43 3758/512/62
f 3760/514/63 3757/511/61 3756/510/48
f 3756/510/48 3761/515/53 3760/514/63
f 3762/516/58 3758/512/62 3757/511/61
f 3762/516/58 3757/511/61 3760/514/63
f 3758/512/62 3763/517/64 3759/513/45
f 3762/516/58 3763/517/64 3758/512/62
f 3764/518/50 3759/513/45 3763/517/64
f 3762/516/58 3760/514/63 3765/519/65
f 3762/516/58 3765/519/65 3763/517/64
f 3765/519/65 3760/514/63 3761/515/53
f 3763/517/64 3765/519/65 3764/518/50
f 3761/515/53 3764/518/50 3765/519/65
f 3766/509/43 3767/510/48 3768/511/61
f 3768/511/61 3769/512/62 3766/509/43
f 3770/513/45 3766/509/43 3769/512/62
f 3771/514/63 3768/511/61 3767/510/48
f 3767/510/48 3772/515/53 3771/514/63
f 3773/516/58 3769/512/62 3768/511/61
f 3773/516/58 3768/511/61 3771/514/63
f 3769/512/62 3774/517/64 3770/513/45
f 3773/516/58 3774/517/64 3769/512/62
f 3775/518/50 3770/513/45 3774/517/64
f 3773/516/58 3771/514/63 3776/519/65
f 3773/516/58 3776/519/65 3774/517/64
f 3776/519/65 3771/514/63 3772/515/53
f 3774/517/64 3776/519/65 3775/518/50
f 3772/515/53 3775/518/50 3776/519/65
f 3777/509/43 3778/510/48 3779/511/61
f 3779/511/61 3780/512/62 3777/509/43
f 3781/513/45 3777/509/43 3780/512/62
f 3782/514/63 3779/511/61 3778/510/48
f 3778/510/48 3783/515/53 3782/514/63
f 3784/516/58 3780/512/62 3779/511/61
f 3784/516/58 3779/511/61 3782/514/63
f 3780/512/62 3785/517/64 3781/513/45
f 3784/516/58 3785/517/64 3780/512/62
f 3786/518/50 3781/513/45 3785/517/64
f 3784/516/58 3782/514/63 3787/519/65
f 3784/516/58 3787/519/65 3785/517/64
f 3787/519/65 3782/514/63 3783/515/53
f 3785/517/64 3787/519/65 3786/518/50
f 3783/515/53 3786/518/50 3787/519/65
f 3788/509/43 3789/510/48 3790/511/61
f 3790/511/61 3791/512/62 3788/509/43
f 3792/513/45 3788/509/43 3791/512/62
f 3793/514/63 3790/511/61 3789/510/48
f 3789/510/48 3794/515/53 3793/514/63
f 3795/516/58 3791/512/62 3790/511/61
f 3795/516/58 3790/511/61 3793/514/63
f 3791/512/62 3796/517/64 3792/513/45
f 3795/516/58 3796/517/64 3791/512/62
f 3797/518/50 3792/513/45 3796/517/64
f 3795/516/58 3793/514/63 3798/519/65
f 3795/516/58 3798/519/65 3796/517/64
f 3798/519/65 3793/514/63 3794/515/53
f 3796/517/64 3798/519/65 3797/518/50
f 3794/515/53 3797/518/50 3798/519/65
f 3799/509/43 3800/510/48 3801/511/61
f 3801/511/61 3802/512/62 3799/509/43
f 3803/513/45 3799/509/43 3802/512/62
f 3804/514/63 3801/511/61 3800/510/48
f 3800/510/48 3805/515/53 3804/514/63
f 3806/516/58 3802/512/62 3801/511/61
f 3806/516/58 3801/511/61 3804/514/63
f 3802/512/62 3807/517/64 3803/513/45
f 3806/516/58 3807/517/64 3802/512/62
f 3808/518/50 3803/513/45 3807/517/64
f 3806/516/58 3804/514/63 3809/519/65
f 3806/516/58 3809/519/65 3807/517/64
f 3809/519/65 3804/514/63 3805/515/53
f 3807/517/64 3809/519/65 3808/518/50
f 3805/515/53 3808/518/50 3809/519/65
f 3810/509/43 3811/510/45 3812/511/66
f 3812/511/66 3813/512/67 3810/509/43
f 3814/513/48 3810/509/43 3813/512/67
f 3815/514/68 3812/511/66 3811/510/45
f 3811/510/45 3816/515/50 3815/514/68
f 3817/516/51 3813/512/67 3812/511/66
f 3817/516/51 3812/511/66 3815/514/68
f 3813/512/67 3818/517/69 3814/513/48
f 3817/516/51 3818/517/69 3813/512/67
f 3819/518/53 3814/513/48 3818/517/69
f 3817/516/51 3815/514/68 3820/519/70
f 3817/516/51 3820/519/70 3818/517/69
f 3820/519/70 3815/514/68 3816/515/50
f 3818/517/69 3820/519/70 3819/518/53
f 3816/515/50 3819/518/53 3820/519/70
f 3821/509/43 3822/510/45 3823/511/66
f 3823/511/66 3824/512/67 3821/509/43
f 3825/513/48 3821/509/43 3824/512/67
f 3826/514/68 3823/511/66 3822/510/45
f 3822/510/45 3827/515/50 3826/514/68
f 3828/516/51 3824/512/67 3823/511/66
f 3828/516/51 3823/511/66 3826/514/68
f 3824/512/67 3829/517/69 3825/513/48
f 3828/516/51 3829/517/69 3824/512/67
f 3830/518/53 3825/513/48 3829/517/69
f 3828/516/51 3826/514/68 3831/519/70
f 3828/516/51 3831/519/70 3829/517/69
f 3831/519/70 3826/514/68 3827/515/50
f 3829/517/69 3831/519/70 3830/518/53
f 3827/515/50 3830/518/53 3831/519/70
f 3832/509/43 3833/510/45 3834/511/66
f 3834/511/66 3835/512/67 3832/509/43
f 3836/513/48 3832/509/43 3835/512/67
f 3837/514/68 3834/511/66 3833/510/45
f 3833/510/45 3838/515/50 3837/514/68
f 3839/516/51 3835/512/67 3834/511/66
f 3839/516/51 3834/511/66 3837/514/68
f 3835/512/67 3840/517/69 3836/513/48
f 3839/516/51 3840/517/69 3835/512/67
f 3841/518/53 3836/513/48 3840/517/69
f 3839/516/51 3837/514/68 3842/519/70
f 3839/516/51 3842/519/70 3840/517/69
f 3842/519/70 3837/514/68 3838/515/50
f 3840/517/69 3842/519/70 3841/518/53
f 3838/515/50 3841/518/53 3842/519/70
f 3843/509/43 3844/510/45 3845/511/66
f 3845/511/66 3846/512/67 3843/509/43
f 3847/513/48 3843/509/43 3846/512/67
f 3848/514/68 3845/511/66 3844/510/45
f 3844/510/45 3849/515/50 3848/514/68
f 3850/516/51 3846/512/67 3845/511/66
f 3850/516/51 3845/511/66 3848/514/68
f 3846/512/67 3851/517/69 3847/513/48
f 3850/516/51 3851/517/69 3846/512/67
f 3852/518/53 3847/513/48 3851/517/69
f 3850/516/51 3848/514/68 3853/519/70
f 3850/516/51 3853/519/70 3851/517/69
f 3853/519/70 3848/514/68 3849/515/50
f 3851/517/69 3853/519/70 3852/518/53
f 3849/515/50 3852/518/53 3853/519/70
f 3854/509/43 3855/510/45 3856/511/66
f 3856/511/66 3857/512/67 3854/509/43
f 3858/513/48 3854/509/43 3857/512/67
f 3859/514/68 3856/511/66 3855/510/45
f 3855/510/45 3860/515/50 3859/514/68
f 3861/516/51 3857/512/67 3856/511/66
f 3861/516/51 3856/511/66 3859/514/68
f 3857/512/67 3862/517/69 3858/513/48
f 3861/516/51 3862/517/69 3857/512/67
f 3863/518/53 3858/513/48 3862/517/69
f 3861/516/51 3859/514/68 3864/519/70
f 3861/516/51 3864/519/70 3862/517/69
f 3864/519/70 3859/514/68 3860/515/50
f 3862/517/69 3864/519/70 3863/518/53
f 3860/515/50 3863/518/53 3864/519/70
f 3865/509/43 3866/510/45 3867/511/66
f 3867/511/66 3868/512/67 3865/509/43
f 3869/513/48 3865/509/43 3868/512/67
f 3870/514/68 3867/511/66 3866/510/45
f 3866/510/45 3871/515/50 3870/514/68
f 3872/516/51 3868/512/67 3867/511/66
f 3872/516/51 3867/511/66 3870/514/68
f 3868/512/67 3873/517/69 3869/513/48
f 3872/516/51 3873/517/69 3868/512/67
f 3874/518/53 3869/513/48 3873/517/69
f 3872/516/51 3870/514/68 3875/519/70
f 3872/516/51 3875/519/70 3873/517/69
f 3875/519/70 3870/514/68 3871/515/50
f 3873/517/69 3875/519/70 3874/518/53
f 3871/515/50 3874/518/53 3875/519/70
f 3876/509/43 3877/510/45 3878/511/66
f 3878/511/66 3879/512/67 3876/509/43
f 3880/513/48 3876/509/43 3879/512/67
f 3881/514/68 3878/511/66 3877/510/45
f 3877/510/45 3882/515/50 3881/514/68
f 3883/516/51 3879/512/67 3878/511/66
f 3883/516/51 3878/511/66 3881/514/68
f 3879/512/67 3884/517/69 3880/513/48
f 3883/516/51 3884/517/69 3879/512/67
f 3885/518/53 3880/513/48 3884/517/69
f 3883/516/51 3881/514/68 3886/519/70
f 3883/516/51 3886/519/70 3884/517/69
f 3886/519/70 3881/514/68 3882/515/50
f 3884/517/69 3886/519/70 3885/518/53
f 3882/515/50 3885/518/53 3886/519/70
f 3887/509/43 3888/510/45 3889/511/66
f 3889/511/66 3890/512/67 3887/509/43
f 3891/513/48 3887/509/43 3890/512/67
f 3892/514/68 3889/511/66 3888/510/45
f 3888/510/45 3893/515/50 3892/514/68
f 3894/516/51 3890/512/67 3889/511/66
f 3894/516/51 3889/511/66 3892/514/68
f 3890/512/67 3895/517/69 3891/513/48
f 3894/516/51 3895/517/69 3890/512/67
f 3896/518/53 3891/513/48 3895/517/69
f 3894/516/51 3892/514/68 3897/519/70
f 3894/516/51 3897/519/70 3895/517/69
f 3897/519/70 3892/514/68 3893/515/50
f 3895/517/69 3897/519/70 3896/518/53
f 3893/515/50 3896/518/53 3897/519/70
f 3898/509/43 3899/510/45 3900/511/66
f 3900/511/66 3901/512/67 3898/509/43
f 3902/513/48 3898/509/43 3901/512/67
f 3903/514/68 3900/511/66 3899/510/45
f 3899/510/45 3904/515/50 3903/514/68
f 3905/516/51 3901/512/67 3900/511/66
f 3905/516/51 3900/511/66 3903/514/68
f 3901/512/67 3906/517/69 3902/513/48
f 3905/516/51 3906/517/69 3901/512/67
f 3907/518/53 3902/513/48 3906/517/69
f 3905/516/51 3903/514/68 3908/519/70
f 3905/516/51 3908/519/70 3906/517/69
f 3908/519/70 3903/514/68 3904/515/50
f 3906/517/69 3908/519/70 3907/518/53
f 3904/515/50 3907/518/53 3908/519/70
f 3909/509/43 3910/510/45 3911/511/66
f 3911/511/66 3912/512/67 3909/509/43
f 3913/513/48 3909/509/43 3912/512/67
f 3914/514/68 3911/511/66 3910/510/45
f 3910/510/45 3915/515/50 3914/514/68
f 3916/516/51 3912/512/67 3911/511/66
f 3916/516/51 3911/511/66 3914/514/68
f 3912/512/67 3917/517/69 3913/513/48
f 3916/516/51 3917/517/69 3912/512/67
f 3918/518/53 3913/513/48 3917/517/69
f 3916/516/51 3914/514/68 3919/519/70
f 3916/516/51 3919/519/70 3917/517/69
f 3919/519/70 3914/514/68 3915/515/50
f 3917/517/69 3919/519/70 3918/518/53
f 3915/515/50 3918/518/53 3919/519/70
# Vertices: 3919, normals: 70, texture coordinates: 519, faces: 4560

