# Blender 4.4.1
# www.blender.org
mtllib mavala_low_poly111.mtl
o WHITE-MAVALA_-_Copy
v -8.258637 103.554787 -1.813087
v -8.775155 103.691086 0.560603
v -8.767164 101.042068 4.111665
v -7.702409 97.066772 5.079665
v -6.603092 94.635620 3.373408
v -6.772879 93.640862 -1.587662
v -7.120468 91.937988 -1.331916
v -5.099098 85.989876 -0.081418
v -4.717027 83.897820 0.308980
v -4.351067 79.446426 0.671869
v -5.098229 71.102585 1.758391
v -3.868408 73.981186 6.550793
v -1.089142 75.956482 9.960545
v 1.501409 77.118080 11.969952
v 4.280306 77.651627 11.363773
v 5.735779 78.130470 12.768945
v 9.605767 77.953354 12.352328
v 11.277778 77.502075 10.484853
v 12.804642 77.130127 10.524046
v 13.755129 76.554535 9.348808
v 16.978086 74.339088 5.465135
v 17.516407 73.306427 3.491509
v 17.598099 79.243881 2.102334
v 17.795666 85.006432 0.762588
v 18.412897 88.519272 -0.445821
v 19.771864 91.782616 -1.733644
v 19.317530 93.268517 -2.322057
v 19.198603 94.677299 2.494508
v 19.673630 95.816582 4.558912
v 21.180109 99.909378 4.781332
v 21.379959 103.277252 1.820616
v 21.392225 104.505608 -0.503374
v 15.243180 106.296104 -1.950170
v 11.922598 107.591164 -2.324205
v 11.828904 107.854362 0.585657
v 10.076906 106.957802 3.678149
v 7.051100 105.615387 4.824249
v 6.160366 105.235741 4.885054
v 4.110919 105.977676 4.597767
v 0.723612 107.785500 1.452673
v 0.218271 107.530563 -2.709963
v -2.543328 105.928337 -2.638668
v 15.296320 94.602707 8.501435
v 19.330530 93.386871 0.638044
v 17.508583 94.085869 6.078612
v 14.429909 97.170296 8.231812
v 11.916815 103.376976 5.592998
v 18.813387 97.355263 5.485679
v 9.616134 90.108627 10.676034
v 13.840397 91.750618 9.722178
v 1.676191 102.775787 6.267296
v 5.624623 82.077965 12.378872
v 16.354507 79.961067 5.886179
v 14.983624 79.199112 7.558498
v -4.530077 77.326454 3.783970
v -0.586554 107.120949 0.013076
v 14.988851 106.128853 0.434397
v 17.241472 85.730545 4.534437
v -3.637681 105.787430 0.395810
v 11.795062 84.317886 10.330365
v -6.850283 102.944496 3.746140
v -4.803348 98.975395 6.126706
v 14.504383 78.656120 9.091875
v 19.298820 103.250656 3.305582
v -2.916183 83.595825 7.397840
v 11.303248 105.449615 3.609018
v 10.557627 97.685432 9.256188
v -5.658889 93.786575 3.620341
v -4.420632 85.055710 4.928823
v -2.833607 79.745010 7.545812
v 18.913023 95.689568 4.739741
v 17.001387 99.958984 6.022280
v -6.283670 96.295845 5.096843
v 12.183675 80.192215 11.046736
v 8.420020 82.300850 11.567595
v -5.376770 89.828506 2.414596
v 6.133213 85.430946 11.220479
v 10.656290 82.086548 10.499420
v 5.006011 79.644333 11.682143
v -3.301591 101.407585 5.730870
v 15.715139 90.081177 7.185332
v 10.692637 92.648026 10.604092
v 13.009819 89.653725 9.455026
v 14.983347 86.400482 8.273202
v 2.292595 104.882034 4.039175
v 2.052745 84.685806 10.679235
v 3.083766 90.339684 10.619607
v -0.349931 89.772491 9.705189
v -2.184882 89.809242 8.254847
v -2.627250 95.549927 8.348159
v 1.014737 92.777313 10.516133
v 2.404852 96.328178 9.738573
v -4.132321 93.597870 7.245403
v 21.477047 104.741386 -0.398997
v 21.605356 103.210510 -2.117296
v 21.056664 99.797768 -5.555368
v 20.360077 96.853584 -6.001546
v 20.066435 94.479607 -5.564725
v 19.455635 93.257034 -2.348794
v 19.575571 91.636261 -1.665277
v 17.502481 86.052444 0.446483
v 17.764729 83.663834 1.186404
v 18.041077 80.663834 1.805393
v 17.409164 76.340111 2.799972
v 17.574341 73.320709 3.519464
v 17.316235 72.812119 1.103587
v 16.538635 72.709969 -2.319169
v 14.228511 72.588219 -4.702634
v 9.965405 71.956505 -5.448854
v 6.408522 71.257141 -4.776807
v 3.277169 70.988861 -5.655385
v -0.584272 70.788948 -5.020928
v -4.153351 70.840889 -1.978794
v -5.279774 71.095306 1.799381
v -4.761955 73.783958 1.357601
v -4.314372 78.765022 0.704695
v -4.274186 83.473549 0.474358
v -7.006917 91.565399 -1.267870
v -6.772879 93.640862 -1.587662
v -7.292343 94.501999 -4.304855
v -7.802804 95.901138 -5.723770
v -8.300554 98.451340 -5.877886
v -8.693970 101.300270 -4.878489
v -8.261922 103.560921 -1.828547
v -2.082571 106.333542 -2.706689
v 0.265628 107.399307 -2.643881
v 1.590025 107.073212 -3.987868
v 3.621053 106.190018 -4.850206
v 6.407838 105.334404 -5.409575
v 10.793657 107.243263 -3.775393
v 11.927790 107.594002 -2.327587
v 14.003072 106.713829 -2.147158
v 18.832209 104.978508 -1.128776
v 15.609610 90.802780 -7.064597
v 18.802347 92.107338 -5.246421
v 13.558125 104.957809 -5.086534
v 2.912121 80.618294 -4.760235
v -2.736319 73.841530 -2.992055
v -1.578148 98.456345 -7.754201
v 3.692110 72.112450 -4.985695
v 16.583450 77.292084 -2.302862
v 18.011915 104.132416 -3.980484
v -4.794016 104.127266 -4.157035
v 12.647538 78.213448 -2.994429
v 11.157297 103.133636 -6.482297
v 6.253140 73.741386 -4.509629
v 0.715074 74.711395 -3.212295
v 16.140228 74.494087 -0.935801
v 14.042793 74.316139 -3.890964
v 12.869550 75.466843 -3.056325
v 9.385247 73.157997 -4.441473
v 17.841799 75.116287 1.274377
v 0.554558 103.605759 -6.291110
v -2.455713 80.107895 -1.716675
v -0.725714 77.203377 -2.499999
v 11.487645 75.450279 -4.729429
v -0.047614 73.019272 -4.764286
v -1.406107 90.517349 -7.566093
v 14.393676 87.516342 -6.284601
v 15.089992 95.609283 -8.210009
v -3.542678 75.830338 -0.226526
v 16.300262 79.682442 -1.337835
v 16.387096 76.889496 0.006481
v 18.497646 100.512604 -6.126725
v -4.006937 82.550232 -1.533023
v 14.614039 78.077774 -2.013666
v 14.594464 77.465370 -3.532933
v 5.974061 74.314880 -6.052940
v -5.274310 92.204643 -6.270590
v 16.913034 88.588982 -4.823810
v 18.274134 88.687843 -2.532605
v -3.494921 83.513306 -2.435217
v -7.139217 92.853172 -4.743343
v 16.193869 81.432899 0.182651
v 17.961159 79.690094 0.154216
v 8.997861 78.386726 -5.931003
v 17.176588 83.098366 -1.746886
v 13.408959 80.231445 -4.423357
v -5.393653 88.347145 -2.955219
v -3.774850 77.655968 -2.192919
v -2.291355 95.794159 -8.178246
v 7.161946 97.134254 -8.114895
v 16.375614 82.613335 -0.504384
v -0.767838 82.017761 -4.033744
v 8.654799 80.679512 -4.599043
v 7.696375 76.751404 -6.181602
v 11.574697 82.971855 -5.431676
v -3.232435 87.627602 -5.402701
v 16.807158 84.398048 -1.945463
v 1.918620 83.825966 -5.839778
v 8.424877 83.050407 -5.535164
v -2.398230 80.805336 -3.531354
v 0.921154 79.982521 -5.151364
v 7.360016 93.096130 -8.086881
v 9.700295 88.385475 -7.406485
v 4.521088 77.248055 -4.454434
v -5.198083 71.097122 1.798353
v -8.208805 64.497635 3.368240
v -10.382289 58.488010 4.910717
v -13.156053 47.069183 7.050627
v -14.468024 38.046787 7.588224
v -16.060589 24.945848 7.477336
v -3.135360 23.860630 8.199942
v 5.612185 26.740187 7.365030
v 6.756802 27.138193 8.925566
v 6.873364 27.721302 12.208862
v 4.419133 30.591339 22.222254
v 6.431383 31.325497 24.589634
v 8.299893 31.440079 24.710354
v 7.758869 42.941647 21.952671
v 7.104872 57.275879 17.947016
v 7.045678 61.543991 15.396537
v 6.895612 66.404968 13.062317
v 5.908400 68.731705 13.099693
v 5.474270 77.870628 12.833301
v 5.213035 77.942757 11.710577
v 1.521766 77.151276 11.903513
v -0.893575 76.006699 10.015570
v -3.312004 74.461243 7.415907
v -4.401454 73.106621 4.920704
v -1.982939 44.438160 10.337714
v 6.707962 38.571106 12.854849
v 4.351128 36.880039 19.681967
v 4.059482 71.843887 12.593452
v 6.141477 34.845840 8.795527
v 4.415633 32.614223 7.877444
v -1.475663 70.190300 8.998447
v 3.556788 75.288177 12.283740
v -0.409505 74.829567 9.685395
v 2.330884 73.573914 10.591099
v -4.618724 48.318428 10.331923
v -5.263482 69.715622 3.821166
v 0.684797 69.496292 10.735805
v 5.742112 51.315002 10.331295
v 5.694782 37.692539 22.619785
v 5.552031 72.612076 11.495153
v 4.351792 43.970829 17.334547
v 4.226439 66.990982 10.294095
v 6.808345 35.392456 10.376198
v 3.718735 44.741451 9.531903
v 4.593357 45.028145 19.366940
v -4.155693 67.507690 7.598789
v -6.488317 62.047676 6.036308
v 3.410784 67.085442 12.783815
v 4.180631 66.865929 13.576331
v -8.268929 54.230751 7.115133
v 5.588321 41.822304 9.252481
v 4.312020 71.202431 11.590277
v 6.455625 46.700310 20.692768
v 4.189902 63.263847 15.038448
v 5.835388 67.557655 12.201765
v -0.572879 62.208599 10.296392
v 6.794914 41.965183 10.609571
v 6.692075 49.133102 11.485108
v 4.976818 58.883698 16.729858
v 4.092064 56.700905 16.098240
v 4.699789 53.743507 10.079680
v 3.860079 60.018246 14.578572
v -4.263450 58.941410 9.792871
v 4.492827 67.399796 11.957771
v 3.850181 63.398914 12.880924
v -5.814051 39.133575 9.725482
v 6.196364 54.942638 11.452746
v 5.766409 58.122429 12.066557
v 4.380564 51.896496 15.578688
v 3.705767 59.673634 9.988148
v 5.402400 61.845528 11.136546
v 17.506861 73.336983 3.505407
v 18.261705 69.506630 4.068489
v 19.807573 67.755257 4.090051
v 21.571644 63.986198 4.137787
v 23.776196 56.095200 4.113830
v 25.561735 47.408546 3.703200
v 27.618280 26.722734 2.983133
v 28.179972 26.770761 6.503815
v 19.507587 25.240971 8.857947
v 7.219761 28.041330 9.815448
v 6.888077 28.989285 14.253665
v 10.584769 30.754456 21.302547
v 8.384723 31.520779 24.917656
v 7.804545 41.657852 22.245188
v 7.105895 57.460938 17.870457
v 6.931722 63.916893 14.167697
v 5.859029 68.771835 12.913072
v 5.793118 78.135345 12.857236
v 8.915306 77.978271 12.514431
v 11.179200 77.651016 10.688319
v 12.617742 77.178879 10.520183
v 14.634781 76.261467 8.927293
v 15.620316 75.556679 7.703732
v 16.871719 74.530289 5.934424
v 9.381366 71.447037 10.766732
v 16.273525 42.745834 10.307744
v 9.916107 74.384171 12.834755
v 27.005953 26.539278 7.750132
v 8.951717 27.638632 8.738430
v 11.706734 34.886986 9.082012
v 10.180634 35.396202 22.071117
v 26.815594 38.303364 4.750475
v 16.410746 69.959389 7.732448
v 7.165463 38.374954 13.675554
v 10.186043 36.987659 18.815817
v 24.596130 49.527489 5.604979
v 7.384347 34.500866 10.071717
v 25.902914 36.924664 6.826193
v 8.512474 38.610561 9.474502
v 7.980413 70.131126 12.215782
v 8.636328 64.543205 11.330808
v 14.967714 66.173744 8.973411
v 7.789829 56.203011 12.050303
v 8.533514 66.621101 14.579290
v 9.563253 66.854156 14.126039
v 18.651079 68.503914 5.653392
v 23.859850 25.968784 8.529552
v 9.355480 41.320835 21.652712
v 18.772011 67.212067 4.744535
v 19.877840 65.041458 6.411148
v 14.399947 66.778572 10.657777
v 10.064615 45.988228 19.149298
v 7.345070 42.475513 10.987807
v 8.367208 60.717239 16.680117
v 9.935846 64.972916 13.002594
v 9.093916 67.495888 10.284835
v 10.430572 69.662041 11.532617
v 10.508072 59.978428 10.084050
v 12.830954 66.023964 11.012639
v 10.750834 67.023552 10.127316
v 12.028811 70.974838 11.225097
v 21.976503 60.875599 5.679820
v 8.386618 53.540947 18.952492
v 14.802082 71.611732 7.978136
v 21.496088 39.492290 9.256150
v 10.147533 44.722038 18.010775
v 9.817551 53.794174 17.867189
v 9.559534 62.783089 15.597329
v 14.902425 61.231152 11.202780
v 17.120882 60.678764 9.007552
v 9.744760 56.438103 15.227735
v 17.361860 56.706017 10.298800
v 7.278491 45.820412 13.063354
v 9.005153 58.897297 10.165594
v 8.799636 52.562134 10.071185
v 7.822013 54.006794 11.037086
v 23.024199 44.223461 8.204072
v 7.840758 46.834755 10.412832
v 9.432745 47.639633 9.934048
v 16.606443 51.910500 10.800287
v 17.478405 73.262077 3.518361
v 18.223627 70.364815 3.956725
v 19.775364 67.953308 4.152805
v 21.613714 63.836166 4.191967
v 24.490871 53.191772 3.959906
v 25.351257 48.782433 3.800785
v 26.616220 38.238060 3.328585
v 27.659506 26.681990 2.865913
v 17.297001 26.666046 -5.055541
v 14.825290 27.671875 -5.980824
v 18.053724 27.680109 -4.917505
v 22.113539 28.062468 -1.262390
v 24.087515 28.133301 -0.655880
v 22.662748 29.136915 -3.159937
v 22.346321 27.238274 -5.301248
v 16.420977 24.845345 -5.477813
v 12.500470 24.249649 -5.427989
v 11.717371 30.856371 -7.385075
v 11.009109 39.415104 -6.789096
v 9.449142 47.382401 -8.479413
v 8.048491 57.459099 -9.176193
v 7.292997 65.205132 -6.580682
v 6.441095 71.234840 -4.584404
v 8.837312 71.897476 -5.539982
v 12.371406 72.399361 -5.366182
v 15.307492 72.579720 -3.641000
v 17.164608 72.717773 -1.129970
v 16.107307 32.785587 -3.007020
v 15.948566 29.828753 -5.953930
v 25.272896 32.051338 1.261087
v 16.979031 30.481936 -7.293403
v 11.218970 66.833893 -6.722915
v 18.612595 30.681828 -2.968854
v 23.680986 32.898422 -4.834789
v 21.523506 33.600540 -3.197390
v 18.207371 37.699581 -0.618002
v 21.386179 29.474751 -5.848919
v 18.420336 67.827583 -1.248885
v 8.238831 69.244919 -6.687342
v 25.205236 31.569422 -2.755523
v 20.101778 27.520445 -4.260948
v 23.939283 27.721474 -4.051634
v 14.616322 70.450096 -4.516907
v 24.021843 46.177879 2.248772
v 21.396025 43.244602 0.504552
v 25.123016 29.488470 -1.795679
v 25.662537 39.934513 2.592041
v 17.020826 35.424786 -4.784261
v 15.478710 31.501297 -4.976953
v 22.314001 52.566231 0.278412
v 20.459343 30.257338 -5.738830
v 17.189262 66.168922 -1.452728
v 15.880035 65.753555 -4.313857
v 20.755678 46.636742 2.141503
v 17.982246 70.957306 1.640705
v 25.117794 32.663757 -5.731135
v 15.074429 39.164310 -8.526278
v 19.988585 63.477978 4.496884
v 20.146923 62.752598 2.473609
v 20.147730 59.762554 4.529982
v 19.543203 48.526894 1.528718
v 19.215117 50.991291 0.383471
v 21.054140 53.014431 4.034595
v 19.292839 67.359093 -0.656535
v 14.341022 34.108864 -7.924168
v 13.193871 50.629772 -8.732306
v 18.861498 67.953499 2.374396
v 9.456332 54.640842 -9.280700
v 20.576597 57.394913 4.568515
v 9.647146 60.513794 -8.723140
v 14.862878 59.972809 -4.635283
v 20.796686 35.684959 -4.568331
v 20.528423 64.887924 1.639879
v 19.433126 63.679676 -2.903529
v 13.004813 61.127357 -6.988966
v 20.185835 53.747974 3.166426
v 23.266598 34.261776 -6.731096
v 24.492212 33.788376 -4.096117
v 24.350332 43.126778 -3.097078
v 23.615582 39.065086 -2.327468
v 22.431435 43.294209 -1.518095
v 19.342043 39.284031 -3.376186
v 20.155073 36.448055 -2.636521
v 17.268389 41.185013 -2.756296
v 19.251024 46.090672 -6.768179
v 23.999344 42.380173 -5.108951
v 14.933930 57.677864 -5.485831
v 21.841049 48.646408 -0.492953
v 19.303610 46.835728 -1.944804
v 20.193666 54.802967 0.944338
v 16.664177 37.050625 -3.713743
v 18.559656 47.400803 -0.341513
v 22.589037 57.430023 1.098376
v 21.748085 60.364239 1.870320
v 21.822693 58.990074 -1.563844
v 23.922421 48.518211 -1.735167
v 23.745047 51.642269 -2.082181
v 19.684595 57.185482 -4.815234
v 16.297722 37.612072 -2.226646
v 20.959959 52.756062 -0.038946
v 18.137848 44.533932 -0.086093
v 17.407486 55.379208 -6.509323
v 17.268934 40.843243 -1.349618
v 17.171661 63.581821 -2.364985
v -5.204188 71.115654 1.817167
v -6.451838 68.386230 2.306652
v -9.355002 61.549816 4.192943
v -11.584071 54.195961 5.896983
v -13.623020 44.359512 7.363407
v -16.074162 24.949888 7.525533
v -20.983850 25.602005 4.087524
v -15.753115 22.919041 1.686641
v 12.500980 24.226997 -5.515899
v 11.734204 30.680487 -7.421411
v 10.933637 40.201225 -6.807289
v 9.547955 46.916687 -8.356443
v 8.030302 57.406883 -9.331552
v 7.702809 61.601345 -7.541825
v 7.042815 67.335403 -6.069181
v 6.540235 71.359360 -4.794751
v 5.154250 71.341537 -5.609889
v 2.468578 70.709106 -5.520200
v -0.666117 70.903320 -4.931475
v -3.118151 70.917213 -3.323282
v -4.385420 70.765305 -0.940827
v -3.998860 58.943840 -2.854187
v -19.336609 30.564468 4.603097
v -20.063822 25.605541 6.313266
v -17.257137 35.807163 3.802523
v 2.766781 70.472084 -6.779685
v -6.148950 66.311966 -0.393066
v -3.083120 22.683760 -4.971872
v -1.753499 69.667938 -5.572490
v -15.650790 39.017464 6.910937
v -4.702237 69.504807 -2.757718
v -6.168583 63.302654 0.131297
v -15.697911 41.783352 5.595150
v -5.839971 65.965446 1.907203
v -14.995253 43.829842 4.632805
v 0.598333 51.569103 -4.123430
v -13.578241 42.419548 3.082555
v 8.277041 30.726273 -7.010893
v 6.346349 67.803810 -7.031606
v -18.564915 31.903896 5.988430
v -17.427090 30.590811 2.703435
v 1.998263 68.297241 -6.715006
v -0.685334 67.354538 -6.262006
v -5.387442 69.458702 0.060025
v -5.334766 22.666206 -4.750849
v 5.536817 64.030182 -8.053513
v -6.536922 61.670616 2.192371
v -9.833853 58.468063 3.713425
v -5.337323 28.287970 -4.563838
v -3.372065 64.737099 -3.110070
v -5.986531 61.821991 -1.936579
v -8.359418 55.093163 3.111540
v -11.514420 53.322128 3.779309
v 5.324087 57.937565 -8.862554
v 6.660474 51.055485 -8.170224
v -1.442527 61.370960 -5.881862
v 4.963743 44.760128 -5.100512
v -0.768104 56.048378 -4.093466
v -2.639013 51.860867 -4.667980
v -5.175316 53.436813 -2.986623
v -5.095729 44.897541 -2.533122
v -7.368347 54.099598 2.093462
v -8.558379 42.577049 1.712306
v -7.891534 48.946434 2.169345
v -3.629488 48.949821 -4.594945
v 2.917205 48.651325 -4.581810
v -3.611248 37.365749 -4.819209
v -1.519433 38.729568 -6.009729
v -6.667439 34.990269 -1.267343
v -12.267859 28.773882 1.245705
v -10.812141 22.667076 -0.529920
v -5.304965 58.992268 -3.029938
v -4.487184 77.920662 -0.184136
v -6.159495 69.288429 -0.113704
v -5.736116 69.394508 4.408264
v -4.237475 69.316170 7.141429
v -0.229674 69.182266 10.881239
v 5.902271 69.283768 13.704923
v 13.337958 69.582687 11.346209
v 17.254927 69.857651 7.523909
v 18.565273 69.956238 4.949919
v 18.142019 74.050812 4.915416
v 17.378565 78.622154 4.566779
v 15.182040 78.522041 9.132175
v 11.160622 78.164825 13.077740
v -2.097969 77.943565 9.728908
v -4.998815 78.171463 5.054762
v -5.515480 72.069153 3.633195
v -2.443288 75.445160 9.157542
v -3.131862 74.637474 8.480415
v 9.799896 74.041016 13.405857
v 1.751782 77.920746 12.749649
v 4.391687 72.410179 13.468742
v -4.713220 77.934021 -0.226068
v -4.861114 74.169685 -0.117847
v -6.018891 69.272591 -0.072238
v -4.702139 68.943085 -3.591695
v -0.955132 68.424583 -6.524196
v 2.087411 68.298477 -7.104203
v 7.112989 68.439629 -7.325381
v 13.219087 68.977043 -6.176013
v 16.516294 69.354424 -3.435714
v 18.795725 69.860062 1.011182
v 18.563339 69.955879 4.949371
v 17.908251 74.572990 4.841376
v 17.394724 78.629242 4.578362
v 18.365379 78.569916 1.361165
v 17.362795 78.310844 -2.323261
v 14.987819 78.003708 -3.924923
v 11.155461 77.443764 -4.950260
v 6.932308 77.126343 -8.281129
v 4.899724 76.727211 -7.055928
v 3.971878 74.997215 -5.206406
v -3.980237 77.692635 -2.619661
v 17.977160 75.023010 0.536796
v -4.671715 72.457115 -3.060675
v -2.821545 70.631660 -5.351431
v -3.466953 73.711517 -4.643075
v 0.091454 72.661301 -7.099655
v 0.520464 75.757347 -3.396560
v 16.909645 73.465080 -3.112351
v 3.505859 73.856735 -8.226275
v 9.993534 75.222374 -6.176092
v 8.175955 70.993179 -6.732186
v 7.126668 74.947395 -7.846606
v 0.996168 108.493668 -1.236007
v 0.248847 107.503845 -2.541705
v 0.270897 107.917686 -0.655814
v 0.780103 107.757362 1.234263
v 3.972728 106.011681 4.617759
v 6.169696 105.236610 4.955276
v 7.001606 105.954475 5.575825
v 2.379708 107.397087 3.341980
v 0.762895 108.352623 0.294938
v 11.806464 109.430801 -2.685050
v 11.917066 107.594505 -2.341534
v 10.628258 107.250725 -3.672544
v 6.303549 105.343513 -5.382087
v 6.084254 108.555031 -4.161268
v 8.713235 108.357513 -3.672252
v 9.082461 107.751419 -4.895785
v 11.744983 109.362442 -2.639078
v 12.040858 107.608307 -2.358395
v 11.826732 107.932251 0.411651
v 11.270086 107.591003 2.194134
v 10.536464 107.363098 3.552110
v 7.612828 105.947365 5.027819
v 9.459044 106.766312 4.272964
v 12.093144 108.402138 0.813475
v 0.996168 108.493668 -1.236007
v 0.217926 107.447510 -2.693460
v 2.878464 106.514221 -4.634614
v 6.268024 105.454735 -5.807136
v 6.111292 108.482819 -4.079583
v 4.024460 108.492508 -3.609456
v 2.209534 108.621216 -2.675210
v 8.201179 106.074997 4.887616
v 7.115853 105.092224 5.205180
v 7.590714 104.525169 5.701107
v 8.619923 100.864426 7.288130
v 10.226795 99.078148 8.810703
v 11.847445 97.725868 8.813371
v 15.558059 95.459587 8.099191
v 17.788542 93.918671 5.744773
v 19.124910 92.365013 -0.095560
v 19.782034 90.975624 -1.411234
v 19.328371 93.330315 -2.355032
v 19.471399 93.171028 0.121931
v 17.800993 94.616302 5.789001
v 16.628880 95.170128 7.291698
v 13.024077 98.776711 8.381536
v 10.614147 100.898788 7.594543
v 9.028243 103.507332 5.857261
v 9.182693 101.995880 7.211021
v 16.580696 95.927902 8.131709
v 37.835743 81.073502 9.951018
v 38.953018 78.146317 12.443550
v 39.096706 72.379044 16.097540
v 35.850376 70.514801 16.100988
v 39.361076 68.856133 11.530388
v 37.501850 69.844849 9.286846
v 35.934265 70.553726 7.002681
v 34.594585 71.906708 5.525296
v 33.481853 73.373970 4.609159
v 31.258875 75.392662 2.067522
v 28.720219 77.940926 -1.015920
v 26.569431 83.044624 -2.815136
v 24.166891 86.025085 -3.498867
v 21.023844 89.852234 -3.545417
v 19.631100 91.945595 -3.056972
v 19.539162 93.471565 -2.363546
v 19.037428 94.111153 0.812525
v 19.673630 95.816582 4.558912
v 20.381834 97.270203 5.009563
v 21.424772 101.632607 3.992033
v 21.376699 104.636337 -0.499091
v 22.843216 103.429077 -0.089767
v 25.894852 98.911995 0.632439
v 28.034946 93.701469 1.370169
v 30.104237 89.183510 1.323332
v 31.137943 88.490280 1.143456
v 32.130997 87.249062 1.530937
v 32.080379 86.869522 2.806673
v 34.189636 84.821152 5.666632
v 36.430485 82.630745 7.996117
v 27.678522 83.304291 2.181830
v 31.568892 79.020012 8.361312
v 30.745533 85.454567 3.018128
v 29.218504 85.919174 3.010239
v 23.510761 88.686638 3.066611
v 21.130791 88.368286 -1.166512
v 22.808195 84.303848 -0.601832
v 22.989761 99.822197 3.827086
v 33.668221 73.760124 11.907836
v 35.909077 69.406830 10.035236
v 24.450628 81.368019 -0.835918
v 25.990051 79.556412 0.803623
v 26.240444 77.931000 2.531242
v 25.523046 90.749931 3.501060
v 19.587875 94.091789 2.660097
v 23.956045 95.551819 3.520946
v 35.820278 71.364388 13.762980
v 34.737232 70.553543 9.045868
v 26.944176 79.988144 0.144329
v 27.772230 76.914932 0.735256
v 30.471161 74.423111 3.100456
v 32.544693 72.500046 7.273689
v 28.405859 89.076668 2.512437
v 36.146801 72.447639 15.014687
v 34.046753 72.463387 8.345345
v 21.594780 89.602402 2.102177
v 38.407085 77.563263 11.568835
v 30.311285 73.738602 6.182479
v 29.654366 74.999924 7.124014
v 23.088463 93.765770 3.830325
v 26.180557 84.600769 2.865364
v 28.103706 84.457748 3.775256
v 31.784912 73.799370 10.205055
v 25.431799 87.890366 3.648706
v 30.196026 82.984825 4.519529
v 30.168106 83.887749 5.571264
v 23.752039 87.510933 2.524732
v 33.324802 76.817055 9.248733
v 35.886013 71.177017 10.333324
v 26.563272 80.249733 3.638687
v 28.115322 79.176392 5.847381
v 26.345459 93.962387 1.718937
v -25.887655 80.273979 9.738975
v -25.488623 76.591728 13.007649
v -25.866007 72.631729 15.631442
v -23.907993 71.198021 15.719213
v -23.927444 69.706940 14.871119
v -26.984623 68.182152 10.943191
v -24.113169 69.467712 7.496837
v -22.048038 71.084991 5.224411
v -18.676371 73.869942 1.592782
v -17.156204 75.383430 0.153920
v -15.310349 78.978577 -0.533497
v -12.519964 83.846260 -2.097303
v -10.066592 87.040283 -2.571189
v -7.988367 89.331688 -2.354615
v -7.028217 93.604599 -1.695408
v -6.381554 94.199867 0.721224
v -6.980364 95.396309 4.040950
v -7.602967 96.853989 4.949196
v -8.561922 100.113953 4.499532
v -9.123218 103.091690 2.438538
v -8.749084 103.893082 -0.024094
v -8.346246 103.708473 -1.809530
v -10.905553 101.703522 -0.998242
v -13.138640 98.553719 -0.603153
v -14.606571 96.411568 -0.193525
v -15.898924 93.876747 0.372101
v -18.143850 89.319954 0.902748
v -19.419868 88.033936 1.204335
v -21.961945 84.865990 4.936409
v -25.661644 80.568596 8.763425
v -9.900953 88.851822 2.736972
v -9.683441 87.819695 0.934581
v -22.009253 73.229271 12.274712
v -24.562052 68.339996 11.179855
v -11.436273 94.044136 3.721002
v -16.222412 84.574478 3.275150
v -20.372843 72.631218 9.197266
v -22.807178 76.277695 10.877256
v -16.676247 75.749588 5.619662
v -11.913508 97.169327 3.494871
v -15.029148 92.060799 0.876445
v -15.570109 87.837608 4.248737
v -17.708509 86.082237 2.872020
v -12.669360 80.267097 2.715440
v -22.127735 70.045784 8.377744
v -25.296562 78.864067 9.054622
v -22.611906 80.106422 8.388871
v -17.231277 84.325104 3.319011
v -18.876608 73.117241 6.561833
v -16.971796 76.948685 3.894480
v -15.516799 76.018669 1.344213
v -7.329603 94.116638 2.761832
v -9.946215 91.798294 3.949211
v -18.774502 87.892136 0.581865
v -20.159380 84.562889 4.861590
v -9.776788 85.931488 0.328047
v -12.380273 79.764877 0.770200
v -22.017958 71.973007 7.351534
v -9.557574 95.354546 4.035399
v -18.374588 76.337479 8.177972
v -13.686798 77.494186 2.707281
v -12.045200 92.620155 3.355540
v -11.572319 82.409035 0.595081
v -13.258916 89.468163 4.071857
v -21.066814 75.708977 10.714628
v -18.714918 80.477180 7.729609
v -23.316620 74.125137 10.783552
v -23.296282 76.270508 11.854675
v -15.936000 80.564690 3.554786
v -15.036659 79.243698 5.119232
v -14.711677 83.450134 3.856593
v -16.533369 81.430237 5.688017
v -14.426620 81.373756 2.120594
v -22.488657 71.602951 9.117175
v -8.364528 103.743568 -1.890593
v -10.046563 102.586060 -1.263541
v -12.181335 100.102074 -0.746560
v -15.117373 95.390335 0.061291
v -17.996002 89.657417 0.875485
v -18.634127 87.753204 0.621294
v -19.629919 87.509567 1.907215
v -22.429907 84.236610 5.504789
v -25.785522 80.498795 8.709222
v -25.570879 80.213127 9.841767
v -25.525637 76.860748 12.965227
v -25.628593 74.609375 14.482771
v -25.953865 72.742790 15.677313
v -29.115026 72.430496 13.643646
v -29.895206 71.197388 12.060770
v -28.513645 67.866760 9.854223
v -26.860039 67.988205 10.848744
v -24.426895 69.245941 7.866914
v -18.422024 74.267685 1.162614
v -15.375982 77.521797 -0.990873
v -15.170786 79.895416 -0.406431
v -13.391275 82.401375 -1.659897
v -11.372620 84.943573 -2.465420
v -9.165663 87.778770 -2.608208
v -7.132124 91.002823 -2.088614
v -6.739570 93.597588 -1.662725
v -7.332656 94.522095 -4.304770
v -7.942776 96.331329 -6.192037
v -8.690591 101.359131 -4.885898
v -18.880640 88.858307 -1.800846
v -26.498428 76.972244 5.359832
v -16.534555 91.140800 -0.209389
v -12.884168 95.393028 -3.808313
v -25.798668 78.242325 6.986425
v -23.972721 79.462006 1.682579
v -20.710253 86.080276 1.018843
v -24.040310 74.120728 3.582519
v -25.088827 79.740005 3.410807
v -9.342214 88.846252 -4.156074
v -19.049355 78.717880 -2.056805
v -21.813877 83.902267 0.046212
v -25.868212 79.995216 6.677330
v -7.850549 93.758705 -5.165644
v -11.946657 85.704742 -4.085042
v -13.697123 88.128899 -5.005768
v -19.254354 80.831551 -3.012705
v -27.231142 72.442947 6.568750
v -15.174356 83.531479 -4.097037
v -15.264793 81.433449 -2.571210
v -18.293081 84.665436 -3.634513
v -8.657798 94.858459 -5.528668
v -12.932994 93.095276 -4.772288
v 21.477047 104.741386 -0.398997
v 23.841938 102.149025 0.159846
v 27.498009 95.195480 1.294308
v 29.529602 90.525429 1.476127
v 30.571304 88.963341 1.235970
v 31.941687 87.131287 1.570577
v 32.231018 86.760178 2.955580
v 33.442009 85.387360 4.828699
v 35.228470 83.855080 6.843087
v 38.209057 80.472214 10.456732
v 38.928272 75.748268 14.482755
v 39.254211 72.743332 16.267107
v 41.609348 72.237869 14.115318
v 42.753838 71.006218 12.007337
v 41.845287 68.742821 10.089159
v 39.280891 68.842888 11.439018
v 36.879189 70.138069 8.482436
v 35.211048 71.419243 6.230495
v 32.394802 74.714722 3.421599
v 29.683481 76.577621 0.058159
v 28.440153 78.802223 -1.084466
v 27.354958 82.014984 -2.280581
v 25.337610 84.835396 -3.156411
v 23.242573 86.943626 -3.672559
v 19.359661 92.948883 -2.674923
v 21.075405 99.960426 -5.428548
v 21.673960 103.301498 -2.162591
v 33.208420 87.209915 -0.735446
v 37.771465 78.250267 3.680697
v 35.787502 82.597511 2.750350
v 34.026127 85.719452 1.256374
v 38.638741 77.487076 9.827850
v 24.488569 98.624893 -3.088642
v 31.350557 89.773834 -1.615458
v 37.365360 73.903824 4.373110
v 28.132421 93.080322 -0.985943
v 28.295683 92.333015 0.655727
v 30.898739 88.313393 -0.853119
v 36.987335 80.886818 7.134117
v 33.590851 74.996811 2.348804
v 21.919395 91.731712 -5.343349
v 24.902403 88.348923 -5.033821
v 20.076773 94.490425 -5.387165
v 28.872648 90.854218 -3.462408
v 35.167736 79.685448 0.091827
v 31.866714 82.227463 -3.308299
v 39.164524 76.993233 6.814991
v 40.733330 72.481018 7.607429
v 23.544905 96.367470 -4.790522
v 25.574856 91.958267 -5.116243
v 26.495092 85.219604 -4.496857
v 31.321716 80.133018 -2.704072
v 20.394997 96.994492 -6.026718
v 6.406940 60.789684 9.683874
v 6.380134 49.366982 9.669148
v 6.337000 47.810478 8.928937
v 6.201960 43.745083 2.738861
v 4.849458 42.351368 2.749799
v 2.785497 38.662117 2.185433
v 2.594978 36.700607 2.017153
v 2.471035 34.723618 2.257379
v 1.519176 32.490620 1.885424
v 1.319528 30.369123 0.906569
v 1.709435 30.248169 0.855351
v 1.899359 28.406975 0.338783
v 1.668272 23.370668 -0.315558
v 0.348524 19.159521 -0.034645
v -0.672827 14.088860 0.087462
v -0.838455 7.572312 0.716827
v -1.623125 7.845194 2.976272
v -3.826337 8.710671 3.940857
v -5.469805 7.909820 3.163557
v -6.453435 7.610122 0.553501
v -5.994404 10.284749 0.119804
v -6.509144 15.595034 -0.105356
v -7.675009 24.589388 -0.232038
v -6.620206 31.069529 1.021964
v -6.191204 33.052608 2.022029
v -6.034835 34.856194 2.336763
v -5.813402 35.207741 2.833732
v -6.139884 41.138405 3.617618
v -6.475324 42.951870 3.532255
v -6.391771 43.198479 3.317141
v -7.180213 54.614689 2.702035
v -6.631791 59.773956 2.140969
v -6.598789 60.181583 5.439250
v -5.086484 60.537045 8.137593
v -1.751231 35.846386 7.598626
v 0.669590 37.253922 6.858883
v 2.562121 38.580711 4.234805
v -3.793985 21.901756 4.653023
v -3.502463 29.915922 5.395518
v -7.298526 25.739161 2.573103
v -6.257119 48.295612 7.456666
v -5.992710 54.217834 8.025305
v 0.056045 29.790607 3.789872
v 0.860445 22.974770 1.662411
v -7.286103 54.365578 4.904288
v -1.663270 32.446545 5.981272
v -4.972765 23.800745 4.779655
v -2.139469 23.649834 4.279830
v -5.783230 27.759731 4.624702
v -5.302754 42.615162 7.331098
v -3.972424 32.498997 5.739996
v -2.599985 9.470794 3.334329
v -1.757387 11.891347 2.439502
v -4.274170 10.064996 3.316183
v -6.172365 12.555285 1.757333
v -4.869523 16.983686 3.507108
v -2.958604 15.054374 3.558794
v -3.591839 35.444534 7.037244
v 4.958761 43.805641 4.211710
v -2.437271 56.043537 9.929456
v -6.015888 30.778082 4.223047
v -1.765378 29.489296 5.109533
v -6.268927 17.985094 2.340572
v -3.961614 47.806664 9.460851
v -3.500005 38.725014 7.331215
v -5.423890 34.846027 4.426871
v -5.361147 38.676144 5.177031
v -0.989994 15.884220 1.945902
v 3.065594 46.184303 7.480560
v -3.312107 60.677719 9.282273
v 0.932242 41.640751 8.338980
v -1.245527 41.820637 8.926737
v -0.864872 48.698013 9.913130
v 6.414191 60.797382 9.662317
v 6.401177 52.649006 9.733599
v 6.320999 48.368023 9.452065
v 6.230061 43.692200 2.740492
v 8.114612 42.983669 2.788297
v 9.638516 40.760342 2.424863
v 9.930813 37.419922 2.191331
v 10.622666 34.165367 2.063067
v 11.138698 31.458521 0.922940
v 11.122261 30.094790 0.197046
v 10.812276 26.880142 -0.546051
v 10.990570 23.067322 -0.942807
v 12.304804 18.681799 -0.586382
v 13.585945 11.523825 -0.242413
v 13.417747 7.605198 0.169589
v 13.931028 8.300457 2.378781
v 15.969520 8.903987 3.958232
v 18.228350 7.855866 2.970433
v 18.783417 7.415237 1.057378
v 18.837603 12.253864 0.476550
v 19.705528 21.329449 0.354358
v 20.067478 24.997940 0.424815
v 19.598867 29.886938 1.236539
v 19.066147 31.777708 1.805328
v 18.972916 32.687454 1.680143
v 18.871717 34.483624 2.418729
v 18.478582 34.566738 3.097444
v 18.622305 36.837055 3.484435
v 18.821356 40.225754 3.512022
v 19.222248 46.198795 2.948062
v 19.674965 54.864315 2.457085
v 19.394035 59.363487 2.070042
v 18.875900 59.925808 6.629441
v 17.174547 60.203812 8.826398
v 10.673491 36.380844 4.682899
v 10.955466 43.364769 8.232526
v 9.428031 41.272682 5.173702
v 15.370828 30.582678 5.627410
v 15.542494 20.123962 4.136482
v 15.918764 25.919006 5.206010
v 17.651472 44.146652 8.007181
v 7.886377 44.884968 5.770194
v 10.599660 40.680016 7.243217
v 11.908342 30.295506 2.924503
v 18.298901 25.675472 4.586012
v 19.638920 25.765009 2.884953
v 18.590698 31.097698 3.904118
v 11.355343 23.622091 1.373814
v 19.945898 53.045380 4.526639
v 18.598104 41.031368 4.152832
v 17.045362 49.285706 9.328213
v 16.559353 30.502539 5.422147
v 13.727158 30.097034 5.033428
v 19.001932 49.310856 7.310351
v 15.117594 9.499620 3.380414
v 13.761586 11.700859 1.437990
v 16.197475 35.589520 7.278707
v 15.954679 40.017632 7.862249
v 17.495892 20.574835 4.108014
v 13.376122 37.988903 7.834137
v 13.046499 35.286762 6.815248
v 13.015552 41.090210 8.639038
v 12.798588 17.650009 1.031284
v 14.965309 55.851151 9.954405
v 18.198471 12.110977 2.172744
v 15.027125 14.105564 3.263468
v 17.245508 13.443929 3.139962
v 17.855667 35.285118 4.882896
v 13.124492 48.138618 9.891881
v 17.641817 40.025566 6.614758
v 19.118666 20.483789 2.755357
v 14.470322 45.159946 9.472188
v 6.273675 58.826618 -4.140595
v 6.194170 50.864155 -3.079338
v 6.159799 47.958347 -2.097702
v 6.254893 43.780712 2.725189
v 8.114612 42.983669 2.788297
v 9.286458 41.620434 2.577014
v 9.614919 39.718761 2.288248
v 10.312561 34.372356 2.092267
v 11.198278 31.674215 1.064901
v 11.250547 30.169361 0.251285
v 10.702567 27.126764 -0.511218
v 11.093003 22.711649 -0.957083
v 12.446445 18.237183 -0.569919
v 13.617933 11.713445 -0.252171
v 13.427815 7.605567 0.137243
v 16.104090 7.309641 -2.697511
v 18.573654 7.247394 -0.570187
v 18.603809 7.447124 1.018139
v 18.666681 11.309936 0.559948
v 18.976936 15.264794 0.392225
v 19.783894 21.366735 0.364049
v 20.129999 25.026840 0.441014
v 19.525488 29.973555 1.247636
v 19.037333 31.562595 1.768119
v 19.030647 32.757362 1.690376
v 18.871717 34.483624 2.418729
v 18.530247 34.790546 3.192677
v 18.965380 40.205139 3.622566
v 18.687706 40.649616 3.413276
v 19.749323 54.071739 2.506505
v 19.371485 59.373226 2.041603
v 16.038935 58.958588 -2.761571
v 13.255936 58.745110 -4.018557
v 14.283859 50.266674 -3.101652
v 18.012697 53.329842 -0.947759
v 13.019931 34.236691 -1.321443
v 20.047205 25.362808 -2.416304
v 13.407432 32.642876 -2.440455
v 12.582035 26.801716 -4.044732
v 12.078914 22.122112 -3.129142
v 11.297572 27.003838 -2.619195
v 11.487650 32.029449 -0.612181
v 10.995600 33.979385 0.271441
v 17.658627 22.491247 -4.274684
v 18.411085 47.692078 0.284002
v 9.673714 45.298882 -0.624696
v 18.346508 25.881248 -4.364242
v 14.235030 24.328814 -4.937872
v 15.427343 28.739391 -4.380464
v 15.448958 9.200891 -2.772087
v 14.650758 12.055702 -2.504207
v 16.964594 9.055770 -2.552156
v 18.875320 15.144064 -1.278766
v 18.246037 18.093283 -3.125114
v 16.429287 14.582272 -3.446871
v 14.003793 56.066509 -3.442625
v 16.908386 34.348259 -1.306533
v 16.425756 38.290115 -0.590867
v 14.562119 18.357290 -3.685675
v 9.789783 43.293407 0.685255
v 8.173180 42.617893 0.976415
v 12.845145 46.329456 -2.341126
v 10.601850 37.320072 0.058283
v 13.780030 37.815685 -1.479207
v 14.521594 35.110683 -1.744717
v 18.139036 39.113468 0.720090
v 18.463120 34.994061 1.140507
v 18.508162 40.554329 1.453283
v 17.467848 32.469589 -2.253438
v 13.395506 15.291257 -1.806510
v 15.604617 46.545746 -2.405893
v 16.467304 40.637802 -1.104869
v 13.926220 41.519508 -1.914965
v 11.704223 42.610626 -1.293243
v 17.227932 35.373383 -0.916042
v 6.273766 58.850647 -4.056511
v 6.225480 43.694077 2.691852
v 4.596329 41.995766 2.629074
v 2.422551 38.782516 2.301133
v 2.594978 36.700607 2.017153
v 2.257088 34.865978 2.219990
v 1.519176 32.490620 1.885424
v 1.499558 30.888817 1.122332
v 1.678066 28.539280 0.291538
v 1.714247 23.822649 -0.327788
v 0.323140 18.895786 -0.020021
v -0.993908 11.861092 0.199465
v -0.813861 7.574703 0.734022
v -3.318405 7.217742 -3.100701
v -6.442328 7.538073 0.442618
v -6.113866 10.238112 0.128782
v -6.630353 17.046141 -0.172877
v -7.641224 24.606335 -0.226567
v -6.755508 31.076494 1.006933
v -6.214129 33.040749 2.013781
v -6.117515 34.880604 2.319171
v -6.147097 35.170982 2.860293
v -6.139389 41.202843 3.616750
v -6.380364 43.177021 3.356301
v -6.804477 47.559711 3.121663
v -7.140719 54.844852 2.681579
v -6.799264 59.812439 2.081319
v -3.824113 59.241852 -2.534322
v -1.041731 58.900852 -4.135939
v -2.565635 21.342974 -4.534978
v -3.301771 32.738834 -2.703271
v -1.480053 55.864090 -3.413547
v -4.008917 29.490561 -3.999412
v -0.714132 25.149765 -4.746688
v -4.351125 41.985023 -0.822378
v -4.557369 52.491879 -1.628406
v -5.957450 32.043297 -1.398946
v -5.605622 26.588812 -4.275120
v -7.498667 25.048193 -2.124480
v 1.422600 23.359306 -2.170252
v 1.242425 33.858547 -0.067265
v -6.486188 52.650314 0.761913
v 6.187524 50.639992 -2.956660
v 6.141244 46.533428 -0.866786
v -5.895605 42.513515 1.456282
v 1.337617 31.180704 -0.535945
v -0.093504 29.051979 -3.479460
v -0.661875 17.566462 -2.450991
v -0.535553 35.128807 -1.934082
v -0.165393 32.090935 -2.124161
v -3.058066 35.386288 -1.567022
v -5.322581 34.712624 0.102589
v -5.022874 16.714453 -3.296510
v -2.869562 9.575308 -2.757679
v -1.631636 10.900670 -1.801214
v -1.990534 48.340576 -2.930757
v -6.187871 22.703058 -3.637127
v -3.584571 45.902859 -2.041224
v -0.210426 45.842388 -2.310854
v -6.316892 17.306820 -1.919273
v -2.976448 15.759080 -3.560234
v -4.593455 9.723666 -2.515168
v -2.011159 42.244083 -1.897027
v 1.849544 37.459686 -0.265497
v 0.269498 40.014919 -1.140436
v -1.095275 36.904106 -1.642408
v -3.313542 39.421497 -1.397425
v -5.739938 37.478695 0.985848
v -3.950660 37.758762 -1.169529
v 7.593871 104.421417 5.713712
v 8.009901 102.574341 6.560787
v 9.227729 100.031906 8.073560
v 14.581475 95.989777 8.679504
v 17.460035 94.170822 6.323533
v 17.847250 93.837921 5.380585
v 18.146769 93.844360 5.550007
v 18.110809 93.595001 5.639416
v 17.841215 93.835060 5.381766
v 17.467716 94.175316 6.323900
v 16.304209 94.938934 7.774024
v 13.001527 96.772522 8.948754
v 11.568550 97.937569 8.958606
v 10.076844 98.975685 8.559242
v 8.604866 100.949203 7.558003
v 8.526861 101.148643 7.811422
v 7.648502 104.491890 5.678258
v 7.026706 105.150421 5.240840
v 4.792614 105.686050 4.689238
v 3.144956 106.470963 3.973696
v 0.857800 107.695404 1.375751
v 0.277989 107.933327 -0.517401
v 0.851937 107.659599 1.453341
v 1.735272 107.187035 2.817985
v 6.136921 105.243614 4.977847
v 1.951554 107.249695 3.151468
v 0.506710 108.022537 0.913207
v 8.138316 106.258400 4.792326
v 12.164549 108.672226 -0.184534
v 11.734655 109.386810 -2.623264
v 12.002038 108.202988 1.291487
v 11.424993 107.637596 3.068796
v 9.964424 106.814606 4.394108
v 11.730340 109.372856 -2.633658
v 9.998297 108.891136 -3.464257
v 6.089550 108.443504 -4.079376
v 0.809083 108.342834 -0.093586
v 0.991523 108.205399 1.306497
v 1.081218 108.156578 1.286937
v 0.689761 108.410805 -0.777030
v 2.280295 108.682640 -2.805143
v 4.333611 108.523163 -3.780739
v 8.296285 108.561836 -3.949638
v 0.864281 108.585899 -1.147418
v 1.023683 108.199890 1.124887
v 2.161011 107.472229 3.211591
v 8.119332 106.264961 4.794924
v 5.788859 106.288490 4.985510
v 3.825485 106.920021 4.258242
v 0.222621 107.424538 -2.715089
v -4.404179 105.362144 -2.398677
v -6.897496 104.128654 -2.031615
v -9.266643 103.192406 -1.582129
v -11.039337 101.508636 -0.988235
v -13.145205 98.786591 -0.579616
v -15.034944 95.632729 -0.004442
v -18.018051 89.534142 0.889919
v -20.603395 86.544014 3.181762
v -25.802326 80.522324 8.716284
v -25.585453 78.816101 11.259150
v -25.458462 75.905197 13.610207
v -25.894810 72.644386 15.660444
v -25.388414 76.642807 13.101521
v -25.884293 80.299057 9.779102
v -23.611269 82.856956 6.738904
v -20.833788 86.267372 3.413790
v -19.492186 88.004333 1.244161
v -18.798569 87.935219 0.600845
v -16.512955 92.591255 0.558664
v -14.010554 97.612946 -0.371659
v -8.832353 103.314659 -1.725871
v -4.324697 105.455956 -2.466266
v -3.802904 105.971077 -2.682604
v -9.616385 103.349869 -1.610319
v -14.416279 97.359604 -0.550437
v -15.829112 94.907806 0.278983
v -21.139132 86.336502 3.801900
v -23.652685 82.815971 6.795689
v -25.457039 76.984009 13.204189
v 12.297668 107.431091 -2.261416
v 15.487983 106.153191 -1.909614
v 18.794329 104.995216 -1.117182
v 25.816095 98.947121 0.535934
v 28.006210 93.869682 1.403655
v 29.338457 90.810997 1.512334
v 31.098040 88.685524 1.277253
v 32.151115 87.252411 1.517250
v 34.903774 84.130600 6.473375
v 38.003368 80.915398 9.984342
v 38.666164 79.118362 11.674987
v 38.897308 76.614174 13.773326
v 39.015301 72.501251 16.219328
v 38.809990 78.315651 12.424963
v 37.737038 81.333252 9.640979
v 32.168991 86.729034 2.923007
v 30.230869 89.036568 1.296034
v 28.150311 93.457695 1.480836
v 26.950052 96.646202 1.021860
v 23.712692 102.295502 0.159259
v 21.484734 104.755539 -0.405193
v 18.938086 104.935799 -1.065001
v 14.070287 106.670151 -2.154002
v 17.611864 105.642960 -1.539108
v 22.836641 103.538712 -0.037306
v 25.843700 99.690765 0.541287
v 28.604578 93.157257 1.583800
v 32.082966 86.914719 2.901103
v 33.887577 85.039963 5.362217
v 37.552044 81.900978 9.462536
v 38.531040 80.646889 10.660500
v 38.964954 75.567001 14.628764
v 11.756846 109.363800 -2.640772
v 11.936579 107.593925 -2.342642
v 0.984468 108.502541 -1.240390
v 0.297391 107.440582 -2.647323
v 0.779285 107.706688 1.215102
v 0.396849 107.751701 1.288383
v 0.785102 107.697197 1.213422
v 0.271173 107.863548 -0.589870
v 0.202863 107.636436 -2.253611
v 2.011186 106.771263 -4.253177
v 3.906496 106.251175 -4.973065
v 6.295293 105.353294 -5.451619
v 1.893432 106.922997 -4.230891
v 0.552654 107.402954 -2.896275
v 0.368039 107.970360 -0.345957
v -0.005983 108.072739 -0.978600
v 0.675739 107.545654 -3.237669
v 3.385092 106.416191 -5.121229
v 11.966633 107.693344 -2.409527
v 10.849809 107.252060 -3.669668
v 8.441581 106.300690 -5.029914
v 6.305391 105.354256 -5.429412
v 8.484015 106.180710 -5.070039
v 11.916835 107.667976 -2.031470
v 10.181663 107.010094 3.662111
v 8.408814 106.305817 4.645548
v 11.311174 107.588745 2.063944
v 11.895746 107.888023 0.084069
v 8.347124 103.068527 6.231322
v 8.356231 103.787849 5.754965
v 10.839936 102.983429 6.047213
v 10.771506 103.712044 5.464555
v 10.212592 100.190880 7.851421
v 10.188065 100.916451 7.382597
v 12.742344 100.721779 7.036715
v 12.831254 99.973518 7.444497
v 12.590455 98.235252 8.500357
v 12.488681 98.933144 8.139306
v 15.219514 97.898628 7.604295
v 15.045537 98.652252 7.327535
v 15.499360 96.402756 7.795636
v 15.379845 97.133278 7.684241
v 17.801620 95.989357 6.105062
v 17.576443 96.735191 6.008958
v 4.557203 103.129128 6.027929
v 7.011383 102.777573 6.381756
v 6.234856 103.661819 5.802764
v 4.744061 103.905037 5.566003
v 7.128388 103.519279 5.945445
v 8.192449 100.017532 7.995398
v 5.412968 100.255150 7.844117
v 5.481076 100.971596 7.436528
v 8.242800 100.727089 7.585988
v 7.835330 98.083481 9.043045
v 7.848067 98.701675 8.720933
v 10.805980 97.852692 8.968615
v 10.794571 98.470726 8.675399
v 14.046159 95.777313 8.812373
v 14.027972 96.289032 8.690704
v 11.066758 96.716812 9.383041
v 11.092464 96.212029 9.595666
v 16.960300 100.721909 4.968581
v 17.673656 99.275208 5.298040
v 18.255569 97.146927 5.089211
v 14.393847 95.622032 8.231889
v 18.498465 95.430168 4.045604
v 18.156563 94.814125 1.970708
v 19.351395 92.951324 -0.718467
v 17.743326 90.911591 1.671133
v 17.816208 89.068130 0.307132
v 17.106014 85.685577 1.472289
v 16.678726 85.076378 4.798586
v 15.772758 79.990845 4.662261
v 15.984439 80.618057 2.739856
v 16.747858 75.989952 4.831646
v 16.849707 72.898163 3.126538
v 16.197090 75.245049 6.305285
v 15.569824 72.424294 6.421309
v 15.066237 74.479317 7.613918
v 13.876107 71.919449 7.948489
v 12.042963 70.964439 8.982819
v 10.892946 71.075119 9.452624
v 8.161933 73.786400 11.063181
v 6.176647 70.998627 10.906849
v 3.834129 73.893494 10.950758
v 1.693272 71.075127 9.452722
v 0.543237 70.964561 8.982269
v -1.289534 71.918770 7.950074
v -2.969261 72.409775 6.480105
v -4.264563 72.898323 3.126499
v -4.165391 75.820267 4.910582
v -3.398450 80.618027 2.739861
v -3.014633 79.878220 5.420935
v -4.522031 85.687256 1.471330
v -4.187118 85.490486 4.645085
v -5.234699 89.082664 0.302088
v -5.137764 90.964371 1.755292
v -6.765759 92.951653 -0.718183
v -5.570484 94.813789 1.969861
v -5.854115 95.219398 3.524055
v -5.837051 95.880775 4.414739
v -5.671496 97.113457 5.069540
v -4.181706 98.513718 5.965069
v -4.431688 100.765266 4.999993
v -1.610139 99.644592 6.741328
v 0.887457 99.139053 7.658872
v 3.954473 98.701584 8.246201
v 1.652712 95.846214 9.306973
v 6.167377 98.419762 8.103877
v 7.764550 98.603104 8.289301
v 10.126514 98.916977 8.049990
v 11.298241 95.575821 9.354073
v 13.725311 99.507362 6.983326
v 15.524347 91.965309 7.622502
v 16.205307 90.829964 5.331029
v 13.980109 92.232857 9.117928
v 14.651194 89.703621 7.548418
v 15.222713 85.605927 7.313552
v 14.622858 80.030838 6.888104
v 11.935395 78.717155 9.022640
v 10.947530 82.630730 9.819730
v 10.128456 75.037079 10.437565
v 7.252308 76.769844 10.627125
v 8.314461 83.617958 10.619904
v 12.493160 86.082664 9.461092
v 10.091545 85.878624 10.396752
v 4.517708 82.051712 10.474409
v 3.973610 77.402130 10.678507
v 1.625281 82.212402 9.808194
v 1.772183 85.092773 10.196238
v 5.731784 85.567589 10.626750
v 4.536495 88.681557 10.532194
v 6.785426 88.655746 10.458168
v 12.563910 89.744110 9.103334
v 10.067413 90.270058 10.102770
v 6.263395 91.795921 9.845281
v 2.222378 90.192841 9.946728
v -0.487443 89.793594 8.952830
v -3.074154 90.204643 6.330022
v -2.358442 91.456520 8.122338
v -2.455361 85.468346 7.457840
v -1.488301 80.265152 7.344316
v -2.868034 74.803276 7.368999
v 1.485015 76.344070 9.902609
v 37.647419 72.040276 12.037864
v 37.117676 71.435204 12.954470
v 38.035946 71.537346 11.719377
v 37.789337 70.293938 12.995188
v 36.868439 69.504028 16.114449
v 36.621449 70.254768 15.643703
v 38.708755 70.724564 11.760891
v 39.685024 71.621132 9.909671
v 40.427338 70.836296 10.256074
v 40.819988 69.074394 11.461220
v 42.314781 68.678741 11.810307
v 42.964836 67.481941 12.855170
v 42.757912 67.158142 13.281543
v 43.549236 66.284012 13.229092
v 43.392170 65.878052 13.515207
v 43.228886 65.968414 14.070250
v 43.610756 64.918907 13.594503
v 43.410591 63.784718 13.761027
v 43.169266 64.448860 14.316555
v 43.540283 65.233940 14.477014
v 43.323750 67.243141 14.176250
v 43.246685 63.254154 14.580979
v 43.340645 63.286648 14.101589
v 13.871425 2.854071 0.745695
v 14.368579 2.952155 2.902266
v 13.892699 5.492399 0.834184
v 13.808412 7.929062 0.728994
v 14.537745 7.480831 3.129572
v 14.044933 4.905787 3.769781
v 14.958577 2.729128 5.656878
v 15.936168 5.505620 7.216912
v 15.720822 8.098265 3.874248
v 17.285913 7.952472 3.490188
v 14.303490 3.324399 6.527016
v 14.089760 2.048512 8.368195
v 14.361497 3.336123 9.709290
v 14.177295 1.830323 10.935374
v 14.897593 2.385714 12.094248
v 14.838043 1.665389 13.305390
v 15.012993 2.109587 13.802917
v 15.743069 2.125716 14.978776
v 15.635751 1.559142 14.934203
v 16.903990 1.624674 14.690493
v 16.765867 2.117710 14.644824
v 16.972916 1.600940 12.785480
v 15.994184 2.399241 13.603973
v 16.284046 2.769665 12.226883
v 16.576729 1.798921 12.019269
v 17.005844 1.950917 12.052832
v 17.021660 2.840558 11.533115
v 17.155085 1.550287 13.200447
v 17.204063 1.923117 13.582535
v 17.787441 1.516700 14.232557
v 17.626686 1.925558 14.206609
v 18.126650 2.674829 12.601785
v 18.156919 2.054104 11.863975
v 18.231012 2.622875 11.077551
v 18.332445 2.052699 11.386930
v 18.528872 1.467757 13.145307
v 18.338663 1.918337 13.823035
v 38.486950 71.580986 11.238196
v 39.506660 71.665764 10.130771
v 36.779411 73.221962 8.828684
v 37.297440 73.220749 7.965759
v 34.195580 75.080849 5.730084
v 32.252048 76.720772 1.628173
v 31.682846 76.618988 3.348714
v 29.002464 79.197021 0.885751
v 29.162046 79.670578 -0.647965
v 27.492456 81.572929 -0.213788
v 27.254423 82.792107 -1.258238
v 26.311510 83.946815 -0.517698
v 24.353107 85.289169 -2.098294
v 23.676439 86.337631 -0.960098
v 21.208590 89.245270 -1.173935
v 20.958038 90.318802 -3.331027
v 19.614197 92.961853 -2.428972
v 19.374207 93.567703 -1.200268
v 19.350832 92.499870 -1.619375
v 19.255985 92.908684 -0.788181
v 19.186533 92.474586 -2.876454
v 20.067270 93.514229 -4.237505
v 22.020227 90.531227 -4.487055
v 24.990614 85.673782 -3.236181
v 26.713081 88.829659 -4.151275
v 20.899870 94.336617 -4.914386
v 19.390955 93.531746 -5.012774
v 19.423277 96.209023 -5.806103
v 19.785940 98.031731 -5.846708
v 22.743553 95.415688 -4.676744
v 25.916567 94.442085 -2.966312
v 24.338449 97.591164 -3.208158
v 20.342243 100.330322 -5.170606
v 17.312878 98.859383 -6.419982
v 17.514175 100.366341 -5.921674
v 17.970081 102.357620 -4.710968
v 18.121107 104.060402 -2.719906
v 21.551798 101.588699 -3.326877
v 16.884785 103.701675 -3.953757
v 19.250786 103.900841 0.476529
v 21.349613 103.483406 -0.125498
v 18.865738 102.977394 3.209044
v 17.942358 101.699654 4.399483
v 22.187078 101.601120 2.406095
v 16.967579 100.788292 4.973490
v 17.656893 99.456642 5.401047
v 20.577215 99.838158 4.377851
v 18.465160 96.400620 4.962105
v 22.286776 96.992668 3.848964
v 19.161846 95.654297 3.997642
v 18.129364 94.820923 1.977485
v 20.801516 94.686447 3.066225
v 22.960325 99.717270 2.764533
v 19.034277 95.297150 1.631921
v 19.405560 92.946274 -0.748678
v 19.330345 94.340477 -0.411726
v 25.568449 97.191841 -0.835755
v 23.070049 101.572205 -0.430535
v 23.794891 91.518974 -5.120445
v 31.194517 83.801018 -3.061209
v 30.359533 86.418549 -2.839066
v 26.068394 92.567719 -4.155604
v 28.505266 90.827080 -2.281449
v 29.191971 82.094490 -2.841955
v 33.934971 77.233421 1.432139
v 40.664528 72.242989 10.276512
v 40.981030 73.214798 11.307575
v 38.846249 73.385399 8.289762
v 35.197563 78.402122 1.262638
v 31.411530 81.375732 -2.902335
v 32.028027 81.785431 -2.607455
v 37.736588 76.713318 4.828196
v 37.316113 78.910477 4.201193
v 35.170547 80.504204 0.783036
v 32.740974 85.037285 -0.867188
v 33.687183 84.675034 0.712770
v 30.510801 88.105713 -0.430427
v 26.634403 93.211693 0.091769
v 19.460510 93.594017 -1.215616
v 21.393559 90.946709 1.794430
v 21.233940 89.462074 -1.180996
v 24.190958 86.834717 1.378629
v 23.445272 86.627876 -1.012859
v 26.231831 83.955780 -0.516225
v 27.088028 83.401215 1.179089
v 27.354322 81.573982 -0.262631
v 28.938332 79.158852 0.890531
v 29.582529 78.503036 3.359777
v 31.956635 76.334793 3.612251
v 35.551258 74.216995 7.235420
v 34.320808 75.369400 7.579596
v 37.897758 72.248222 10.380931
v 38.440266 71.495010 11.169927
v 38.016350 71.542145 11.723977
v 37.465126 72.265762 12.200559
v 36.380581 73.916084 10.762682
v 34.713387 76.271019 9.113496
v 29.443350 80.110771 3.651076
v 28.418549 83.395676 2.080688
v 25.584906 86.900299 2.643272
v 27.049429 86.948280 2.980298
v 29.980085 84.842010 2.655758
v 37.460320 73.046089 12.966415
v 31.703779 81.122879 5.880965
v 35.264294 77.530922 9.315207
v 22.858965 94.370781 3.125892
v 29.888344 86.099472 2.232311
v 25.335249 93.304543 2.101034
v 34.027100 83.054749 -0.029515
v 36.061432 81.396751 4.361262
v 33.099556 85.284309 1.416869
v 34.328274 83.410645 4.391771
v 39.420509 74.857933 8.287458
v 40.662079 73.457619 9.934339
v 39.937149 74.993675 10.920820
v 38.356300 73.752243 13.300361
v 39.258038 73.996384 13.116423
v 38.602955 76.903366 8.836511
v 35.751232 78.913635 8.628890
v 32.882236 82.095299 6.159240
v 33.833179 82.839157 5.587293
v 30.599161 86.399452 1.732687
v -4.154426 72.917610 3.120471
v -3.316465 74.360931 -0.391772
v -4.185902 76.661385 2.951374
v -3.490445 72.922897 -1.141100
v -3.422311 80.672653 2.724377
v -2.759842 79.088966 -0.236717
v -4.455873 85.347351 1.567012
v -2.385872 80.943245 -1.119343
v -5.320115 88.531487 -1.247077
v -5.250169 89.165482 0.274471
v -6.844228 92.471153 -1.644017
v -6.699913 92.908981 -0.719557
v -6.844614 92.399071 -2.828830
v -6.798717 92.905617 -4.218206
v -5.161588 88.766945 -2.760066
v -1.222885 76.716629 -1.732243
v -0.630943 72.579407 -3.665318
v 0.622647 72.953613 -3.621139
v 3.472790 73.200195 -3.809775
v 4.125389 75.770226 -3.593313
v 7.798269 73.267975 -3.781957
v 6.269953 76.517479 -3.215638
v 13.682327 75.246643 -2.328675
v 11.963367 72.953590 -3.621144
v 13.216935 72.579399 -3.665350
v 16.076441 72.922874 -1.141124
v 15.902762 74.360497 -0.391405
v 16.771929 76.661125 2.951383
v 16.008289 80.672729 2.724368
v 15.345843 79.088898 -0.236711
v 17.042608 85.350563 1.566387
v 17.908342 88.537582 -1.249968
v 17.831905 89.152000 0.279227
v 19.429558 92.471230 -1.643401
v 19.287090 92.908379 -0.719284
v 19.430504 92.399223 -2.829101
v 17.536325 88.511749 -3.077905
v 15.819934 88.210739 -5.004119
v 14.971187 80.935829 -1.117522
v 13.033247 80.095932 -2.687729
v 14.630174 86.945488 -5.290409
v 19.384804 92.905670 -4.218336
v 19.361259 94.036514 -5.230362
v 19.371426 95.735832 -5.681321
v 19.732485 98.026138 -5.749225
v 17.291632 98.865433 -6.427935
v 14.429852 95.334259 -7.837011
v 13.478942 98.483871 -7.390988
v 11.163860 100.153564 -6.835109
v 17.977203 102.478668 -4.837694
v 15.397496 103.473495 -4.883600
v 16.872890 103.686852 -3.941835
v 10.608863 102.900574 -6.334699
v 6.313369 102.474686 -5.867940
v 8.430055 97.353722 -7.700575
v 6.297129 98.644203 -6.854489
v 1.992133 102.892639 -6.344633
v 1.423883 100.155319 -6.834651
v -2.813903 103.462738 -4.886829
v -4.282375 103.682747 -3.962281
v -5.397787 102.500145 -4.863166
v -4.705849 98.873436 -6.430147
v -0.909442 98.488533 -7.392887
v 4.217062 97.686569 -7.624502
v -1.928711 95.343552 -7.814675
v -6.417952 98.403877 -5.982543
v 3.461111 94.340408 -7.784995
v -6.785189 95.734917 -5.680968
v -7.158661 97.956833 -5.794689
v -6.775244 94.036606 -5.230372
v -3.916143 91.483284 -6.363277
v -3.594895 88.064911 -4.623396
v -0.551342 80.057884 -2.588903
v 3.224239 80.621223 -4.145290
v 4.304554 79.015968 -3.732836
v -1.857571 86.878952 -5.348898
v -0.976810 90.497101 -7.073871
v 1.177402 84.537674 -5.424445
v 2.453498 89.057816 -7.020921
v 4.312710 87.582474 -6.610349
v 8.661888 76.802002 -3.562039
v 9.089344 80.765572 -4.212694
v 13.089076 77.264107 -2.056223
v 10.873587 83.484383 -5.189850
v 9.091850 87.578796 -6.855762
v 6.313304 81.923630 -3.893191
v 6.334307 86.852165 -5.703152
v 13.276782 90.255928 -7.031079
v 16.502520 91.486069 -6.364529
v 10.248789 94.413498 -7.736584
v 6.271712 93.131157 -7.102696
v 16.739880 72.917435 3.120522
v 13.749291 7.968365 0.697622
v 14.187319 11.141142 0.454943
v 15.855163 7.868321 -2.744574
v 15.216526 10.423005 -2.203556
v 18.405472 7.566236 -0.060807
v 17.742937 9.342628 2.004899
v 18.549667 7.314927 2.544888
v 16.238518 9.268126 3.276121
v 15.821713 8.164331 3.951017
v 14.621994 7.452777 3.105628
v 13.821566 7.933578 0.728162
v 14.187173 11.428992 0.428016
v 12.852283 18.431580 0.559406
v 11.942093 24.830912 1.673034
v 12.289282 30.221134 2.476241
v 11.083344 34.714596 3.863172
v 12.833026 32.163876 4.549486
v 10.920967 37.412697 4.231308
v 12.813275 35.964077 6.218359
v 11.339379 38.241364 6.087364
v 10.440051 42.336708 6.612650
v 9.791738 43.687283 5.168146
v 9.070448 48.844467 5.359807
v 11.047877 48.672867 8.320993
v 7.724019 55.186054 5.292020
v 8.467655 57.781239 6.709465
v 7.079069 58.239964 4.893190
v 6.746483 58.570126 5.218399
v 6.303592 58.641094 5.381058
v 6.293857 59.120514 8.013695
v 6.296381 62.865723 10.046862
v 7.934049 61.474350 9.379237
v 6.294964 67.440231 10.038614
v 7.845712 67.387085 9.868652
v 6.305679 70.997719 10.904221
v 12.142121 71.019623 9.002982
v 12.584163 68.518532 8.395550
v 13.658058 71.903015 7.933916
v 10.239946 63.373577 8.464123
v 16.000046 68.140182 7.420955
v 15.549455 72.444580 6.164161
v 16.643656 72.835693 3.667840
v 17.405931 70.279549 0.785468
v 16.286156 72.959351 -0.880349
v 16.226421 68.764122 -2.328599
v 11.834462 72.968582 -3.598449
v 13.197731 72.572533 -3.650324
v 8.364313 71.391937 -4.341908
v 6.287804 73.308365 -3.803153
v 6.279692 67.035133 -5.413132
v 9.024946 68.008629 -6.081193
v 14.388165 67.964355 -4.717078
v 17.750122 66.672295 2.637441
v 17.409605 66.146881 6.156126
v 16.913237 64.679802 -0.364406
v 12.820837 63.865299 -5.867769
v 11.217602 66.260681 -6.336905
v 6.251107 63.235046 -4.673864
v 6.288870 61.283646 -2.850044
v 6.307145 60.789486 -1.363845
v 6.282728 60.435329 1.070621
v 7.228546 59.197094 0.153302
v 6.306255 58.983112 3.747863
v 6.350977 58.495049 5.381774
v 7.069852 58.240116 4.876842
v 7.029792 58.467197 1.809725
v 7.822515 54.844509 5.286054
v 7.844384 52.168667 4.183953
v 9.291222 47.573410 5.354559
v 9.205800 46.801456 3.405233
v 10.017105 41.604378 4.947254
v 10.493331 35.666985 2.230443
v 9.721864 44.476654 2.046099
v 11.170180 34.525448 3.806631
v 11.827615 31.316462 1.609028
v 12.283838 29.075760 2.208949
v 11.250451 28.033857 0.587747
v 12.004469 23.841513 1.506678
v 11.460016 22.951593 0.043475
v 12.610106 20.056078 0.787450
v 12.851240 18.539825 -1.081043
v 13.234754 16.413252 0.440458
v 14.228209 10.423830 -0.517495
v 14.211514 19.326750 -3.171414
v 15.484434 19.831350 -3.654860
v 12.075974 22.904146 -2.865646
v 14.552031 23.741533 -4.569024
v 17.303968 19.700460 -3.387795
v 11.452516 26.265688 -2.140615
v 13.017548 27.202232 -3.809065
v 16.292879 28.663950 -3.930575
v 17.676273 24.565063 -4.135883
v 19.223907 23.410280 -2.629591
v 19.601707 22.806276 -1.201351
v 17.568254 10.898903 -1.478258
v 16.574774 10.886097 -2.489166
v 18.293045 13.257792 -0.533997
v 18.150522 13.160866 0.997735
v 17.577503 13.557520 2.294845
v 15.928470 12.544897 2.989496
v 19.258497 22.660225 2.297591
v 16.320990 18.784807 3.642764
v 14.832174 10.048879 2.286115
v 14.381222 18.358664 2.545989
v -25.061459 72.040276 12.037884
v -24.531530 71.435051 12.954831
v -25.449926 71.537285 11.719399
v -25.203331 70.293953 12.995186
v -24.035452 70.254913 15.643297
v -24.282444 69.504044 16.114416
v -23.999689 69.351524 16.922367
v -24.464214 68.652672 16.834661
v -27.286734 69.786316 13.370931
v -26.122768 70.724541 11.760896
v -27.059303 70.431656 10.742654
v -27.098925 71.620651 9.908882
v -27.841101 70.836555 10.255874
v -28.233946 69.074440 11.461186
v -29.728806 68.678696 11.810328
v -29.445808 68.205170 12.599746
v -30.378830 67.481903 12.855175
v -30.171934 67.158119 13.281603
v -30.963251 66.284019 13.229152
v -30.806185 65.878059 13.515197
v -31.024759 64.918922 13.594488
v -30.824572 63.784504 13.761067
v -30.754658 63.286579 14.101650
v -30.660690 63.254177 14.580976
v -30.583279 64.448875 14.316559
v -30.954292 65.234032 14.476984
v -30.642849 65.968338 14.070205
v -30.737810 67.243019 14.176537
v -30.783482 67.079597 14.584963
v -30.025379 67.199142 14.966994
v -30.575731 65.631927 15.540782
v -31.140316 65.598831 15.422572
v -30.926361 63.933990 15.823152
v -30.391441 62.549576 16.073036
v -30.114792 62.789200 16.828806
v -29.982527 63.294716 16.424105
v -30.448351 64.442970 16.650509
v -30.394716 64.247810 15.972044
v -30.554195 65.922501 16.365480
v -30.131798 67.683830 15.966195
v -29.299036 67.748375 15.755841
v -29.169916 67.640358 16.649639
v -30.173216 65.916161 17.007235
v -29.775770 64.053993 17.481365
v -28.907063 63.366936 17.877621
v -29.203455 62.811726 17.967035
v -28.899399 62.867458 18.501745
v -29.077452 64.135376 18.530931
v -29.152990 64.602974 18.016991
v -29.544538 66.107452 17.319643
v -29.539812 66.425735 17.990112
v -29.528982 67.390495 17.562433
v -28.881973 68.176720 17.421745
v -28.664198 68.149551 17.202583
v -28.522070 66.872505 18.171921
v -29.017164 66.740990 18.302876
v -28.867935 65.342865 18.997242
v -28.463175 65.434288 18.912374
v -28.348928 63.781757 19.557653
v -27.947792 64.505447 19.345547
v -27.795614 64.123306 20.027502
v -28.129923 65.785370 19.651585
v -28.194122 67.288467 19.025059
v -28.113848 67.138191 18.611979
v -27.827917 68.907738 18.101072
v -1.222709 7.929066 0.729017
v -1.951795 7.480998 3.129592
v -1.306712 5.492534 0.834181
v -1.285444 2.854102 0.745710
v -1.458901 4.906054 3.769502
v -3.169194 8.098187 3.872631
v -4.699677 7.952520 3.490169
v -5.786136 7.244008 2.498359
v -6.532327 4.118794 6.836152
v -4.585580 5.967487 6.502950
v -3.357489 5.588250 7.071725
v -1.782588 2.952144 2.902282
v -2.372553 2.729196 5.657094
v -1.717493 3.324301 6.527676
v -1.503848 2.048669 8.368381
v -1.775428 3.335965 9.710039
v -1.591641 1.830892 10.935862
v -2.312119 2.385544 12.094548
v -2.250634 1.667370 13.294263
v -2.529330 2.103147 13.960590
v -3.157916 2.128391 14.983443
v -3.186923 1.548173 15.033295
v -4.357893 1.639645 14.558400
v -4.155192 2.132189 14.659473
v -4.388217 1.600682 12.788273
v -4.226371 2.187330 13.488145
v -3.397155 3.006550 12.550508
v -2.501306 4.871750 7.108757
v -5.239913 4.447577 8.604955
v -5.900876 7.588653 -0.315596
v -5.200980 4.253322 -1.161971
v -4.133783 7.787616 -2.105235
v -6.952572 3.411473 4.617918
v -5.048678 2.744460 -2.378329
v -5.824522 2.692412 0.564342
v -7.279928 2.086262 4.073684
v -8.068906 2.246861 5.860331
v -6.794753 3.583489 9.058116
v -8.351075 1.489590 8.012664
v -8.672960 1.448146 9.285127
v -8.965479 1.654314 9.815803
v -8.526924 1.369978 10.914046
v -8.481507 1.058551 10.728459
v -7.885620 1.146199 10.782796
v -7.713517 1.695956 9.314775
v -7.931716 1.625600 10.717629
v -7.706494 2.098756 9.244645
v -7.847956 2.371047 9.078876
v -8.458907 2.312885 10.055255
v -25.914356 71.600533 11.249279
v -23.814213 73.534538 8.328107
v -26.816010 71.619255 10.209270
v -19.705807 76.400993 2.296845
v -20.387232 75.672897 4.541214
v -25.185764 73.003357 8.357780
v -22.167955 76.292229 2.439293
v -27.574396 72.031509 10.057861
v -28.242462 72.372169 10.466691
v -28.143513 73.473984 10.027131
v -28.034876 73.495567 11.842347
v -26.564007 73.976982 13.152079
v -25.721525 73.758057 13.331202
v -24.750771 72.854752 12.804404
v -26.992971 75.338234 11.001234
v -26.566374 73.833199 8.167666
v -25.137363 78.013290 4.494349
v -26.865507 75.324394 8.641105
v -22.822384 78.443810 8.922585
v -24.879274 72.265656 12.200487
v -25.311409 72.246132 10.382477
v -25.430408 71.542152 11.724058
v -25.854134 71.494904 11.169946
v -22.958307 74.254364 7.205914
v -22.948668 74.780212 9.815348
v -21.205500 75.886894 7.498766
v -19.378120 76.302505 3.630569
v -17.851217 77.616592 3.568068
v -16.426092 79.179291 0.921271
v -16.378664 79.806900 3.153394
v -15.031216 80.986542 -0.036856
v -15.191756 81.975540 1.782535
v -13.904760 82.281021 -0.424536
v -12.893124 84.197792 -0.645336
v -14.351290 83.719643 1.350312
v -10.317075 87.197044 -1.077512
v -11.143080 87.804291 1.960068
v -8.387221 89.987587 -1.200772
v -8.821559 91.121498 1.921904
v -6.906295 93.610550 -1.221483
v -15.748362 83.658539 2.212368
v -19.241480 80.490860 6.176841
v -16.671410 82.947586 2.550731
v -13.344329 87.803513 2.991601
v -15.847436 87.254471 2.731006
v -23.148514 75.889793 10.248671
v -24.201586 79.012672 8.076429
v -22.435137 83.100021 2.416601
v -22.138720 83.486588 3.217815
v -21.623878 83.184074 4.938560
v -20.453398 82.682739 5.850167
v -6.817585 92.946739 -0.749532
v -5.543107 94.820412 1.975994
v -6.077786 95.452644 1.750152
v -6.575953 95.654404 3.997674
v -5.879200 96.400497 4.962029
v -5.070780 99.457214 5.400971
v -9.700795 96.992615 3.848953
v -7.991173 99.838165 4.377867
v -5.356531 101.700188 4.399136
v -4.381803 100.788162 4.973488
v -6.276556 102.977486 3.210650
v -6.663352 103.901505 0.473758
v -9.833735 100.930382 2.846664
v -8.763965 103.483025 -0.124567
v -5.532570 104.055794 -2.723648
v -4.298678 103.704628 -3.979884
v -5.383981 102.360306 -4.712540
v -7.673519 99.824768 -5.452371
v -4.926515 100.361267 -5.929893
v -4.726765 98.866852 -6.419883
v -6.415415 98.408981 -6.001834
v -9.355764 101.135513 -3.451406
v -10.273008 94.370758 3.125885
v -12.064080 93.787010 2.477261
v -10.827747 100.262360 1.687407
v -12.947567 97.085693 -0.818308
v -10.483521 101.572983 -0.428216
v -12.296500 97.106926 -2.866139
v -7.179422 97.960518 -5.844793
v -6.792870 95.707832 -5.694725
v -8.656879 95.134712 -5.006450
v -6.813481 93.533325 -5.034003
v -7.402982 93.760239 -4.720808
v -6.600618 92.474289 -2.875599
v -13.956689 92.913918 0.742667
v -8.407491 94.692688 3.109945
v -6.810537 94.863808 1.840869
v -17.455938 86.263992 2.099952
v -18.258781 87.162407 0.724411
v -17.291065 84.986969 2.553442
v -16.171570 90.638306 -1.925534
v -13.588697 94.239586 -2.196206
v -12.122558 95.217857 -3.864329
v -12.678333 92.351845 -4.597552
v -8.080781 93.449921 -4.640140
v -11.340636 89.564362 -4.745111
v -7.047581 92.970993 -2.619902
v -8.664829 90.339874 -3.832599
v -6.764355 92.500137 -1.619652
v -6.669059 92.909233 -0.788600
v -6.825941 93.574341 -1.205202
v -8.190572 90.302589 -1.197692
v -8.712120 89.227005 -2.423642
v -10.322375 87.146034 -1.066427
v -13.183647 83.337082 -1.660354
v -13.758205 83.191620 -0.555845
v -15.350428 80.657349 0.100372
v -16.135054 81.121307 -2.222303
v -17.487253 78.637680 -0.006895
v -16.971279 78.587502 1.391664
v -20.238005 77.493889 0.638518
v -23.325569 78.320534 1.892518
v -18.514492 85.850067 2.204220
v -19.975101 85.851028 -0.267647
v -21.180376 83.283058 -0.408775
v -18.776251 84.547958 -2.769568
v -22.561790 80.568047 0.728773
v -19.477482 81.680199 -2.534390
v -18.755241 81.530930 -3.015275
v -18.267538 87.556396 -0.647611
v -16.636410 88.364777 -3.113308
v -14.343710 88.122086 -4.013366
v -12.503842 85.099754 -3.106894
v 6.235004 58.495174 5.381807
v 6.279740 58.983116 3.747843
v 6.303269 60.435333 1.070616
v 5.516122 58.240154 4.876850
v 5.556196 58.467194 1.809711
v 4.763532 54.844761 5.286018
v 4.741612 52.168690 4.183975
v 3.294847 47.573849 5.354587
v 4.969746 55.172829 1.145444
v 3.380185 46.801380 3.405211
v 2.568932 41.604668 4.947303
v 2.092662 35.666992 2.230458
v 2.864133 44.476639 2.046107
v 1.415842 34.525555 3.806671
v 0.758383 31.316460 1.609030
v 0.302160 29.075558 2.208917
v 1.335540 28.033871 0.587763
v 0.581503 23.841475 1.506693
v 1.125973 22.951569 0.043493
v -0.027565 20.040436 0.785368
v -0.265243 18.539825 -1.081032
v -0.648639 16.413900 0.440478
v -1.642197 10.423854 -0.517459
v -1.601262 11.141345 0.454954
v 0.510045 22.904337 -2.865712
v -1.625577 19.326651 -3.171422
v -2.898460 19.831278 -3.654853
v -1.966074 23.741531 -4.569021
v 1.133479 26.265722 -2.140607
v -0.431605 27.202408 -3.809044
v 0.647963 33.360390 0.045123
v 1.385470 35.975803 0.194371
v -0.615220 37.132683 -0.826899
v 1.601757 42.750900 0.012189
v 5.357454 59.197105 0.153301
v 6.278855 60.789486 -1.363829
v 6.297118 61.283649 -2.850040
v 5.572512 60.084080 -2.992219
v 6.334887 63.235046 -4.673864
v 6.306303 67.035141 -5.413133
v 3.561055 68.008636 -6.081192
v 3.089036 64.517143 -6.408007
v 4.221717 71.391945 -4.341898
v 6.298165 73.308342 -3.803066
v 0.751603 72.968620 -3.598443
v 1.368415 66.260651 -6.336912
v 3.308301 61.602947 -5.801137
v -0.611746 72.572556 -3.650311
v -3.700130 72.959358 -0.880368
v -1.802169 67.964348 -4.717083
v -3.640429 68.764130 -2.328593
v -4.820033 70.278229 0.785476
v -4.057711 72.835594 3.668439
v -2.962588 72.445023 6.162582
v -1.072000 71.902451 7.935455
v 0.442994 71.018906 9.007123
v -3.413505 68.140945 7.421282
v -0.022243 68.603249 8.384960
v 6.280316 70.997719 10.904224
v 6.291029 67.440216 10.038619
v 4.740228 67.387352 9.868683
v 6.289597 62.867554 10.046962
v 6.292750 59.101513 7.973169
v 4.571465 59.183228 7.287171
v 6.282384 58.641090 5.381073
v 5.839501 58.570122 5.218361
v 5.506922 58.239967 4.893190
v 4.118325 57.781219 6.709475
v 4.862068 55.186432 5.291986
v 1.538205 48.673550 8.320989
v 3.290534 47.619370 5.356804
v 2.145943 42.336712 6.612650
v 2.623596 42.180622 5.004949
v 1.665014 37.412678 4.231311
v 1.246611 38.241379 6.087381
v -0.227281 35.964069 6.218356
v 1.502638 34.714542 3.863168
v -0.247047 32.163822 4.549476
v 0.720172 42.282116 8.122045
v 1.074524 60.240616 8.657756
v -1.786834 55.950237 9.675731
v -1.356994 46.631065 9.195959
v -0.688629 38.096233 7.409590
v -1.425022 35.874832 7.193978
v 0.296712 30.221127 2.476248
v 0.643881 24.830936 1.673061
v -0.268122 18.422585 0.558675
v -1.600837 11.431595 0.427976
v -2.154204 12.146383 2.294141
v -1.687059 26.831667 3.800521
v -2.590478 29.007553 4.857635
v -1.795116 18.359165 2.545986
v -3.735005 18.784859 3.642777
v -1.236187 7.933506 0.728173
v -2.243602 9.076656 2.568861
v -2.036583 7.452802 3.105546
v -3.237028 8.164536 3.951239
v -3.652176 9.266645 3.276542
v -5.963623 7.315013 2.544992
v -5.156086 9.343337 2.004975
v -5.819352 7.566068 -0.059754
v -4.982270 10.900847 -1.478610
v -3.269174 7.868342 -2.744571
v -3.988817 10.886709 -2.489200
v -2.630590 10.422671 -2.203586
v -3.529106 12.708316 2.973846
v -4.991639 13.559319 2.295079
v -6.672508 22.660217 2.297579
v -5.564678 13.161187 0.997545
v -7.015719 22.806372 -1.201367
v -5.707186 13.258986 -0.533930
v -7.013098 26.971272 1.840073
v -6.951143 27.399883 -1.511993
v -5.796885 27.826292 4.099777
v -4.615927 26.926544 4.786105
v -4.099484 31.972910 4.916798
v -2.941703 31.978243 5.540577
v -5.671436 33.488129 1.792839
v -5.782572 28.964159 -2.901527
v -4.945715 34.906551 0.688114
v -5.090301 24.565086 -4.135875
v -3.706880 28.663963 -3.930569
v -6.637906 23.410307 -2.629591
v -4.717980 19.700329 -3.387765
v -1.260661 34.520157 -1.242617
v -3.397524 35.310860 -0.843369
v -0.206754 42.171181 -1.139432
v 2.761559 50.147953 -0.986681
v 1.548787 58.481617 -3.208293
v 0.989177 49.766685 -2.297085
v -2.314566 47.554897 -2.353239
v -0.040757 55.824696 -3.115369
v -1.475812 58.074306 -3.194374
v -2.030090 38.458530 -0.861106
v -3.823130 38.798191 -0.204890
v -3.727953 48.048405 -1.574018
v -5.570944 40.957436 2.239579
v -5.819256 53.343849 0.357569
v -3.297092 58.398487 -2.232074
v -6.840634 53.582226 2.761850
v -5.411033 39.044380 4.162064
v -5.168657 33.990986 3.624571
v -3.311076 36.260815 7.068990
v -3.607203 38.874340 6.834382
v -3.728255 47.176491 9.044121
v -5.314088 43.061142 6.686068
v -6.938617 53.275345 5.138305
v -5.824399 49.697079 7.537498
v -2.346868 64.644325 8.542267
v -4.600818 58.141785 8.462434
v -5.397261 60.862431 0.105957
v 0.566499 59.873192 -4.894138
v 4.591706 60.366779 -4.541950
v -0.234842 63.865318 -5.867773
v 3.531288 58.583740 -1.924571
v -1.163481 7.968401 0.697664
v 39.700394 71.655174 9.982382
v 40.364025 72.096169 10.069450
v 41.075111 70.057541 10.584748
v 40.748550 72.314011 10.455477
v 40.814266 73.316902 11.525464
v 42.007244 71.285088 11.970714
v 42.184650 70.237572 11.395369
v 42.441551 68.486137 12.038404
v 43.429714 67.666359 12.809079
v 43.251259 66.999680 13.006297
v 43.619778 65.919914 13.387527
v 44.098213 66.027557 13.395725
v 43.612148 64.621735 13.685763
v 43.654591 63.128384 14.154675
v 43.368145 63.287918 14.356065
v 43.393436 64.517693 14.617582
v 43.504810 65.824738 14.406569
v 44.138367 65.558327 14.503916
v 43.320156 67.278366 14.280758
v 43.646999 67.715103 14.218719
v 44.447346 65.940041 13.874964
v 43.571907 63.420868 14.712653
v 44.203304 65.792923 15.486935
v 43.717720 65.607399 15.431906
v 43.470924 62.782295 16.147121
v 43.513046 63.977013 15.798423
v 42.958477 62.528965 16.153154
v 42.641502 62.792706 16.872213
v 43.261707 62.552109 16.820707
v 43.064552 64.445999 16.631533
v 43.792366 66.167221 16.598516
v 43.190544 65.957176 16.313623
v 42.892525 67.524902 15.878273
v 43.304905 68.437515 15.653151
v 42.734562 67.623466 16.031008
v 42.770149 66.126724 17.036491
v 43.207634 66.132843 17.123835
v 42.274166 62.802177 18.016472
v 42.365345 64.060242 17.538437
v 41.730522 62.731934 18.037840
v 41.486240 62.977253 18.559937
v 41.692703 63.003773 18.926094
v 41.904213 64.880409 18.372713
v 42.698952 66.608894 18.246017
v 42.209297 66.813919 17.806276
v 42.177353 63.869953 18.791784
v 42.176907 69.376457 16.976770
v 41.703232 68.227272 17.246487
v 41.489281 67.827576 17.570677
v 41.995323 67.051956 18.504353
v 41.618927 66.641609 18.345098
v 41.756626 65.346252 19.312559
v 41.426228 65.219040 19.039612
v 40.893867 63.777138 19.607815
v 40.471893 64.074211 19.995577
v 40.683685 65.828735 19.656015
v 41.446579 65.606789 20.071363
v 40.643993 67.374550 19.064211
v 41.303776 63.995155 19.662745
v 40.663525 64.145699 20.316786
v 37.553883 72.025902 11.984123
v 37.037441 72.269470 13.256604
v 37.180489 71.517319 12.791719
v 37.381298 73.021706 12.982001
v 36.602123 70.332703 15.441885
v 36.660015 70.730347 16.300203
v 36.611629 69.606720 16.659328
v 37.499218 69.221848 18.281303
v 37.828930 69.403267 17.743933
v 38.102131 70.688263 16.764122
v 37.118256 71.058182 16.595640
v 38.155327 73.082779 13.868982
v 39.091759 73.987579 13.203767
v 39.791157 73.073700 14.027417
v 39.176750 71.722908 16.273260
v 41.276569 71.947121 14.322997
v 43.086514 69.752640 14.900783
v 43.748692 68.523941 13.059948
v 43.625568 68.857040 13.726152
v 39.251518 70.666267 16.919374
v 40.944717 70.793961 16.748180
v 43.778450 68.987694 14.812622
v 43.115456 63.361912 16.987001
v 44.128178 64.290710 16.479321
v 44.309883 65.937973 16.093269
v 43.063419 69.357437 16.422318
v 43.378262 66.230461 17.847149
v 42.820259 64.128906 18.375250
v -24.967962 72.025894 11.984172
v -24.451445 72.269463 13.256615
v -24.594439 71.517258 12.791910
v -24.795237 73.021667 12.981956
v -24.016157 70.332718 15.441835
v -24.074017 70.730080 16.300344
v -24.025785 69.606483 16.659500
v -23.792910 68.434448 17.774303
v -24.042017 67.034042 18.523182
v -24.309465 67.804764 18.476286
v -24.771030 66.799332 19.039318
v -25.392591 67.550743 18.833364
v -24.816904 67.305916 19.208057
v -25.242882 69.403641 17.743626
v -24.913227 69.221848 18.281290
v -25.516399 70.688377 16.764116
v -26.591373 71.721992 16.274599
v -26.665632 70.666145 16.919828
v -28.358707 70.794144 16.747820
v -27.069443 70.289047 17.292994
v -28.064049 70.141914 17.734875
v -27.836882 68.927032 18.077288
v -28.153160 67.289192 19.042614
v -28.606516 67.364616 19.460505
v -28.097713 65.828873 19.655981
v -28.860582 65.606796 20.071365
v -28.077509 64.145699 20.316784
v -27.885923 64.074303 19.995544
v -28.307840 63.777107 19.607853
v -28.717800 63.995190 19.662745
v -28.840193 65.218864 19.039690
v -29.355726 66.122185 19.014101
v -29.032900 66.641708 18.345058
v -28.903271 67.827621 17.570629
v -29.117258 68.227264 17.246475
v -29.392639 69.487122 17.107742
v -29.703487 68.305031 17.374119
v -29.623358 66.813683 17.806335
v -30.112925 66.608719 18.246099
v -29.318190 64.880074 18.372740
v -29.106712 63.003864 18.926090
v -28.900236 62.977379 18.560005
v -29.144491 62.731888 18.037882
v -29.779362 64.060272 17.538446
v -29.688059 62.802063 18.016710
v -30.184141 66.126793 17.036533
v -30.694553 66.096802 17.203470
v -30.148333 67.623634 16.031399
v -30.477650 69.357231 16.422140
v -30.306337 67.525024 15.878718
v -31.080908 66.130211 16.591131
v -30.604824 65.959724 16.312988
v -30.478573 64.446190 16.631475
v -30.529448 63.361855 16.987005
v -30.055531 62.792755 16.872213
v -30.675716 62.552116 16.820721
v -30.372446 62.528957 16.153233
v -30.884933 62.782291 16.147129
v -30.927116 63.977394 15.798367
v -31.131535 65.605026 15.432477
v -31.617262 65.791847 15.487132
v -30.734358 67.278168 14.281095
v -31.061008 67.715050 14.218796
v -31.195698 68.985161 14.823860
v -30.925200 69.235596 13.499178
v -31.552599 65.559158 14.503781
v -30.918858 65.825378 14.406525
v -30.807440 64.517685 14.617594
v -30.782127 63.287842 14.355990
v -31.026148 64.621704 13.685731
v -31.512188 66.027649 13.395700
v -31.033777 65.919876 13.387547
v -30.665184 66.999763 13.006241
v -30.843704 67.666336 12.809076
v -31.861395 65.940506 13.874844
v -31.068588 63.128395 14.154639
v -30.985895 63.420971 14.712717
v -30.506424 69.676559 15.067459
v -29.776867 68.606590 11.692410
v -31.165392 68.512215 13.064780
v -29.720890 70.185921 11.521362
v -27.862236 70.832504 10.281195
v -27.113459 71.669563 9.995080
v -27.655642 72.030769 10.034028
v -28.114979 72.241653 10.397634
v -28.263550 73.276260 11.458861
v -26.505884 73.987556 13.203735
v -25.569309 73.082802 13.868944
v -24.532257 71.058136 16.595697
v 15.964773 3.044146 12.379555
v 15.087750 4.872771 7.109299
v 17.171885 5.966927 6.503696
v 17.556528 3.331812 10.892773
v 18.925962 4.291203 7.143170
v 18.372028 7.244021 2.498350
v 19.521358 3.514560 5.016595
v 18.486929 7.588829 -0.316524
v 17.787031 4.253502 -1.161824
v 16.719650 7.787617 -2.105333
v 17.635775 2.744085 -2.377546
v 18.409935 2.692819 0.561796
v 15.521661 2.757037 -3.183746
v 14.740460 4.276322 -2.619069
v 13.788364 2.808080 -1.134233
v 13.849788 2.852677 0.746698
v 13.904245 5.330322 0.830374
v 14.151854 5.917545 -0.602450
v 13.776642 7.925606 0.729983
v 13.913271 8.005550 -0.252614
v 15.645766 7.888028 -2.417125
v -3.989978 1.800018 12.019237
v -3.633614 2.908379 11.896683
v -4.415440 1.950500 12.055436
v -4.377046 2.877925 11.456131
v -4.568030 1.551163 13.203203
v -4.733930 2.307041 13.019817
v -4.825270 1.925814 14.100505
v -5.182132 1.518811 14.249120
v -5.774208 1.811443 13.988414
v -5.349307 2.110656 13.477786
v -5.549889 2.715350 12.488335
v -5.033208 3.181158 11.306097
v -5.633452 2.517845 11.139758
v -5.938295 1.469950 13.137410
v -5.567063 2.053995 11.869641
v -5.746450 2.052756 11.385368
v -5.814001 1.567428 12.602301
v -6.059298 1.885569 12.877154
v -6.508331 1.258212 13.257095
v -6.665182 1.724145 13.218708
v -6.578493 2.597841 12.061336
v -6.316761 3.174010 10.431071
v -7.548333 2.688907 9.574372
v -6.766171 2.560236 10.287441
v -6.758426 2.008071 10.497678
v -7.034410 1.438901 11.867579
v -7.147440 1.581813 12.472439
v -6.987167 1.879095 11.490911
v -6.834439 1.245575 11.862721
v -7.282506 1.558301 12.053834
v -7.565563 0.982645 11.809443
v -7.848735 1.341965 11.733953
v -7.977714 1.589967 10.613122
v -7.739357 1.819025 9.990305
v -8.253884 2.589875 8.102862
v -7.832150 2.444966 10.922956
v 8.951426 93.660278 10.084464
v -2.189425 94.796524 8.257043
v 0.098302 91.874557 9.841094
v 5.546421 95.496498 9.398052
v 3.491758 92.246689 10.253493
v 12.544337 91.270996 9.802532
v 41.676464 69.786446 17.706524
v 41.699181 67.549629 19.209677
v 40.422775 68.927231 18.077137
v 40.650124 70.141930 17.734919
v 39.655457 70.289001 17.292992
v 41.370342 68.823059 14.587700
v 42.031796 68.205185 12.599728
v 39.645248 70.431870 10.742569
v 40.777584 69.406937 13.964011
v 39.872723 69.786316 13.370930
v 38.848217 69.657654 16.018963
v 37.816696 69.494621 16.263243
v 43.369015 67.080772 14.583957
v 42.642426 67.181458 14.971238
v 39.625011 69.427750 16.633549
v 39.602448 70.360382 17.250261
v 38.421719 70.055687 16.660610
v 36.554295 69.384346 16.855648
v 36.490341 68.472305 17.698423
v 36.760246 66.854507 18.636471
v 37.329559 66.801193 19.014744
v 37.854431 66.962181 18.512938
v 38.029369 67.659042 18.790861
v 37.828667 69.286705 17.851589
v 37.977333 69.035416 17.305941
v 37.222343 68.107635 17.074482
v 38.092663 70.657272 16.764545
v 39.248848 70.667603 16.951092
v 40.413780 68.908020 18.100889
v 40.375854 68.440437 17.578299
v 40.699844 67.138184 18.611967
v 40.780144 67.288414 19.025068
v 40.715919 65.785240 19.651617
v 41.049164 65.434326 18.912369
v 41.108067 66.872513 18.171913
v 41.453896 65.342804 18.997292
v 41.603161 66.741058 18.302877
v 40.460220 68.513779 16.589725
v 41.250187 68.149551 17.202583
v 41.884697 67.748558 15.756151
v 41.755920 67.640343 16.649618
v 43.300507 65.612015 15.485185
v 43.726513 65.600868 15.422004
v 43.512291 63.933689 15.823179
v 42.977467 62.549591 16.072996
v 42.702400 62.789463 16.827570
v 42.570721 63.301022 16.419447
v 43.034359 64.443062 16.650517
v 42.980721 64.247772 15.972034
v 43.131096 65.884628 16.381712
v 42.717880 67.684006 15.966002
v 42.759224 65.916267 17.007208
v 42.362370 64.055664 17.479132
v 41.491798 63.367027 17.879866
v 41.789471 62.811752 17.966991
v 41.485386 62.867416 18.501732
v 41.663387 64.135300 18.530958
v 41.738995 64.602951 18.016993
v 42.125774 66.425575 17.990147
v 42.130524 66.107468 17.319649
v 42.115005 67.390358 17.562521
v 41.467991 68.176765 17.421715
v 19.381531 3.583649 9.056286
v 18.902525 3.173417 10.432797
v 18.614769 1.874039 12.880554
v 18.403484 1.555929 12.615736
v 19.443348 2.590499 11.683267
v 19.001732 1.300855 13.251107
v 19.620718 1.610906 12.662769
v 19.622404 1.388105 11.973384
v 19.372972 2.011239 10.517607
v 19.353430 2.561298 10.287180
v 19.321812 1.706205 13.193205
v 9.310946 61.266376 8.383014
v 8.014664 59.183254 7.287221
v 14.932543 64.646545 8.541994
v 18.776957 61.288589 3.392686
v 14.372822 55.950226 9.675733
v 17.186804 58.141830 8.462436
v 18.704254 57.067764 6.630824
v 17.983242 60.862480 0.105941
v 14.843443 62.472000 -3.746430
v 9.496966 64.517151 -6.408009
v 12.019492 59.873192 -4.894137
v 14.061803 58.074326 -3.194377
v 9.277694 61.602932 -5.801132
v 7.994287 60.366791 -4.541956
v 7.013481 60.084076 -2.992203
v 9.054712 58.583740 -1.924581
v 11.086415 58.521172 -3.259477
v 15.883076 58.398479 -2.232082
v 12.626744 55.824650 -3.115374
v 15.776936 47.007103 -1.943996
v 18.405241 53.343842 0.357553
v 19.426628 53.582230 2.761845
v 19.524607 53.275318 5.138331
v 18.410391 49.697132 7.537508
v 10.984239 42.750889 0.012189
v 7.616269 55.172607 1.145487
v 10.415627 50.822472 -1.892456
v 13.554554 48.330208 -2.526450
v 16.409124 38.798145 -0.204889
v 11.200516 35.975788 0.194382
v 12.812036 42.359394 -1.166032
v 11.938037 33.360531 0.045138
v 13.846659 34.520157 -1.242618
v 15.983524 35.310863 -0.843367
v 14.616057 38.458546 -0.861111
v 13.201207 37.132671 -0.826896
v 17.531700 34.906616 0.688105
v 18.257429 33.488148 1.792842
v 18.156944 40.957436 2.239588
v 18.368582 28.964149 -2.901518
v 19.537148 27.399784 -1.512032
v 19.599094 26.971264 1.840079
v 18.459482 28.313892 3.966895
v 17.168251 26.663742 4.811107
v 16.446392 30.828205 4.935993
v 17.536568 32.839916 4.219359
v 15.527700 31.978243 5.540575
v 14.751780 27.273132 4.329740
v 14.011005 35.874832 7.193974
v 13.274620 38.096233 7.409592
v 11.865816 42.282158 8.122049
v 11.511448 60.240704 8.657743
v 13.943010 46.631142 9.195969
v 16.314243 47.176487 9.044121
v 17.900095 43.061001 6.686004
v 17.892273 37.751724 3.827348
v 15.897070 36.260803 7.068989
v 16.193205 38.874352 6.834383
v -31.683969 66.014732 16.245211
v -31.542192 64.290695 16.479311
v -28.690266 71.947609 14.322489
v -27.205177 73.073715 14.027403
v -30.718792 68.437569 15.653250
v -30.718235 66.296173 17.945257
v -30.234268 64.128937 18.375244
v -29.591667 63.870552 18.791702
v -28.934732 70.031281 17.634476
v -29.325539 67.403259 18.994114
v -28.784340 68.823067 14.587731
v -27.874195 68.513824 16.589689
v -27.789846 68.440460 17.578314
v -27.016567 70.360214 17.250383
v -27.039040 69.427757 16.633549
v -26.662868 70.667465 16.951241
v -25.632135 69.958870 16.656408
v -25.506950 70.657410 16.764589
v -25.242588 69.286964 17.851358
v -25.399096 68.683365 17.430611
v -25.401474 67.566658 18.816771
v -25.286161 66.987923 18.632326
v -24.548208 67.116356 17.783787
v -25.230669 69.494629 16.263233
v -26.262213 69.657646 16.018967
v -28.191593 69.406937 13.963985
v -2.936174 2.756306 -3.183691
v -3.059745 7.888041 -2.417107
v -2.154285 4.275229 -2.619128
v -1.202459 2.808022 -1.134879
v -1.263808 2.852712 0.746714
v -1.318254 5.330321 0.830371
v -1.565874 5.917661 -0.602459
v -1.190673 7.925633 0.730000
v -1.327261 8.005565 -0.252540
v -2.257447 62.471996 -3.746432
v -4.327234 64.679810 -0.364422
v -5.164127 66.672302 2.637434
v -6.190959 61.288605 3.392689
v 4.702977 61.106453 9.300966
v 3.275557 61.266518 8.383210
v 2.346071 63.373699 8.464155
v -4.823286 66.148537 6.156101
v -6.118260 57.067741 6.630829
v 37.979179 67.551117 18.833727
v 37.357010 66.799179 19.039663
v 36.628052 67.035118 18.522499
v 36.895798 67.804947 18.476233
v 36.378857 68.434853 17.773987
v 37.402279 67.306320 19.207941
v 20.134102 2.688687 9.575086
v 19.537207 1.699535 11.714271
v 19.378674 1.358104 11.564721
v 19.846689 1.022817 12.113894
v 20.003138 1.554728 12.018336
v 20.440788 1.335662 11.722652
v 20.391596 1.115359 11.331081
v 20.559868 1.592777 10.611603
v 20.533531 2.320625 10.828711
v 20.322065 1.820629 9.991866
v 20.298309 1.698237 9.304692
v 19.838343 2.511102 10.911442
v 40.934917 63.781750 19.557627
v 40.381611 64.123230 20.027515
v 40.533783 64.505447 19.345556
v 19.093681 2.365740 2.635589
v 20.505547 1.850776 5.114313
v 20.892683 1.502626 8.022827
v 21.018381 2.342925 8.579923
v 21.264744 1.442277 9.305842
v 21.553278 1.731789 9.775325
v 21.271610 1.481159 10.614326
v 20.581474 2.955509 7.960957
v 20.907761 2.300368 10.048876
v 20.345913 2.248777 9.131795
v 20.907570 1.151362 10.743160
v 20.683666 1.493099 10.976748
v 20.118246 0.942767 11.923373
v 19.614946 1.168056 11.995560
v 19.554319 0.886994 11.464639
v 19.393049 1.570368 11.163655
v 19.313774 1.999992 10.465808
v 18.506790 1.249393 11.212777
v 18.766396 1.516347 11.412889
v 19.536732 1.568075 11.638475
v 19.473778 1.150614 12.986751
v 18.905191 0.881587 12.651172
v 16.302666 1.053692 11.910637
v 18.329451 2.049575 11.357734
v 18.367758 1.570148 12.521300
v 18.761581 1.375684 13.234014
v 20.583439 1.393609 10.770170
v 20.380276 1.802208 10.258078
v 19.863581 1.514314 10.327128
v 20.337711 1.707382 9.320686
v 20.473293 1.348787 9.308819
v 20.691675 0.921540 9.909112
v 21.170935 1.451323 8.950469
v 21.326412 1.288335 9.697093
v 21.033281 1.065298 10.744402
v 20.396166 1.164293 10.757799
v 20.949007 1.480891 8.196332
v 20.285877 0.938974 8.515130
v 19.916777 1.209041 4.686903
v 19.889338 2.117570 3.875665
v 18.932144 1.713144 2.601550
v 18.275738 1.073165 3.153751
v 18.404047 2.704809 0.432602
v 18.049330 2.746634 -1.474979
v 17.556545 1.651848 -2.132789
v 16.347620 0.992264 -1.752406
v 16.310930 2.750033 -3.074050
v 14.904325 1.483332 -2.543462
v 14.167511 2.794400 -2.238643
v 13.742740 2.833308 0.738515
v 14.023335 1.602831 0.002700
v 14.536769 2.892697 3.638907
v 14.904776 2.727630 5.585123
v 15.926595 1.807774 6.037844
v 14.859782 1.041976 8.253902
v 13.981174 1.789590 10.493409
v 14.756495 1.793968 12.008216
v 14.824488 1.614457 13.649560
v 15.234374 1.014938 12.971260
v 15.418717 1.511415 14.946233
v 16.730556 1.678746 14.695056
v 16.745352 1.221090 14.336395
v 17.051807 1.579751 12.911942
v 16.557335 0.977012 12.741995
v 16.362200 1.332162 11.985835
v 16.534441 1.801624 11.956946
v 17.092121 1.936567 12.143954
v 17.567785 1.508028 12.142095
v 17.253805 1.396007 14.063752
v 17.591764 1.575894 14.106570
v 18.422672 1.389446 13.963031
v 17.685015 0.998573 12.906266
v 18.493057 1.507755 13.025502
v 18.203970 1.981833 11.999249
v 15.527781 1.140797 0.823558
v 18.474150 1.024695 7.535146
v -23.904289 68.471970 17.698618
v -24.103313 67.089249 18.488430
v -24.743120 66.801598 19.014011
v -3.725824 2.749279 -3.073932
v -4.970003 1.652337 -2.133024
v -5.463467 2.747133 -1.473810
v -5.818529 2.704403 0.435168
v -6.346085 1.712990 2.601788
v -7.312674 2.100330 4.018976
v -7.316686 1.397325 4.189532
v -8.361976 1.480652 8.191617
v -5.948644 1.109040 3.271284
v -7.645197 0.921294 8.506253
v -8.747082 1.363425 9.415664
v -8.484045 1.036486 10.740118
v -7.838805 1.163681 10.765841
v -7.984633 0.969388 10.013227
v -7.777715 1.698156 9.330783
v -8.077265 1.258474 9.163111
v -7.791009 1.796941 10.131189
v -7.139379 1.546635 10.445022
v -7.938695 1.502538 10.744473
v -7.291351 0.867234 11.121977
v -7.499188 0.967187 11.939498
v -6.912379 1.133737 12.041698
v -6.830984 1.999506 10.455009
v -5.624761 1.028314 11.243505
v -3.295612 1.810453 5.934246
v -5.284348 1.022178 8.065825
v -5.305422 1.218107 3.413116
v -2.105014 1.275666 0.490225
v -4.003571 1.054043 -1.734433
v -2.478035 1.173782 -1.864407
v -2.453773 1.895162 -2.831984
v -1.757353 2.791496 -2.384814
v -2.328271 2.735714 5.597134
v -1.995770 2.958887 3.549471
v -1.156854 2.833418 0.738361
v -1.315366 1.800282 -0.995977
v -2.293035 1.027245 8.256076
v -1.395235 1.790239 10.493275
v -2.170696 1.794559 12.007710
v -2.239707 1.614970 13.651552
v -2.540664 1.234100 12.142026
v -2.832812 1.511551 14.944077
v -4.147924 1.682430 14.690043
v -4.157129 1.224296 14.338766
v -4.467801 1.579479 12.913448
v -3.969905 0.977585 12.739734
v -3.786809 1.333967 11.960185
v -3.936246 1.786329 12.054732
v -4.432617 1.927035 12.086064
v -4.543879 1.575517 13.133885
v -4.867659 1.025347 13.244258
v -4.970367 1.525467 14.204132
v -5.827282 1.391203 13.974404
v -6.020139 1.419956 13.104837
v -5.749290 2.054219 11.386320
v -5.261293 1.560332 12.041669
v -6.066875 1.586207 11.436212
v -6.180298 0.930584 12.568751
v -7.012689 1.437027 11.871179
v -6.710448 1.946368 10.936658
v -6.893988 1.128318 13.014203
v -6.069014 1.371411 13.274412
v 6.368145 112.205383 8.755614
v 6.316533 112.191322 8.748210
v 6.374262 112.197319 8.765932
v 6.299382 111.814178 8.593760
v 6.299739 111.367516 8.544865
v 6.303670 111.497772 3.434527
v 8.269820 111.468620 4.054936
v 6.272291 113.874596 3.232668
v 7.619723 114.213615 3.494303
v 8.324045 111.570175 6.955498
v 8.513949 114.461266 5.287424
v 8.261629 113.555931 7.526434
v 6.267856 114.668434 4.696180
v 6.267856 114.668434 4.696180
v 6.293565 113.841057 9.079941
v 6.319839 112.816322 9.072051
v 6.385294 112.818649 9.144208
v 7.686080 112.749084 8.405325
v 7.824584 112.597176 7.975716
v 7.826922 112.231537 7.980410
v 7.197948 112.199257 8.599818
v 7.484426 111.430847 8.216825
v 7.493484 113.634377 8.610350
v 6.291564 103.020401 -5.560692
v 7.289234 102.516777 -5.923274
v 6.294458 102.480553 -5.860285
v 6.291564 103.020401 -5.560692
v 7.280296 103.082047 -5.665789
v 9.832566 102.812149 -6.284039
v 7.501086 104.079544 -5.203541
v 13.614879 103.302055 -5.664038
v 16.530672 103.761414 -4.509884
v 17.735331 104.024757 -3.331185
v 17.158432 105.060623 -1.898226
v 19.208139 104.015312 -0.039907
v 19.061676 103.266441 2.528880
v 17.951412 101.678749 4.415504
v 16.699305 100.646942 5.172904
v 15.203463 99.935440 6.103815
v 12.722548 99.286522 7.306921
v 8.433161 98.630058 8.219137
v 9.315895 101.960304 6.311910
v 5.009643 98.460052 8.106680
v 11.974695 102.854156 5.441140
v 6.367855 100.827133 6.819744
v 3.655776 101.686615 6.526893
v 0.347760 99.201469 7.518119
v -0.027342 102.801697 5.258730
v -2.617328 99.934647 6.103564
v -4.633688 100.942017 4.790354
v -5.844249 102.320023 3.896092
v 3.288912 103.972023 4.476204
v -2.755458 103.334465 3.469988
v -1.063091 105.928146 0.506114
v 1.122476 106.816612 1.505631
v 1.433064 108.330696 -0.273845
v 1.675839 107.517761 1.876701
v 3.367495 107.738907 3.494821
v 5.068091 107.898796 4.713370
v 3.127445 105.251152 3.605417
v 5.472069 104.923889 4.326242
v 3.064017 109.698776 3.681483
v 4.975841 108.628700 5.399090
v 6.502779 106.299217 4.512819
v 6.264916 108.289803 5.487206
v 3.257634 110.106354 6.961637
v 2.251414 110.568130 2.724769
v 0.265584 107.330734 -1.522367
v 1.998846 108.318542 -2.117467
v 1.935131 110.547020 0.239766
v -2.737369 105.792999 -1.781229
v 3.339221 107.119057 -3.797751
v -0.501356 104.558136 -5.014554
v -6.671227 104.022377 0.301817
v -2.562464 105.016945 -3.789953
v 2.383205 102.818275 -6.301908
v -3.561397 103.533386 -4.511048
v -5.790100 104.172806 -2.426587
v -6.529095 103.398582 2.264366
v 6.231725 112.091660 8.682106
v 6.263758 112.202133 8.764045
v 6.298395 112.008476 8.661679
v 6.211945 112.209686 8.749031
v 6.000296 111.938904 8.622078
v 6.298038 111.370697 8.491017
v 6.298682 111.940186 8.628725
v 6.083803 112.215675 8.730761
v 5.946084 112.229805 8.693621
v 5.806220 112.222557 8.683184
v 5.670503 112.219856 8.650397
v 5.461717 111.942314 8.511799
v 5.532966 112.208366 8.601981
v 5.431527 112.208847 8.558191
v 5.284744 111.392998 8.310872
v 5.293177 112.208313 8.460124
v 5.004039 111.446136 8.068518
v 6.300908 111.444824 3.668113
v 4.532372 111.851891 3.741427
v 6.254845 113.063698 3.018940
v 6.272264 113.984192 3.058380
v 4.005581 114.476631 4.844513
v 4.025948 111.397331 5.206822
v 6.288782 113.842796 9.073709
v 6.293604 112.829849 9.191506
v 5.506281 113.695297 8.866963
v 4.714536 113.519180 8.227285
v 4.409630 113.524071 7.789064
v 4.528937 111.524033 7.445083
v 4.549853 112.478584 7.549514
v 4.771503 112.262894 7.960101
v 4.760864 112.288467 7.943048
v 4.810130 112.360413 7.908619
v 4.694455 112.460968 7.951458
v 4.617175 112.602562 7.705687
v 4.702025 112.491165 7.954707
v 4.735811 112.520226 7.955180
v 4.734045 112.595634 8.006103
v 4.777058 112.657509 8.108994
v 4.826314 112.691864 8.220686
v 4.910704 112.713356 8.299503
v 4.944954 112.733253 8.442881
v 7.850341 117.414024 7.938591
v 7.856290 117.424934 7.938389
v 7.860920 117.404846 7.924160
v 7.856461 117.286575 7.962296
v 7.864785 117.268097 7.912567
v 8.161870 117.558304 8.135234
v 8.506405 117.533600 8.373952
v 8.484174 117.552330 8.257433
v 8.619553 117.525063 8.183146
v 8.797915 117.564247 8.229036
v 8.794356 117.613823 8.623708
v 7.902570 117.189728 7.925395
v 7.938580 117.129814 7.951863
v 7.925534 117.123375 7.965425
v 7.942956 117.109200 7.958098
v 7.975075 117.103554 7.980644
v 8.714317 117.010582 8.159296
v 8.433812 116.923798 8.425792
v 7.550974 117.341209 8.198859
v 7.453435 117.173119 8.148670
v 7.784737 116.251991 8.344756
v 7.089872 117.369362 8.271686
v 6.605585 117.185173 9.195503
v 9.252412 116.940056 8.227896
v 9.284792 117.114265 7.817213
v 9.170595 116.370216 7.941814
v 10.038546 116.868294 6.891046
v 9.455761 117.241730 7.692083
v 9.430637 117.290932 7.623082
v 9.420972 117.178955 7.652924
v 9.073848 117.045250 7.987236
v 8.964713 116.971718 8.107253
v 9.343061 117.272400 7.641610
v 9.274614 117.409935 7.868731
v 8.931871 117.532181 8.163803
v 9.359628 117.422470 8.323050
v 9.646291 117.277092 7.568172
v 9.007318 117.859001 8.489891
v 8.135646 117.903641 8.480762
v 9.350770 118.178070 8.606581
v 6.612783 117.795036 9.160133
v 5.954892 117.432205 9.082932
v 6.019006 116.906609 9.483088
v 5.247277 118.136917 9.032842
v 7.183187 116.158821 9.085744
v 10.657612 115.720940 6.829928
v 11.907434 115.576622 2.209221
v 11.620010 114.889374 2.310758
v 10.921592 112.920517 6.032059
v 9.204760 114.969231 8.249719
v 9.440038 112.139481 8.040819
v 10.546448 111.186562 5.349596
v 11.427626 112.999886 3.856394
v 11.501932 113.798744 2.700000
v 10.613403 111.537743 1.792689
v 11.376535 113.574402 2.213459
v 10.061371 110.277832 3.292364
v 8.915089 109.309547 4.495601
v 9.512854 110.279427 6.928144
v 8.720876 110.928780 8.273724
v 7.917372 107.652557 4.431317
v 10.176289 108.772850 2.750093
v 7.579825 108.556320 5.209806
v 9.032849 106.037010 3.931510
v 11.098207 106.832962 1.978496
v 10.689754 108.837921 0.570530
v 10.216081 110.887695 -0.006140
v 10.601463 104.690514 3.779310
v 8.653847 104.209976 4.635821
v 11.553852 105.829918 2.283921
v 15.098433 103.397270 3.509700
v 17.105431 104.986877 0.344431
v 12.282143 107.026123 -1.881628
v 9.052969 105.047394 -4.891122
v 6.291564 103.020401 -5.560692
v 6.294007 104.019272 -5.119518
v 7.118718 104.511536 -4.945389
v 6.293896 104.019508 -5.120027
v 6.294120 104.476158 -4.897569
v 6.294120 104.476158 -4.897569
v 6.292862 104.923706 -4.712984
v 7.736149 105.409691 -4.608921
v 6.292862 104.923706 -4.712984
v 6.290092 105.361282 -4.550328
v 13.387809 106.273003 0.243508
v 11.598965 107.586815 -0.207715
v 9.720319 108.570961 -2.210561
v 6.291564 103.020401 -5.560692
v 6.294458 102.480553 -5.860285
v 5.036272 103.104851 -5.705403
v 6.291564 103.020401 -5.560692
v 4.055234 104.423187 -5.214703
v 6.291564 103.020401 -5.560692
v 6.293489 104.021141 -5.122455
v 4.782571 104.932320 -4.869611
v 6.293896 104.019508 -5.120027
v 6.294120 104.476158 -4.897569
v 5.510210 104.962059 -4.793208
v 6.294120 104.476158 -4.897569
v 6.292862 104.923706 -4.712984
v 5.545701 105.391090 -4.608537
v 6.292862 104.923706 -4.712984
v 6.290092 105.361282 -4.550328
v 6.284679 105.794266 -4.399963
v 6.290092 105.361282 -4.550328
v 5.609745 106.237625 -4.288601
v 6.276525 106.223808 -4.266879
v 6.284679 105.794266 -4.399963
v 5.403225 106.809769 -4.093732
v 6.266805 106.650467 -4.147426
v 6.276525 106.223808 -4.266879
v 5.660753 107.064674 -4.012534
v 6.254976 107.064018 -4.022335
v 6.266805 106.650467 -4.147426
v 5.682594 107.460411 -3.867695
v 6.254976 107.064018 -4.022335
v 6.240958 107.462540 -3.885381
v 6.240958 107.462540 -3.885381
v 6.224630 107.845802 -3.717215
v 4.153285 109.348640 -2.833207
v 6.224630 107.845802 -3.717215
v 6.204770 108.222084 -3.520155
v 5.313240 108.947769 -3.168963
v 6.205410 108.222862 -3.523845
v 6.166541 109.022537 -3.161705
v 4.383822 110.899414 -2.897377
v 6.160013 109.470436 -3.059168
v 6.166541 109.022537 -3.161705
v 5.347860 110.399712 -2.994015
v 6.159277 109.469902 -3.052171
v 6.166576 110.413406 -2.945899
v 6.174194 110.872581 -2.967252
v 6.166576 110.413406 -2.945899
v 6.175941 111.340508 -3.017656
v 6.174194 110.872581 -2.967252
v 5.797636 111.335915 -3.054344
v 6.175956 111.841469 -3.088190
v 6.175941 111.340508 -3.017656
v 5.540414 111.843506 -3.147784
v 6.167358 112.352654 -3.178457
v 6.175956 111.841469 -3.088190
v 5.305297 108.117554 -3.548260
v 4.977299 112.368347 -3.168213
v 5.734370 112.889053 -3.278932
v 6.167358 112.352654 -3.178457
v 6.166462 112.892578 -3.265798
v 6.167358 112.352654 -3.178457
v 3.406283 116.245949 -3.875445
v 6.184253 113.984406 -3.572799
v 6.166462 112.892578 -3.265798
v 5.196572 115.049171 -3.970660
v 6.185344 113.976738 -3.587133
v 6.231225 115.049103 -4.073556
v 6.250083 115.598198 -4.311738
v 6.229792 115.047707 -4.076416
v 5.455780 115.580437 -4.253784
v 6.267061 116.174782 -4.518599
v 6.250083 115.598198 -4.311738
v 6.278852 116.752098 -4.674774
v 6.267061 116.174782 -4.518599
v 5.647601 116.740685 -4.637090
v 6.287846 117.328064 -4.779998
v 6.278852 116.752098 -4.674774
v 5.229446 117.323212 -4.708544
v 6.294653 117.894691 -4.860971
v 6.287846 117.328064 -4.779998
v 5.637136 117.890335 -4.834853
v 6.299301 118.471947 -4.903485
v 6.294653 117.894691 -4.860971
v 4.577172 118.461975 -4.722534
v 6.301938 119.039612 -4.901812
v 6.299301 118.471947 -4.903485
v 5.617588 119.037003 -4.873919
v 4.814631 120.218849 -4.635303
v 6.301938 119.039612 -4.901812
v 6.301938 119.039612 -4.901812
v 6.303388 119.597488 -4.858301
v 5.604175 120.145828 -4.741233
v 6.303388 119.597488 -4.858301
v 6.304399 120.155334 -4.774425
v 5.264776 120.958824 -4.489052
v 6.304399 120.155334 -4.774425
v 6.305245 120.716446 -4.646856
v 5.602882 121.240089 -4.429986
v 6.305245 120.716446 -4.646856
v 6.305961 121.256287 -4.473243
v 4.682956 122.366714 -3.759898
v 6.305961 121.256287 -4.473243
v 6.306543 121.766594 -4.257853
v 5.610225 122.255104 -3.965781
v 6.306543 121.766594 -4.257853
v 6.307168 122.277184 -4.005260
v 4.186690 123.573112 -2.787913
v 6.307780 122.766457 -3.732571
v 6.307168 122.277184 -4.005260
v 5.617362 123.196861 -3.380136
v 6.308265 123.217522 -3.419117
v 6.307780 122.766457 -3.732571
v 5.318171 123.771080 -2.841449
v 6.308265 123.217522 -3.419117
v 6.308590 123.633415 -3.075504
v 4.976167 124.282623 -2.184923
v 6.308640 123.646172 -3.089578
v 6.308809 124.351479 -2.275358
v 6.308595 124.659996 -1.806281
v 6.308809 124.351479 -2.275358
v 5.673069 124.639221 -1.768016
v 6.308146 124.937576 -1.276957
v 6.308595 124.659996 -1.806281
v 6.307437 125.173279 -0.680093
v 6.308146 124.937576 -1.276957
v 5.719417 125.149231 -0.642074
v 6.306447 125.347107 -0.034841
v 6.307437 125.173279 -0.680093
v 3.904425 124.957146 0.144463
v 6.296472 125.591682 0.613919
v 6.306447 125.347107 -0.034841
v 6.303848 125.512222 1.290782
v 5.802854 125.487022 1.311107
v 6.302283 125.513512 1.949117
v 6.303848 125.512222 1.290782
v 4.842739 125.332367 1.996593
v 6.300640 125.483353 2.569890
v 6.302283 125.513512 1.949117
v 5.850989 125.458801 2.583448
v 6.298961 125.424416 3.155195
v 6.300640 125.483353 2.569890
v 5.484312 125.197540 4.282778
v 6.298961 125.424416 3.155195
v 6.297285 125.345718 3.701880
v 5.206591 124.881836 5.200571
v 6.297285 125.345718 3.701880
v 6.292178 125.008835 5.210325
v 5.019012 124.063255 6.940504
v 6.291849 124.987450 5.204159
v 6.280925 124.026100 7.281934
v 6.291849 124.987450 5.204159
v 7.263645 124.327065 6.564712
v 6.291849 124.987450 5.204159
v 6.291849 124.987450 5.204159
v 7.312358 124.884033 5.205436
v 6.293762 125.129616 4.721106
v 6.291849 124.987450 5.204159
v 7.050417 125.292809 3.730240
v 6.297133 125.351822 3.703398
v 6.293762 125.129616 4.721106
v 7.186757 125.411598 2.573331
v 6.300491 125.487984 2.570696
v 6.297285 125.345718 3.701880
v 6.777538 125.486893 1.967199
v 6.300640 125.483353 2.569890
v 6.302283 125.513512 1.949117
v 7.196441 125.418915 0.814279
v 6.303848 125.512222 1.290782
v 6.302283 125.513512 1.949117
v 7.375032 125.264442 0.003959
v 6.305230 125.458656 0.630103
v 6.303848 125.512222 1.290782
v 6.865726 125.317688 -0.004994
v 6.305230 125.458656 0.630103
v 6.306447 125.347107 -0.034841
v 7.345903 124.934906 -1.091470
v 6.306447 125.347107 -0.034841
v 6.307437 125.173279 -0.680093
v 6.923049 124.913101 -1.230871
v 6.307437 125.173279 -0.680093
v 6.308146 124.937576 -1.276957
v 6.308146 124.937576 -1.276957
v 6.308595 124.659996 -1.806281
v 6.963610 124.325432 -2.236448
v 6.308809 124.351479 -2.275358
v 6.308595 124.659996 -1.806281
v 7.624658 123.559807 -2.970231
v 6.308880 124.367233 -2.286874
v 6.308590 123.633415 -3.075504
v 6.308265 123.217522 -3.419117
v 6.308590 123.633415 -3.075504
v 8.735522 122.984505 -3.074046
v 6.308265 123.217522 -3.419117
v 6.307780 122.766457 -3.732571
v 7.001769 122.740921 -3.689431
v 6.307780 122.766457 -3.732571
v 6.307168 122.277184 -4.005260
v 7.438021 122.225327 -3.916641
v 6.306543 121.766594 -4.257853
v 6.307168 122.277184 -4.005260
v 7.008096 121.750786 -4.212560
v 6.305961 121.256287 -4.473243
v 6.306543 121.766594 -4.257853
v 8.352504 121.142494 -4.183954
v 6.305245 120.716446 -4.646856
v 6.305961 121.256287 -4.473243
v 7.007933 120.699120 -4.601634
v 6.304399 120.155334 -4.774425
v 6.305245 120.716446 -4.646856
v 7.389948 120.130333 -4.691206
v 7.909232 124.048775 -2.446850
v 9.317971 124.630043 0.508639
v 9.193406 124.452324 3.835050
v 10.641847 122.867195 -1.205471
v 10.043783 120.257385 -3.524165
v 11.263249 122.793304 2.570973
v 11.915498 121.152748 1.539793
v 10.713904 118.059090 -2.768779
v 7.767848 118.942535 -4.798605
v 6.304399 120.155334 -4.774425
v 6.304399 120.155334 -4.774425
v 6.303388 119.597488 -4.858301
v 6.986049 119.033852 -4.868860
v 6.303388 119.597488 -4.858301
v 6.301938 119.039612 -4.901812
v 7.312470 118.172981 -4.828978
v 6.301938 119.039612 -4.901812
v 6.299301 118.471947 -4.903485
v 7.654831 117.260681 -4.649364
v 6.299301 118.471947 -4.903485
v 6.294653 117.894691 -4.860971
v 7.587368 116.727272 -4.535532
v 6.295317 117.893341 -4.868248
v 6.278852 116.752098 -4.674774
v 6.267061 116.174782 -4.518599
v 6.278852 116.752098 -4.674774
v 6.875292 116.155510 -4.465041
v 6.250083 115.598198 -4.311738
v 6.267061 116.174782 -4.518599
v 6.838634 115.574760 -4.261564
v 6.229792 115.047707 -4.076416
v 6.250083 115.598198 -4.311738
v 8.953863 115.122070 -3.501839
v 8.537567 112.686592 -2.498660
v 6.229792 115.047707 -4.076416
v 6.229792 115.047707 -4.076416
v 6.210348 114.526588 -3.830841
v 7.062362 113.490044 -3.284522
v 6.210348 114.526588 -3.830841
v 6.185344 113.976738 -3.587133
v 6.814757 113.196091 -3.248004
v 6.185344 113.976738 -3.587133
v 6.165945 112.893753 -3.250955
v 6.166462 112.892578 -3.265798
v 6.167358 112.352654 -3.178457
v 6.956933 111.364517 -2.893563
v 6.167358 112.352654 -3.178457
v 6.178909 111.341377 -3.013097
v 6.174194 110.872581 -2.967252
v 6.175941 111.340508 -3.017656
v 7.691402 110.935104 -2.675249
v 6.174194 110.872581 -2.967252
v 6.166576 110.413406 -2.945899
v 7.783841 110.411278 -2.688317
v 6.166576 110.413406 -2.945899
v 6.162108 109.932335 -2.992871
v 6.197973 109.941765 -3.118612
v 6.162108 109.932335 -2.992871
v 6.162108 109.932335 -2.992871
v 6.160013 109.470436 -3.059168
v 7.482795 108.181969 -3.377626
v 6.155159 109.465141 -3.026266
v 6.205686 108.224915 -3.525735
v 6.224630 107.845802 -3.717215
v 6.204770 108.222084 -3.520155
v 6.904529 107.850975 -3.686862
v 6.240958 107.462540 -3.885381
v 6.224630 107.845802 -3.717215
v 7.227110 107.429947 -3.801800
v 6.254976 107.064018 -4.022335
v 6.240958 107.462540 -3.885381
v 6.266805 106.650467 -4.147426
v 6.254976 107.064018 -4.022335
v 7.840047 106.633400 -4.082695
v 6.276525 106.223808 -4.266879
v 6.266805 106.650467 -4.147426
v 6.943324 106.228325 -4.255434
v 6.284679 105.794266 -4.399963
v 6.276525 106.223808 -4.266879
v 6.991182 105.806145 -4.401588
v 6.290092 105.361282 -4.550328
v 6.284679 105.794266 -4.399963
v 10.281739 106.892632 -3.540791
v 8.998637 111.002403 -1.809792
v 11.318956 115.015205 0.678387
v 11.212007 114.469795 1.953126
v 12.084218 115.072136 1.857484
v 12.225433 114.041481 1.507578
v 12.331089 114.760788 0.350824
v 12.676820 115.075485 0.471746
v 12.256816 115.176224 1.175585
v 12.549164 115.508972 0.868281
v 11.379112 115.134956 1.224604
v 11.968656 115.275139 0.440154
v 11.466226 115.780510 0.472740
v 11.420108 116.273209 -0.800672
v 11.868610 117.656067 1.312564
v 12.082082 119.334541 0.248964
v 4.606982 117.145126 8.068979
v 4.619373 117.163857 8.070739
v 4.617689 117.181114 8.040833
v 4.586645 117.123344 8.103920
v 4.574062 117.140396 8.095108
v 4.585980 117.122986 8.104272
v 4.703371 117.437553 8.019515
v 4.395954 117.596786 8.233030
v 5.062898 117.234627 8.117611
v 4.525283 117.106438 8.159392
v 4.483964 117.070526 8.305026
v 4.242346 117.073769 8.248493
v 3.938739 116.907188 8.423981
v 4.916902 116.569908 8.234971
v 5.300157 117.395851 8.165686
v 4.388480 117.876228 8.533731
v 4.048810 117.669197 8.698300
v 3.890994 117.588028 8.521899
v 3.912800 117.603714 8.390093
v 3.808404 117.631088 8.424312
v 3.535817 117.551933 8.299417
v 3.206626 117.464996 8.027631
v 3.040852 117.330223 7.742351
v 3.063069 117.383469 7.795708
v 3.100948 117.327248 7.809965
v 3.140041 117.309258 7.778091
v 3.131435 117.219238 7.839968
v 3.331036 117.073021 8.093320
v 3.460132 116.980423 8.256830
v 3.726305 117.021889 8.262280
v 5.158832 118.910965 9.432695
v 3.438342 117.830772 8.518689
v 2.704055 118.070259 8.145896
v 2.733663 119.452255 7.699141
v 3.616218 118.374886 8.872871
v 2.497661 120.854744 7.155082
v 1.412318 120.173859 5.619237
v 2.073781 117.926933 6.714428
v 2.680157 117.444649 7.402680
v 2.436303 117.225624 6.803174
v 1.813145 117.128288 6.226703
v 1.378639 117.732933 5.398085
v 2.939025 122.838142 6.442187
v 3.101577 117.102409 8.006873
v 2.959795 116.499741 7.688684
v 1.799555 115.987923 6.801795
v 3.697511 116.148407 8.081858
v 6.696288 115.567101 10.580782
v 5.937278 115.357658 10.805515
v 6.611163 114.895271 10.858058
v 7.610523 115.238548 8.795339
v 8.787431 113.499435 8.521622
v 8.315658 112.932465 9.111852
v 7.413849 114.060219 9.054379
v 7.956149 109.574059 8.651015
v 6.818608 109.270805 8.960937
v 2.035505 111.153336 5.277730
v 1.229335 112.503845 4.451519
v 1.855024 111.640549 2.102918
v 2.978388 111.255478 -1.775974
v 1.391131 114.699181 1.084605
v 1.218543 113.694168 2.191878
v 1.262336 114.967392 -0.046371
v 2.752602 109.262222 -2.150427
v 3.139196 117.414078 7.932682
v 3.494632 117.623627 8.102907
v 3.275128 117.480186 8.111924
v 3.358428 117.494400 8.221704
v 3.535828 117.612213 8.370281
v 3.885226 117.690681 8.482677
v 3.059387 117.305191 7.769492
v 4.082379 117.593719 8.429481
v 4.326281 117.473518 8.150855
v 4.244533 117.608360 8.386878
v 4.421567 117.584877 8.213192
v 4.558931 117.544189 8.189363
v 4.659565 117.282158 8.016050
v 4.594938 117.175201 8.082794
v 3.087613 117.187584 7.828267
v 4.022956 116.934456 8.147159
v 3.593636 116.983780 8.106973
v 3.257408 117.091980 8.067819
v 3.564529 117.089783 8.244071
v 3.886004 116.973976 8.344086
v 4.207637 117.016197 8.307796
v 4.240248 117.060486 8.273742
v 4.454228 117.111855 8.183421
v 8.984565 117.593994 7.916446
v 9.353881 117.363899 7.781825
v 9.223928 117.437668 7.953957
v 9.175027 117.472336 8.049332
v 8.820573 117.629700 8.074973
v 8.973711 117.501205 8.159375
v 8.875337 117.478493 8.212632
v 8.735481 117.473755 8.245406
v 8.404633 117.637688 8.007367
v 8.564762 117.592079 8.307880
v 8.200857 117.619255 8.012208
v 8.379128 117.578606 8.271871
v 8.250675 117.548088 8.215964
v 7.862293 117.408936 7.941215
v 7.915420 117.277748 7.951941
v 7.965371 117.162155 7.986884
v 8.669977 116.935844 8.215126
v 8.990833 116.975914 8.109198
v 9.275197 117.083496 7.866478
v 9.261851 117.196648 7.748042
v 9.388985 117.217201 7.652350
v 9.428198 117.266800 7.630904
v 5.065585 112.207802 8.267488
v 4.965703 112.207581 8.142999
v 4.805731 112.200508 8.023936
v 5.131465 112.191772 8.386535
v 5.438811 112.223305 8.537269
v 5.561255 112.225983 8.602263
v 5.667756 112.220222 8.658596
v 5.882311 112.455673 8.958118
v 5.862834 112.248543 8.663176
v 6.033519 112.240654 8.703344
v 6.182984 112.215965 8.745152
v 7.268290 112.176819 8.644704
v 7.204227 112.493393 8.841694
v 7.333298 112.195259 8.503941
v 7.805095 112.207550 8.047528
v 7.819438 112.407570 8.329648
v 7.919815 112.418106 7.952961
v 7.823775 112.668434 8.062362
v 5.493244 112.459862 9.301764
v 7.071648 112.433548 9.415562
v 8.138693 112.357590 8.762377
v 7.438160 112.773148 8.652076
v 7.243774 112.521271 8.922273
v 6.361702 112.810516 9.058722
v 6.112004 112.502251 9.190705
v 6.291868 112.824722 9.173516
v 5.013181 112.746986 8.517164
v 5.001335 112.738960 8.468946
v 4.917111 112.723122 8.375648
v 4.891723 112.712349 8.312952
v 4.859181 112.696480 8.228626
v 4.780126 112.656738 8.108345
v 4.763168 112.408676 8.198247
v 4.692982 112.616585 8.057573
v 4.726227 112.574860 7.990771
v 4.755144 112.444382 8.093214
v 4.662854 112.519310 7.976849
v 4.677680 112.486290 7.958965
v 4.681543 112.453011 7.950162
v 4.747266 112.389244 8.201176
v 4.692389 112.417328 7.942703
v 4.711173 112.394310 7.937937
v 4.751731 112.375587 8.220042
v 4.720055 112.374115 7.936486
v 4.710557 112.362907 7.938342
v 4.763386 112.344490 8.117402
v 4.772297 112.358360 7.928884
v 4.762897 112.324280 7.934476
v 4.762334 112.306526 7.938995
v 4.773365 112.274887 7.951509
v 4.814544 112.362862 8.266505
v 4.797844 112.198914 8.019601
v 4.882193 112.346817 8.300991
v 4.871540 112.188362 8.095979
v 4.955629 112.205612 8.152113
v 5.026332 112.207161 8.245182
v 5.078972 112.197395 8.324046
v 5.033800 112.454041 8.650117
v 5.164486 112.209686 8.373867
v 5.230319 112.456100 8.639057
v 5.244789 112.198700 8.463698
v 5.320598 112.201263 8.498933
v 6.159877 111.874504 9.613191
v 7.404660 112.062790 9.456603
v 6.241895 112.428406 9.627835
v 7.563015 112.537834 9.411321
v 4.898166 112.512253 9.323468
v 6.512771 112.834419 10.004030
v 5.697810 112.861977 9.924933
v 4.422407 112.328308 8.746617
v 4.902185 112.403557 8.554766
v 4.883645 112.475113 8.342489
v 3.900944 112.754745 8.776807
v 5.860420 114.044724 9.819268
v 3.385907 111.578049 8.206636
v 5.594847 112.005501 9.552645
v 5.553661 111.197266 9.090719
v 5.947196 110.316757 9.380456
v 7.494049 111.272934 9.027961
v 7.263613 110.083351 9.345366
v 5.160364 109.234985 8.568775
v 5.041480 109.647476 8.864028
v 3.971444 110.584618 8.249816
v 0.797373 115.356766 4.186821
v 0.879314 117.472275 3.634153
v 1.491875 122.507469 3.846555
v 0.725924 121.660126 0.979660
v 0.687510 119.614311 3.251948
v 0.487654 118.929977 0.707315
v 1.275939 118.249763 -1.943520
v 2.482143 117.371445 -3.324366
v 1.134582 116.036079 0.440262
v 0.750966 117.514389 1.108704
v 0.709069 117.736977 1.785645
v 0.911886 116.956345 2.511199
v 0.952648 116.169762 1.887241
v 0.771078 115.638405 2.143104
v 0.304109 117.600761 1.518928
v 1.083738 115.996178 1.445895
v 1.494832 115.842934 2.181298
v 1.514500 115.444954 1.660986
v 1.149559 115.165100 1.287674
v 1.025758 114.927750 2.295690
v 1.029530 113.897232 2.714214
v 1.812912 112.609535 6.608005
v 2.883762 114.152390 8.065901
v 7.684447 114.521095 8.733544
v 6.357840 113.972710 9.875935
v 7.291177 114.465408 9.390460
v 3.995745 113.669197 8.652625
v 0.616137 115.131462 1.902428
v 0.942896 116.766754 1.700302
v 0.888802 115.734413 0.865375
v 1.102286 116.499054 1.119597
v 1.018948 117.291023 1.572953
v 0.116688 117.193871 0.518426
v 0.247583 116.073395 0.982810
v 0.400908 115.286858 1.249669
v 0.087219 117.568016 0.875018
v -0.105556 117.706779 0.867636
v 0.242536 117.936234 0.738036
v 0.115872 116.683632 -0.051937
v 0.543663 115.888161 0.546293
v 0.216642 114.735580 0.546010
v -0.373213 116.689949 0.300385
v -0.039469 115.825645 0.555399
v 0.322927 114.594780 1.304686
v 0.413539 113.801979 1.775738
v 0.663378 113.883751 1.436519
v 1.355201 114.481468 1.946934
v 0.717633 114.810532 0.858599
v 6.103759 103.157333 4.903995
v 6.478501 114.242767 10.366810
v 6.635926 114.362473 9.787842
v 6.782742 114.553284 10.354962
v 5.998466 114.634438 10.789928
v 5.919766 114.459419 10.425413
v 6.222199 114.944489 9.978788
v 5.608849 115.079712 10.017459
v 5.341978 114.881912 9.328200
v 5.492468 114.660378 10.139264
v 5.164291 114.505280 9.468883
v 5.472888 114.343620 9.432276
v 4.701819 114.356232 8.749700
v 5.451077 115.230728 10.424444
v 4.701913 114.763840 9.506912
v 4.976302 115.329849 9.021722
v 4.577064 115.450920 8.567924
v 3.346034 113.015930 -2.558942
v 2.803996 120.663849 -3.569437
v 1.777291 122.397690 -1.508611
v 1.786991 123.369293 0.030336
v 4.142859 124.684250 -1.042108
v 3.261086 124.349197 3.843958
v 8.744978 122.808327 7.602517
v 3.701671 122.315475 7.776339
v 4.076193 121.575165 8.367511
v 5.698795 122.573593 8.435295
v 5.062357 120.232437 8.967822
v 7.134196 121.585365 8.805518
v 11.841806 117.581032 2.181063
v 12.389604 117.598328 0.403143
v 12.232016 117.278725 1.809720
v 11.727583 116.556023 2.480470
v 11.629330 117.353531 4.109283
v 10.915914 118.673561 6.248387
v 11.745472 116.235207 1.841663
v 11.016456 115.752121 2.300267
v 12.608877 117.902184 1.044447
v 11.963744 117.462128 1.689236
v 11.551023 116.763756 1.864010
v 11.785420 117.207840 1.517592
v 12.328763 116.222618 1.074540
v 11.512553 115.881401 1.326024
v 11.765590 115.962135 0.782349
v 12.540961 117.167427 0.457046
v 12.593921 117.595139 1.401978
v 12.500174 116.465935 -0.079170
v 12.986159 116.806412 0.348494
v 2.983193 117.487534 8.152807
v 7.737451 114.725121 9.533063
v 6.915090 115.036911 10.016191
v 6.301322 114.915161 10.107045
v 7.043495 114.688820 9.179271
v 7.374012 118.895767 9.414821
v 7.540331 120.286049 8.970601
v 8.391750 121.941238 8.409950
v 9.619166 119.816177 7.822937
v 9.498815 123.237961 6.161030
v 11.461393 120.286530 4.944047
v 10.837107 116.708443 6.089438
v 9.963365 117.278275 6.952572
v 9.776827 117.664215 7.777268
v 10.173025 121.669487 6.630085
v 9.428638 117.438362 7.138314
v 9.502046 117.079926 7.423908
v 9.392807 117.660149 7.110858
v 9.173413 116.782143 7.107513
v 9.221536 117.971588 7.083808
v 9.001576 116.619370 7.106959
v 7.963223 116.645676 7.083812
v 7.739172 117.218552 7.114966
v 8.871238 116.627068 8.022576
v 9.008410 118.048660 7.132747
v 8.939445 118.209023 7.507670
v 8.216671 118.097473 7.127798
v 8.720079 117.810867 7.262707
v 7.961273 117.997597 7.112699
v 8.002691 118.005844 7.918727
v 7.842630 116.983253 7.902125
v 8.589311 117.324348 8.449848
v 9.241202 117.770950 8.017930
v 8.536997 118.273605 7.087561
v 7.977510 117.680969 6.839888
v 8.391230 118.023605 7.188029
v 8.184464 118.016647 7.150257
v 7.662024 117.421570 7.110803
v 7.933089 116.828201 7.121112
v 8.572390 116.928558 6.598862
v 8.586127 116.525887 7.101274
v 8.710927 117.558800 6.569485
v 9.138996 116.661949 7.089576
v 9.462628 117.362549 7.107946
v 9.020901 117.939537 6.814101
v 9.278433 117.429123 7.178688
v 9.252701 117.561539 7.180612
v 8.851374 117.998726 6.850683
v 9.201340 117.686798 7.182228
v 8.997674 117.978371 6.943027
v 8.968159 117.853477 7.200153
v 8.975554 118.086906 7.124722
v 8.904620 118.125626 7.128827
v 9.501620 117.324005 7.700313
v 9.513088 117.355331 7.605155
v 9.483153 117.269562 7.768180
v 8.921171 117.456642 8.403567
v 9.211889 117.437416 8.201497
v 8.570183 117.532570 8.462882
v 8.263950 117.565468 8.385080
v 7.871648 117.282829 7.977371
v 7.749132 117.332352 8.009647
v 7.832565 117.133835 8.092546
v 8.405478 117.018555 8.351635
v 8.890601 116.913551 8.261520
v 9.353799 117.152695 8.007555
v 9.530260 117.310143 7.687203
v 3.039432 117.395828 7.780463
v 3.000944 117.320633 7.843482
v 3.188269 117.458397 8.207794
v 3.600198 117.497452 8.540848
v 3.868781 117.559021 8.585076
v 4.144505 117.548874 8.553473
v 4.639075 117.384117 8.231446
v 5.076339 117.215004 8.109482
v 4.614242 117.190735 8.185287
v 4.340890 117.129173 8.392236
v 3.876283 117.006592 8.450048
v 3.327942 117.063629 8.264173
v 2.984569 117.350807 7.816797
v 7.462574 117.174507 8.112852
v 3.073746 117.361969 7.947303
v 3.068086 117.342674 7.916908
v 9.449552 117.292534 7.790207
v 9.442424 117.313614 7.819426
v 5.042042 117.233643 8.129882
v 5.072032 117.240639 8.130379
v 7.488188 117.204834 8.167665
v 7.524041 117.215271 8.115038
v 5.019582 117.247505 8.121747
v 5.019809 117.256958 8.117950
v 5.071039 117.237000 8.141221
v 4.849953 117.394775 8.129097
v 5.000483 117.226189 8.124104
v 5.011167 117.237534 8.121922
v 4.617777 117.142441 8.241840
v 5.074126 117.220016 8.176346
v 3.264576 117.043549 8.183961
v 3.056505 117.346428 7.940102
v 2.922076 117.332115 7.710461
v 2.988811 117.372307 7.943553
v 3.098801 117.441414 8.194726
v 4.217377 117.617607 8.616621
v 4.085554 116.949257 8.491092
v 3.516961 117.574043 8.561923
v 9.489288 117.296577 7.725002
v 9.450915 117.302437 7.796289
v 9.542918 117.352982 7.838615
v 9.611108 117.260582 7.648528
v 9.128222 116.952240 8.215575
v 9.472953 117.295906 7.827717
v 8.484838 116.914085 8.402112
v 7.932584 117.076935 8.195053
v 7.502882 117.159828 8.169680
v 7.684921 117.182556 8.119748
v 7.459521 117.198723 8.189597
v 7.485445 117.198181 8.131952
v 7.514958 117.213165 8.143673
v 7.516315 117.229866 8.164735
v 7.785786 117.394669 8.164435
v 8.316875 117.559280 8.527264
v 9.022148 117.534157 8.448462
v 4.175021 113.184723 5.521113
v 4.000011 113.540680 5.870476
v 4.157049 113.117348 6.338636
v 4.085777 113.378510 6.456054
v 4.086709 113.410049 6.886508
v 4.308149 113.238388 7.144061
v 4.342703 113.027161 7.022041
v 4.417374 113.084679 7.363225
v 4.374154 113.293633 7.524832
v 4.645418 112.956665 7.478863
v 4.618932 113.065948 7.818782
v 4.559995 113.334206 7.788222
v 4.748334 113.186905 8.040350
v 4.869001 112.910202 7.954191
v 4.931695 113.107323 8.342500
v 4.764143 113.381615 8.271921
v 5.108804 113.234062 8.566661
v 5.189790 112.903831 8.471899
v 5.389168 113.053711 8.637994
v 5.610044 113.180702 8.802481
v 5.328705 113.316139 8.644250
v 5.627001 112.875366 8.767537
v 5.958525 113.060059 8.909905
v 5.919035 113.386589 8.889426
v 6.258287 113.086311 9.111702
v 6.480972 113.344185 8.997268
v 6.613431 113.065453 8.901074
v 6.901427 113.215759 8.812214
v 6.899026 112.840706 8.758348
v 7.172970 113.056358 8.660758
v 7.180193 113.354668 8.729847
v 7.394655 113.178192 8.577641
v 7.360906 112.892921 8.478621
v 7.623116 113.103668 8.336641
v 7.730598 113.414383 8.349294
v 7.827492 113.177162 8.087037
v 7.712130 112.892708 7.982281
v 7.917222 113.052452 7.896722
v 7.953943 113.327629 7.806132
v 8.240023 113.276726 7.577892
v 7.917544 112.952248 7.497125
v 8.259805 113.107285 7.319194
v 8.452882 113.381241 6.940320
v 8.230855 113.011848 7.047709
v 8.448307 113.339943 6.513687
v 8.393629 113.078316 6.386864
v 8.553269 113.502808 5.950257
v 8.386827 113.137642 5.587087
v 4.159177 112.956123 5.534627
v 4.305639 112.700752 6.481652
v 3.865335 112.470680 6.108417
v 4.191081 112.477234 6.429198
v 4.283231 112.177574 6.846358
v 4.462058 112.547607 7.136915
v 4.490291 112.325790 7.157635
v 4.752863 112.478279 7.623486
v 4.585872 112.121056 7.396437
v 4.711683 112.161629 7.651065
v 4.869259 112.321236 7.861440
v 5.025257 112.149002 8.047659
v 5.093931 112.488167 8.071986
v 5.241226 112.228851 8.288820
v 5.130033 111.943077 8.284624
v 5.492962 112.146454 8.455136
v 5.492820 112.440941 8.448625
v 5.707239 112.268929 8.498425
v 5.695667 111.990845 8.527966
v 5.852304 112.292831 8.709674
v 6.092113 112.259720 8.593499
v 6.092791 111.973465 8.563794
v 6.273508 112.288040 8.741187
v 6.465233 112.251923 8.604854
v 6.438360 111.974930 8.583680
v 6.729272 112.243813 8.734375
v 6.857983 112.265205 8.503307
v 6.859972 111.985672 8.543504
v 7.064177 112.135628 8.470665
v 7.057108 112.442398 8.457116
v 7.427809 111.921898 8.295272
v 7.317909 112.214600 8.296372
v 7.522119 112.134163 8.045032
v 7.468590 112.477905 8.079158
v 7.687400 112.309761 7.867007
v 7.851003 112.138672 7.655732
v 7.744664 112.512512 7.612963
v 8.064129 112.382927 7.287826
v 7.957030 112.100830 7.384499
v 8.263870 112.494041 7.122336
v 8.109762 112.133354 6.776644
v 8.362754 112.426720 6.460878
v 8.349090 112.668121 6.539323
v 8.704110 112.415024 6.147396
v 8.411959 112.913162 5.586659
v 3.882147 117.073990 8.492987
v 3.894026 116.655434 8.682837
v 3.724987 116.947571 8.383008
v 3.548427 116.965736 8.328551
v 3.553872 116.668167 8.574528
v 3.749189 116.521790 8.349551
v 3.922263 116.550560 8.387769
v 4.239316 117.589401 9.013148
v 4.003642 117.596703 9.063772
v 3.984762 117.650879 8.617456
v 4.212711 117.599480 8.566878
v 3.322863 117.501381 8.421593
v 3.517025 117.563011 8.511736
v 3.426263 117.628143 8.918634
v 3.222855 117.572136 8.852792
v 2.950457 117.751961 8.418366
v 3.043756 117.818329 8.525243
v 3.085883 117.507004 8.226615
v 3.279465 117.479408 8.355103
v 3.110237 117.337479 8.750314
v 2.913085 117.322510 8.584517
v 3.575703 117.593132 8.570075
v 3.818867 117.625504 8.626493
v 3.715382 117.520058 9.068390
v 3.490438 117.498184 9.020425
v 3.369480 117.511230 8.410942
v 3.595450 117.554947 8.533709
v 3.283349 117.348328 8.811567
v 3.523707 117.403145 8.930152
v 3.235033 117.472984 8.294953
v 3.465095 117.534470 8.443260
v 3.248171 117.379089 8.907607
v 3.028053 117.294411 8.743478
v 2.568073 117.543289 7.734948
v 2.604823 117.626991 7.905010
v 3.545123 117.593491 8.509126
v 3.679407 117.603897 8.593931
v 3.297919 117.436462 8.923315
v 3.441100 117.444923 8.986406
v 2.939210 117.312553 8.173997
v 3.011293 117.318718 8.353553
v 2.750821 117.567139 8.242374
v 3.210016 117.441956 8.245348
v 2.846494 117.268471 8.514276
v 3.127803 117.854561 8.562609
v 3.236151 117.907402 8.662123
v 2.781956 117.704109 8.382839
v 2.914927 117.717178 8.540031
v 3.605400 117.579697 8.522305
v 3.779911 117.584763 8.580789
v 3.674028 117.524864 9.020338
v 3.500556 117.536026 8.971556
v 2.953973 117.407349 7.961318
v 3.057582 117.437973 8.124316
v 2.704220 117.400078 8.209841
v 3.008872 117.420258 7.943535
v 2.831808 117.323563 8.238601
v 9.497262 117.143089 7.792067
v 9.452487 116.818008 7.814415
v 9.258896 117.662102 8.708625
v 9.456583 117.614433 8.544390
v 8.893870 117.540306 8.911438
v 8.722785 117.558640 8.936335
v 8.682721 117.603020 8.524274
v 8.863271 117.572899 8.505654
v 9.715275 117.280769 8.113672
v 9.850003 117.316460 7.886841
v 9.143583 117.469429 8.849527
v 8.990494 117.449585 8.931026
v 8.834352 117.554680 8.512748
v 8.974772 117.540558 8.442238
v 9.171887 117.278885 8.721281
v 9.162620 117.452736 8.272317
v 9.057981 117.511147 8.337178
v 9.895505 117.359535 7.945485
v 10.006931 117.314354 7.743000
v 8.809855 117.595016 8.548611
v 8.955858 117.553177 8.475345
v 9.035650 117.449928 8.866357
v 8.900377 117.508446 8.934521
v 9.693048 117.486000 8.168460
v 9.526476 117.302879 7.794417
v 9.735488 117.153275 8.089814
v 9.028456 117.519249 8.341853
v 9.247672 117.455360 8.245381
v 9.360649 117.287056 8.683820
v 9.870904 117.696190 7.829319
v 9.897862 117.659309 7.685240
v 9.290426 117.421638 8.198193
v 9.464303 117.387550 8.043674
v 9.726997 117.248360 8.319498
v 9.573440 117.278198 8.481430
v 9.668126 117.466675 8.346805
v 9.780126 117.371468 8.192189
v 10.033319 117.571770 7.985495
v 10.092570 117.552361 7.763094
v 9.503057 117.387131 8.003221
v 9.540044 117.338905 7.865910
v 9.621344 117.135384 8.283520
v 9.509151 117.407089 8.027547
v 9.596032 117.362976 7.856624
v 9.819216 117.101723 8.117373
v 9.767167 117.200134 8.296104
v 9.667800 117.364624 7.807595
v 9.820114 116.952019 7.908268
v 9.411300 117.334198 8.540347
v 9.219261 117.428688 8.173011
v 9.613202 117.138542 8.282190
v 9.595438 117.487808 7.918085
v 9.631612 117.312469 7.730303
v 9.666078 117.314522 7.588011
v 9.859997 117.142921 7.833381
v 9.665749 117.111420 7.918947
v 9.611904 117.004387 7.747633
v 4.043873 117.614861 8.635252
v 3.879421 117.654709 8.656481
v 3.789737 117.397934 9.176318
v 4.302824 117.581017 9.076401
v 4.100674 117.445503 8.595819
v 4.103757 117.589073 9.125266
v 4.306214 117.633911 8.554698
v 4.450824 117.598923 8.845928
v 4.307313 117.675247 8.888169
v 4.181059 116.648521 8.306805
v 4.020467 116.577881 8.317872
v 4.351148 116.817589 8.638820
v 4.199848 116.614906 8.335664
v 4.256818 117.001495 8.370918
v 3.018009 116.714630 8.107141
v 3.301598 117.037132 8.178492
v 4.291985 116.697731 8.322203
v 4.461417 116.738968 8.295508
v 3.287098 116.669998 8.130033
v 3.123370 116.757561 8.017739
v 3.725688 116.583801 8.295729
v 3.872802 116.610756 8.327301
v 3.044730 117.010170 7.627648
v 3.105788 116.918640 7.736638
v 2.933807 116.983162 7.905843
v 3.029228 116.872047 7.993225
v 3.034568 116.815735 8.011126
v 3.139394 116.723213 8.106348
v 3.538211 116.704987 8.260569
v 3.445055 116.741753 8.204619
v 3.069488 117.126572 7.944595
v 2.765386 117.058601 7.986866
v 3.322739 116.883865 8.158615
v 3.090697 116.923531 8.329813
v 3.556331 116.594086 8.328097
v 3.687017 116.554855 8.370015
v 3.407072 117.102493 8.270131
v 3.274102 116.776985 8.507406
v 3.079666 116.891365 7.995862
v 3.141407 117.118187 8.044411
v 4.597614 117.564461 8.945281
v 4.490816 117.687981 8.506498
v 4.439024 117.653809 8.999193
v 4.101346 117.631538 8.588790
v 3.903575 117.640121 8.610835
v 4.028362 117.429878 9.039902
v 3.844616 117.452515 9.038876
v 3.913256 117.601746 8.622395
v 4.054954 117.675667 8.950855
v 4.065144 117.636414 8.586867
v 3.298485 117.260078 8.809274
v 3.577281 117.605751 8.593007
v 3.361813 117.615417 8.490011
v 3.225295 117.501419 8.368807
v 3.217221 117.397011 8.872153
v 3.395257 117.555122 8.512559
v 4.465579 117.542854 8.460970
v 4.292403 117.627113 8.569837
v 4.384731 117.608177 9.076485
v 4.672373 117.311066 8.829299
v 4.454002 117.580048 8.475486
v 4.618865 117.463013 8.314317
v 4.512842 117.428017 8.937837
v 3.399172 117.798370 8.952377
v 3.629702 117.834244 9.011048
v 4.193233 117.648163 8.618114
v 4.087592 117.621849 9.023645
v 3.096818 117.203392 8.517472
v 3.108827 117.533279 8.277537
v 3.025692 117.461311 8.143587
v 2.985984 117.388786 7.945050
v 2.892192 117.377502 7.680921
v 2.546422 117.180695 7.898703
v 2.629915 117.228165 8.101511
v 2.874733 117.336357 7.654631
v 2.499226 117.217163 7.963657
v 2.928194 117.382332 7.842062
v 3.432250 117.562454 8.887968
v 3.814491 117.616417 8.651084
v 3.568807 117.581436 8.567588
v 3.389194 117.452682 8.377924
v 3.405905 117.572556 8.961237
v 3.202914 117.491386 8.846283
v 3.572238 117.579262 8.526158
v 3.403849 117.527206 8.403378
v 3.234648 117.481041 8.280393
v 3.078917 117.462585 8.762874
v 3.272283 117.538864 8.859367
v 4.975180 117.661575 8.351287
v 4.851717 117.675461 8.460793
v 3.409415 117.404938 8.921671
v 3.610728 117.442612 8.993489
v 3.560392 117.546738 8.530374
v 3.774346 117.593025 8.600667
v 3.321975 117.452698 8.907639
v 3.459547 117.507988 8.994653
v 3.447980 117.563347 8.517712
v 3.592849 117.624481 8.604859
v 2.596530 117.620911 7.989206
v 2.891193 117.376366 7.668489
v 2.516539 117.246086 7.929627
v 3.008196 117.418137 8.049503
v 2.955951 117.371185 7.863961
v 2.622883 117.307549 8.158933
v 2.701452 117.360016 8.327019
v 3.075847 117.392395 8.809746
v 3.549481 117.534142 8.432818
v 3.284349 117.421768 8.922102
v 3.334056 117.506355 8.365883
v 2.818540 117.326012 8.545578
v 2.929776 117.442940 8.720569
v 3.184927 117.489426 8.274249
v 3.081965 117.409912 8.082898
v 3.013436 117.517258 8.146804
v 2.880935 117.187637 8.366336
v 3.205006 117.457306 8.313574
v 3.072156 117.390305 8.136848
v 2.864260 117.438126 8.474584
v 3.005283 117.520508 8.663154
v 2.739160 117.390358 8.301425
v 3.018842 117.332909 7.992261
v 3.100373 117.454979 8.193469
v 2.953931 117.468117 8.035227
v 2.867147 117.314560 8.394135
v 2.643679 117.588799 8.200205
v 2.576139 117.565674 7.991470
v 4.343849 117.600571 8.565426
v 4.318985 117.563698 8.990476
v 4.427780 117.513329 8.935681
v 4.260970 117.672707 8.569458
v 4.262619 117.562340 8.997416
v 3.686726 117.586258 8.574437
v 3.732668 117.698700 9.069436
v 3.921561 117.602531 8.591896
v 5.077559 117.607117 8.290854
v 4.965090 117.645973 8.358727
v 4.870224 117.436279 8.421539
v 4.707786 117.465134 8.264864
v 3.244787 117.448372 8.287364
v 3.113853 117.468971 8.170068
v 2.880329 117.304718 8.523856
v 2.991048 117.338394 8.659287
v 3.865312 117.652855 8.645576
v 3.687891 117.634552 8.621248
v 3.641193 117.584991 9.237267
v 3.968862 117.637283 8.598824
v 3.753047 117.617981 8.610196
v 3.910152 117.451683 9.051319
v 3.672770 117.445198 9.036859
v 3.977869 117.654594 8.611526
v 3.796601 117.625778 8.603595
v 3.682775 117.448769 8.981624
v 3.862740 117.459846 8.994613
v 3.992762 117.607002 8.614712
v 3.738936 117.612541 8.604208
v 3.737251 117.749939 8.987518
v 3.987787 117.770279 8.972313
v 4.133471 117.626381 8.592493
v 3.916909 117.619095 8.607339
v 3.874941 117.502083 9.035698
v 4.124965 117.536522 9.043959
v 4.680412 117.790619 8.416551
v 4.595688 117.834923 8.486191
v 2.531346 117.584000 8.147471
v 2.817391 117.421913 7.735698
v 2.559766 117.151367 7.968074
v 2.734032 117.539749 7.951742
v 2.727599 117.156204 8.162785
v 2.781268 117.263962 8.327907
v 3.114753 117.559036 8.418457
v 3.175752 117.611435 8.486586
v 4.510967 117.436348 8.950282
v 4.426520 117.643135 8.513973
v 4.318557 117.487770 9.006317
v 2.605752 117.593323 7.863307
v 2.602237 117.595184 7.729695
v 4.613512 117.588959 8.421427
v 4.698301 117.391785 8.597122
v 4.123174 117.655045 8.614493
v 3.857715 117.610542 8.609842
v 3.853690 117.539482 9.164023
v 4.106533 117.562447 9.121894
v 4.284345 117.567833 8.550552
v 4.072510 117.536980 8.965165
v 4.329782 117.516479 8.937128
v 2.575289 117.511505 8.078064
v 2.699390 117.551315 8.325596
v 4.511722 116.792465 8.256416
v 4.642904 116.871078 8.189840
v 4.164628 116.657944 8.369774
v 4.312627 116.707664 8.367180
v 3.437706 116.684708 8.175164
v 3.589552 116.675606 8.273465
v 3.888822 116.842659 8.736186
v 4.072225 116.539429 8.399581
v 3.296516 117.032608 8.179032
v 3.110388 116.921577 8.434672
v 3.446443 116.970093 8.264862
v 3.074088 116.857674 8.003685
v 2.980256 116.984650 7.911049
v 8.424217 117.648880 8.553502
v 8.270019 117.629990 8.500636
v 8.324014 117.877579 9.086575
v 8.175619 117.517227 8.883125
v 8.376091 117.583115 8.910504
v 8.408662 117.597038 8.520330
v 8.248275 117.581909 8.492467
v 8.296209 117.551102 8.488903
v 8.160135 117.536400 8.431731
v 8.055843 117.556763 8.862396
v 8.459002 116.850578 8.364614
v 8.367743 116.690399 8.717498
v 8.398523 116.954903 8.400531
v 8.158278 116.757454 8.661605
v 8.131907 116.748131 8.644983
v 8.270922 117.051468 8.396388
v 8.362367 116.634560 8.698603
v 8.278231 116.688530 8.631272
v 8.548983 116.781326 8.306453
v 9.177050 116.717865 8.111758
v 9.334969 116.764091 7.953639
v 8.804482 116.591736 8.213981
v 8.720570 116.672203 8.559268
v 9.073781 116.705437 8.543700
v 8.853577 116.550926 8.166048
v 9.642349 116.850639 7.893919
v 9.449803 117.051300 7.869318
v 9.372152 116.690598 8.026298
v 9.454509 116.758347 7.909541
v 9.047460 116.651863 8.230121
v 9.136466 116.701935 8.155523
v 9.723896 117.083305 7.895123
v 9.407572 117.158867 7.996461
v 8.821332 116.556671 8.404995
v 8.642949 116.573395 8.420456
v 8.931808 116.558601 8.430981
v 8.926620 116.835747 8.270365
v 9.247911 116.762558 8.125992
v 9.175907 116.719704 8.229292
v 9.421588 117.140434 7.922916
v 9.643856 117.116112 7.947561
v 8.148520 117.550911 8.447231
v 8.013474 117.484383 8.341403
v 7.901845 117.611717 8.853350
v 9.150037 117.496910 8.302158
v 9.012106 117.525497 8.377869
v 9.328540 117.336281 8.701427
v 9.156834 117.357666 8.801547
v 8.477370 117.574059 8.467088
v 8.691960 117.332207 8.922474
v 8.503608 117.309586 8.933510
v 8.805680 117.620834 8.537185
v 8.563322 117.630745 8.540713
v 8.574114 117.481102 9.141817
v 8.827140 117.444855 9.124869
v 8.618282 117.608978 8.910489
v 8.370061 117.621521 8.932795
v 8.727973 117.400124 9.073335
v 8.963968 117.374474 9.011387
v 8.625100 117.608536 8.544695
v 8.892832 117.559692 8.497512
v 7.947556 117.483025 8.802281
v 8.094639 117.554428 8.877577
v 8.166930 117.515564 8.331768
v 8.170415 117.512688 8.305142
v 7.979453 117.416985 8.203084
v 7.831063 117.406158 8.731055
v 8.047811 117.510918 8.836803
v 8.761810 117.582886 8.924512
v 8.663469 117.745216 8.581343
v 9.239994 117.502625 8.348413
v 9.055264 117.563049 8.428584
v 9.399527 117.497711 8.770411
v 9.511318 117.400223 8.027322
v 9.471505 117.502426 8.189245
v 9.640122 117.360603 8.433849
v 8.531692 117.563408 8.489520
v 8.347724 117.560013 8.458001
v 8.339101 117.392082 8.914113
v 8.528871 117.394409 8.915107
v 9.552264 117.357513 7.911072
v 9.405489 117.356308 8.058081
v 9.806727 117.204613 8.205705
v 9.663876 117.244820 8.386218
v 9.135034 117.458412 8.386560
v 8.928843 117.517372 8.504900
v 9.220063 117.347069 8.781370
v 9.989421 117.257172 7.815629
v 9.868878 117.529518 7.591432
v 9.561340 117.308731 7.800101
v 9.249763 117.457542 8.224494
v 9.303099 117.355469 8.660601
v 9.428997 117.291862 8.567743
v 8.946694 117.739418 8.854692
v 8.744794 117.798622 8.934020
v 8.937457 117.350822 9.133718
v 9.167895 117.330650 9.033857
v 8.949033 117.552643 8.481704
v 8.713087 117.611122 8.571223
v 9.096569 117.478149 8.324965
v 8.867182 117.513748 8.408683
v 9.260025 117.307961 8.708907
v 9.042753 117.333015 8.827935
v 9.311668 117.405525 8.144798
v 9.134919 117.469528 8.280139
v 9.280851 117.347717 8.695457
v 9.469505 117.258530 8.571267
v 9.279664 117.428528 8.241673
v 9.165292 117.498764 8.338347
v 9.322143 117.468781 8.758534
v 9.448726 117.385895 8.659112
v 9.784102 117.251213 7.888401
v 9.725701 117.303925 8.087296
v 9.011253 117.720673 8.771667
v 8.775589 117.734924 8.806455
v 9.048241 117.854424 8.697271
v 9.198708 117.799911 8.633858
v 9.687450 117.417870 8.132128
v 9.597880 117.453560 8.276374
v 9.942356 117.335030 7.963255
v 9.855081 117.368294 8.162345
v 9.384024 117.407501 8.089160
v 9.264555 117.469635 8.276595
v 9.609128 117.237717 8.403600
v 9.522999 117.307976 8.638825
v 9.395230 117.423332 8.110490
v 9.320926 117.516632 8.262831
v 9.543707 117.288841 8.466074
v 9.452026 117.376518 8.585000
v 9.418807 117.386810 8.023032
v 9.267705 117.444923 8.220344
v 9.521199 117.324852 8.471750
v 9.633249 117.239906 8.269789
v 9.266328 117.478226 8.798734
v 9.209817 117.509941 8.356955
v 9.317547 117.548645 8.311628
v 9.544366 117.389519 8.598539
v 9.463965 117.471519 8.687113
v 9.741377 117.611084 8.380469
v 9.564490 117.690636 8.546661
v 9.594369 117.513390 7.965065
v 9.749702 117.274231 8.257700
v 9.664954 117.325737 8.352980
v 9.983749 117.358467 8.058235
v 9.617992 117.380287 7.810079
v 9.551925 117.385399 7.963599
v 8.202216 117.567329 8.456007
v 8.019240 117.485237 8.871154
v 8.183128 117.545731 8.934934
v 8.524189 117.466591 8.896792
v 8.788339 117.441956 8.874329
v 8.445203 117.588852 8.490338
v 8.674693 117.550568 8.476333
v 7.944166 117.512581 8.341460
v 7.872797 117.385048 8.167830
v 7.643538 117.307106 8.489178
v 7.782534 117.425247 8.638176
v 7.535640 117.579659 8.268851
v 7.750134 117.421768 8.225117
v 7.606044 117.645340 8.302959
v 7.773817 117.728683 8.409405
v 9.363601 117.397697 8.087245
v 9.236065 117.428291 8.201773
v 9.544663 117.305672 8.385254
v 9.420754 117.341423 8.508072
v 8.629049 117.588921 8.884409
v 8.873197 117.417740 8.914107
v 8.798482 117.593689 8.522987
v 8.822964 117.610580 8.882647
v 8.951878 117.595436 8.858844
v 8.831815 117.315910 8.440941
v 8.555914 117.329811 9.129196
v 8.802583 117.287529 9.083245
v 8.485784 117.626259 8.569303
v 8.728272 117.592323 8.526307
v 8.359909 117.280556 9.137459
v 8.604236 117.311394 9.164069
v 8.587818 117.605598 8.561330
v 8.349223 117.626472 8.523881
v 7.747021 117.413490 8.201616
v 7.728048 117.433067 8.440711
v 8.320740 117.543381 8.431259
v 8.141688 117.529457 8.366231
v 8.161812 117.596771 8.897223
v 7.925018 117.244492 8.747429
v 7.996478 117.547203 8.409172
v 7.977316 117.450737 8.287884
v 8.351744 117.435005 9.007683
v 8.599327 117.445061 9.048317
v 8.631912 117.615341 8.573310
v 8.407005 117.568283 8.495275
v 8.433581 117.571152 8.433424
v 8.227303 117.525383 8.397551
v 8.288207 117.785332 8.899215
v 9.055573 117.534470 8.375194
v 8.847457 117.530678 8.456535
v 9.026463 117.550896 8.979801
v 7.961561 116.721428 8.405822
v 7.823315 116.777084 8.314301
v 8.293126 116.698875 8.255549
v 8.441538 116.650970 8.301594
v 9.139498 116.673027 8.136615
v 8.974726 116.650269 8.246313
v 8.428224 116.654762 8.431793
v 8.571984 116.638435 8.416582
v 9.127501 117.037476 8.280628
v 9.440079 116.830513 8.379047
v 9.321923 116.822182 7.859864
v 9.400009 116.894623 7.790539
v 7.660491 117.384064 8.138227
v 7.582046 117.256714 8.418695
v 7.759969 117.389015 8.158260
v 7.524302 117.331078 8.536096
v 7.542449 117.006195 8.307643
v 7.771035 117.145943 8.184945
v 7.863225 116.794975 8.257895
v 7.732255 116.836281 8.186597
v 8.020791 116.747856 8.251084
v 8.201451 116.695992 8.325370
v 7.710187 116.844368 8.288625
v 7.849508 116.790009 8.384776
v 9.818638 117.271454 7.656704
v 9.576261 117.286171 7.582126
v 8.749426 116.468193 8.330920
v 8.569715 116.482582 8.353115
v 8.882558 116.605469 8.587714
v 8.870584 116.853737 8.293605
v 9.000262 116.608971 8.549504
v 4.855696 117.355942 8.189112
v 4.641222 117.439201 8.329532
v 5.028151 117.329636 8.611380
v 4.619946 116.804741 8.162042
v 4.739200 116.877266 8.101010
v 4.319906 116.775513 8.190125
v 4.495206 116.826973 8.123606
v 2.931122 116.989548 7.689490
v 2.885789 117.099586 7.567417
v 2.938816 117.293320 7.713709
v 2.717592 117.178810 7.628250
v 4.791534 116.928757 8.138575
v 4.910167 117.078178 8.393430
v 3.710460 117.548973 8.535872
v 3.768119 117.574867 8.914669
v 3.900841 117.585266 8.565933
v 4.749900 117.408737 8.241737
v 4.565001 117.494759 8.345499
v 4.620733 117.269600 8.784245
v 4.813371 117.173637 8.667558
v 3.558053 117.633865 8.595462
v 3.700176 117.717255 9.041953
v 3.464847 117.748596 8.982858
v 3.804784 117.611130 8.643582
v 9.390584 116.720390 8.024267
v 9.215508 116.968758 8.166118
v 9.458755 116.849281 7.753681
v 9.527649 116.921814 7.618371
v 8.446501 117.563828 8.486074
v 8.570856 117.562843 8.511384
v 8.469926 117.371986 8.780190
v 8.632423 117.514961 8.940700
v 8.462134 117.571503 8.954497
v 8.571253 117.713173 8.560667
v 8.863576 117.464310 9.113647
v 9.036463 117.444954 9.062052
v 8.855437 117.573509 8.525515
v 9.558619 116.931519 7.732139
v 9.581749 117.014282 7.576034
v 2.727776 117.056152 7.882299
v 2.997551 117.237137 7.855835
v 4.365921 116.854012 6.921956
v 4.596834 117.219482 7.307552
v 4.190494 116.788689 6.952451
v 4.587377 117.009621 7.264192
v 4.256212 116.630135 7.234691
v 4.112159 116.627411 7.233686
v 3.911716 116.580956 7.233969
v 3.814769 117.142891 6.681092
v 4.623009 117.354568 7.310977
v 3.272872 117.110123 6.915310
v 3.718038 116.748459 7.289005
v 3.590361 116.801163 7.289065
v 3.241549 117.254089 6.955470
v 3.376379 116.790222 7.251306
v 2.996311 117.429710 7.215271
v 3.868046 118.391289 7.238048
v 3.790922 117.966377 6.828808
v 4.717773 117.805237 7.279538
v 4.729201 117.711342 7.239095
v 4.354654 117.474182 6.757365
v 4.754483 117.504311 7.249019
v 4.764423 117.422386 7.250547
v 4.627279 116.808250 7.191810
v 4.749018 117.119324 7.230673
v 4.858448 117.607979 7.501714
v 4.536528 117.497719 7.349298
v 4.709960 117.712975 7.254597
v 4.281208 118.300041 7.253225
v 3.255457 118.109093 7.239133
v 3.262040 116.843544 7.230432
v 2.941159 117.486877 7.852900
v 3.398327 116.622322 7.753081
v 3.454584 116.772736 7.215907
v 3.690856 116.746323 7.265557
v 4.103991 116.495590 7.543737
v 3.997452 116.805786 7.328563
v 4.193992 116.679199 7.243784
v 4.522645 116.819382 7.235785
v 4.560214 116.765671 7.884454
v 4.553683 117.652901 8.247549
v 3.679008 118.115189 8.193409
v 3.732153 116.936859 8.392359
v 3.961656 117.429482 8.592990
v 3.230243 117.395409 8.245072
v 2.926847 117.420898 7.626066
v 3.388156 117.721596 8.564070
v 3.743448 117.567810 8.560801
v 4.336326 117.733307 8.664366
v 4.281213 117.562859 8.457653
v 4.707277 117.390099 8.111436
v 5.172810 117.203110 8.108444
v 4.605256 117.191719 8.176076
v 4.175404 117.047737 8.392948
v 3.642592 116.783119 8.392667
v 3.507059 117.013130 8.330230
v 2.834761 117.259323 7.564847
v 7.822500 117.386833 8.031217
v 7.343470 117.165825 8.195363
v 8.749510 117.762878 8.648707
v 8.117155 117.708076 8.528162
v 8.534415 117.499382 8.453588
v 9.171533 117.371490 8.208160
v 9.711933 117.427475 7.617793
v 9.409849 117.203682 7.910547
v 9.736483 117.224144 7.568178
v 9.179458 116.815208 8.284739
v 8.707644 116.964531 8.335615
v 8.360801 116.851692 8.430305
v 7.931526 117.176048 8.113701
v 7.485400 117.177734 8.132304
v 6.259473 112.905502 8.733437
v 6.241255 112.917320 8.629607
v 5.666013 112.942749 8.675961
v 5.690331 112.940819 8.627078
v 5.921765 112.691376 8.605856
v 5.902805 112.615334 8.558855
v 7.752989 113.144836 6.324077
v 7.880694 113.118843 6.328397
v 7.718054 113.022400 7.431921
v 7.630068 113.027443 7.403556
v 7.729705 112.569206 7.033771
v 7.608440 112.571175 6.999326
v 7.563834 112.524017 7.536611
v 7.480188 112.522087 7.494567
v 7.729705 112.569206 7.033771
v 7.610410 112.567604 6.991217
v 6.983273 112.416557 8.333242
v 6.911297 112.414177 8.207833
v 6.985061 112.414787 8.331744
v 6.937360 112.415443 8.195260
v 6.808833 112.371193 8.126614
v 6.909922 112.414642 8.204022
v 7.670609 112.656693 6.363533
v 7.805796 112.697701 6.351285
v 5.690478 112.940758 8.626584
v 5.720776 112.942764 8.576318
v 5.284861 112.446404 7.956094
v 5.375524 112.420425 7.922264
v 5.146535 112.506508 7.395743
v 5.067143 112.530663 7.479166
v 5.071568 112.530701 7.486176
v 5.173591 112.489128 7.479927
v 4.863718 112.791473 4.811455
v 4.897351 112.655937 4.460387
v 7.549281 112.976700 7.926016
v 7.650604 112.975975 7.950254
v 7.645717 112.989159 7.960793
v 7.603061 112.987289 7.931207
v 7.710949 112.935219 8.019849
v 8.028175 113.126526 7.617794
v 7.407276 112.960197 7.902192
v 7.443777 112.975708 7.876528
v 7.513052 113.103630 7.598487
v 7.210152 112.765221 7.543054
v 7.880894 112.593170 7.735869
v 7.715381 113.004631 7.426664
v 7.621159 113.042015 7.421345
v 7.386454 112.854958 7.098366
v 7.648226 113.133888 7.155509
v 8.080246 112.712181 7.140876
v 7.778575 113.070892 6.960472
v 8.553995 114.033264 6.309193
v 8.444341 113.323235 6.625031
v 8.194635 113.119522 5.686132
v 8.475044 113.852356 4.774934
v 8.408894 113.070099 5.149402
v 8.460059 113.298950 4.732727
v 8.483432 113.120895 4.801868
v 7.987818 112.903458 5.407271
v 7.964029 113.272690 5.602213
v 8.316708 112.900536 6.377116
v 7.877880 113.120979 6.321660
v 7.883185 112.947525 5.720564
v 8.000047 113.237984 6.109136
v 7.907009 113.252380 5.980008
v 7.540751 113.265312 6.642216
v 7.760034 113.080544 6.953137
v 8.105631 112.766701 7.022731
v 8.016471 112.915009 6.314062
v 7.561543 112.527084 7.542336
v 7.471836 112.524223 7.504845
v 7.562754 112.520485 7.541262
v 7.469499 112.534317 7.471859
v 7.322830 112.398560 7.839816
v 7.410404 112.548355 8.102274
v 7.690710 112.752998 7.728034
v 7.274633 112.439575 7.961087
v 7.819070 112.360962 7.618838
v 6.989341 112.304359 7.966269
v 7.397205 112.717087 8.111309
v 7.392144 112.016701 8.329738
v 8.024696 111.593506 7.248585
v 6.495747 111.544792 8.497855
v 8.343281 112.403137 6.551724
v 8.535039 111.896118 5.649951
v 8.190212 112.752808 5.691762
v 8.407565 113.035500 5.053055
v 8.693055 112.334007 4.790639
v 8.251313 113.009369 4.732838
v 8.057897 112.843781 5.120480
v 8.082937 112.951241 5.030858
v 8.024526 112.665382 5.632326
v 8.345137 112.907631 6.090802
v 7.944264 112.690933 5.727589
v 7.850280 112.834671 6.432052
v 7.813440 112.690422 6.347744
v 8.172795 112.821030 5.592671
v 7.812399 112.690529 6.350341
v 7.814003 112.690697 6.346785
v 7.810497 112.693291 6.353368
v 8.146667 112.829414 6.636327
v 7.591067 112.588661 7.063628
v 7.924219 112.522224 7.113941
v 7.728656 112.560829 7.036875
v 7.729429 112.565681 7.032603
v 7.482921 112.497314 6.684055
v 7.576257 112.580399 6.416942
v 7.807424 112.701927 6.347093
v 5.662658 112.943169 8.673516
v 5.686440 112.936592 8.624372
v 5.659105 112.943619 8.671652
v 5.637948 112.915718 8.650756
v 5.677299 112.943832 8.688420
v 5.659105 112.943619 8.671652
v 5.565146 112.963150 8.560369
v 5.605192 113.141869 8.461977
v 5.209502 112.638809 8.487014
v 5.668292 113.074348 8.324675
v 5.285219 112.958046 8.388705
v 5.599800 112.603127 8.776903
v 5.659040 112.939789 8.687522
v 5.202607 112.676529 8.432370
v 4.894669 113.317726 8.408607
v 5.290521 112.797966 8.100444
v 5.129895 113.008293 8.131026
v 5.284546 113.139168 8.092937
v 5.109948 112.977478 7.875148
v 4.891659 112.609093 8.077058
v 5.154978 113.084236 7.681538
v 5.136769 112.770477 7.416216
v 4.971179 113.126862 7.680401
v 5.101068 113.093689 7.497942
v 4.774844 112.688545 7.882104
v 4.906058 112.982140 7.370850
v 4.586488 113.055054 7.516368
v 4.181038 113.422096 6.935743
v 4.908015 112.935341 7.358729
v 4.925612 113.024170 7.372161
v 4.912764 113.029968 7.372906
v 4.967608 113.106186 7.216736
v 4.905441 112.909050 6.937299
v 4.859903 113.173843 7.197868
v 4.796350 113.097374 6.934195
v 3.985815 114.076965 6.162281
v 4.949809 113.863213 8.397828
v 6.358160 113.828056 9.010368
v 7.595205 113.865326 8.410993
v 7.669461 113.266052 8.419998
v 7.463937 112.985497 7.923297
v 7.472983 112.526337 8.372066
v 7.135439 113.075127 7.997245
v 7.187279 112.963531 8.318479
v 7.269711 112.933731 8.430808
v 7.307627 112.596794 8.534666
v 7.179933 112.744804 8.399694
v 7.140316 112.966896 8.254633
v 6.907816 112.618286 8.790057
v 6.828140 112.941139 8.581485
v 6.929951 113.139954 8.480639
v 6.989130 113.143005 8.398613
v 6.868048 112.520294 8.829218
v 5.669573 112.945938 8.677238
v 5.693029 112.942520 8.628785
v 5.659843 112.530243 8.816096
v 5.757816 112.943787 8.639379
v 5.800232 112.966240 8.472600
v 6.019742 113.085640 8.433076
v 6.276267 112.900665 8.724211
v 6.271268 112.536720 8.889176
v 6.263068 112.912636 8.871317
v 6.265075 112.911430 8.731398
v 6.272622 112.903633 8.751040
v 6.294360 112.894485 8.628916
v 6.293502 112.523491 8.881124
v 6.293396 112.917297 8.631827
v 6.284840 112.908722 8.622995
v 6.416751 113.018570 8.462193
v 6.619203 113.012291 8.389365
v 6.922387 112.419739 8.191212
v 6.929391 112.411713 8.196719
v 6.983273 112.416557 8.333242
v 6.268121 112.411667 8.440685
v 6.247224 112.415413 8.351336
v 6.271463 112.413383 8.440020
v 6.196982 112.357964 8.250893
v 6.450261 112.413895 8.195591
v 5.949431 112.392509 8.310715
v 5.955362 112.403084 8.351561
v 5.927532 112.450386 8.449990
v 6.018222 112.278259 8.231040
v 5.635301 112.357216 8.096897
v 5.907908 112.415878 8.521040
v 5.623619 112.392838 8.056970
v 5.612776 112.419708 8.184504
v 5.568195 112.457199 7.939028
v 5.412091 112.293579 7.630424
v 5.361345 112.428650 7.895329
v 5.283907 112.449707 7.950066
v 5.367133 112.445190 7.828598
v 5.277718 112.438370 7.950018
v 5.208563 112.441231 7.996536
v 5.397707 112.414352 7.694105
v 5.356786 112.394577 7.577977
v 5.383928 112.406410 7.634479
v 5.176426 112.509888 7.414579
v 5.171021 112.393593 7.411630
v 5.151404 112.509407 7.405000
v 5.207273 112.502945 7.168595
v 5.146535 112.506508 7.395743
v 4.880866 112.303909 7.129366
v 5.173276 112.445305 7.066488
v 5.024461 112.507080 6.992457
v 5.126718 112.472984 7.095461
v 5.031684 112.536537 7.017994
v 4.930319 112.584511 6.994901
v 4.977780 112.525024 6.919580
v 5.054267 112.541855 6.656657
v 5.050828 112.486244 6.469661
v 5.022817 112.534561 6.518670
v 5.025849 112.630493 6.378892
v 5.789427 111.624237 5.782429
v 6.051173 111.513168 6.259214
v 6.065603 111.518379 6.268249
v 6.262159 111.632866 7.246084
v 6.444248 111.504608 6.316652
v 6.817269 112.315369 7.983170
v 7.506992 112.226471 6.648291
v 7.014531 111.825836 5.401322
v 7.103760 111.852669 5.372225
v 7.642538 112.742477 5.922189
v 7.989179 113.024315 5.282725
v 7.186920 111.973595 5.273292
v 7.009175 112.296730 5.247892
v 7.187936 112.326187 5.052025
v 7.722474 112.676979 4.858259
v 7.852810 112.875252 4.773804
v 7.967563 112.690590 5.611507
v 7.812766 112.689468 6.348147
v 7.667459 112.642143 6.326068
v 7.562933 112.586014 6.455288
v 7.638468 112.628960 6.371860
v 7.496488 112.556877 6.587623
v 7.492974 112.507736 6.896914
v 7.514447 112.522034 6.883699
v 7.609547 112.567421 6.990641
v 7.578273 112.499123 6.945848
v 7.329576 112.473846 7.313465
v 7.375004 112.473351 7.431398
v 7.336839 112.459946 7.454326
v 7.468908 112.528381 7.498293
v 7.491392 112.512764 7.516132
v 7.370613 112.482132 7.495337
v 7.470649 112.524414 7.504010
v 7.032311 112.432388 7.893531
v 7.160836 112.414879 7.764003
v 7.187478 112.423660 7.937006
v 7.262821 112.439224 7.963689
v 7.240867 112.429329 7.951485
v 6.886719 112.393806 8.060082
v 6.919771 112.370682 7.950547
v 6.704905 112.443916 8.137160
v 6.576668 112.466721 8.399226
v 6.611483 112.453354 8.473157
v 6.613570 112.449478 8.472160
v 6.613243 112.460182 8.382890
v 6.610480 112.443214 8.339386
v 7.443841 112.974976 7.880589
v 7.441806 112.973671 7.887753
v 7.551256 112.967621 7.920814
v 5.276050 110.490356 3.728588
v 4.992151 112.014198 3.962259
v 4.928253 112.453857 4.174219
v 7.544124 110.447678 3.681220
v 4.711081 113.083420 5.007110
v 4.560845 113.040916 5.177239
v 4.863321 113.206718 5.495257
v 4.588474 113.166779 5.252757
v 4.574177 113.128609 5.655363
v 4.743303 113.232155 5.648016
v 4.886785 113.215942 6.013229
v 5.650271 114.080078 6.495197
v 4.770813 113.202568 6.222875
v 4.886785 113.215942 6.013229
v 4.656549 113.160202 6.273135
v 4.514738 113.145592 6.320531
v 4.515823 113.146683 6.321919
v 4.514118 113.144188 6.318635
v 5.033225 113.228920 6.499213
v 4.996461 113.186615 6.820047
v 4.916327 113.139366 6.866862
v 5.852428 114.202667 7.153783
v 6.156865 113.656136 4.620858
v 6.053086 113.659904 4.733627
v 6.078319 113.580566 4.715600
v 6.356239 113.789116 4.898946
v 6.495794 113.690331 4.667632
v 5.565476 113.697563 7.246751
v 5.075377 113.085403 7.020450
v 6.618139 112.996407 8.386188
v 7.126342 112.919128 8.272301
v 6.870503 114.177849 6.598442
v 7.512758 113.239304 6.593991
v 7.538700 113.167671 6.850766
v 7.623701 113.126526 6.897710
v 7.784467 113.206848 6.265426
v 7.885560 113.126343 6.319196
v 7.664655 113.188957 6.071029
v 7.622601 113.322510 5.725527
v 7.701487 112.936317 5.918801
v 7.988772 113.164177 5.416676
v 7.985880 113.202652 5.628033
v 7.978617 113.135292 5.304848
v 7.631795 113.234070 5.283381
v 7.995647 113.060936 5.237844
v 7.723450 112.653633 4.443406
v 6.758298 112.738914 3.502521
v 7.565870 111.977249 3.969454
v 7.565870 111.977249 3.969454
v 7.549932 113.042496 7.406537
v 7.625782 113.017441 7.412954
v 7.600401 113.093498 7.399130
v 7.431326 113.166832 7.173375
v 7.213549 113.135635 7.591818
v 7.706787 113.206192 6.954730
v 7.095951 113.039299 7.984407
v 5.440610 113.059242 7.972851
v 5.331799 113.103127 7.548837
v 5.204173 113.057312 7.835195
v 4.781916 113.099876 6.931853
v 5.117836 112.983032 7.867040
v 5.222610 113.014091 7.867304
v 5.118878 112.984665 7.875380
v 5.439214 113.025253 8.229839
v 5.341961 112.963188 8.319347
v 5.289895 112.960587 8.371491
v 5.899598 113.008186 8.371652
v 5.719927 113.065002 8.360116
v 5.710465 112.956589 8.566278
v 5.688114 112.935501 8.624009
v 5.684406 112.937599 8.622498
v 5.846948 112.989891 8.422832
v 5.901380 113.001175 8.392023
v 6.191823 113.061584 8.434854
v 6.473738 113.019524 8.399001
v 6.286838 112.982162 8.566630
v 6.280593 112.935120 8.633075
v 6.269619 112.957642 8.635489
v 6.269615 112.918663 8.734307
v 6.814445 113.055016 8.369327
v 6.824053 112.946587 8.583342
v 6.734501 112.963913 8.484433
v 6.816542 112.937347 8.586516
v 7.156613 112.948120 8.283251
v 7.189675 112.946533 8.311398
v 7.405737 113.017792 7.870996
v 7.448143 112.997375 7.886222
v 6.248266 111.766838 7.123713
v 6.211003 111.706871 7.052315
v 6.231478 112.032776 7.059356
v 6.009350 111.531792 6.289903
v 5.836478 111.663017 5.768997
v 5.631124 111.772346 5.605396
v 5.513980 111.883995 5.380666
v 5.430766 112.026146 5.189528
v 5.059271 112.157776 5.148900
v 5.035303 112.319717 4.914002
v 5.599524 112.208405 7.490981
v 6.287526 112.147903 7.258448
v 6.275405 112.162834 7.484686
v 6.356702 111.925499 7.709247
v 5.523965 112.599609 8.189791
v 6.282081 112.412735 8.042130
v 6.319769 112.056030 7.996227
v 6.293833 112.519218 8.234951
v 6.292415 112.561600 8.377613
v 6.298081 112.761307 8.615775
v 4.910994 112.888519 6.431863
v 5.159959 112.774857 4.535106
v 5.823890 113.866150 6.702067
v 5.049475 112.029167 4.008521
v 6.637863 112.649529 4.106215
v 5.253869 110.513382 3.820135
v 7.274429 110.469322 3.865613
v 5.128387 112.669724 4.825620
v 4.904819 112.625847 4.497077
v 7.511234 111.961899 3.995898
v 7.592552 112.272743 4.897427
v 6.945535 113.733833 6.646299
v 7.719359 112.676773 4.858084
v 7.537583 112.535606 4.514431
v 7.409108 112.732002 4.883512
v 7.298041 112.164619 5.060649
v 7.160615 111.981262 5.253525
v 6.980225 111.873459 5.375012
v 6.772446 111.764420 5.536320
v 7.553368 112.275223 4.951570
v 7.645966 112.839279 6.289127
v 6.439558 111.516258 6.312493
v 6.368225 111.793205 7.189792
v 6.264945 112.103928 7.107502
v 6.265285 112.153847 7.291317
v 6.347796 112.433029 7.533721
v 6.277170 112.250351 7.829735
v 6.744024 112.754257 8.501825
v 6.296107 112.506592 8.036656
v 6.292774 112.547539 8.340388
v 6.900293 112.344353 8.049721
v 7.729104 112.568306 7.035054
v 7.729218 112.566750 7.035226
v 7.910971 112.805313 7.352551
v 7.604036 112.570885 6.986133
v 7.399739 112.465172 7.095922
v 7.386699 112.443367 7.313406
v 7.409401 112.706154 7.416689
v 7.476958 112.526329 7.462080
v 7.560040 112.580063 7.528134
v 7.543151 112.536179 7.528602
v 5.907286 112.711464 8.624886
v 5.916435 112.695328 8.611510
v 5.934899 112.700783 8.614334
v 5.906255 112.644608 8.583739
v 5.891356 112.421242 8.540956
v 6.272980 112.708580 8.715096
v 5.910480 112.423576 8.526269
v 5.930310 112.451553 8.482128
v 5.902805 112.615334 8.558855
v 6.008885 112.441856 8.299279
v 6.316486 112.464790 8.480735
v 6.089276 112.278603 8.314131
v 6.305346 112.486977 8.506158
v 6.269879 112.410400 8.441182
v 5.530994 111.545471 8.395537
v 4.517776 111.621094 7.315182
v 5.009581 112.216400 8.111817
v 4.220854 112.464836 6.515352
v 4.004626 111.950981 5.608981
v 4.113355 112.764236 5.695654
v 3.914694 112.376518 4.740172
v 4.589625 112.814674 5.611166
v 4.188602 113.107086 5.138082
v 4.088782 113.112183 4.660786
v 4.359484 113.068726 5.091993
v 4.527928 113.054237 5.064811
v 4.227179 112.976433 6.086879
v 4.715582 112.757507 5.649046
v 4.898505 112.708054 6.226076
v 4.617887 112.709579 6.348912
v 4.743899 112.717766 6.328230
v 4.759123 112.685570 6.363752
v 4.440425 112.874466 6.722975
v 4.742617 112.388931 7.581069
v 4.927699 112.583710 6.997459
v 5.073549 112.776611 6.748639
v 4.727584 112.536491 6.677787
v 5.233940 112.507729 6.809706
v 5.056007 112.660561 6.874730
v 5.005841 112.567535 6.904919
v 6.906760 112.407410 8.217322
v 6.980889 112.414932 8.334694
v 6.736052 112.358833 8.349017
v 6.764296 112.202232 8.286061
v 6.683899 112.432213 8.432375
v 6.617708 112.455475 8.535386
v 6.668325 112.716782 8.677826
v 6.611388 112.447662 8.471313
v 7.049910 112.653526 8.466088
v 6.280715 112.156021 8.645439
v 6.495508 112.722649 8.755140
v 6.938705 112.417870 8.342192
v 6.879081 112.400803 7.932097
v 4.553264 113.095833 5.106287
v 4.584119 112.752167 5.543455
v 5.047061 112.782021 4.880283
v 4.851048 112.435875 5.438487
v 4.904509 112.569679 4.874003
v 5.171556 112.179657 5.035717
v 5.323107 111.977570 5.254628
v 5.170271 112.169853 5.082289
v 4.914105 112.677704 6.057308
v 4.895380 112.740494 6.220562
v 5.459995 111.904243 5.372496
v 4.890041 112.693932 6.228499
v 4.777676 112.666512 6.248684
v 4.971486 113.086372 7.371339
v 4.911958 113.057503 7.388995
v 5.137480 113.075302 7.412294
v 5.112263 113.157684 7.164013
v 5.112852 113.168175 7.143735
v 5.112852 113.168175 7.143735
v 4.580665 113.152824 6.376738
v 4.954894 112.857430 6.738926
v 4.687858 113.274506 6.544391
v 4.445438 112.916458 6.297921
v 4.777777 113.095116 6.923287
v 4.429568 112.795616 7.017613
v 4.461978 112.763573 7.090432
v 4.112805 113.894661 4.692556
v 4.356943 113.092453 5.147159
v 4.107074 113.113762 4.649992
v 4.566820 113.041283 5.191197
v 4.570157 113.202904 5.591451
v 4.630739 112.986122 5.637866
v 4.079779 113.308037 5.759014
v 4.668615 113.317780 6.029614
v 4.269193 112.978508 6.398277
v 4.538297 113.274170 6.048357
v 4.509714 113.186981 6.214191
v 4.505245 113.139748 6.316986
v 6.308367 113.328262 4.628987
v 6.185115 113.150406 4.626729
v 6.337407 113.300491 4.706723
v 6.286337 113.117165 4.719900
v 6.055233 113.575401 4.700114
v 6.287640 113.105804 4.724092
v 6.290965 113.565697 4.598250
v 6.340661 113.690163 4.897581
v 6.276542 113.313057 4.585588
v 6.291414 113.565735 4.598013
v 6.416885 113.221649 4.599892
v 6.232667 113.292465 4.702985
v 5.115229 112.424057 7.690703
v 5.182150 112.694527 8.022827
v 5.189569 112.448196 7.873570
v 5.194314 112.454056 8.010243
v 5.205811 112.451408 7.992311
v 5.065612 112.535202 7.483098
v 4.960039 112.527420 7.524197
v 5.065972 112.517021 7.485058
v 4.942024 112.614899 7.563658
v 5.077340 112.516136 7.458508
v 4.905675 112.729149 7.934832
v 5.210987 112.449402 7.997785
v 5.197686 112.773743 8.193407
v 5.283115 112.448997 7.951921
v 5.115068 112.431801 7.125860
v 4.771110 112.796959 7.053339
v 5.615128 112.446220 8.299110
v 5.795945 112.202766 8.281116
v 5.472316 112.679199 8.367226
v 5.551023 112.416550 8.329479
v 5.795996 112.341789 8.389644
v 5.533911 112.253593 8.520359
v 5.616993 112.392006 8.192307
v 5.506628 112.552116 8.418523
v 5.536935 112.253593 7.996586
v 5.524482 112.405594 8.131928
v 5.601888 112.416466 8.186391
v 5.607765 112.356071 7.946177
v 5.778054 112.446480 8.444975
v 5.903580 112.426826 8.530279
v 5.869429 112.742233 8.640212
v 5.911733 112.423759 8.525351
v 6.257819 112.472221 8.487808
v 6.413280 112.334427 8.214479
v 6.596727 112.473320 8.447078
vn -0.9862 -0.0438 0.1599
vn -0.9240 0.0774 0.3745
vn -0.9819 0.0476 0.1831
vn -0.9983 0.0230 0.0542
vn 0.7823 0.0488 0.6210
vn 0.8724 -0.0276 0.4879
vn 0.7653 0.1089 0.6344
vn -0.2972 0.3040 0.9051
vn -0.4080 0.2311 0.8832
vn -0.2697 0.3701 0.8890
vn 0.2873 0.1607 0.9443
vn 0.5182 0.1455 0.8428
vn 0.4429 0.2081 0.8721
vn 0.5448 0.4752 0.6910
vn 0.4099 0.6655 0.6238
vn 0.3284 0.8818 0.3384
vn 0.9226 0.3224 0.2120
vn -0.6280 0.0518 0.7765
vn -0.5344 0.1666 0.8287
vn -0.7721 0.4461 0.4527
vn -0.9062 -0.2521 0.3395
vn -0.9632 -0.2000 0.1794
vn -0.9310 -0.1542 0.3309
vn -0.1797 0.5990 0.7803
vn 0.1364 0.3627 0.9219
vn -0.0972 0.5138 0.8524
vn -0.2229 0.7776 0.5879
vn -0.2741 0.5188 0.8098
vn -0.5682 0.8229 0.0053
vn -0.4241 0.8725 -0.2428
vn -0.4125 0.9109 -0.0103
vn 0.9400 -0.1268 0.3166
vn 0.8194 -0.0834 0.5671
vn 0.9394 0.0040 0.3428
vn 0.2263 0.6078 0.7611
vn 0.0072 0.5157 0.8567
vn -0.5404 0.3933 0.7438
vn -0.7450 0.1847 0.6410
vn -0.7609 0.1469 0.6320
vn 0.3340 0.1944 0.9223
vn 0.2715 0.1859 0.9443
vn 0.2833 0.1426 0.9484
vn 0.9261 -0.3195 0.2005
vn 0.9391 -0.3104 0.1472
vn 0.9751 -0.1800 0.1295
vn 0.9299 0.0567 0.3635
vn -0.3937 0.9124 -0.1123
vn -0.4436 0.8750 -0.1940
vn 0.8255 -0.2707 0.4953
vn 0.9510 -0.1275 0.2818
vn 0.9883 -0.0198 0.1511
vn 0.9551 0.2956 -0.0177
vn 0.7510 0.5928 -0.2909
vn 0.9573 -0.0464 0.2854
vn 0.9592 0.0476 0.2787
vn 0.4497 -0.0804 0.8896
vn 0.7053 0.0026 0.7089
vn 0.5846 0.6157 -0.5284
vn 0.3646 0.2702 0.8911
vn 0.3264 0.3386 0.8825
vn 0.7854 -0.0743 0.6145
vn 0.7297 -0.1838 0.6586
vn 0.7278 -0.2492 0.6390
vn 0.4647 -0.0359 0.8847
vn 0.3492 0.2768 0.8952
vn 0.8255 -0.4803 0.2964
vn 0.5067 -0.3199 0.8006
vn 0.3447 -0.1069 0.9326
vn -0.4811 0.8743 -0.0650
vn 0.3491 0.9332 -0.0851
vn 0.2259 0.9642 -0.1391
vn 0.4838 0.8727 -0.0659
vn 0.3073 0.5615 0.7683
vn 0.3197 0.7914 0.5210
vn 0.3036 0.6930 0.6539
vn -0.6027 -0.1469 0.7843
vn 0.1294 -0.1245 0.9837
vn -0.1750 -0.1510 0.9729
vn -0.0710 -0.2172 0.9735
vn 0.1494 0.1128 0.9823
vn -0.4367 0.7523 0.4932
vn -0.2985 0.7923 0.5321
vn 0.4609 0.0189 0.8873
vn 0.3061 0.0505 0.9507
vn 0.1210 0.1127 0.9862
vn 0.1802 0.9503 0.2540
vn -0.9936 -0.0925 0.0646
vn 0.9063 -0.2500 0.3407
vn -0.5936 0.5952 0.5417
vn -0.0297 0.1777 0.9836
vn 0.2398 0.2608 0.9351
vn 0.6738 0.0122 0.7388
vn 0.5726 -0.1450 0.8069
vn 0.6957 -0.1076 0.7103
vn -0.8319 0.0481 0.5529
vn -0.5806 0.2724 0.7673
vn 0.4881 -0.0515 0.8713
vn -0.5197 -0.4927 0.6979
vn -0.3153 -0.2213 0.9228
vn -0.5849 -0.7144 0.3841
vn -0.8088 -0.3934 0.4371
vn 0.8025 0.2405 0.5461
vn 0.6929 0.5790 0.4296
vn 0.2394 -0.5003 0.8321
vn 0.2541 -0.7983 0.5460
vn 0.6380 -0.7550 0.1515
vn 0.3684 0.1008 0.9242
vn 0.7672 0.1633 0.6203
vn -0.6619 0.0569 0.7474
vn -0.6358 0.1628 0.7545
vn -0.7013 0.1413 0.6987
vn -0.7731 0.0173 0.6341
vn -0.9870 -0.1242 0.1023
vn 0.7095 0.1843 0.6802
vn -0.6506 0.1995 0.7327
vn -0.3573 0.9235 -0.1394
vn -0.8283 0.0699 0.5559
vn -0.3870 0.1034 0.9163
vn -0.7439 -0.1675 0.6470
vn -0.4641 0.1542 0.8722
vn 0.1472 0.0446 0.9881
vn 0.2423 0.1801 0.9533
vn 0.1706 0.1610 0.9721
vn 0.1837 0.1418 0.9727
vn -0.1767 -0.1628 0.9707
vn 0.0252 0.0305 0.9992
vn -0.1190 -0.2117 0.9701
vn -0.2573 0.7343 0.6282
vn -0.4397 -0.0940 0.8932
vn -0.4255 0.3974 0.8130
vn -0.2549 0.7528 0.6069
vn -0.2742 0.0919 0.9573
vn -0.1188 0.0112 0.9929
vn -0.4742 -0.0610 0.8783
vn -0.7409 -0.0726 0.6677
vn -0.6487 0.0757 0.7573
vn -0.1195 0.3441 0.9313
vn -0.4121 -0.7643 0.4961
vn -0.9751 0.2156 0.0524
vn -0.9768 -0.1924 0.0936
vn -0.9806 0.1204 0.1545
vn -0.3578 0.5092 -0.7827
vn -0.2638 0.1062 -0.9587
vn -0.1865 0.2470 -0.9509
vn 0.9731 0.1833 0.1399
vn 0.9755 0.2033 0.0842
vn 0.9899 -0.0847 -0.1141
vn 0.3245 0.1341 -0.9363
vn 0.1322 0.1246 -0.9834
vn 0.2209 0.1624 -0.9617
vn 0.6354 0.4573 -0.6222
vn 0.5574 0.5714 -0.6024
vn 0.5220 0.4272 -0.7382
vn 0.8239 -0.5109 -0.2455
vn 0.9574 -0.2058 -0.2027
vn 0.9396 -0.3373 0.0582
vn 0.6093 -0.5986 -0.5201
vn 0.8026 -0.2051 -0.5602
vn 0.8060 0.3816 -0.4525
vn 0.9414 -0.0250 -0.3363
vn 0.9617 -0.1959 -0.1920
vn 0.9412 -0.2480 -0.2295
vn 0.7295 -0.4621 -0.5043
vn 0.7199 -0.3625 -0.5919
vn 0.8066 -0.3346 -0.4873
vn -0.1218 0.7297 -0.6729
vn -0.2694 0.6976 -0.6639
vn -0.2458 0.7205 -0.6484
vn 0.4941 0.5522 -0.6716
vn 0.5438 0.4427 -0.7130
vn 0.6503 0.4352 -0.6227
vn -0.0223 0.4787 -0.8777
vn -0.1940 -0.0077 -0.9810
vn -0.4223 -0.1565 -0.8928
vn -0.2901 0.1563 -0.9442
vn 0.9851 -0.1705 -0.0245
vn 0.8928 -0.3616 -0.2687
vn 0.6929 -0.3702 -0.6187
vn 0.2568 -0.3556 -0.8986
vn 0.2074 0.0107 -0.9782
vn 0.2688 0.3716 -0.8887
vn 0.0771 0.3825 -0.9207
vn 0.2422 0.6233 -0.7435
vn 0.4158 0.5937 -0.6890
vn 0.4559 0.7678 -0.4502
vn 0.4150 0.9098 0.0093
vn 0.3636 0.3506 -0.8631
vn 0.3494 0.7041 -0.6182
vn 0.9419 -0.2919 0.1662
vn 0.4573 0.7818 -0.4239
vn 0.6284 0.7156 -0.3050
vn 0.6123 0.6585 -0.4375
vn -0.5294 0.7605 -0.3761
vn -0.3468 0.7084 -0.6148
vn -0.3093 0.5055 -0.8055
vn -0.8090 0.1971 -0.5537
vn -0.7721 0.3894 -0.5022
vn -0.8636 0.2043 -0.4610
vn -0.9008 0.2267 -0.3703
vn -0.8940 -0.0421 -0.4462
vn -0.9442 -0.0123 -0.3290
vn 0.2968 -0.9479 -0.1157
vn 0.0767 -0.9355 -0.3449
vn 0.4371 -0.8465 -0.3038
vn 0.4322 -0.7996 -0.4169
vn 0.5554 -0.7397 -0.3800
vn -0.2311 0.5353 -0.8124
vn -0.1789 0.6938 -0.6976
vn -0.0142 0.5358 -0.8443
vn 0.0076 0.4768 -0.8790
vn -0.1395 0.4344 -0.8898
vn 0.8319 0.0194 -0.5547
vn 0.8983 -0.1274 -0.4205
vn -0.2373 0.6320 -0.7377
vn -0.3973 0.8574 -0.3270
vn -0.2004 -0.3354 -0.9205
vn -0.9514 -0.2697 0.1488
vn -0.7948 -0.5579 -0.2389
vn -0.9884 0.0568 0.1407
vn 0.8130 0.2973 -0.5007
vn -0.1891 0.5587 -0.8075
vn -0.1774 0.5584 -0.8104
vn 0.6736 0.2802 -0.6839
vn 0.9976 -0.0604 0.0335
vn -0.0943 0.4769 -0.8739
vn 0.2361 0.4137 -0.8793
vn -0.9955 0.0936 0.0173
vn -0.9888 -0.1121 0.0981
vn 0.3307 0.0459 -0.9426
vn 0.0418 -0.0971 -0.9944
vn -0.1785 -0.1329 -0.9749
vn -0.4078 -0.8532 -0.3253
vn -0.3698 -0.8327 -0.4121
vn -0.3743 -0.8670 -0.3290
vn -0.5844 0.7712 -0.2524
vn -0.4688 0.7278 -0.5005
vn -0.6064 0.7357 -0.3017
vn 0.0570 0.4811 -0.8748
vn -0.3539 0.7155 -0.6024
vn 0.9819 -0.1815 -0.0542
vn 0.8978 -0.1747 -0.4042
vn 0.3847 -0.5398 -0.7487
vn 0.5599 -0.6047 -0.5664
vn 0.4645 -0.5787 -0.6703
vn 0.2359 0.9034 -0.3582
vn 0.2644 0.8943 -0.3611
vn 0.0635 0.8516 -0.5203
vn 0.0654 0.5515 -0.8316
vn 0.8785 0.0292 0.4769
vn 0.8468 -0.2352 0.4771
vn 0.8740 -0.3208 0.3650
vn -0.1545 0.4642 -0.8722
vn 0.6658 -0.6014 -0.4416
vn 0.1429 0.4664 -0.8729
vn -0.0371 0.5363 -0.8432
vn 0.3195 0.4382 -0.8402
vn 0.5430 0.3919 -0.7427
vn 0.2814 -0.2555 -0.9250
vn 0.2667 -0.2416 -0.9330
vn 0.3795 -0.1924 -0.9050
vn -0.9775 0.0373 0.2075
vn 0.8561 -0.4234 -0.2964
vn 0.8240 -0.5527 0.1244
vn 0.3717 -0.0921 -0.9238
vn 0.3767 -0.2886 -0.8802
vn 0.6802 -0.4406 -0.5858
vn -0.4967 -0.0794 -0.8643
vn -0.7159 -0.3883 -0.5802
vn -0.5889 -0.4047 -0.6996
vn -0.1313 0.2398 -0.9619
vn -0.9421 -0.2111 0.2607
vn -0.5634 -0.3621 -0.7426
vn -0.5059 -0.3010 -0.8084
vn 0.6648 0.4683 -0.5820
vn 0.9908 -0.1116 0.0765
vn 0.9339 -0.1505 0.3243
vn 0.9803 -0.1807 0.0796
vn 0.9357 -0.3250 -0.1372
vn 0.7805 0.5844 -0.2221
vn 0.8769 0.4667 -0.1149
vn 0.9517 0.2919 -0.0955
vn 0.7947 0.0764 -0.6022
vn -0.9545 0.0519 -0.2938
vn -0.9432 0.2539 -0.2143
vn 0.0187 0.4862 -0.8737
vn 0.0713 0.5627 -0.8236
vn 0.0692 0.4758 -0.8768
vn 0.3951 -0.5631 -0.7258
vn 0.5446 -0.4622 -0.6999
vn 0.3618 -0.6641 -0.6543
vn 0.2168 -0.5977 -0.7718
vn -0.8384 -0.4096 -0.3597
vn -0.9584 -0.2832 -0.0359
vn -0.9029 -0.4214 -0.0855
vn -0.8899 -0.4290 -0.1551
vn -0.2198 -0.2489 -0.9433
vn -0.0000 -0.0816 -0.9967
vn 0.9022 0.4307 0.0219
vn 0.0082 0.1318 -0.9912
vn -0.0059 0.2369 -0.9715
vn 0.1108 0.1142 -0.9873
vn 0.0233 0.0603 -0.9979
vn -0.8483 -0.4709 -0.2421
vn -0.7768 -0.5698 -0.2682
vn -0.8686 -0.4817 -0.1161
vn 0.0211 -0.3222 -0.9464
vn -0.0552 -0.3374 -0.9398
vn -0.0091 -0.3340 -0.9425
vn -0.1750 -0.2479 -0.9528
vn 0.5899 -0.3365 -0.7340
vn -0.4394 0.2618 -0.8593
vn -0.4168 0.2193 -0.8821
vn -0.3895 0.3974 -0.8309
vn -0.3961 0.4232 -0.8149
vn 0.0536 -0.3319 -0.9418
vn -0.1930 0.1728 -0.9659
vn -0.2716 0.1632 -0.9485
vn -0.1071 0.2602 -0.9596
vn -0.9914 -0.1061 -0.0768
vn 0.0537 -0.2379 -0.9698
vn 0.5870 -0.8047 -0.0889
vn 0.6618 -0.7395 0.1229
vn 0.5664 -0.8212 0.0692
vn -0.1382 0.7691 -0.6241
vn -0.3457 0.4262 -0.8360
vn -0.3076 0.6235 -0.7188
vn -0.4194 0.7965 -0.4356
vn 0.0415 -0.1722 -0.9842
vn 0.4503 0.3409 -0.8252
vn 0.4059 -0.3757 -0.8331
vn 0.5894 -0.4663 -0.6597
vn 0.9996 -0.0230 -0.0154
vn 0.6956 -0.6716 0.2550
vn 0.9378 0.2566 -0.2340
vn 0.5017 0.0565 -0.8632
vn 0.5690 0.0587 -0.8202
vn 0.5056 -0.0117 -0.8627
vn 0.0345 0.4986 -0.8662
vn 0.0469 -0.3643 -0.9301
vn 0.3633 -0.8764 -0.3162
vn 0.3167 -0.8940 -0.3170
vn 0.3599 -0.8759 -0.3215
vn -0.5574 -0.2986 -0.7747
vn -0.4530 0.3631 -0.8142
vn -0.4539 0.3984 -0.7970
vn -0.5058 0.0806 -0.8589
vn -0.6420 -0.2431 -0.7272
vn -0.7191 -0.2382 -0.6528
vn -0.7272 -0.1728 -0.6643
vn 0.5377 0.0911 -0.8382
vn -0.2995 -0.2111 -0.9305
vn -0.3005 -0.5657 -0.7679
vn -0.2778 -0.5664 -0.7759
vn -0.2792 -0.5760 -0.7683
vn -0.2145 0.0552 0.9752
vn -0.1893 0.0267 0.9816
vn -0.5328 -0.1915 0.8243
vn 0.0479 -0.0716 0.9963
vn -0.0619 -0.1291 0.9897
vn 0.0338 -0.0996 0.9945
vn 0.0404 -0.0664 0.9970
vn -0.9420 0.3217 -0.0960
vn -0.8984 0.3018 0.3192
vn -0.8972 0.2049 0.3913
vn -0.8169 0.0140 0.5766
vn -0.4881 0.1809 0.8538
vn -0.8031 0.1572 0.5748
vn -0.7857 0.1468 0.6010
vn -0.6680 0.2036 0.7158
vn 0.1630 0.2338 0.9585
vn -0.0314 0.2426 0.9696
vn -0.1013 0.2441 0.9644
vn -0.5984 -0.1880 0.7788
vn -0.7672 -0.1792 0.6159
vn -0.9799 -0.0629 0.1893
vn -0.8634 0.2063 0.4604
vn -0.8971 -0.1318 0.4217
vn -0.6335 0.1175 0.7648
vn 0.1217 0.1291 0.9841
vn -0.0182 0.1231 0.9922
vn -0.1927 0.2341 0.9529
vn 0.2530 0.4395 0.8619
vn -0.4573 0.3335 0.8244
vn -0.1605 0.4080 0.8987
vn 0.0482 0.0504 0.9976
vn -0.1180 -0.0780 0.9899
vn -0.1170 -0.0621 0.9912
vn -0.2652 0.0200 0.9640
vn 0.4168 0.1340 0.8991
vn -0.9997 0.0098 0.0242
vn -0.9952 -0.0149 -0.0967
vn -0.9728 -0.0940 -0.2118
vn -0.8548 -0.1934 0.4816
vn -0.7628 0.2270 0.6055
vn -0.4477 -0.3813 0.8088
vn -0.4428 -0.4238 0.7901
vn -0.8227 -0.3795 0.4233
vn -0.7867 -0.3797 0.4868
vn -0.7889 -0.6081 0.0883
vn -0.9791 -0.0170 -0.2029
vn -0.9815 -0.0194 0.1904
vn -0.7895 -0.0464 0.6119
vn -0.9268 -0.0262 0.3745
vn -0.6924 -0.0534 0.7195
vn -0.4312 0.2394 0.8699
vn -0.9049 0.0647 0.4206
vn -0.5122 0.1986 0.8356
vn -0.6541 0.2502 0.7138
vn 0.5392 0.1959 0.8191
vn 0.7151 -0.4435 0.5403
vn 0.4710 -0.6935 0.5452
vn 0.6905 -0.5393 0.4821
vn -0.7371 -0.2326 0.6345
vn -0.7086 0.0739 0.7018
vn -0.4148 0.3546 0.8380
vn -0.3050 0.3345 0.8917
vn -0.9734 0.1248 0.1921
vn -0.2078 0.0573 0.9765
vn -0.3506 0.0911 0.9321
vn -0.2383 0.4039 0.8832
vn -0.4652 -0.1404 0.8740
vn -0.9856 -0.0173 -0.1683
vn -0.4865 0.1131 0.8663
vn -0.9881 0.0692 -0.1377
vn -0.9293 -0.1537 -0.3358
vn -0.8311 -0.1568 -0.5335
vn -0.8438 0.2328 0.4834
vn -0.6529 -0.1218 0.7476
vn -0.9348 -0.0064 0.3552
vn 0.5856 0.0970 0.8048
vn 0.5823 0.3012 0.7551
vn 0.3637 0.2991 0.8822
vn -0.8274 -0.5336 0.1753
vn -0.0249 -0.0285 0.9993
vn -0.6239 -0.1013 -0.7749
vn -0.7551 -0.1134 -0.6458
vn -0.5618 -0.1158 -0.8191
vn -0.9431 -0.0456 0.3293
vn 0.0562 -0.1036 0.9930
vn -0.8293 -0.0683 0.5546
vn -0.9184 -0.0516 -0.3924
vn -0.5458 -0.1096 0.8307
vn -0.2834 -0.1197 0.9515
vn -0.6563 0.1962 0.7285
vn -0.5952 -0.2434 -0.7658
vn 0.0656 -0.0540 0.9964
vn 0.0711 0.0111 0.9974
vn -0.5509 0.1412 0.8226
vn -0.8891 0.1570 0.4300
vn -0.7845 0.1894 0.5905
vn -0.6528 -0.2016 0.7302
vn -0.6216 -0.2374 0.7465
vn -0.6414 -0.1795 0.7459
vn -0.9954 -0.0956 -0.0080
vn -0.9477 -0.0765 -0.3100
vn -0.9866 -0.0035 0.1633
vn -0.9768 0.0648 0.2042
vn -0.8103 -0.2611 -0.5247
vn -0.9830 -0.0942 0.1575
vn -0.9684 -0.1120 0.2231
vn -0.9633 -0.1804 0.1990
vn -0.9847 -0.0196 0.1734
vn -0.7284 -0.0144 0.6850
vn -0.9857 -0.0575 0.1586
vn -0.7130 -0.2079 0.6696
vn -0.5485 -0.0489 0.8347
vn -0.5784 -0.0239 0.8154
vn -0.5540 -0.0606 0.8303
vn -0.9935 -0.1090 0.0326
vn 0.9185 0.1216 0.3762
vn 0.8044 -0.0204 0.5937
vn 0.9211 0.0373 0.3875
vn 0.9672 0.0918 -0.2370
vn 0.9549 0.2128 -0.2071
vn 0.9062 0.3358 -0.2571
vn 0.7240 0.2228 0.6528
vn 0.9684 0.0563 0.2431
vn 0.7963 0.1366 0.5892
vn 0.9648 -0.0053 0.2630
vn 0.8938 0.0929 0.4386
vn 0.9968 0.0784 0.0183
vn 0.9930 0.0103 0.1176
vn 0.5226 -0.0353 0.8518
vn 0.5101 -0.0174 0.8599
vn 0.6180 0.0027 0.7862
vn 0.0632 0.0498 0.9968
vn 0.0295 0.0377 0.9989
vn 0.1104 0.1195 0.9867
vn 0.4905 0.1256 0.8623
vn 0.5728 0.0494 0.8182
vn 0.6481 0.0025 0.7615
vn 0.8945 0.1104 0.4333
vn 0.8848 0.0416 0.4642
vn 0.9049 0.1081 0.4117
vn 0.0072 -0.0428 0.9991
vn 0.0284 -0.0650 0.9975
vn -0.0233 -0.0752 0.9969
vn 0.6419 0.2855 0.7116
vn 0.7064 0.3855 0.5936
vn 0.6404 0.2315 0.7323
vn 0.0754 0.0973 0.9924
vn 0.1059 -0.3557 0.9286
vn -0.2228 -0.0746 0.9720
vn 0.6558 -0.3343 0.6769
vn 0.8560 0.5100 0.0848
vn 0.4493 0.3196 0.8343
vn 0.8152 0.2097 0.5399
vn 0.7492 0.4322 -0.5018
vn 0.6099 0.3848 0.6928
vn 0.9751 0.2142 -0.0580
vn 0.9807 0.1607 -0.1115
vn 0.9606 0.1498 -0.2342
vn 0.8629 -0.0737 -0.5000
vn 0.8868 -0.1191 -0.4466
vn 0.8737 -0.0901 -0.4781
vn 0.9483 0.1609 -0.2734
vn 0.7277 0.4310 0.5336
vn 0.8296 0.1570 0.5359
vn 0.8593 0.1458 0.4903
vn 0.7164 0.1272 0.6860
vn 0.5723 0.1052 0.8132
vn 0.9970 -0.0217 0.0748
vn 0.9955 -0.0237 0.0917
vn 0.9906 -0.0534 0.1257
vn 0.7219 0.1490 0.6758
vn 0.5054 0.0876 0.8584
vn 0.6665 -0.0846 0.7407
vn 0.9983 -0.0065 0.0574
vn 0.9994 0.0246 0.0224
vn 0.0198 0.0343 0.9992
vn 0.2838 0.1112 0.9524
vn 0.3761 0.0918 0.9220
vn 0.1825 -0.0785 0.9801
vn 0.9777 0.1257 -0.1684
vn 0.3380 0.0235 0.9408
vn 0.0887 -0.0543 0.9946
vn 0.5028 -0.3166 0.8044
vn 0.3831 -0.3084 0.8707
vn 0.3027 -0.2780 0.9116
vn -0.0577 -0.1477 0.9873
vn 0.9729 -0.1328 0.1894
vn 0.7298 -0.6138 0.3013
vn 0.9674 -0.2299 0.1060
vn 0.1524 0.2658 0.9519
vn 0.9901 -0.0200 0.1387
vn 0.7157 -0.1246 0.6872
vn 0.7468 -0.1620 0.6451
vn 0.7436 -0.0783 0.6641
vn 0.3503 0.2864 0.8918
vn 0.7464 0.6365 0.1942
vn 0.6012 0.7549 0.2620
vn 0.6917 0.6550 0.3041
vn 0.9880 -0.0129 0.1540
vn 0.8560 -0.0533 -0.5143
vn 0.8514 -0.0647 -0.5205
vn 0.9363 -0.0138 0.3510
vn 0.9908 -0.0508 0.1258
vn 0.9816 0.0257 0.1893
vn 0.1826 0.5014 0.8457
vn -0.0390 0.5556 0.8305
vn 0.2522 0.5046 0.8257
vn -0.2924 -0.0838 0.9526
vn -0.3019 0.3577 0.8837
vn -0.5321 0.1582 0.8318
vn 0.9588 0.0887 0.2701
vn 0.9481 -0.0031 0.3180
vn 0.9855 -0.0100 0.1693
vn 0.1143 0.5175 0.8480
vn 0.2077 0.5201 0.8284
vn -0.0570 0.9088 0.4133
vn 0.9036 0.3130 -0.2924
vn 0.7656 0.5753 0.2879
vn -0.0292 0.3540 0.9348
vn 0.9624 0.1757 0.2071
vn 0.9173 0.1440 0.3713
vn 0.2169 0.0873 0.9723
vn 0.3782 0.2235 0.8983
vn 0.7344 -0.0001 -0.6788
vn 0.7856 -0.2404 -0.5701
vn 0.9418 0.0193 -0.3357
vn 0.8182 -0.1776 -0.5469
vn 0.8905 0.1055 -0.4426
vn 0.0885 -0.0513 0.9948
vn -0.0784 -0.0460 0.9959
vn 0.1924 -0.1165 0.9744
vn -0.1696 -0.0663 0.9833
vn -0.0938 -0.0071 0.9956
vn -0.4533 0.4246 0.7837
vn -0.3198 -0.0041 0.9475
vn 0.7471 0.1944 0.6356
vn 0.5624 0.1515 0.8128
vn 0.0143 -0.0625 0.9979
vn 0.1714 -0.0310 0.9847
vn 0.8556 -0.0761 -0.5120
vn 0.9579 -0.0482 0.2829
vn 0.2491 0.3326 0.9096
vn 0.7959 0.0140 -0.6052
vn 0.5403 0.2940 0.7884
vn 0.5066 0.1165 0.8543
vn -0.4642 0.3967 0.7919
vn 0.8491 -0.1198 -0.5144
vn 0.8377 -0.1143 -0.5341
vn 0.9395 -0.0193 0.3421
vn 0.9417 -0.1263 0.3118
vn 0.8505 -0.0503 0.5235
vn 0.1487 -0.0063 0.9889
vn 0.9250 -0.0566 0.3757
vn 0.4146 -0.0726 0.9071
vn 0.0986 -0.0418 0.9943
vn 0.3733 -0.0297 0.9272
vn 0.8766 -0.0449 0.4791
vn 0.2120 -0.2182 0.9526
vn -0.6682 0.1827 0.7212
vn -0.6884 0.1997 0.6973
vn -0.4852 0.1531 0.8609
vn 0.4279 -0.4171 0.8018
vn 0.7005 -0.2609 0.6642
vn 0.5707 -0.2566 0.7801
vn -0.1024 0.4753 -0.8738
vn 0.4495 0.1493 -0.8807
vn -0.3081 0.2676 -0.9129
vn 0.5591 0.0173 -0.8289
vn 0.4617 0.3231 -0.8261
vn 0.5600 0.1062 -0.8216
vn 0.6259 0.1234 -0.7701
vn 0.8768 0.1038 -0.4695
vn 0.9668 0.1726 -0.1882
vn 0.6192 0.1011 -0.7787
vn 0.3362 -0.8155 -0.4711
vn 0.4024 -0.8212 -0.4045
vn 0.4657 -0.7426 -0.4813
vn -0.6417 0.1140 0.7584
vn -0.2272 0.1676 0.9593
vn 0.9827 0.1829 -0.0295
vn 0.9964 0.0247 -0.0812
vn 0.9527 0.2974 0.0625
vn 0.4664 0.3347 -0.8188
vn 0.4966 0.4105 -0.7648
vn -0.3694 -0.6002 0.7095
vn -0.2258 -0.7632 0.6054
vn -0.1892 -0.6451 0.7403
vn -0.2607 0.6555 -0.7088
vn -0.2176 0.6804 -0.6998
vn -0.1950 0.6514 -0.7332
vn 0.3225 0.8873 0.3297
vn 0.2860 0.7712 0.5687
vn 0.3943 0.8830 0.2547
vn 0.1761 -0.2653 -0.9479
vn 0.4139 -0.3698 -0.8318
vn 0.2006 -0.3164 -0.9272
vn 0.4985 0.2701 -0.8237
vn 0.0143 -0.2906 -0.9567
vn -0.2170 -0.3548 0.9094
vn -0.4103 -0.1580 0.8982
vn -0.2860 -0.2879 0.9140
vn 0.3567 0.1988 -0.9128
vn 0.4916 0.0753 -0.8676
vn -0.4258 -0.0031 0.9048
vn 0.9190 0.0395 -0.3924
vn -0.1299 0.2482 -0.9600
vn 0.5773 0.2329 -0.7826
vn 0.7530 0.0104 -0.6579
vn 0.3591 0.1679 -0.9181
vn -0.1767 0.6337 0.7531
vn -0.2386 0.7140 0.6582
vn -0.2158 0.7259 0.6530
vn 0.0220 0.4133 0.9103
vn 0.1074 0.3907 0.9142
vn 0.0553 0.3583 0.9320
vn -0.0607 -0.1406 -0.9882
vn 0.4584 -0.3579 -0.8135
vn 0.0726 -0.6637 -0.7445
vn -0.0525 -0.6205 -0.7825
vn 0.4412 0.8197 -0.3653
vn -0.1582 0.9155 -0.3700
vn -0.1638 0.9534 -0.2534
vn 0.5136 0.1625 -0.8425
vn 0.6921 0.1243 -0.7110
vn 0.0179 0.3371 0.9413
vn -0.0297 -0.2792 0.9598
vn -0.3688 -0.6924 0.6201
vn 0.6805 0.3101 0.6639
vn 0.6159 0.6763 0.4041
vn 0.7310 -0.3558 0.5823
vn -0.2873 -0.1159 0.9508
vn -0.1392 -0.0441 0.9893
vn -0.2577 0.2373 0.9366
vn -0.3604 -0.1550 -0.9198
vn -0.0897 -0.0723 -0.9933
vn -0.0405 0.2576 -0.9654
vn 0.1157 0.1525 -0.9815
vn 0.2780 0.2355 -0.9312
vn 0.0003 0.1848 -0.9828
vn 0.0405 0.3425 -0.9386
vn 0.5904 0.1626 -0.7905
vn 0.3137 0.8543 -0.4144
vn 0.4300 -0.1469 -0.8908
vn 0.3195 -0.4838 -0.8148
vn 0.8760 -0.2405 -0.4182
vn 0.9532 -0.1064 -0.2829
vn 0.9014 -0.2636 -0.3434
vn -0.1808 0.4776 -0.8598
vn 0.0324 0.0741 -0.9967
vn -0.5224 0.4879 -0.6994
vn -0.5343 0.2001 -0.8213
vn 0.9748 -0.0852 -0.2060
vn 0.9228 -0.1293 -0.3630
vn 0.9160 0.0031 -0.4012
vn 0.9815 0.1159 -0.1522
vn 0.8042 -0.4405 0.3991
vn -0.0379 -0.0486 -0.9981
vn 0.3610 -0.0492 -0.9313
vn -0.0738 -0.0586 -0.9956
vn -0.2612 -0.2339 -0.9365
vn -0.4153 -0.3589 -0.8359
vn -0.2723 -0.2071 -0.9396
vn 0.9946 0.0487 -0.0921
vn 0.9808 -0.0218 -0.1938
vn 0.9992 -0.0335 -0.0210
vn 0.5545 0.0259 -0.8318
vn 0.6051 0.0857 -0.7915
vn 0.7690 0.1063 -0.6303
vn 0.9854 -0.0035 0.1704
vn 0.9296 0.2973 -0.2180
vn 0.9817 0.0035 0.1902
vn 0.6223 -0.7187 -0.3101
vn 0.7914 -0.5636 -0.2367
vn 0.6262 -0.7339 -0.2632
vn -0.0914 -0.0295 -0.9954
vn -0.1201 -0.2095 -0.9704
vn 0.6501 0.2680 -0.7110
vn 0.9332 -0.3473 -0.0924
vn 0.8849 0.0466 -0.4634
vn -0.1134 -0.0014 -0.9935
vn 0.5529 0.0447 -0.8321
vn 0.3804 0.2801 -0.8814
vn 0.3077 0.2801 -0.9093
vn 0.3943 0.3333 -0.8564
vn 0.4160 0.4286 -0.8020
vn 0.7753 0.1009 -0.6235
vn 0.7647 0.1964 -0.6137
vn 0.7938 0.2584 -0.5506
vn 0.0826 -0.2489 0.9650
vn 0.1580 -0.1653 0.9735
vn 0.1129 -0.1479 0.9825
vn 0.7548 0.2234 0.6167
vn 0.7215 0.2113 0.6594
vn 0.9109 0.3465 0.2239
vn 0.8137 0.0506 -0.5791
vn 0.9157 -0.1202 -0.3835
vn 0.8156 -0.0165 -0.5784
vn 0.6128 0.5032 -0.6093
vn 0.6850 0.4554 -0.5687
vn 0.6820 0.4320 -0.5901
vn 0.3692 -0.1312 -0.9200
vn -0.0688 0.1190 -0.9905
vn 0.0407 0.0140 -0.9991
vn 0.9901 -0.0487 -0.1314
vn 0.9723 0.0716 0.2225
vn 0.9829 -0.1319 0.1283
vn 0.5212 -0.6117 0.5951
vn 0.5153 -0.4733 0.7145
vn 0.5000 -0.4985 0.7082
vn 0.5912 0.1928 0.7832
vn 0.8521 0.3859 0.3536
vn 0.8651 0.3487 0.3606
vn 0.8499 0.4135 0.3266
vn 0.8044 0.4739 -0.3584
vn 0.8522 0.4242 -0.3063
vn 0.9568 0.2637 -0.1226
vn 0.8860 0.2746 -0.3737
vn 0.8052 0.0617 -0.5898
vn 0.2108 0.5480 -0.8095
vn 0.2735 -0.7804 0.5623
vn 0.4719 -0.6925 0.5457
vn 0.2225 -0.7349 0.6406
vn -0.2453 -0.0668 0.9671
vn -0.3291 -0.4102 0.8505
vn -0.0895 -0.5917 0.8012
vn 0.9469 0.0959 0.3068
vn 0.9520 0.0863 0.2936
vn 0.9870 0.0231 0.1589
vn 0.2118 -0.2509 0.9446
vn 0.1317 -0.2854 0.9493
vn 0.1365 -0.3161 0.9388
vn 0.4623 0.1485 -0.8742
vn -0.3206 -0.1990 0.9261
vn 0.9505 -0.1955 -0.2416
vn 0.6263 -0.0877 0.7747
vn 0.6394 0.0831 0.7643
vn 0.6245 -0.0445 0.7798
vn -0.3835 -0.5601 0.7343
vn -0.3183 -0.6203 0.7169
vn -0.3262 -0.5666 0.7567
vn 0.0478 -0.9239 0.3796
vn -0.1888 -0.7247 0.6627
vn -0.0001 -0.9390 0.3439
vn 0.3746 0.1012 -0.9217
vn 0.9968 0.0415 -0.0686
vn 0.2068 0.0414 -0.9775
vn 0.9348 0.3549 0.0129
vn 0.8091 0.2374 -0.5376
vn 0.3640 0.2654 -0.8928
vn 0.0015 0.4178 -0.9085
vn 0.0590 0.4497 -0.8912
vn 0.9875 -0.1257 -0.0952
vn 0.9927 -0.1150 0.0359
vn 0.9892 -0.1399 -0.0427
vn -0.4180 -0.8771 0.2365
vn -0.5612 -0.8031 0.2002
vn -0.4037 -0.9054 0.1311
vn -0.1998 0.1646 0.9659
vn 0.5165 -0.0069 -0.8563
vn 0.9763 -0.2004 -0.0821
vn -0.1830 -0.6283 0.7562
vn 0.8391 0.1109 0.5325
vn 0.9532 0.2793 -0.1159
vn 0.9531 0.1428 0.2668
vn 0.8909 -0.0436 0.4521
vn 0.9740 -0.1356 0.1815
vn 0.4753 -0.1880 0.8595
vn 0.5352 -0.1765 0.8261
vn 0.8682 -0.0298 0.4954
vn 0.8230 -0.0572 0.5651
vn 0.8220 -0.1520 0.5488
vn 0.4903 -0.2380 0.8384
vn 0.8305 0.1944 0.5221
vn 0.5954 0.2131 -0.7747
vn 0.7334 0.2336 -0.6384
vn 0.9056 -0.2142 0.3660
vn 0.7180 -0.4342 0.5439
vn 0.7003 -0.4780 0.5303
vn 0.4038 0.2349 -0.8842
vn -0.2337 -0.1906 0.9534
vn 0.9611 0.2734 0.0389
vn 0.9359 -0.3508 0.0317
vn 0.9210 -0.3545 -0.1614
vn 0.4118 -0.2868 0.8650
vn 0.4378 -0.4032 0.8036
vn 0.2119 -0.1569 0.9646
vn 0.8541 -0.2083 0.4766
vn 0.5157 0.0613 -0.8546
vn 0.9301 -0.3576 -0.0835
vn 0.9479 -0.0963 -0.3037
vn 0.7017 0.0111 -0.7124
vn 0.1397 -0.0524 0.9888
vn 0.9732 -0.1287 -0.1908
vn 0.6394 0.5040 -0.5807
vn -0.4076 -0.0166 -0.9130
vn -0.5353 0.1458 -0.8320
vn -0.5902 0.1081 -0.8000
vn -0.2526 0.0475 -0.9664
vn -0.6618 0.0655 -0.7468
vn -0.0818 -0.1320 -0.9879
vn -0.0835 -0.0656 -0.9943
vn -0.0461 -0.2463 -0.9681
vn -0.3474 -0.2291 -0.9093
vn -0.4017 -0.2029 -0.8930
vn -0.1628 -0.0764 -0.9837
vn 0.4304 -0.2367 -0.8711
vn 0.5324 -0.2219 -0.8169
vn 0.4488 -0.3089 -0.8385
vn 0.8434 0.1336 -0.5204
vn 0.8347 0.1925 -0.5159
vn 0.1387 0.2642 -0.9544
vn -0.0918 0.8715 -0.4818
vn -0.3143 0.9186 -0.2397
vn -0.1486 0.9760 -0.1592
vn -0.8796 0.4195 -0.2243
vn -0.9253 0.3233 -0.1982
vn -0.8767 0.3345 -0.3458
vn -0.4356 0.3781 -0.8169
vn -0.3740 0.6258 -0.6845
vn -0.3592 0.7204 -0.5933
vn 0.2896 0.5158 -0.8063
vn 0.3524 0.4860 -0.7997
vn 0.2542 0.4648 -0.8481
vn -0.6930 0.1854 0.6967
vn -0.2752 0.0217 0.9611
vn -0.6690 0.2986 0.6806
vn -0.8661 0.2346 0.4414
vn -0.7111 0.2011 0.6737
vn -0.7726 0.2486 0.5841
vn -0.9202 0.2774 0.2761
vn -0.4740 0.1036 -0.8744
vn -0.4717 0.1626 -0.8666
vn -0.3571 0.1034 -0.9283
vn -0.1700 0.1029 -0.9801
vn -0.0632 0.1828 -0.9811
vn -0.1754 0.1653 -0.9705
vn -0.3534 0.1269 -0.9268
vn -0.3660 0.0118 -0.9306
vn -0.4361 0.4037 -0.8043
vn -0.5017 -0.0416 -0.8640
vn -0.6917 0.6027 -0.3979
vn -0.6673 0.3474 -0.6588
vn -0.9721 0.1503 0.1801
vn -0.9781 0.1236 0.1676
vn -0.9965 0.0819 0.0163
vn -0.8710 0.2602 0.4167
vn 0.3536 0.8936 -0.2764
vn -0.4209 0.0695 -0.9044
vn -0.0532 0.1499 -0.9873
vn -0.6216 0.2760 -0.7331
vn -0.6142 -0.0292 -0.7886
vn -0.7530 -0.1262 -0.6458
vn -0.9726 0.2233 0.0648
vn -0.5770 0.2859 -0.7651
vn -0.6116 0.2083 -0.7633
vn -0.6084 0.1690 -0.7754
vn -0.9942 0.0705 -0.0810
vn -0.9544 0.2828 -0.0959
vn -0.9495 0.3112 -0.0414
vn -0.9882 -0.1208 -0.0943
vn -0.9714 0.0685 -0.2272
vn -0.9542 0.1316 -0.2686
vn -0.8723 -0.1723 -0.4576
vn -0.8509 -0.0414 -0.5236
vn -0.9433 0.3312 -0.0224
vn -0.4395 0.1692 -0.8822
vn -0.5414 0.1704 -0.8233
vn -0.6166 0.1768 -0.7672
vn 0.5189 0.1992 -0.8313
vn 0.1405 0.0774 -0.9870
vn -0.9191 0.2176 -0.3285
vn -0.7596 0.5548 -0.3394
vn -0.9048 0.3645 0.2204
vn -0.1375 -0.1198 -0.9832
vn -0.1552 -0.0338 -0.9873
vn -0.7942 0.2190 0.5668
vn -0.5815 -0.1070 -0.8065
vn -0.5543 -0.1271 -0.8226
vn -0.5210 -0.0241 -0.8532
vn -0.6515 0.5486 -0.5240
vn -0.8196 0.0326 -0.5721
vn -0.4963 0.0504 -0.8667
vn -0.9617 -0.0124 -0.2739
vn -0.9375 0.3124 -0.1532
vn -0.7115 0.1410 -0.6884
vn -0.4848 0.1031 -0.8685
vn -0.2757 0.1173 -0.9541
vn -0.2351 -0.0536 -0.9705
vn -0.3631 -0.1076 -0.9255
vn 0.0653 0.3331 -0.9406
vn -0.1567 0.2608 -0.9526
vn 0.1559 0.3262 -0.9323
vn 0.0985 0.2878 -0.9526
vn 0.1533 0.3239 -0.9336
vn -0.5419 -0.2507 -0.8022
vn -0.3094 -0.0682 -0.9485
vn -0.5394 -0.1908 -0.8202
vn 0.1773 0.2375 -0.9551
vn 0.1781 0.2832 -0.9424
vn -0.5678 -0.2675 -0.7785
vn -0.9440 -0.2543 -0.2103
vn -0.9196 -0.3021 -0.2510
vn -0.9144 -0.3311 -0.2331
vn 0.1321 0.2121 -0.9683
vn -0.8474 -0.0107 -0.5308
vn -0.7866 -0.0200 -0.6171
vn -0.5878 0.0850 -0.8046
vn -0.5134 0.0864 -0.8538
vn -0.4632 0.0232 -0.8860
vn -0.4682 0.1192 -0.8756
vn -0.5598 -0.0401 -0.8276
vn -0.7921 0.0423 0.6089
vn -0.9557 0.1233 0.2674
vn -0.8080 0.0298 0.5884
vn -0.9937 0.1085 0.0274
vn -0.9778 0.1250 0.1683
vn 0.8683 0.1361 0.4770
vn 0.7661 0.0497 0.6408
vn 0.8066 0.0909 0.5841
vn 0.8663 0.1165 0.4858
vn -0.2549 -0.0072 0.9669
vn 0.2773 -0.0218 0.9605
vn -0.0307 0.0971 0.9948
vn 0.6460 -0.2074 0.7347
vn -0.9912 0.1231 -0.0492
vn 0.8838 0.1793 0.4322
vn -0.9883 0.1065 -0.1093
vn -0.8676 -0.0168 0.4969
vn 0.5562 0.0011 0.8310
vn -0.5613 -0.0089 0.8276
vn -0.7066 0.0076 0.7076
vn -0.0328 0.1107 0.9933
vn -0.7342 -0.0499 0.6771
vn -0.0645 -0.0620 0.9960
vn -0.5844 -0.1723 0.7930
vn 0.9899 0.0029 -0.1418
vn 0.9801 0.1177 -0.1596
vn 0.7899 0.0309 -0.6125
vn 0.9927 0.0857 0.0852
vn 0.9883 0.1433 0.0522
vn 0.3722 0.1043 -0.9223
vn 0.3958 0.1375 -0.9080
vn 0.4325 0.1167 -0.8941
vn -0.9013 0.0748 -0.4266
vn -0.9342 0.0919 -0.3446
vn -0.7858 0.1195 -0.6068
vn 0.9586 0.1340 0.2512
vn 0.9995 -0.0288 -0.0107
vn -0.9821 0.1230 -0.1427
vn -0.9596 0.1057 -0.2607
vn -0.9448 0.1433 -0.2947
vn 0.7529 -0.0246 -0.6577
vn -0.5689 0.0314 -0.8218
vn -0.8238 0.0738 -0.5620
vn -0.3201 0.1630 -0.9333
vn -0.2983 0.8448 -0.4442
vn -0.0579 0.6531 -0.7550
vn -0.1085 0.6695 -0.7349
vn -0.4852 -0.2434 -0.8398
vn -0.1570 -0.1915 -0.9688
vn -0.5797 -0.2918 -0.7608
vn 0.9686 -0.0652 -0.2400
vn 0.0622 -0.2034 -0.9771
vn -0.2047 0.2688 -0.9412
vn -0.3213 0.8262 -0.4628
vn -0.0607 0.2263 -0.9722
vn -0.0749 0.2523 -0.9647
vn -0.0217 0.2485 -0.9684
vn 0.3291 -0.1413 -0.9337
vn 0.2583 -0.1752 -0.9500
vn 0.5276 -0.0778 -0.8459
vn -0.8937 0.4470 -0.0372
vn -0.9165 0.3979 -0.0427
vn -0.8846 0.4662 -0.0089
vn 0.0989 0.4247 -0.8999
vn 0.5141 0.0601 -0.8556
vn -0.4540 0.8667 -0.2067
vn -0.4683 0.5236 -0.7117
vn -0.5862 0.4835 -0.6501
vn -0.4995 0.5466 -0.6721
vn 0.4824 0.1486 -0.8632
vn -0.8956 0.4131 -0.1650
vn -0.9220 0.3659 -0.1264
vn -0.9042 0.4098 -0.1205
vn 0.1810 0.0928 -0.9791
vn -0.9058 0.3766 0.1944
vn -0.9421 0.3300 0.0597
vn -0.8625 0.4722 0.1819
vn -0.5827 0.7532 -0.3053
vn -0.6471 0.7152 -0.2640
vn -0.8144 0.4960 -0.3011
vn -0.7383 -0.5651 0.3682
vn -0.8310 -0.3376 0.4422
vn -0.8320 -0.3244 0.4499
vn -0.4792 0.8754 -0.0641
vn -0.1542 -0.4459 0.8817
vn -0.3742 -0.2852 0.8824
vn -0.2601 -0.4496 0.8546
vn -0.4751 0.6907 0.5451
vn -0.4023 0.7155 0.5712
vn -0.4077 0.8202 0.4014
vn -0.1596 0.4153 0.8956
vn -0.2127 0.5849 0.7827
vn -0.3848 0.5077 0.7708
vn 0.5096 -0.3486 -0.7866
vn 0.6488 -0.0796 -0.7568
vn 0.4561 0.3420 -0.8216
vn 0.6481 0.3660 -0.6678
vn 0.0094 0.9125 -0.4090
vn 0.2434 0.8360 -0.4918
vn 0.0285 0.8263 -0.5625
vn -0.1281 0.3838 -0.9145
vn -0.1911 0.3515 -0.9165
vn -0.0868 0.4183 -0.9041
vn -0.2035 0.8455 -0.4937
vn 0.5595 -0.3567 -0.7482
vn 0.3452 0.9373 0.0481
vn -0.8192 -0.2334 0.5239
vn -0.0157 -0.9113 -0.4114
vn 0.6546 -0.7559 -0.0036
vn 0.0912 0.4924 -0.8655
vn 0.8750 -0.1589 0.4573
vn 0.5670 -0.2866 0.7723
vn 0.9999 0.0075 0.0147
vn 0.8753 -0.1112 0.4707
vn 0.7665 -0.4974 0.4062
vn 0.9786 0.1642 -0.1245
vn 0.9196 0.3715 0.1279
vn 0.9102 0.1387 -0.3903
vn -0.1250 0.4506 -0.8839
vn -0.1714 0.5417 -0.8229
vn -0.2387 0.5210 -0.8195
vn -0.2811 0.5590 -0.7801
vn -0.4691 0.6880 -0.5537
vn -0.3456 0.6352 -0.6907
vn -0.6518 0.7180 -0.2442
vn -0.4173 0.3052 0.8560
vn -0.4631 0.2901 0.8375
vn -0.4439 0.3002 0.8443
vn 0.0218 -0.2261 0.9739
vn 0.0901 -0.2234 0.9705
vn 0.0254 -0.2166 0.9759
vn 0.1970 0.2195 0.9555
vn 0.2034 0.5530 0.8079
vn 0.2048 0.4530 0.8677
vn 0.5407 0.6577 -0.5244
vn 0.4530 0.6620 -0.5971
vn 0.4555 0.6786 -0.5763
vn 0.3655 0.6117 0.7016
vn 0.3206 0.6284 0.7088
vn 0.8313 0.4556 0.3184
vn 0.7824 0.4720 0.4063
vn 0.8791 0.1748 0.4434
vn -0.2910 0.2062 0.9342
vn -0.1389 0.4656 0.8740
vn -0.2269 0.5178 0.8249
vn 0.9642 -0.0229 0.2643
vn 0.9171 -0.3729 0.1412
vn 0.8609 -0.4869 0.1473
vn 0.2482 0.2514 0.9355
vn 0.1548 0.1911 0.9693
vn 0.9006 -0.3879 0.1962
vn 0.9426 -0.2526 0.2182
vn 0.8937 0.1262 0.4306
vn 0.9488 0.2687 0.1660
vn 0.9790 -0.0041 0.2038
vn -0.4262 0.6508 -0.6284
vn -0.2694 0.3333 -0.9035
vn -0.5343 0.6835 -0.4974
vn 0.2744 -0.6585 0.7007
vn 0.2596 -0.6411 0.7222
vn -0.0802 -0.8755 0.4765
vn 0.9496 -0.3006 0.0885
vn -0.7251 -0.5754 -0.3784
vn -0.9090 -0.4041 0.1021
vn -0.9728 -0.1767 -0.1500
vn -0.9163 -0.3782 0.1320
vn -0.9533 -0.1799 0.2424
vn -0.4571 -0.4676 0.7566
vn -0.5382 -0.4804 0.6925
vn -0.3829 -0.6366 0.6694
vn 0.6728 0.5755 0.4649
vn 0.5862 0.3059 0.7502
vn 0.7147 0.6988 -0.0302
vn -0.6084 -0.4621 -0.6453
vn -0.6108 -0.4140 -0.6749
vn -0.5286 -0.2108 -0.8223
vn -0.1206 -0.7957 -0.5936
vn -0.2347 -0.6829 -0.6918
vn 0.0686 -0.7979 -0.5988
vn 0.0664 -0.7547 0.6527
vn 0.0981 -0.7283 0.6782
vn 0.5291 -0.7670 0.3630
vn 0.9128 0.4068 0.0371
vn 0.5167 0.0508 0.8547
vn 0.8159 -0.2107 0.5384
vn 0.4723 0.7603 0.4460
vn -0.5812 -0.6907 -0.4302
vn -0.4595 -0.7634 -0.4540
vn -0.2668 -0.8067 -0.5273
vn -0.5548 -0.5778 -0.5986
vn 0.3014 0.0818 0.9500
vn 0.4153 0.0774 0.9064
vn 0.2579 0.1871 0.9479
vn 0.7527 0.5606 0.3452
vn 0.5169 0.6808 0.5191
vn -0.1811 0.5145 0.8381
vn -0.1214 0.6164 0.7780
vn -0.1583 0.9847 0.0732
vn -0.4313 0.5115 0.7432
vn -0.3057 0.5487 0.7781
vn -0.7249 0.4284 0.5395
vn -0.9404 0.3329 -0.0690
vn -0.8609 0.3259 0.3907
vn -0.2246 -0.9570 0.1834
vn -0.2280 -0.9582 0.1731
vn -0.2018 -0.9619 0.1845
vn 0.0580 0.4124 0.9091
vn -0.0265 0.3781 0.9254
vn 0.2196 0.4352 0.8731
vn -0.2607 0.4552 0.8513
vn -0.2849 0.4226 0.8603
vn -0.3874 0.4070 0.8272
vn -0.8878 0.3042 -0.3453
vn -0.9142 0.2945 -0.2785
vn -0.8624 0.4793 -0.1626
vn 0.2387 0.3805 0.8934
vn -0.3810 0.5001 0.7777
vn -0.6903 -0.1304 0.7117
vn -0.7286 -0.1040 0.6770
vn -0.7167 -0.1325 0.6847
vn -0.9949 0.0974 0.0266
vn -0.9859 0.0885 0.1417
vn -1.0000 -0.0050 0.0027
vn -0.9917 -0.0464 0.1195
vn 0.2485 -0.7758 -0.5799
vn -0.6338 -0.7670 -0.1004
vn -0.5752 -0.7998 -0.1716
vn -0.6156 -0.7860 0.0568
vn -0.7163 -0.5164 -0.4693
vn -0.4346 -0.6349 -0.6387
vn -0.6402 -0.6221 -0.4506
vn 0.3950 0.0838 0.9149
vn 0.4723 0.2412 0.8478
vn -0.4222 -0.9043 -0.0627
vn -0.1213 -0.9768 0.1767
vn -0.4323 -0.8274 0.3585
vn -0.7068 -0.4776 0.5218
vn -0.8994 -0.3087 0.3094
vn -0.8430 -0.2075 0.4962
vn -0.9392 -0.1876 0.2877
vn -0.0369 -0.8679 -0.4953
vn 0.0878 -0.9144 -0.3952
vn -0.0560 -0.9287 -0.3665
vn 0.0606 -0.8759 -0.4788
vn -0.4224 -0.6016 -0.6780
vn -0.7559 -0.4010 -0.5176
vn -0.7891 -0.4837 -0.3787
vn -0.7767 -0.3044 -0.5514
vn -0.1164 -0.6797 -0.7242
vn -0.1795 -0.7485 -0.6384
vn -0.0499 -0.7246 -0.6874
vn -0.2969 -0.8869 -0.3539
vn 0.2894 -0.7821 -0.5518
vn -0.7832 -0.4255 -0.4534
vn -0.2927 -0.9462 0.1376
vn -0.6592 -0.7468 -0.0879
vn -0.3927 -0.8939 0.2162
vn -0.1501 -0.9726 0.1773
vn -0.2844 -0.9305 0.2307
vn -0.6709 -0.7381 -0.0718
vn 0.7669 -0.4449 0.4625
vn 0.7489 -0.5235 0.4063
vn 0.7463 -0.4630 0.4782
vn -0.3094 0.5152 0.7993
vn -0.5224 -0.7834 -0.3368
vn -0.7723 -0.3147 -0.5519
vn -0.1754 -0.4678 -0.8663
vn -0.5043 -0.8245 0.2568
vn -0.6099 -0.5312 -0.5881
vn -0.7542 -0.6072 0.2500
vn 0.0943 0.6169 0.7814
vn -0.0616 0.3345 0.9404
vn -0.7786 -0.0014 0.6276
vn -0.7363 0.1100 0.6677
vn -0.6838 0.0410 0.7285
vn -0.6647 0.2339 0.7095
vn -0.6881 0.0159 0.7255
vn -0.6332 0.0383 0.7731
vn -0.1254 -0.6946 -0.7084
vn -0.6689 -0.4178 0.6148
vn -0.6011 -0.4078 0.6873
vn 0.2120 0.4491 0.8680
vn -0.5545 -0.5612 0.6145
vn -0.5507 0.5051 0.6645
vn -0.4125 0.7661 0.4928
vn -0.7294 0.5117 0.4541
vn -0.6118 0.7780 0.1429
vn -0.0045 0.5687 0.8226
vn -0.5112 -0.3287 0.7941
vn -0.0197 0.1004 0.9948
vn -0.0637 0.0631 0.9960
vn -0.0506 0.0345 0.9981
vn -0.4610 -0.3012 0.8347
vn -0.3042 0.1835 0.9348
vn -0.1566 -0.0788 0.9845
vn -0.2927 -0.5890 0.7533
vn -0.3250 -0.3705 0.8701
vn -0.3040 -0.3090 0.9012
vn -0.4393 -0.7946 0.4190
vn -0.4430 -0.6228 0.6448
vn -0.3497 -0.6809 0.6435
vn -0.3892 -0.7095 0.5875
vn -0.4983 -0.8594 0.1149
vn -0.7521 -0.6583 0.0296
vn -0.7549 -0.6558 -0.0089
vn -0.9189 -0.0277 0.3934
vn -0.8651 -0.0039 0.5016
vn -0.8804 -0.1638 0.4451
vn -0.6396 0.7623 -0.0992
vn -0.5471 0.8363 -0.0356
vn -0.5446 0.8252 -0.1502
vn 0.3997 0.2333 0.8864
vn 0.4778 0.0780 0.8750
vn -0.3814 0.6171 -0.6883
vn -0.4904 0.6626 -0.5661
vn -0.3047 0.7629 -0.5702
vn -0.7536 0.2554 0.6057
vn -0.7763 0.1844 0.6028
vn -0.6949 -0.5058 0.5113
vn -0.3656 0.7028 0.6102
vn -0.4645 0.5161 0.7196
vn -0.3893 0.4584 0.7990
vn 0.4252 0.4224 0.8005
vn -0.1793 0.7154 0.6753
vn -0.1658 0.7395 0.6524
vn -0.7250 0.0093 0.6887
vn -0.4742 0.5397 0.6956
vn 0.7965 -0.5337 0.2840
vn 0.8132 -0.4931 0.3092
vn 0.8191 -0.4846 0.3070
vn 0.7347 -0.5547 0.3905
vn 0.7677 -0.4385 0.4672
vn 0.2785 -0.8932 -0.3529
vn 0.1707 -0.9367 -0.3057
vn 0.1551 -0.9297 -0.3339
vn 0.0617 -0.6193 0.7827
vn -0.0739 -0.2851 0.9557
vn 0.2165 -0.4950 0.8415
vn 0.8294 -0.5576 -0.0340
vn 0.8862 -0.4337 0.1631
vn 0.6661 -0.7342 0.1315
vn 0.5286 0.1530 0.8350
vn 0.4739 0.4937 0.7291
vn 0.3124 0.4707 0.8251
vn 0.2092 0.6945 0.6884
vn 0.3697 0.6464 0.6674
vn 0.2959 0.6685 0.6823
vn -0.4406 -0.2861 0.8509
vn -0.1909 0.1896 0.9631
vn -0.0623 0.7131 0.6983
vn -0.6211 0.3751 0.6881
vn -0.6627 0.2523 0.7051
vn -0.6222 0.5059 0.5975
vn 0.2072 -0.9519 0.2259
vn 0.8406 -0.3294 -0.4301
vn 0.7679 -0.6128 0.1867
vn 0.4189 -0.5843 -0.6951
vn 0.6225 -0.2776 -0.7317
vn 0.5829 -0.4491 -0.6772
vn -0.7483 0.5753 0.3302
vn -0.7208 0.4616 0.5171
vn -0.5487 0.2593 0.7948
vn 0.9813 -0.1075 -0.1595
vn 0.9264 -0.2613 -0.2711
vn 0.8719 -0.3872 -0.2999
vn 0.9380 -0.2216 -0.2665
vn 0.9705 -0.1450 -0.1924
vn 0.9768 -0.1249 -0.1739
vn 0.6864 -0.4147 -0.5974
vn 0.4749 -0.3512 -0.8069
vn 0.0804 -0.6849 -0.7242
vn -0.8722 0.4805 0.0918
vn -0.5077 0.2870 0.8123
vn 0.7966 -0.4425 0.4119
vn 0.7417 -0.6657 0.0826
vn 0.7743 0.5140 -0.3692
vn 0.8390 0.3477 -0.4186
vn 0.7634 0.3554 -0.5394
vn -0.5298 0.7640 -0.3681
vn -0.7051 0.7073 -0.0503
vn -0.5052 0.0368 0.8622
vn -0.5530 0.4063 0.7274
vn -0.5008 0.2381 0.8322
vn 0.7354 -0.6269 -0.2570
vn 0.7079 -0.6574 -0.2581
vn 0.7177 -0.6327 -0.2907
vn 0.7113 0.3098 0.6309
vn 0.7226 0.2483 0.6451
vn 0.7711 0.2192 0.5978
vn 0.9108 -0.2301 0.3428
vn 0.9137 -0.3417 0.2199
vn 0.8968 -0.4229 0.1301
vn 0.5069 0.5405 0.6714
vn 0.4591 -0.5250 0.7166
vn 0.3291 -0.3190 0.8888
vn 0.3213 -0.5142 0.7952
vn 0.4816 -0.8267 -0.2908
vn 0.4737 0.5261 0.7063
vn 0.1540 -0.9010 0.4056
vn -0.0156 -0.9342 0.3563
vn 0.0253 -0.9413 0.3367
vn 0.4346 0.4316 0.7905
vn 0.7656 -0.0652 0.6400
vn 0.9539 -0.2843 0.0962
vn 0.9239 -0.3146 0.2180
vn 0.9234 -0.2783 0.2643
vn -0.7073 0.5770 0.4084
vn -0.6411 0.4342 0.6329
vn 0.6813 0.2331 0.6939
vn 0.2599 0.8679 0.4234
vn 0.1251 -0.2435 0.9618
vn 0.6519 -0.5618 -0.5093
vn 0.7962 -0.3526 -0.4917
vn 0.6833 -0.5031 -0.5291
vn 0.1463 -0.8935 0.4245
vn 0.8326 -0.3969 -0.3863
vn 0.7301 -0.6392 0.2417
vn 0.3371 -0.9186 -0.2061
vn -0.1835 -0.9490 -0.2563
vn 0.1790 -0.8827 0.4345
vn 0.3000 -0.7880 0.5376
vn 0.4193 -0.2635 -0.8687
vn -0.7898 -0.0788 0.6083
vn -0.8196 -0.0457 0.5712
vn -0.8013 -0.0997 0.5899
vn -0.0830 -0.5649 0.8210
vn -0.2261 -0.2296 0.9467
vn 0.5833 -0.3134 0.7493
vn 0.6076 -0.2954 0.7373
vn 0.6096 -0.2491 0.7525
vn -0.5583 0.5351 0.6340
vn -0.5593 0.7849 0.2667
vn 0.2030 -0.1524 0.9673
vn -0.0601 -0.9168 0.3949
vn -0.0896 -0.9387 0.3330
vn 0.0013 -0.9134 0.4072
vn 0.4668 -0.1867 0.8644
vn 0.4555 0.2678 0.8490
vn -0.3338 0.4361 0.8357
vn 0.4368 0.6642 0.6067
vn 0.8558 -0.5153 0.0452
vn 0.8420 -0.5152 0.1603
vn 0.9043 -0.3749 -0.2043
vn 0.4780 0.0273 0.8779
vn 0.8276 0.5595 -0.0459
vn 0.8733 0.4806 0.0805
vn 0.8963 0.4394 0.0602
vn 0.1933 0.2364 0.9522
vn 0.2253 0.2327 0.9461
vn 0.2150 0.2493 0.9443
vn -0.9070 -0.1369 0.3983
vn 0.8514 0.4196 0.3148
vn 0.3184 0.9479 -0.0074
vn -0.0248 0.5638 0.8255
vn 0.0027 0.5822 0.8130
vn -0.3716 -0.3019 0.8780
vn -0.2654 0.1735 0.9484
vn 0.1388 0.0659 0.9881
vn -0.1505 0.2041 0.9673
vn 0.1203 -0.0031 0.9927
vn 0.3093 -0.7544 0.5790
vn 0.2646 -0.5049 0.8216
vn 0.0052 0.2485 0.9686
vn -0.0675 0.2439 0.9675
vn -0.2151 -0.1484 0.9653
vn -0.4667 -0.0793 0.8809
vn -0.4440 -0.2042 0.8725
vn -0.4905 -0.1005 0.8656
vn 0.2606 -0.0767 0.9624
vn 0.3593 -0.0303 0.9327
vn -0.1926 0.0469 0.9802
vn 0.2929 0.5470 0.7842
vn 0.1825 0.5369 0.8236
vn 0.9136 0.3486 -0.2095
vn 0.7809 0.5572 -0.2824
vn 0.8272 0.5607 -0.0363
vn 0.0695 -0.4987 0.8640
vn 0.8391 0.0296 -0.5432
vn 0.4707 0.8391 0.2728
vn 0.6010 0.7322 0.3202
vn 0.5111 0.8465 0.1489
vn 0.8783 -0.1490 0.4544
vn 0.5661 -0.3095 0.7641
vn 0.8890 -0.3798 0.2559
vn -0.5827 -0.0475 0.8113
vn -0.3814 -0.3530 0.8544
vn 0.3587 -0.0239 0.9331
vn 0.9113 -0.3416 0.2298
vn -0.6452 0.5343 0.5461
vn -0.9121 -0.2336 0.3370
vn -0.9444 -0.1576 0.2887
vn -0.8530 -0.1109 -0.5101
vn 0.6916 -0.3402 0.6372
vn 0.6418 -0.2671 0.7189
vn 0.9687 0.2030 0.1426
vn 0.4872 0.4518 0.7474
vn -0.0600 -0.9908 0.1215
vn 0.2404 -0.2604 0.9351
vn 0.0188 -0.1397 0.9900
vn -0.3845 -0.0388 0.9223
vn -0.1207 -0.1505 0.9812
vn -0.2702 0.1537 0.9505
vn -0.6484 -0.5429 0.5336
vn -0.4088 -0.5313 0.7420
vn -0.7058 -0.4457 0.5507
vn -0.4873 -0.6401 0.5940
vn 0.6527 -0.2564 0.7129
vn 0.7278 -0.5303 -0.4349
vn 0.5704 0.2806 0.7720
vn 0.4021 0.2298 0.8863
vn 0.6100 0.2893 0.7377
vn 0.6709 0.1533 0.7256
vn 0.4366 -0.2067 -0.8756
vn 0.6747 -0.3992 -0.6208
vn 0.7648 -0.1762 0.6198
vn 0.8032 -0.0758 0.5908
vn 0.7700 -0.0758 0.6336
vn 0.3393 -0.6687 0.6616
vn 0.7813 0.6204 0.0682
vn -0.8348 0.3040 -0.4591
vn -0.7410 -0.0189 -0.6712
vn -0.8576 0.2950 -0.4213
vn -0.7876 0.3942 -0.4736
vn -0.8755 0.4354 0.2097
vn -0.8379 0.5311 -0.1256
vn -0.9936 -0.1129 0.0031
vn -0.9447 0.2339 0.2300
vn -0.4527 0.7629 0.4615
vn 0.3295 -0.6719 -0.6633
vn 0.5926 -0.6619 -0.4591
vn 0.3197 -0.6492 -0.6902
vn 0.2298 -0.9455 -0.2308
vn 0.1970 -0.9555 -0.2195
vn 0.1403 -0.9369 -0.3203
vn 0.8125 -0.3572 -0.4607
vn 0.5497 -0.4241 -0.7197
vn 0.9740 -0.0693 -0.2156
vn 0.7823 -0.4489 -0.4318
vn 0.7851 -0.5727 -0.2358
vn -0.7685 0.3039 -0.5631
vn -0.6417 0.6262 -0.4427
vn -0.7137 0.5210 -0.4682
vn -0.6065 0.6734 -0.4228
vn -0.9994 0.0321 0.0119
vn -0.5255 0.7541 0.3939
vn -0.6366 0.7210 0.2737
vn -0.6935 0.6400 0.3307
vn -0.3873 0.2359 -0.8913
vn -0.3321 0.0945 -0.9385
vn -0.6637 0.1644 -0.7298
vn -0.8931 -0.0317 -0.4488
vn -0.6710 -0.2696 -0.6907
vn -0.8939 -0.0567 -0.4447
vn -0.9009 0.3641 0.2362
vn -0.7372 0.3606 -0.5715
vn -0.5024 0.5045 0.7022
vn -0.4429 0.5346 0.7198
vn -0.4825 0.5526 0.6796
vn 0.0646 0.8201 0.5686
vn -0.8231 0.5559 -0.1165
vn -0.5653 0.6894 -0.4529
vn -0.7576 0.6453 0.0981
vn -0.8688 0.4950 0.0131
vn -0.8239 0.5636 0.0595
vn -0.6749 0.1329 0.7258
vn -0.7834 0.6032 -0.1500
vn -0.5028 0.4714 0.7246
vn -0.7533 0.6459 0.1237
vn -0.7663 0.5628 -0.3101
vn -0.1678 -0.8461 -0.5060
vn -0.4143 -0.6271 -0.6597
vn -0.4731 -0.4653 -0.7481
vn -0.0491 -0.1120 -0.9925
vn 0.1890 -0.2302 -0.9546
vn -0.0844 -0.2995 -0.9503
vn -0.6785 -0.0749 -0.7308
vn -0.8662 0.4986 0.0340
vn 0.1554 -0.3075 -0.9388
vn -0.9769 -0.0911 -0.1933
vn -0.8878 0.4596 0.0230
vn 0.3617 -0.5150 -0.7772
vn -0.3392 -0.5034 -0.7947
vn 0.6972 -0.6089 -0.3784
vn 0.6121 -0.5924 -0.5238
vn 0.2445 -0.6874 -0.6839
vn -0.8279 -0.0568 -0.5581
vn 0.3631 0.2045 -0.9090
vn 0.3316 0.1970 -0.9226
vn 0.3591 -0.0228 -0.9330
vn 0.4572 -0.3176 -0.8307
vn 0.5320 -0.3552 -0.7687
vn 0.3726 -0.3452 -0.8614
vn 0.0755 -0.2009 -0.9767
vn 0.9663 -0.1928 -0.1704
vn 0.9149 -0.2234 -0.3361
vn -0.8780 0.4710 -0.0851
vn -0.2130 -0.5234 -0.8250
vn -0.4305 0.0697 -0.8999
vn -0.4122 -0.0362 -0.9104
vn -0.9954 0.0961 -0.0054
vn -0.1289 -0.1308 -0.9830
vn -0.6123 0.2385 -0.7537
vn 0.3333 -0.5759 -0.7465
vn -0.1152 0.0759 -0.9904
vn -0.1676 -0.0926 -0.9815
vn -0.8458 0.5327 0.0297
vn -0.4266 0.3522 -0.8331
vn -0.2702 0.2217 -0.9369
vn -0.4533 0.1590 -0.8771
vn -0.7291 0.6795 0.0820
vn 0.7852 0.6192 -0.0100
vn 0.6004 0.6762 -0.4270
vn 0.7026 0.6242 -0.3417
vn 0.7124 0.6633 0.2293
vn 0.8375 0.5155 -0.1813
vn 0.7089 0.6440 0.2877
vn 0.9126 0.4085 0.0199
vn 0.5615 0.7264 0.3964
vn 0.8617 0.4250 0.2773
vn 0.6247 0.4009 0.6702
vn 0.9104 0.3932 -0.1287
vn 0.8867 0.4120 -0.2099
vn 0.8670 0.4800 -0.1335
vn 0.9126 0.0279 -0.4078
vn 0.9127 0.2221 -0.3431
vn 0.9269 0.3381 -0.1627
vn 0.9035 0.2524 0.3464
vn 0.5438 0.7749 0.3222
vn 0.6355 0.7394 0.2221
vn 0.7853 0.6180 0.0374
vn 0.5776 0.7947 0.1868
vn -0.3982 -0.5935 -0.6994
vn -0.5711 -0.5092 -0.6439
vn -0.3969 -0.3784 -0.8362
vn -0.2721 -0.7405 -0.6146
vn -0.0990 -0.9316 -0.3498
vn -0.2380 -0.8493 -0.4711
vn 0.6674 0.1699 0.7250
vn 0.6806 0.1576 0.7155
vn 0.6454 0.2769 0.7119
vn 0.1696 0.2280 0.9588
vn 0.2480 0.4665 0.8491
vn 0.1380 0.4303 0.8920
vn -0.4676 -0.5450 -0.6960
vn -0.2259 -0.4554 -0.8612
vn -0.2871 -0.1931 -0.9382
vn -0.2608 -0.1484 -0.9539
vn -0.2850 -0.2378 -0.9286
vn 0.5501 -0.2564 -0.7948
vn 0.4048 -0.4793 -0.7787
vn 0.5910 -0.3166 -0.7419
vn 0.8376 0.4087 -0.3624
vn 0.7350 0.4479 -0.5090
vn 0.7192 0.5814 0.3805
vn 0.7518 0.4572 0.4752
vn 0.6145 0.5904 -0.5233
vn 0.3928 0.0200 -0.9194
vn 0.5688 0.3352 -0.7511
vn 0.4623 0.2150 -0.8603
vn 0.4195 0.9059 0.0577
vn -0.3269 -0.8690 -0.3714
vn 0.7189 0.6805 0.1419
vn -0.6761 -0.4625 -0.5735
vn 0.0538 -0.7650 -0.6417
vn -0.1399 -0.8618 -0.4876
vn -0.1005 -0.8970 -0.4304
vn 0.2445 0.8452 0.4752
vn 0.0754 -0.4432 -0.8933
vn 0.7404 -0.0921 -0.6658
vn -0.0749 -0.7630 -0.6420
vn 0.2074 -0.6333 -0.7456
vn -0.8801 -0.3538 -0.3166
vn -0.7305 -0.4989 -0.4663
vn 0.0489 -0.6165 -0.7858
vn -0.2542 -0.2494 -0.9345
vn -0.2083 -0.3660 -0.9070
vn 0.5943 0.0273 -0.8038
vn 0.7424 0.2094 -0.6364
vn 0.5265 0.2008 -0.8262
vn 0.9868 0.1489 -0.0642
vn 0.3342 0.8669 0.3699
vn 0.8449 0.1192 -0.5215
vn 0.1844 -0.0128 -0.9828
vn 0.3055 0.1295 -0.9433
vn 0.6362 0.1471 -0.7574
vn 0.2281 -0.0642 -0.9715
vn 0.1533 0.0392 -0.9874
vn 0.5189 -0.3837 -0.7639
vn 0.9280 0.2196 -0.3009
vn -0.9781 -0.0988 0.1829
vn -0.9966 -0.0791 0.0228
vn -0.9988 -0.0476 -0.0059
vn 0.9796 -0.1622 0.1182
vn 0.7653 0.0127 0.6436
vn 0.8191 -0.1353 0.5575
vn 0.6438 -0.5696 0.5109
vn 0.8853 -0.4604 0.0659
vn 0.7745 -0.1818 0.6059
vn -0.9873 -0.1061 0.1186
vn -0.9862 0.0269 -0.1634
vn -0.9849 0.0267 0.1710
vn -0.9624 0.1043 0.2508
vn 0.9006 -0.3082 0.3066
vn 0.8212 -0.2795 0.4974
vn 0.8949 -0.2440 0.3736
vn 0.8890 -0.2604 0.3767
vn 0.9416 -0.3283 0.0747
vn -0.9848 -0.0931 0.1464
vn -0.7199 -0.1970 0.6656
vn -0.8696 -0.0825 0.4868
vn -0.9766 0.1726 0.1285
vn -0.9332 0.0154 0.3589
vn -0.9891 0.0744 0.1268
vn -0.9872 0.1001 -0.1239
vn 0.9426 -0.1595 0.2934
vn 0.9655 -0.2554 0.0499
vn 0.2909 -0.6046 0.7415
vn 0.3687 -0.3044 0.8783
vn 0.4953 -0.3510 0.7947
vn 0.9894 -0.0703 -0.1274
vn 0.9782 -0.1864 0.0919
vn 0.9171 -0.3284 0.2259
vn 0.2172 -0.1731 0.9607
vn -0.7564 0.0111 0.6541
vn -0.7247 0.0838 0.6839
vn -0.3269 0.0034 0.9451
vn -0.2268 -0.2219 0.9483
vn -0.1555 0.0695 0.9854
vn 0.4845 -0.6638 0.5698
vn 0.6034 -0.3272 0.7272
vn 0.8661 -0.0124 0.4997
vn 0.6564 -0.6079 0.4468
vn 0.9673 -0.1652 -0.1926
vn -0.6659 -0.1831 0.7232
vn -0.8185 -0.0029 0.5745
vn 0.2532 0.9469 0.1983
vn 0.3308 0.8977 0.2911
vn 0.2274 0.8879 0.3999
vn -0.8351 -0.1140 -0.5382
vn 0.4595 -0.3288 0.8251
vn 0.4649 -0.1188 0.8774
vn 0.1216 -0.0413 0.9917
vn 0.3746 -0.0803 0.9237
vn -0.9904 -0.1286 0.0500
vn -0.8630 -0.1789 0.4724
vn -0.4259 -0.2104 0.8800
vn -0.8531 -0.2300 0.4682
vn -0.1908 -0.1844 0.9641
vn -0.0742 -0.3149 0.9462
vn -0.2759 -0.2287 0.9336
vn -0.4121 -0.2943 0.8623
vn -0.6408 -0.0865 0.7628
vn -0.4907 -0.1868 0.8511
vn 0.2448 0.2957 0.9234
vn -0.0597 -0.0235 0.9979
vn 0.0165 -0.0583 0.9982
vn -0.6567 0.0084 0.7541
vn -0.5668 -0.0496 0.8224
vn -0.7186 -0.0984 0.6884
vn 0.9275 -0.0121 0.3737
vn 0.9436 0.1023 0.3150
vn 0.9678 -0.1396 0.2093
vn 0.4591 0.1291 0.8790
vn 0.6269 0.0138 0.7790
vn 0.5367 0.0564 0.8419
vn 0.9813 -0.1328 0.1392
vn -0.0180 -0.3738 0.9273
vn -0.9152 0.0654 -0.3976
vn 0.6130 -0.0659 0.7873
vn 0.6775 -0.0364 0.7346
vn -0.3945 -0.1486 0.9068
vn -0.0352 -0.0951 0.9948
vn -0.5691 -0.1676 0.8050
vn -0.1277 -0.2380 0.9628
vn 0.0705 -0.6050 0.7931
vn 0.0644 -0.7241 0.6867
vn 0.0477 -0.1989 0.9788
vn -0.0640 -0.1270 0.9898
vn -0.9925 0.1184 0.0290
vn 0.7757 -0.2164 0.5928
vn -0.4187 -0.1165 0.9006
vn -0.8429 -0.1569 0.5146
vn -0.8279 -0.1283 0.5460
vn -0.9456 0.0546 0.3208
vn -0.9913 0.0483 0.1223
vn -0.8815 0.4223 0.2111
vn -0.6622 0.6700 0.3356
vn -0.4225 0.8896 -0.1735
vn -0.7117 0.6592 0.2429
vn 0.2012 -0.1297 0.9709
vn 0.3546 -0.1939 0.9147
vn -0.5197 0.8451 0.1256
vn -0.0470 0.9837 0.1736
vn -0.1097 0.7953 0.5962
vn -0.8092 0.4926 0.3202
vn -0.8069 0.5670 -0.1657
vn -0.8738 0.4089 0.2631
vn -0.9506 0.1472 -0.2733
vn 0.4023 -0.1184 0.9078
vn -0.3199 0.0846 0.9437
vn 0.0042 0.0370 0.9993
vn -0.2422 0.0449 0.9692
vn 0.7585 -0.2550 0.5997
vn -0.3768 -0.1815 0.9083
vn 0.4582 -0.1638 0.8737
vn 0.9960 -0.0430 0.0782
vn 0.8599 -0.1027 0.5000
vn 0.9907 -0.0957 0.0966
vn -0.7280 -0.2365 0.6435
vn -0.5375 -0.1371 0.8320
vn -0.8573 -0.3156 0.4067
vn -0.5637 -0.5547 0.6120
vn -0.9897 -0.0980 -0.1048
vn -0.9900 0.0287 -0.1382
vn -0.9919 0.0427 0.1198
vn 0.9046 0.1055 0.4130
vn 0.9721 0.1660 0.1654
vn 0.8273 0.5572 0.0714
vn 0.9186 0.0048 0.3952
vn 0.5186 -0.0560 0.8532
vn -0.9734 -0.1142 0.1986
vn -0.9984 0.0482 0.0291
vn -0.9952 0.0603 0.0766
vn -0.8487 -0.2733 0.4528
vn -0.7243 -0.3765 0.5777
vn -0.7246 -0.2555 0.6400
vn 0.4874 -0.0798 0.8695
vn 0.1658 0.0672 0.9839
vn -0.0354 -0.0676 0.9971
vn -0.9807 -0.1950 -0.0136
vn -0.9508 -0.2785 0.1360
vn -0.9852 0.0107 -0.1709
vn -0.8219 -0.5686 0.0352
vn -0.7226 -0.6911 -0.0126
vn -0.7249 -0.6610 -0.1939
vn -0.9689 -0.2326 0.0845
vn -0.9217 -0.2895 0.2582
vn -0.8473 -0.1922 0.4951
vn -0.9912 -0.0875 0.0997
vn 0.9932 -0.0606 0.0990
vn 0.8977 0.2889 0.3328
vn 0.9694 0.0943 0.2265
vn -0.9678 -0.1944 0.1601
vn -0.9661 -0.2480 -0.0719
vn 0.2719 -0.0002 0.9623
vn 0.1036 -0.2185 0.9703
vn -0.0832 -0.2404 0.9671
vn 0.2997 -0.2216 0.9279
vn -0.6069 -0.3196 0.7277
vn 0.9949 -0.0104 0.1006
vn 0.9755 0.0200 -0.2189
vn 0.9938 0.0812 0.0763
vn 0.9998 -0.0162 0.0112
vn -0.0568 -0.2306 0.9714
vn 0.8330 -0.0515 0.5508
vn 0.9505 -0.0412 0.3078
vn -0.4175 0.8055 0.4205
vn -0.2133 -0.9218 -0.3237
vn -0.3405 -0.8168 -0.4657
vn 0.2387 -0.6651 -0.7076
vn 0.8760 -0.0575 0.4788
vn 0.9484 -0.0748 0.3080
vn 0.7357 0.5892 0.3340
vn -0.4179 0.3073 -0.8550
vn -0.5522 0.5954 -0.5836
vn 0.4991 0.1046 0.8602
vn 0.9071 0.0706 0.4148
vn 0.6977 -0.1649 0.6971
vn -0.1238 -0.0326 0.9918
vn 0.2165 -0.0988 0.9713
vn -0.0932 -0.9313 0.3521
vn 0.1052 -0.8139 0.5714
vn -0.0532 -0.8191 0.5712
vn 0.0748 0.0515 0.9959
vn 0.0234 -0.0564 0.9981
vn 0.1028 -0.0726 0.9921
vn -0.6004 0.1481 0.7859
vn -0.6696 0.0696 0.7394
vn -0.7771 0.0159 0.6291
vn -0.4120 0.5108 0.7545
vn -0.0025 -0.1266 0.9919
vn 0.1092 -0.1274 0.9858
vn -0.4211 0.2348 0.8761
vn -0.8008 -0.0556 0.5963
vn 0.9112 0.2381 0.3361
vn 0.9833 0.1327 0.1247
vn -0.3496 -0.5920 0.7262
vn -0.0960 -0.3117 0.9453
vn 0.8820 0.0139 0.4711
vn 0.0976 -0.1696 0.9807
vn 0.8104 0.3290 0.4848
vn 0.9235 0.3798 -0.0537
vn 0.5056 -0.4621 0.7286
vn -0.6613 -0.1296 0.7388
vn -0.6226 -0.1547 0.7671
vn -0.6995 -0.1191 0.7046
vn -0.2317 -0.2854 0.9300
vn -0.2175 -0.3212 0.9217
vn -0.6325 -0.1481 0.7603
vn 0.4031 0.2362 0.8841
vn 0.6068 0.0135 0.7947
vn 0.5612 0.1573 0.8126
vn 0.8491 -0.1443 0.5081
vn 0.8055 -0.1828 0.5636
vn 0.6648 -0.0953 0.7409
vn 0.8833 0.3386 0.3243
vn 0.9324 -0.0057 0.3615
vn 0.9863 0.0986 0.1323
vn 0.0139 0.0650 0.9978
vn -0.1380 -0.7629 0.6316
vn -0.0790 -0.7401 0.6678
vn 0.5007 -0.4233 0.7550
vn 0.4977 -0.3241 0.8045
vn 0.4645 -0.3381 0.8185
vn 0.6612 -0.1334 0.7382
vn 0.1999 0.8388 0.5065
vn -0.1916 0.8256 0.5306
vn -0.2568 0.6376 0.7263
vn -0.0113 -0.0359 0.9993
vn -0.0300 -0.0294 0.9991
vn 0.5049 -0.5099 0.6965
vn 0.8552 -0.0642 0.5142
vn 0.5118 -0.1349 -0.8484
vn 0.7196 -0.1508 -0.6778
vn 0.6450 -0.1434 -0.7506
vn -0.8535 -0.2961 0.4287
vn -0.8423 -0.2714 0.4658
vn -0.8812 -0.2739 0.3853
vn 0.8974 0.0584 -0.4374
vn 0.9867 0.1620 0.0116
vn 0.9963 0.0050 0.0856
vn 0.7442 0.0383 0.6669
vn 0.8089 -0.0151 0.5877
vn 0.7968 0.0149 0.6040
vn -0.3125 -0.5203 -0.7948
vn -0.6284 -0.0537 -0.7760
vn -0.3091 -0.5581 -0.7700
vn 0.8791 -0.0128 -0.4764
vn 0.7666 -0.1298 -0.6289
vn 0.9262 -0.3592 -0.1142
vn 0.6945 -0.1129 -0.7106
vn 0.7944 0.0464 -0.6057
vn 0.8441 0.3679 -0.3900
vn 0.9934 0.1149 -0.0060
vn 0.9508 0.2995 0.0799
vn 0.8116 0.2084 -0.5458
vn 0.2163 0.5914 0.7768
vn 0.9761 -0.0605 0.2089
vn -0.0325 -0.1419 -0.9893
vn -0.0005 -0.2075 -0.9782
vn 0.2749 -0.1069 -0.9555
vn -0.9735 -0.1791 -0.1421
vn -0.9887 -0.1383 -0.0576
vn -0.7802 -0.0985 -0.6177
vn -0.8438 -0.1688 -0.5093
vn -0.7030 -0.1594 -0.6931
vn -0.9133 -0.2205 -0.3425
vn -0.9636 -0.1873 -0.1908
vn -0.7663 -0.1836 -0.6157
vn -0.9730 -0.2264 -0.0447
vn -0.8375 -0.2039 -0.5070
vn -0.8485 0.0883 -0.5218
vn -0.6496 0.2566 -0.7157
vn -0.7162 0.1197 -0.6876
vn 0.0040 0.3062 -0.9520
vn 0.1670 0.1145 -0.9793
vn -0.2257 -0.0168 -0.9740
vn 0.7584 -0.0077 -0.6518
vn 0.5221 -0.0215 -0.8526
vn -0.9944 0.0723 -0.0769
vn -0.9989 0.0424 0.0186
vn 0.6241 -0.0079 -0.7813
vn 0.8510 0.0649 -0.5211
vn 0.9458 -0.0075 -0.3246
vn -0.7643 0.6447 0.0146
vn -0.9769 -0.1762 -0.1209
vn -0.9948 0.0475 -0.0896
vn -0.9793 -0.1660 -0.1154
vn 0.0173 -0.1260 -0.9919
vn 0.2187 -0.1512 -0.9640
vn -0.3995 -0.8921 0.2110
vn -0.5802 -0.8000 0.1529
vn 0.1528 -0.8544 0.4967
vn 0.4076 -0.9129 -0.0203
vn 0.4804 -0.8267 0.2928
vn -0.0422 -0.9321 0.3597
vn 0.9913 -0.1302 0.0197
vn -0.4135 -0.0486 -0.9092
vn -0.2181 -0.7250 -0.6533
vn -0.2466 -0.6679 -0.7022
vn -0.5114 0.1470 -0.8467
vn 0.8522 0.4065 -0.3295
vn -0.1282 -0.2261 -0.9656
vn -0.4532 0.0637 -0.8891
vn 0.8482 -0.0735 -0.5246
vn 0.1163 -0.1265 -0.9851
vn 0.9066 -0.1238 -0.4034
vn -0.9711 -0.0939 -0.2196
vn 0.9843 -0.1547 0.0852
vn 0.9458 0.0122 0.3245
vn 0.7911 -0.1714 -0.5872
vn 0.7164 -0.1183 -0.6876
vn 0.9898 -0.1115 0.0890
vn -0.4304 -0.0092 -0.9026
vn -0.3595 -0.0489 -0.9319
vn -0.2040 -0.1573 -0.9663
vn 0.1293 -0.2096 -0.9692
vn 0.0829 -0.0877 -0.9927
vn 0.1671 -0.0748 -0.9831
vn 0.0907 -0.1575 -0.9833
vn -0.6036 -0.2388 -0.7607
vn -0.4643 -0.6514 -0.6001
vn -0.5057 -0.4399 -0.7421
vn -0.7243 -0.6633 -0.1883
vn -0.0368 -0.2720 -0.9616
vn 0.3071 0.2584 -0.9159
vn 0.3278 0.0443 -0.9437
vn 0.4931 -0.0077 -0.8700
vn -0.6399 -0.0763 -0.7646
vn -0.6856 0.2845 -0.6701
vn 0.9876 -0.1219 -0.0987
vn 0.9967 0.0796 -0.0142
vn -0.0889 -0.0080 -0.9960
vn 0.0836 -0.1593 -0.9837
vn 0.3557 -0.1740 -0.9183
vn 0.0275 0.5356 -0.8440
vn -0.0326 0.4878 -0.8724
vn -0.4244 0.1376 -0.8949
vn 0.0656 0.4638 -0.8835
vn -0.0474 -0.0333 -0.9983
vn 0.9994 -0.0255 0.0246
vn 0.0805 -0.1008 -0.9916
vn 0.6879 -0.0608 -0.7232
vn -0.9402 -0.0973 -0.3264
vn -0.8384 -0.0809 -0.5390
vn 0.7159 0.6456 0.2659
vn 0.6913 0.7221 0.0253
vn 0.8854 0.3574 -0.2974
vn 0.8491 0.4341 -0.3010
vn -0.0596 -0.5609 0.8257
vn -0.0611 -0.6185 -0.7834
vn -0.0311 -0.4499 -0.8925
vn 0.0748 -0.4448 -0.8925
vn 0.0016 -0.1334 -0.9911
vn 0.2404 0.3175 -0.9173
vn 0.9621 -0.2723 -0.0174
vn 0.9119 -0.1316 -0.3886
vn 0.9927 -0.0862 0.0846
vn 0.9651 -0.1136 -0.2359
vn 0.9671 -0.2254 -0.1178
vn 0.9850 -0.1719 0.0174
vn -0.8588 0.0231 -0.5117
vn -0.8921 -0.0472 -0.4494
vn -0.9763 0.0060 -0.2164
vn 0.9958 -0.0126 0.0903
vn 0.9997 -0.0239 0.0083
vn 0.9423 0.0873 -0.3232
vn 0.9506 -0.2515 -0.1817
vn 0.9808 -0.0717 -0.1816
vn 0.8363 -0.1663 -0.5225
vn 0.8329 0.1237 -0.5394
vn 0.5054 0.4559 -0.7326
vn 0.5693 0.3451 -0.7462
vn -0.6026 0.4156 -0.6812
vn -0.5339 0.3890 -0.7507
vn -0.7410 0.1408 -0.6566
vn -0.9836 -0.0741 -0.1646
vn 0.9448 -0.2389 -0.2243
vn 0.9614 -0.1143 -0.2503
vn 0.9904 -0.0836 -0.1104
vn -0.1976 -0.0991 -0.9753
vn 0.0818 -0.2524 -0.9642
vn -0.5158 -0.0857 -0.8524
vn -0.3613 -0.3573 -0.8613
vn 0.0264 -0.0669 -0.9974
vn 0.3567 -0.0427 -0.9333
vn 0.7824 -0.1589 -0.6022
vn -0.7645 0.1791 -0.6192
vn -0.9353 0.0449 -0.3511
vn -0.6643 -0.0464 -0.7460
vn -0.0225 -0.1584 -0.9871
vn 0.0698 -0.2191 -0.9732
vn -0.2322 -0.1134 -0.9660
vn -0.9996 -0.0252 0.0131
vn -0.9889 -0.1055 -0.1042
vn -0.7216 0.6705 -0.1725
vn -0.9643 0.1215 -0.2353
vn -0.8038 0.2357 -0.5462
vn -0.9969 -0.0753 -0.0225
vn -0.9983 -0.0523 -0.0267
vn 0.2272 -0.6274 -0.7448
vn 0.7256 -0.0433 -0.6868
vn -0.9031 -0.1418 -0.4053
vn -0.6478 -0.0194 -0.7615
vn -0.6724 0.1879 -0.7159
vn -0.4890 0.3858 -0.7823
vn -0.0915 -0.1369 -0.9864
vn 0.1742 0.3205 -0.9311
vn 0.0945 0.2382 -0.9666
vn 0.2757 0.3303 -0.9027
vn 0.7654 0.3934 -0.5094
vn 0.8348 0.2489 -0.4910
vn 0.7247 0.3786 -0.5758
vn -0.8223 -0.0917 -0.5616
vn -0.0404 0.0913 -0.9950
vn 0.3717 0.3955 -0.8399
vn -0.9797 0.1177 -0.1621
vn -0.9204 0.3313 -0.2078
vn -0.9831 0.1592 0.0906
vn 0.5383 -0.2025 -0.8180
vn 0.4724 -0.2338 -0.8498
vn 0.5173 -0.1402 -0.8442
vn 0.6508 -0.0096 -0.7592
vn -0.7866 -0.1921 -0.5869
vn -0.6988 -0.1975 -0.6875
vn -0.7689 -0.1429 -0.6232
vn -0.1153 -0.0143 -0.9932
vn -0.1683 -0.0093 -0.9857
vn -0.0518 0.1421 -0.9885
vn 0.0338 -0.2455 -0.9688
vn -0.0999 0.0420 -0.9941
vn 0.6543 -0.6105 -0.4463
vn 0.6637 -0.6132 -0.4283
vn 0.6436 -0.6268 -0.4392
vn 0.2026 -0.7439 -0.6368
vn 0.4674 0.0514 -0.8826
vn -0.2313 -0.0712 -0.9703
vn -0.2400 -0.1216 -0.9631
vn -0.6949 -0.3564 -0.6245
vn -0.9381 -0.2490 -0.2407
vn -0.1630 -0.1568 -0.9741
vn -0.2047 -0.1238 -0.9710
vn -0.7452 0.1561 0.6483
vn -0.7439 0.1860 0.6418
vn -0.6211 0.1362 0.7718
vn 0.6092 0.1113 -0.7852
vn -0.7847 -0.1575 -0.5995
vn 0.8402 -0.5095 0.1858
vn 0.7509 -0.6590 0.0447
vn 0.9096 -0.4152 0.0169
vn 0.9537 0.2399 -0.1813
vn 0.3956 -0.0453 -0.9173
vn -0.6278 0.3279 -0.7060
vn -0.1012 0.1218 -0.9874
vn -0.7708 0.5668 -0.2910
vn -0.6452 0.0149 -0.7638
vn 0.3654 0.0218 -0.9306
vn -0.9639 0.2204 -0.1491
vn -0.5343 -0.1944 -0.8226
vn 0.1375 -0.9195 -0.3683
vn -0.1159 -0.9061 -0.4069
vn -0.3291 -0.7170 -0.6145
vn 0.5801 -0.1148 -0.8064
vn -0.9424 -0.3324 -0.0373
vn 0.7180 -0.4613 -0.5212
vn -0.9126 -0.4089 -0.0050
vn 0.9658 -0.0328 -0.2571
vn 0.9056 0.1696 -0.3888
vn 0.9438 0.1846 -0.2741
vn -0.1391 -0.9443 0.2983
vn 0.7691 0.5581 0.3115
vn -0.8311 0.3110 -0.4610
vn -0.8172 -0.5464 0.1833
vn -0.0204 0.2474 0.9687
vn -0.0532 0.3043 0.9511
vn -0.1238 0.3438 0.9308
vn 0.3697 -0.0129 -0.9291
vn 0.2922 0.0704 -0.9538
vn 0.3638 0.0065 -0.9315
vn 0.4126 0.3810 0.8274
vn 0.3334 0.5023 0.7978
vn 0.2683 0.4708 0.8405
vn -0.8382 -0.3466 -0.4211
vn 0.3406 -0.5928 0.7298
vn -0.8377 -0.3248 -0.4391
vn 0.8495 0.0619 0.5239
vn 0.7838 0.1945 0.5898
vn 0.7335 0.0989 0.6724
vn -0.5491 0.4653 -0.6942
vn -0.5963 0.4913 -0.6349
vn 0.7897 0.3149 0.5264
vn -0.6726 -0.7398 0.0206
vn -0.6860 -0.7276 -0.0031
vn 0.6486 -0.1981 -0.7349
vn 0.7128 -0.5627 0.4186
vn 0.2850 -0.8632 -0.4168
vn 0.1282 0.9530 -0.2745
vn 0.1474 0.3505 -0.9249
vn 0.2784 0.3499 -0.8945
vn 0.4064 0.2929 -0.8655
vn 0.2643 0.7612 0.5922
vn 0.1401 0.8485 0.5103
vn 0.1258 0.8307 0.5423
vn 0.6760 0.4933 -0.5475
vn -0.3578 0.7160 0.5995
vn 0.7321 0.4028 -0.5494
vn -0.2299 0.7166 0.6585
vn 0.8498 -0.0271 -0.5264
vn -0.7598 -0.6282 0.1677
vn 0.7268 -0.6812 -0.0884
vn -0.9035 -0.2380 0.3566
vn -0.6437 0.1158 -0.7564
vn -0.4112 -0.4099 0.8142
vn 0.8253 0.5321 -0.1890
vn 0.1485 -0.1017 0.9837
vn -0.0132 0.9310 0.3647
vn 0.0203 0.9760 0.2168
vn -0.0366 0.9459 0.3224
vn 0.0490 -0.9188 0.3916
vn 0.0926 -0.9079 0.4087
vn 0.0557 -0.9142 0.4013
vn -0.0626 -0.9157 0.3970
vn 0.1021 -0.9152 0.3899
vn 0.0062 -0.9077 0.4195
vn -0.8643 -0.5030 -0.0070
vn -0.0493 -0.2073 -0.9770
vn -0.5605 -0.5646 -0.6058
vn -0.1277 -0.5694 0.8121
vn -0.7606 0.2670 -0.5918
vn -0.4374 -0.8982 -0.0439
vn -0.5187 0.8488 0.1025
vn -0.5185 0.8370 0.1749
vn 0.4383 0.8808 0.1793
vn 0.5722 -0.7866 -0.2320
vn 0.5902 -0.7901 -0.1652
vn 0.5791 -0.8055 -0.1257
vn 0.3038 0.9522 0.0306
vn 0.1800 0.9836 -0.0079
vn -0.3182 -0.9471 -0.0420
vn -0.6724 -0.5486 -0.4968
vn -0.1512 0.5214 0.8398
vn 0.1834 -0.9815 -0.0553
vn 0.1807 -0.5374 -0.8237
vn -0.3483 0.8979 0.2691
vn 0.1911 -0.5389 -0.8204
vn 0.0303 0.3046 0.9520
vn 0.2978 -0.4060 0.8640
vn -0.1441 -0.1651 -0.9757
vn 0.1141 0.2676 0.9568
vn -0.9407 -0.2080 -0.2680
vn 0.3204 -0.3699 0.8721
vn -0.3858 0.9224 0.0193
vn 0.0893 0.3298 0.9398
vn 0.5702 0.6306 0.5264
vn 0.6131 -0.4362 -0.6587
vn 0.5734 -0.6174 -0.5386
vn -0.8217 0.5453 -0.1657
vn -0.5327 0.5206 0.6672
vn -0.7789 0.6252 0.0487
vn -0.7863 0.6008 0.1442
vn -0.5397 0.6147 0.5752
vn 0.5203 -0.5754 -0.6310
vn 0.5967 -0.4712 -0.6496
vn 0.5584 -0.5346 -0.6344
vn 0.3402 -0.0745 0.9374
vn 0.3821 -0.0712 0.9214
vn 0.4214 -0.0369 0.9061
vn 0.8204 -0.4454 -0.3586
vn 0.8485 -0.3902 -0.3575
vn -0.8088 0.1704 -0.5628
vn -0.7401 0.3191 -0.5920
vn -0.7645 0.1717 -0.6214
vn 0.3780 -0.0358 0.9251
vn 0.5607 0.3728 0.7393
vn 0.7650 0.0201 0.6437
vn 0.2476 -0.6191 -0.7453
vn -0.8238 -0.1798 -0.5376
vn -0.8057 -0.0653 -0.5887
vn -0.7880 -0.0755 -0.6110
vn -0.7569 0.0654 -0.6503
vn 0.7674 0.0417 0.6399
vn -0.0146 -0.6415 -0.7670
vn 0.0218 -0.6021 -0.7981
vn -0.0238 -0.6599 -0.7510
vn -0.0788 0.6181 0.7821
vn 0.0071 0.7224 0.6914
vn -0.0658 0.7333 0.6767
vn 0.1967 -0.6936 0.6930
vn 0.8492 -0.2017 -0.4881
vn -0.9712 -0.1712 -0.1655
vn 0.3192 0.6493 0.6902
vn 0.3091 0.7117 0.6308
vn -0.4725 -0.4935 -0.7301
vn 0.9943 -0.0527 -0.0928
vn 0.9863 -0.0361 -0.1608
vn -0.5733 0.7400 -0.3518
vn 0.8726 0.1734 0.4566
vn 0.8693 0.1683 0.4647
vn 0.8692 0.1136 0.4811
vn -0.9322 -0.0391 -0.3597
vn -0.3153 -0.5965 0.7381
vn -0.2569 -0.6184 0.7427
vn 0.3259 0.9453 0.0162
vn 0.3076 0.3348 -0.8907
vn 0.2008 0.3713 -0.9066
vn 0.2662 0.3738 -0.8885
vn -0.2129 0.2481 0.9451
vn -0.0098 0.5155 0.8568
vn 0.7774 -0.5729 -0.2597
vn 0.7286 0.0914 0.6789
vn 0.0246 -0.4957 -0.8681
vn 0.0956 0.8421 0.5307
vn -0.2607 0.2078 0.9428
vn 0.1919 -0.1832 -0.9642
vn -0.2683 -0.1533 0.9511
vn -0.3381 -0.0798 0.9377
vn -0.4053 -0.0824 0.9105
vn 0.1910 -0.0027 -0.9816
vn 0.1518 0.0088 -0.9884
vn 0.4122 0.3747 0.8304
vn -0.9391 -0.1413 -0.3132
vn -0.0290 0.1755 0.9841
vn 0.1376 0.1665 0.9764
vn -0.0226 0.1420 0.9896
vn 0.4311 0.1410 -0.8912
vn -0.9875 -0.0627 0.1444
vn -0.3518 -0.1269 0.9275
vn -0.6707 0.0103 -0.7417
vn -0.5783 0.2806 0.7661
vn -0.3572 -0.1541 0.9212
vn -0.1295 0.8392 0.5283
vn 0.7065 0.2760 0.6516
vn -0.4276 -0.1164 -0.8965
vn 0.7979 0.2668 0.5405
vn 0.1836 0.9518 0.2458
vn -0.8991 -0.4368 -0.0307
vn -0.8837 -0.3333 0.3287
vn 0.0696 0.7505 0.6572
vn 0.1054 0.7848 0.6108
vn -0.0265 0.8403 0.5415
vn 0.2012 -0.6406 -0.7411
vn 0.2472 -0.6684 -0.7016
vn 0.2700 -0.7046 -0.6563
vn -0.7686 -0.0283 0.6391
vn -0.7899 -0.0498 0.6111
vn -0.7085 -0.0921 0.6997
vn 0.1544 -0.4657 0.8713
vn 0.7207 -0.0182 -0.6930
vn -0.4482 0.2772 0.8499
vn 0.6531 -0.3241 -0.6844
vn -0.9559 -0.2907 0.0420
vn -0.9365 -0.3442 0.0667
vn 0.6550 0.4138 0.6322
vn -0.2188 0.5278 0.8207
vn -0.2376 0.5740 0.7836
vn -0.2954 0.5802 0.7591
vn -0.0545 0.6935 -0.7184
vn 0.9984 0.0553 -0.0099
vn 0.9922 0.1124 -0.0531
vn 0.1451 0.6346 0.7590
vn -0.4716 -0.6080 -0.6387
vn -0.4844 -0.5708 -0.6630
vn -0.4804 -0.5043 -0.7175
vn 0.7135 0.4703 0.5194
vn 0.7739 0.4968 0.3928
vn 0.7418 0.4923 0.4553
vn 0.9793 0.0095 -0.2022
vn 0.9848 -0.1244 -0.1213
vn 0.9627 -0.0480 -0.2662
vn -0.5177 0.8475 -0.1171
vn 0.0551 0.9868 0.1522
vn 0.1929 0.9769 0.0922
vn -0.1526 -0.9678 -0.2001
vn -0.1350 -0.9908 -0.0060
vn -0.1773 -0.9778 -0.1120
vn -0.9279 -0.0710 0.3659
vn -0.7191 -0.6837 0.1242
vn -0.6801 -0.7229 0.1225
vn -0.0212 0.9997 -0.0150
vn 0.5975 0.7890 -0.1429
vn -0.5000 -0.3172 -0.8058
vn 0.5444 0.8184 -0.1840
vn 0.3682 0.6012 0.7093
vn 0.9372 0.1710 0.3040
vn 0.8355 0.3291 0.4402
vn 0.7104 0.4712 0.5227
vn 0.6396 0.5767 0.5083
vn 0.1503 -0.7745 0.6144
vn 0.0727 -0.7713 0.6323
vn 0.1847 -0.8192 0.5429
vn -0.4369 0.3319 -0.8360
vn -0.4468 0.3359 -0.8292
vn 0.6258 0.5672 0.5355
vn -0.0922 0.4599 -0.8832
vn 0.9061 0.2180 -0.3626
vn -0.2901 -0.9565 -0.0313
vn 0.3673 0.9293 0.0381
vn 0.3123 0.9484 0.0547
vn 0.3128 0.9440 0.1051
vn -0.6909 0.7215 -0.0452
vn 0.2802 0.3822 -0.8806
vn 0.1438 0.4028 -0.9039
vn 0.2367 0.3100 -0.9208
vn 0.0589 0.3260 -0.9435
vn 0.1236 0.5761 0.8080
vn 0.0907 0.6276 0.7732
vn 0.0725 0.5862 0.8069
vn 0.1228 0.5493 0.8266
vn 0.1634 0.5437 0.8232
vn 0.1539 0.5011 0.8516
vn 0.1612 0.5495 0.8198
vn 0.1610 0.4809 0.8618
vn 0.3516 0.4726 0.8081
vn 0.3186 0.4079 0.8556
vn 0.3381 0.4513 0.8259
vn 0.3173 0.3906 0.8642
vn 0.6400 0.2074 0.7399
vn 0.5847 0.2915 0.7571
vn 0.6166 0.2163 0.7570
vn 0.5628 0.3678 0.7402
vn -0.0446 0.5049 0.8620
vn -0.0522 0.5146 0.8559
vn -0.0398 0.4814 0.8756
vn -0.0474 0.5205 0.8526
vn -0.0802 0.5286 0.8451
vn -0.0001 0.5062 0.8624
vn -0.0046 0.5057 0.8627
vn -0.0017 0.5085 0.8610
vn 0.0028 0.4932 0.8699
vn 0.0892 0.4103 0.9076
vn 0.0553 0.4426 0.8950
vn 0.0550 0.4334 0.8995
vn 0.0296 0.4461 0.8945
vn 0.2463 0.3358 0.9092
vn 0.2784 0.2674 0.9225
vn 0.2649 0.2405 0.9338
vn 0.2670 0.3992 0.8771
vn 0.4475 0.2255 0.8654
vn 0.7039 -0.0125 0.7102
vn 0.4720 0.2671 0.8401
vn 0.3286 0.3618 0.8724
vn 0.9210 -0.1334 0.3662
vn 0.8775 -0.1657 0.4500
vn 0.9272 -0.2736 0.2559
vn 0.9484 -0.1600 0.2737
vn 0.9832 -0.1450 0.1108
vn 0.9394 -0.0984 0.3285
vn 0.9509 0.0490 0.3057
vn 0.9965 -0.0576 0.0609
vn 0.9767 0.0973 0.1912
vn 0.9793 -0.0850 0.1836
vn 0.8593 0.0151 0.5113
vn 0.8193 -0.1942 0.5395
vn 0.6539 -0.0346 0.7558
vn 0.5758 -0.1652 0.8007
vn 0.4050 0.0101 0.9143
vn 0.3992 -0.1222 0.9087
vn 0.3649 -0.0017 0.9310
vn 0.1767 -0.0290 0.9838
vn -0.0130 -0.1650 0.9862
vn -0.2473 -0.0588 0.9671
vn -0.4109 -0.1076 0.9053
vn -0.7306 -0.0130 0.6827
vn -0.4037 0.0280 0.9145
vn -0.5640 -0.1487 0.8123
vn -0.8204 -0.1840 0.5413
vn -0.9690 0.0691 0.2371
vn -0.9264 -0.1713 0.3353
vn -0.9876 0.1055 -0.1167
vn -0.9940 -0.0451 0.0994
vn -0.9092 0.0535 0.4128
vn -0.9828 -0.1482 0.1104
vn -0.9413 -0.0888 0.3258
vn -0.9457 -0.1706 0.2766
vn -0.9213 -0.1247 0.3684
vn -0.8790 -0.1702 0.4455
vn -0.8902 -0.1275 0.4373
vn -0.5356 0.2535 0.8055
vn -0.4959 0.2913 0.8180
vn -0.7078 0.0369 0.7055
vn -0.3562 0.3310 0.8738
vn -0.2014 0.4002 0.8940
vn -0.1593 0.3051 0.9389
vn -0.0016 0.3851 0.9229
vn 0.1093 0.3817 0.9178
vn 0.1771 0.2932 0.9395
vn 0.3819 0.3802 0.8424
vn 0.8969 -0.3252 0.2997
vn 0.7562 -0.2112 0.6193
vn 0.8936 -0.1561 0.4207
vn 0.5376 -0.0708 0.8402
vn 0.7161 -0.0888 0.6923
vn 0.7484 -0.0505 0.6613
vn 0.7441 0.0198 0.6677
vn 0.4363 -0.0523 0.8983
vn 0.5882 0.0453 0.8074
vn 0.1067 -0.0050 0.9943
vn 0.0504 0.0815 0.9954
vn 0.5013 -0.0192 0.8650
vn 0.2349 0.0115 0.9720
vn -0.1103 0.0033 0.9939
vn -0.0972 0.0792 0.9921
vn -0.4365 -0.0331 0.8991
vn -0.3441 -0.0360 0.9382
vn -0.0307 0.0081 0.9995
vn -0.0747 0.1202 0.9899
vn -0.1751 -0.0130 0.9845
vn 0.0399 0.1169 0.9923
vn 0.4902 -0.1373 0.8607
vn 0.1418 0.0245 0.9896
vn 0.0022 0.1083 0.9941
vn -0.5247 -0.1240 0.8422
vn -0.6903 -0.2125 0.6916
vn -0.8094 -0.3396 0.4791
vn -0.7204 -0.0565 0.6913
vn -0.6787 0.0033 0.7344
vn -0.4769 0.0080 0.8789
vn -0.8448 0.0252 0.5345
vn -0.6849 -0.4375 -0.5827
vn -0.7587 -0.4334 -0.4863
vn -0.7752 -0.2289 -0.5888
vn -0.7383 -0.4794 -0.4744
vn -0.7795 -0.4888 -0.3916
vn -0.7895 -0.4920 -0.3669
vn -0.6482 -0.6362 -0.4184
vn -0.4858 -0.6033 -0.6325
vn -0.5090 -0.5024 -0.6990
vn -0.1661 -0.5695 -0.8050
vn -0.0138 -0.6177 -0.7863
vn -0.1508 -0.7804 -0.6069
vn -0.3511 -0.7300 -0.5864
vn -0.3599 -0.6403 -0.6786
vn -0.5895 -0.5304 -0.6092
vn -0.4280 -0.3993 -0.8108
vn -0.7998 -0.2832 -0.5293
vn -0.9449 -0.2156 -0.2462
vn -0.7998 -0.1439 -0.5827
vn -0.9009 -0.0465 -0.4315
vn -0.7716 0.0180 0.6358
vn -0.6150 0.1460 0.7749
vn -0.6671 0.1266 0.7341
vn -0.6154 0.1332 0.7769
vn -0.9447 -0.0276 -0.3269
vn -0.9816 0.0253 -0.1895
vn -0.9649 -0.0585 -0.2562
vn -0.9563 -0.0241 0.2913
vn -0.9892 0.0569 0.1349
vn -0.8954 0.2878 0.3397
vn -0.9830 0.0489 0.1772
vn -0.9881 -0.0922 0.1234
vn -0.9638 -0.2212 0.1488
vn -0.7975 0.3953 0.4558
vn -0.6286 0.5941 0.5018
vn -0.9865 -0.1635 -0.0064
vn -0.6183 -0.7826 0.0730
vn -0.6212 -0.7805 0.0701
vn -0.6177 -0.7852 0.0442
vn -0.8428 -0.3923 -0.3686
vn -0.8589 -0.3829 -0.3401
vn -0.8415 -0.3854 -0.3786
vn -0.8199 0.5222 0.2346
vn -0.9216 0.3633 0.1364
vn -0.9832 0.1803 0.0274
vn -0.8980 0.3528 0.2630
vn -0.7213 0.6281 0.2918
vn -0.9292 0.3428 0.1381
vn -0.9604 0.2583 0.1044
vn -0.8548 -0.1156 0.5059
vn -0.9012 0.0598 0.4293
vn -0.8195 -0.2670 0.5072
vn -0.8690 0.1747 0.4629
vn 0.2384 -0.1106 0.9648
vn 0.2674 0.0892 0.9594
vn 0.2438 -0.0653 0.9676
vn 0.2509 0.1678 0.9534
vn 0.9599 0.2802 0.0092
vn 0.8862 0.4434 -0.1344
vn 0.9487 0.3161 -0.0036
vn -0.0954 0.9462 0.3091
vn -0.3020 0.9194 0.2519
vn -0.0498 0.9848 0.1665
vn 0.0365 0.9789 0.2012
vn 0.8880 0.4262 -0.1727
vn 0.8664 0.3621 -0.3440
vn -0.9921 0.0277 0.1224
vn -0.9870 0.0927 0.1314
vn -0.9921 -0.0017 0.1254
vn -0.9869 0.0900 0.1343
vn -0.8072 -0.3014 0.5076
vn -0.7788 -0.3940 0.4881
vn -0.7912 -0.3687 0.4880
vn -0.7986 -0.2854 0.5298
vn -0.2441 0.4709 0.8477
vn -0.2146 0.5036 0.8369
vn -0.2566 0.5041 0.8246
vn 0.6364 0.0313 0.7708
vn 0.7097 0.0275 0.7039
vn 0.6901 0.0737 0.7200
vn -0.0280 0.8922 0.4508
vn -0.1736 0.8543 0.4900
vn -0.1533 0.8472 0.5087
vn -0.2362 0.8662 0.4404
vn -0.1184 0.8480 0.5166
vn 0.9742 0.1222 0.1897
vn 0.9793 0.1946 -0.0561
vn 0.9913 0.1255 0.0401
vn 0.7222 0.6911 0.0264
vn 0.7191 0.6947 0.0154
vn 0.7105 0.7032 0.0268
vn 0.8864 0.3511 0.3016
vn 0.9515 0.3065 -0.0271
vn 0.9387 0.3443 0.0182
vn 0.7208 -0.4724 0.5072
vn 0.7396 -0.4665 0.4852
vn 0.7182 -0.4531 0.5282
vn 0.4651 0.2398 0.8522
vn 0.4087 0.2345 0.8820
vn 0.4818 0.2150 0.8495
vn 0.0083 0.9996 -0.0281
vn 0.0022 1.0000 -0.0061
vn 0.0101 0.9999 -0.0051
vn -0.3740 -0.8926 -0.2518
vn -0.3403 -0.8759 -0.3420
vn -0.3240 -0.8725 -0.3657
vn -0.4194 -0.8934 -0.1612
vn -0.3916 -0.8934 -0.2202
vn -0.4983 -0.8393 -0.2175
vn -0.4540 -0.8695 -0.1946
vn -0.6108 -0.7380 -0.2868
vn -0.4835 -0.6988 -0.5271
vn -0.7489 -0.5276 -0.4010
vn -0.6876 -0.6029 -0.4047
vn -0.8247 -0.4529 -0.3386
vn -0.6736 -0.7006 0.2353
vn -0.6945 -0.6983 -0.1734
vn -0.6761 -0.6969 0.2391
vn -0.7399 -0.6524 0.1641
vn -0.8380 -0.5284 -0.1363
vn -0.7864 -0.4647 -0.4069
vn -0.9130 -0.3854 -0.1341
vn -0.9201 -0.3916 0.0129
vn 0.9531 -0.1002 0.2856
vn 0.9770 -0.0993 0.1889
vn 0.9721 -0.0948 0.2145
vn 0.9852 -0.0784 0.1523
vn 0.7841 -0.6188 -0.0468
vn 0.7693 -0.6364 -0.0561
vn 0.7897 -0.6058 -0.0969
vn 0.7488 -0.6628 0.0098
vn -0.6601 -0.3106 -0.6839
vn -0.5804 -0.6130 -0.5360
vn -0.4303 -0.3598 -0.8279
vn 0.0637 -0.0722 -0.9953
vn -0.0712 -0.2535 -0.9647
vn 0.0329 -0.1673 -0.9854
vn 0.4151 -0.8159 -0.4026
vn 0.3779 -0.8394 -0.3907
vn 0.4620 -0.8056 -0.3709
vn 0.4438 -0.7970 -0.4096
vn 0.2180 -0.2749 -0.9364
vn 0.2769 -0.1627 -0.9470
vn 0.3726 0.1447 -0.9167
vn 0.3824 0.1115 -0.9173
vn 0.5862 0.3858 -0.7125
vn 0.4165 0.3951 -0.8188
vn 0.7070 0.3696 -0.6030
vn 0.2637 0.2443 -0.9332
vn 0.2502 0.3545 -0.9010
vn 0.3842 0.6212 -0.6830
vn 0.4378 0.6977 -0.5670
vn 0.5797 0.6061 -0.5446
vn 0.4155 0.6744 -0.6104
vn 0.2421 0.9532 0.1813
vn 0.4455 0.8532 0.2713
vn 0.1911 0.9814 -0.0156
vn 0.3950 0.6584 0.6407
vn 0.2919 0.4289 0.8549
vn 0.1765 0.3836 0.9065
vn 0.2747 0.1996 0.9406
vn 0.6314 0.5716 0.5239
vn 0.4062 0.2668 0.8740
vn 0.4295 -0.0316 0.9025
vn 0.2893 -0.0597 0.9554
vn 0.3083 -0.6355 0.7078
vn 0.2530 -0.5074 0.8237
vn -0.2557 -0.8505 0.4597
vn -0.2926 -0.8249 0.4837
vn -0.3008 -0.8509 0.4307
vn 0.4536 -0.8714 0.1870
vn 0.4880 -0.8704 0.0651
vn 0.5402 -0.8165 0.2040
vn 0.2554 -0.1969 0.9466
vn -0.1510 -0.7959 0.5863
vn -0.1349 -0.8018 0.5822
vn -0.1285 -0.7939 0.5943
vn 0.7261 0.3232 0.6069
vn -0.4231 -0.8872 0.1840
vn -0.4411 -0.8844 0.1524
vn -0.4328 -0.8889 0.1500
vn 0.3946 -0.5246 0.7544
vn 0.9545 -0.0097 0.2980
vn 0.9179 -0.0535 0.3932
vn 0.8872 -0.0633 0.4571
vn 0.7527 0.2851 0.5934
vn 0.8492 0.4566 0.2653
vn 0.8592 0.3554 0.3681
vn 0.8094 0.5327 0.2470
vn 0.5734 0.7158 -0.3986
vn 0.7263 0.5783 -0.3717
vn 0.5336 0.2984 -0.7914
vn 0.6434 0.3395 -0.6861
vn 0.4987 0.1084 -0.8600
vn 0.1995 -0.0902 -0.9757
vn 0.8102 0.4894 -0.3226
vn 0.8701 0.3883 -0.3037
vn 0.9078 0.3963 -0.1376
vn 0.8000 0.5995 0.0244
vn -0.3230 -0.4830 -0.8139
vn 0.2718 -0.6689 -0.6919
vn 0.2088 -0.7569 -0.6193
vn 0.1149 -0.6583 -0.7439
vn 0.4812 -0.5300 -0.6982
vn 0.3517 -0.6175 -0.7036
vn 0.5251 -0.4186 -0.7410
vn 0.7736 -0.2444 -0.5846
vn 0.6128 -0.3890 -0.6878
vn 0.1675 -0.4172 -0.8932
vn 0.6238 -0.0576 -0.7795
vn 0.8059 0.0544 -0.5895
vn 0.9153 0.2536 -0.3128
vn 0.7597 0.4196 -0.4968
vn 0.8244 0.5361 -0.1814
vn 0.9882 0.0068 0.1532
vn -0.9910 -0.0375 -0.1281
vn -0.9913 -0.0370 -0.1266
vn -0.9913 -0.0367 -0.1264
vn -0.7226 -0.4367 0.5358
vn -0.4929 -0.2806 0.8236
vn -0.6597 -0.3338 0.6733
vn -0.8712 -0.4678 0.1489
vn -0.8806 -0.4368 0.1836
vn -0.8207 -0.4951 0.2853
vn -0.6755 -0.5664 0.4721
vn -0.7330 -0.6181 0.2840
vn -0.7856 -0.5705 0.2396
vn -0.8550 -0.4404 0.2741
vn -0.8897 -0.3767 0.2578
vn -0.8068 -0.4965 0.3201
vn -0.6690 -0.7195 0.1862
vn -0.8133 -0.5791 0.0566
vn -0.6668 -0.7394 0.0932
vn -0.7322 -0.6064 0.3100
vn -0.7391 -0.6638 -0.1144
vn -0.5455 -0.7624 -0.3482
vn -0.7455 -0.6234 -0.2358
vn -0.7936 -0.5796 -0.1854
vn -0.8237 -0.5365 0.1834
vn -0.7881 -0.0988 0.6076
vn -0.7598 -0.0199 0.6499
vn -0.5448 0.2159 0.8103
vn -0.5292 0.2244 0.8183
vn -0.3958 -0.3840 0.8342
vn 0.0536 -0.1039 0.9931
vn -0.2156 -0.3645 0.9059
vn -0.5032 -0.4574 0.7332
vn -0.4907 0.3683 0.7897
vn -0.8969 -0.3115 0.3139
vn -0.8920 -0.3390 0.2989
vn -0.5017 0.3472 0.7923
vn -0.6231 0.2319 0.7469
vn 0.3983 0.1963 0.8960
vn 0.0760 0.0312 0.9966
vn 0.4526 0.3088 0.8365
vn 0.4750 0.3139 0.8221
vn 0.3644 0.7377 0.5683
vn 0.6229 0.7532 0.2115
vn 0.8240 0.2519 -0.5075
vn 0.8292 0.5583 0.0275
vn 0.5604 0.7531 0.3445
vn 0.9003 0.0848 -0.4270
vn 0.6593 -0.2177 -0.7197
vn 0.9718 -0.0490 -0.2306
vn 0.9695 -0.0648 -0.2363
vn 0.9686 -0.0656 -0.2399
vn 0.8515 0.5096 -0.1233
vn 0.8500 0.5048 -0.1510
vn 0.8628 0.4749 -0.1733
vn 0.7174 0.5231 0.4602
vn 0.5068 0.7146 0.4821
vn 0.5890 0.6608 0.4651
vn 0.7623 0.6209 0.1828
vn -0.5742 0.3304 0.7491
vn -0.2898 0.5417 0.7890
vn 0.1141 0.6473 0.7536
vn -0.2798 0.5253 0.8036
vn -0.5221 0.2347 0.8200
vn 0.2033 0.7201 0.6634
vn 0.4537 0.3170 0.8329
vn -0.0285 0.6632 0.7479
vn -0.9526 0.0867 -0.2916
vn -0.8917 0.2030 -0.4045
vn -0.9749 0.0363 -0.2196
vn -0.8168 0.2787 -0.5052
vn -0.9580 -0.0419 -0.2836
vn -0.9513 0.1138 -0.2865
vn -0.8311 -0.2627 -0.4902
vn -0.9391 -0.3149 -0.1377
vn -0.9402 -0.3396 -0.0262
vn -0.9540 -0.2518 0.1625
vn -0.9324 -0.3271 0.1538
vn -0.9194 -0.2832 0.2730
vn -0.9095 -0.4017 -0.1073
vn -0.8495 -0.4213 -0.3176
vn -0.7482 -0.4584 -0.4795
vn -0.5269 0.1016 -0.8438
vn -0.6410 0.2551 -0.7239
vn -0.1113 0.4069 -0.9067
vn -0.0927 0.4139 -0.9056
vn -0.1312 0.1966 -0.9717
vn -0.0846 0.0388 -0.9957
vn 0.0699 0.1369 -0.9881
vn 0.0112 0.0225 -0.9997
vn 0.0823 -0.0448 -0.9956
vn 0.4586 0.2497 -0.8528
vn 0.0856 0.4524 -0.8877
vn 0.0995 0.4352 -0.8948
vn 0.6397 0.2604 -0.7232
vn 0.6606 0.3454 -0.6666
vn 0.8805 0.1939 -0.4325
vn 0.9750 0.0363 -0.2192
vn 0.9666 0.2139 -0.1409
vn 0.8602 0.0432 -0.5081
vn 0.9526 0.0857 -0.2918
vn 0.9580 -0.0424 -0.2837
vn 0.9536 -0.2565 0.1577
vn 0.9382 -0.3142 -0.1451
vn 0.9364 -0.3488 -0.0381
vn 0.9317 -0.3299 0.1521
vn 0.9197 -0.2837 0.2714
vn 0.9083 -0.4031 -0.1120
vn 0.8242 -0.4198 -0.3800
vn 0.5900 -0.3806 -0.7121
vn 0.8290 -0.2587 -0.4958
vn 0.5008 -0.3021 -0.8111
vn 0.4386 -0.3595 -0.8237
vn 0.7465 -0.4622 -0.4786
vn 0.4706 -0.3265 -0.8197
vn 0.5872 -0.3086 -0.7483
vn 0.4297 -0.1267 -0.8941
vn 0.1751 -0.0142 -0.9845
vn 0.3639 0.0037 -0.9314
vn 0.2461 0.2411 -0.9388
vn 0.1945 -0.2720 -0.9424
vn 0.0619 0.2609 -0.9634
vn -0.0371 -0.0428 -0.9984
vn 0.0977 0.2413 -0.9655
vn 0.2129 0.4868 -0.8472
vn 0.2006 0.4498 -0.8703
vn 0.2845 0.7249 -0.6274
vn 0.0968 0.2431 -0.9652
vn -0.0934 0.1075 -0.9898
vn -0.0119 0.2619 -0.9650
vn -0.0162 0.1991 -0.9799
vn -0.0900 0.2367 -0.9674
vn -0.0945 0.2422 -0.9656
vn -0.1942 0.4539 -0.8696
vn -0.2715 0.7322 -0.6246
vn -0.2024 0.4941 -0.8455
vn -0.0696 0.2619 -0.9626
vn -0.2385 0.2416 -0.9406
vn 0.0876 0.1321 -0.9874
vn -0.1847 -0.0148 -0.9827
vn -0.3025 0.1216 -0.9454
vn 0.0842 -0.0370 -0.9958
vn -0.4710 -0.3294 -0.8183
vn -0.4322 -0.1395 -0.8909
vn -0.3607 -0.0024 -0.9327
vn -0.5745 -0.3471 -0.7412
vn -0.6382 -0.3955 -0.6605
vn -0.5108 -0.2705 -0.8161
vn -0.6748 -0.0477 -0.7364
vn -0.0678 -0.2686 -0.9608
vn -0.1924 -0.3641 -0.9113
vn -0.4469 -0.3584 -0.8197
vn -0.2099 -0.2551 -0.9439
vn -0.0212 -0.2249 -0.9742
vn 0.1512 -0.2657 -0.9521
vn -0.0122 -0.2760 -0.9611
vn 0.1892 -0.0964 -0.9772
vn 0.0342 -0.2881 -0.9570
vn 0.4485 0.0626 -0.8916
vn 0.1983 -0.3795 -0.9037
vn -0.0735 -0.2621 -0.9622
vn 0.3039 -0.2843 -0.9093
vn -0.3048 -0.2818 -0.9098
vn 0.2256 -0.0977 -0.9693
vn -0.1898 -0.0892 -0.9778
vn -0.9421 -0.0734 -0.3272
vn -0.9018 -0.0271 -0.4313
vn -0.9965 -0.0801 0.0243
vn -0.8625 -0.0807 -0.4995
vn -0.8535 -0.1376 -0.5026
vn -0.2126 0.0118 -0.9771
vn -0.1718 -0.0461 -0.9841
vn -0.2500 0.1441 -0.9575
vn 0.7272 -0.1148 -0.6768
vn 0.7190 -0.1184 -0.6848
vn 0.7737 -0.0993 -0.6257
vn 0.7448 -0.0952 -0.6605
vn 0.8507 0.1626 0.4998
vn 0.9248 0.3804 -0.0105
vn 0.9754 0.1756 0.1334
vn 0.5821 0.3486 0.7346
vn 0.5647 0.2101 0.7981
vn 0.5286 0.2946 0.7961
vn -0.2523 0.5419 0.8017
vn -0.2355 0.5675 0.7890
vn -0.2408 0.5796 0.7785
vn -0.8079 0.0738 0.5847
vn -0.7954 0.2439 0.5548
vn -0.6591 0.2738 0.7005
vn -0.9118 0.1641 0.3765
vn -0.9601 -0.0946 0.2630
vn -0.8032 -0.1503 0.5764
vn -0.6474 -0.1202 0.7526
vn -0.6381 -0.1203 0.7605
vn -0.7479 -0.2679 0.6073
vn -0.4737 -0.1295 0.8711
vn -0.6172 -0.3438 0.7077
vn -0.7298 -0.2524 0.6354
vn -0.6578 -0.3007 0.6905
vn -0.8417 -0.2892 0.4560
vn -0.7686 -0.3283 0.5490
vn -0.8563 -0.1810 0.4837
vn -0.9483 -0.1655 0.2709
vn -0.8383 -0.1288 0.5298
vn -0.5905 -0.0763 0.8034
vn -0.7904 -0.1159 0.6016
vn -0.6829 -0.0567 0.7283
vn -0.8010 -0.0996 0.5904
vn -0.5596 -0.7960 0.2307
vn -0.6959 -0.5031 0.5124
vn -0.6034 -0.7120 0.3590
vn -0.7032 -0.4772 0.5271
vn 0.1004 -0.9752 0.1973
vn -0.0932 -0.9781 0.1863
vn -0.0039 -0.9781 0.2080
vn 0.1175 -0.9704 0.2108
vn -0.0469 -0.5005 0.8645
vn 0.2142 -0.5923 0.7767
vn 0.2904 -0.3890 0.8743
vn 0.1053 -0.1217 0.9870
vn 0.2922 -0.0603 0.9545
vn 0.2456 -0.1198 0.9619
vn 0.2565 -0.1671 0.9520
vn 0.4668 -0.1194 0.8763
vn 0.1501 -0.0665 0.9864
vn 0.3078 -0.0279 0.9510
vn 0.5269 0.1073 0.8431
vn 0.6077 0.1975 0.7692
vn 0.7793 0.2633 0.5687
vn 0.9516 0.2410 0.1908
vn 0.9774 0.1502 -0.1489
vn 0.8589 0.2730 -0.4334
vn 0.8506 0.0701 -0.5212
vn 0.5983 0.1432 -0.7884
vn 0.3730 0.3555 -0.8570
vn 0.0584 0.4024 -0.9136
vn -0.1127 0.2776 -0.9541
vn -0.0321 0.3432 -0.9387
vn 0.0200 0.2826 -0.9590
vn -0.2999 0.1060 -0.9480
vn 0.9911 0.1192 -0.0595
vn 0.9032 0.1809 0.3893
vn 0.8970 0.0670 -0.4369
vn 0.1891 0.1233 -0.9742
vn 0.4217 -0.1230 -0.8983
vn -0.1338 -0.1019 -0.9858
vn -0.5207 -0.2719 -0.8093
vn -0.8290 -0.4501 -0.3319
vn -0.6675 -0.6637 -0.3376
vn -0.8249 -0.5545 -0.1097
vn -0.7407 -0.6269 -0.2416
vn -0.8410 -0.5095 -0.1822
vn -0.6167 -0.7820 -0.0902
vn -0.5688 -0.7992 -0.1944
vn -0.4592 -0.8300 -0.3166
vn -0.8741 -0.4132 -0.2556
vn -0.6622 -0.7484 -0.0387
vn -0.9145 -0.1547 0.3739
vn -0.9894 -0.1349 0.0542
vn -0.9699 -0.2027 0.1350
vn -0.9661 -0.1124 -0.2326
vn -0.9675 -0.2054 0.1476
vn -0.9837 -0.1793 0.0153
vn -0.9311 -0.1516 -0.3316
vn -0.9775 -0.2019 -0.0619
vn -0.9856 -0.1240 0.1152
vn -0.9451 -0.1373 -0.2966
vn -0.9467 -0.2536 0.1986
vn -0.9756 -0.2178 0.0289
vn -0.9863 -0.1651 -0.0073
vn -0.8373 -0.0215 0.5463
vn -0.9729 0.0943 0.2111
vn -0.9781 0.0271 0.2063
vn -0.8916 -0.1090 0.4396
vn -0.9730 -0.1956 0.1222
vn -0.9473 -0.2731 0.1676
vn -0.9329 -0.2311 -0.2761
vn -0.9862 -0.1644 0.0175
vn -0.5293 -0.2377 -0.8145
vn -0.0603 -0.1821 -0.9814
vn -0.7957 -0.1991 -0.5721
vn -0.1829 -0.0917 -0.9789
vn -0.9164 0.0554 -0.3964
vn -0.7203 0.1010 -0.6862
vn -0.1410 0.2402 -0.9604
vn 0.1221 0.2858 -0.9505
vn 0.4321 -0.0057 -0.9018
vn 0.1335 -0.1345 -0.9819
vn 0.8263 -0.0587 -0.5601
vn 0.9896 -0.0854 -0.1160
vn 0.9844 -0.0965 -0.1473
vn 0.6142 -0.1547 -0.7738
vn 0.9657 -0.0564 0.2533
vn 0.7033 -0.0772 0.7067
vn 0.3745 0.0321 0.9267
vn -0.4785 -0.0402 0.8772
vn -0.5744 0.0414 0.8175
vn 0.8909 -0.1113 0.4404
vn 0.3259 -0.1657 0.9308
vn -0.4489 -0.1153 0.8861
vn 0.7577 -0.4325 -0.4886
vn 0.6825 -0.4371 -0.5858
vn 0.7728 -0.2301 -0.5915
vn 0.7389 -0.4792 -0.4737
vn 0.7967 -0.4783 -0.3694
vn 0.7934 -0.4900 -0.3612
vn 0.7699 -0.4633 -0.4388
vn 0.7561 -0.4176 -0.5039
vn 0.0641 -0.9827 -0.1738
vn 0.3443 -0.9336 -0.0996
vn 0.1607 -0.9255 -0.3429
vn 0.6491 -0.6358 -0.4176
vn 0.4873 -0.6034 -0.6312
vn 0.5025 -0.5084 -0.6993
vn 0.1697 -0.5675 -0.8057
vn 0.0130 -0.6184 -0.7857
vn 0.1435 -0.7811 -0.6077
vn 0.3297 -0.7587 -0.5618
vn 0.5923 -0.5260 -0.6103
vn 0.3599 -0.6412 -0.6778
vn 0.7980 -0.2821 -0.5325
vn 0.4278 -0.3993 -0.8109
vn 0.9442 -0.2184 -0.2466
vn 0.7957 -0.1394 -0.5895
vn 0.9791 0.0222 -0.2021
vn 0.9450 -0.0336 -0.3253
vn 0.9645 -0.0599 -0.2573
vn 0.9001 -0.0402 -0.4338
vn 0.6101 0.1380 0.7802
vn 0.6666 0.1285 0.7343
vn 0.6154 0.1332 0.7769
vn 0.7704 0.0214 0.6371
vn 0.2980 -0.8963 -0.3284
vn 0.3526 -0.8691 -0.3468
vn 0.3055 -0.9073 -0.2889
vn -0.1009 -0.9939 0.0453
vn -0.1018 -0.9945 0.0260
vn -0.0932 -0.9952 0.0315
vn 0.4104 -0.4605 -0.7871
vn 0.4577 -0.4434 -0.7707
vn 0.2447 -0.3934 -0.8862
vn 0.2310 -0.3816 -0.8950
vn 0.3720 -0.1361 -0.9182
vn 0.3285 -0.1078 -0.9383
vn 0.5684 -0.0314 -0.8221
vn 0.8983 -0.3924 -0.1977
vn 0.8905 -0.4060 -0.2052
vn 0.8964 -0.3879 -0.2143
vn 0.8100 0.2226 0.5426
vn 0.8112 0.2188 0.5422
vn 0.8146 0.2390 0.5284
vn 0.6922 -0.0410 -0.7206
vn 0.9718 0.2356 -0.0065
vn 0.9781 0.2081 0.0033
vn 0.9227 0.3838 -0.0367
vn 0.9946 -0.0961 0.0388
vn 0.9960 -0.0890 0.0100
vn 0.9571 -0.2321 0.1734
vn 0.9629 -0.1894 0.1924
vn 0.2391 -0.8615 0.4479
vn 0.2159 -0.8325 0.5102
vn 0.1307 -0.8838 0.4492
vn 0.5056 -0.4470 -0.7380
vn 0.4924 -0.4540 -0.7426
vn 0.4968 -0.2869 -0.8191
vn 0.1989 -0.2704 -0.9420
vn 0.2089 -0.2625 -0.9421
vn 0.2228 -0.2677 -0.9374
vn 0.7820 -0.4839 -0.3928
vn 0.7735 -0.4694 -0.4259
vn 0.7882 -0.4746 -0.3917
vn 0.9834 0.1618 0.0824
vn 0.9825 0.1816 0.0422
vn 0.9852 0.1414 0.0967
vn 0.5321 0.2003 -0.8227
vn 0.6042 0.0340 -0.7961
vn 0.6506 -0.0079 -0.7593
vn 0.9789 0.2024 0.0291
vn 0.5141 -0.3104 -0.7996
vn 0.9977 0.0400 0.0544
vn 0.9999 0.0122 0.0085
vn 0.9019 0.1679 0.3979
vn 0.9612 -0.0106 0.2756
vn 0.7671 -0.6098 0.1994
vn 0.7486 -0.6474 0.1431
vn 0.7838 -0.6103 0.1152
vn 0.3946 -0.8140 0.4263
vn 0.3679 -0.7906 0.4894
vn 0.3193 -0.8365 0.4452
vn -0.6426 -0.5071 -0.5743
vn -0.6456 -0.5087 -0.5695
vn -0.6449 -0.4906 -0.5861
vn -0.0892 -0.5141 -0.8531
vn -0.1006 -0.4856 -0.8683
vn -0.1042 -0.4698 -0.8766
vn -0.0992 -0.4062 -0.9084
vn -0.0701 -0.4162 -0.9066
vn 0.0688 -0.3538 -0.9328
vn 0.1391 -0.3517 -0.9257
vn 0.7254 -0.5144 -0.4573
vn 0.7162 -0.5414 -0.4404
vn 0.7051 -0.5342 -0.4663
vn 0.8978 0.2162 -0.3837
vn 0.9778 0.1692 -0.1240
vn 0.9552 0.1896 -0.2272
vn 0.8394 0.2365 -0.4894
vn 0.9813 -0.0164 0.1919
vn 0.9835 0.0035 0.1808
vn 0.9826 0.1119 0.1484
vn 0.9341 -0.2217 0.2800
vn 0.7991 -0.3965 -0.4518
vn 0.9015 -0.2422 -0.3587
vn 0.7408 -0.3878 -0.5484
vn 0.9201 -0.2441 -0.3063
vn 0.8900 0.2898 0.3520
vn 0.9892 0.0581 0.1342
vn 0.9564 -0.0240 0.2912
vn 0.9832 0.0503 0.1754
vn 0.9884 -0.0912 0.1218
vn 0.7886 0.3975 0.4692
vn 0.6145 0.5975 0.5151
vn -0.1750 0.7913 0.5858
vn -0.0565 0.8291 0.5562
vn -0.2255 0.7543 0.6166
vn -0.7094 0.6892 0.1474
vn -0.7016 0.6265 0.3396
vn -0.9587 0.2817 0.0394
vn -0.3380 0.8544 0.3948
vn -0.0715 0.8259 0.5593
vn 0.9639 -0.2215 0.1477
vn 0.9867 -0.1623 -0.0064
vn 0.6211 -0.7806 0.0701
vn 0.6188 -0.7821 0.0731
vn 0.6107 -0.7905 0.0468
vn 0.8590 -0.3828 -0.3400
vn 0.8427 -0.3920 -0.3689
vn 0.8416 -0.3853 -0.3785
vn 0.9218 0.3623 0.1378
vn 0.8208 0.5216 0.2329
vn 0.9833 0.1801 0.0276
vn 0.8969 0.3597 0.2572
vn 0.7241 0.6205 0.3011
vn 0.9135 0.3614 0.1869
vn 0.9247 0.3464 0.1578
vn 0.8924 -0.0441 0.4490
vn 0.8494 -0.1455 0.5072
vn 0.8234 -0.2686 0.5000
vn 0.8723 0.0438 0.4870
vn -0.3375 0.0619 0.9393
vn -0.3702 -0.0600 0.9270
vn -0.3432 0.0082 0.9392
vn -0.3323 0.0725 0.9404
vn -0.9512 0.3083 0.0147
vn -0.9599 0.2748 0.0564
vn -0.9252 0.3791 -0.0165
vn -0.9786 0.1859 0.0879
vn 0.0105 0.9993 0.0353
vn 0.0308 0.9995 0.0102
vn 0.0316 0.9988 0.0386
vn 0.0332 0.9993 0.0181
vn -0.1018 0.8019 0.5888
vn -0.1342 0.8017 0.5824
vn -0.1319 0.7854 0.6047
vn 0.5509 0.7783 0.3012
vn 0.5456 0.8173 0.1851
vn 0.5949 0.7600 0.2617
vn 0.7452 0.6351 0.2033
vn 0.8238 0.5012 0.2650
vn -0.9066 0.3762 -0.1913
vn -0.7762 0.0631 -0.6274
vn -0.9431 0.0929 -0.3192
vn -0.7032 0.0290 -0.7104
vn -0.9775 -0.2103 0.0185
vn -0.9464 0.1455 -0.2884
vn -0.9550 0.1065 -0.2769
vn -0.8644 0.3609 -0.3502
vn -0.8293 0.5192 -0.2067
vn -0.5196 0.8182 0.2461
vn -0.8651 0.5015 -0.0055
vn -0.7862 -0.5428 -0.2954
vn -0.7779 -0.5551 -0.2944
vn -0.8988 -0.3648 -0.2429
vn -0.9064 -0.3458 -0.2427
vn -0.9230 -0.0552 -0.3808
vn -0.5536 -0.8327 0.0128
vn -0.5680 -0.8229 0.0176
vn -0.5716 -0.8203 -0.0181
vn -0.9790 -0.1905 0.0720
vn -0.9792 -0.1969 0.0487
vn -0.9781 -0.1886 0.0878
vn 0.0390 -0.5037 0.8630
vn -0.0114 -0.5144 0.8575
vn 0.0141 -0.5341 0.8453
vn 0.2792 0.1533 0.9479
vn 0.1896 0.1699 0.9670
vn 0.2294 0.1283 0.9648
vn 0.9805 0.1170 0.1580
vn 0.9875 0.0316 0.1547
vn 0.9829 0.1011 0.1537
vn 0.9870 -0.0041 0.1609
vn 0.3474 0.9076 0.2357
vn 0.5720 0.7373 0.3595
vn 0.7543 0.5778 0.3117
vn 0.4738 0.8157 0.3320
vn -0.0392 0.6821 0.7302
vn -0.0616 0.6790 0.7316
vn -0.0425 0.6630 0.7474
vn -0.8068 0.5460 0.2256
vn -0.7848 0.4526 0.4234
vn -0.8131 0.5493 0.1929
vn 0.3552 -0.8703 -0.3413
vn 0.3682 -0.8692 -0.3301
vn 0.0199 -0.8566 -0.5156
vn 0.3416 -0.9079 -0.2429
vn 0.3321 -0.8749 -0.3524
vn 0.4120 -0.8969 -0.1608
vn -0.2862 -0.7136 -0.6395
vn -0.6562 -0.2687 -0.7051
vn -0.5899 -0.2491 -0.7681
vn -0.6980 -0.2138 -0.6834
vn 0.6431 0.2732 0.7153
vn 0.6829 0.2285 0.6938
vn 0.7178 0.1291 0.6842
vn -0.2883 0.7011 0.6521
vn -0.6898 0.6589 0.2999
vn -0.8420 0.4829 0.2404
vn -0.9918 0.1135 0.0584
vn -0.9234 0.3832 0.0234
vn -0.2312 -0.6438 -0.7294
vn -0.2074 -0.6501 -0.7310
vn -0.6364 -0.3844 -0.6687
vn -0.6863 -0.2747 -0.6734
vn -0.9177 0.1284 -0.3760
vn -0.8611 -0.0144 -0.5082
vn -0.8732 0.4845 -0.0530
vn 0.9728 0.0251 -0.2303
vn 0.9723 0.0242 -0.2327
vn 0.9723 0.0253 -0.2324
vn 0.7216 -0.6405 -0.2627
vn 0.8407 -0.5077 -0.1883
vn 0.7512 -0.6004 -0.2743
vn 0.5452 -0.7629 -0.3475
vn 0.6705 -0.7368 0.0873
vn 0.7776 -0.4875 0.3970
vn 0.7283 -0.6836 0.0486
vn 0.6486 -0.7423 0.1683
vn 0.7527 -0.6273 0.1999
vn 0.8013 -0.5936 0.0748
vn 0.8244 -0.4876 0.2876
vn 0.8423 -0.2272 0.4889
vn 0.8635 -0.3707 0.3419
vn 0.8006 -0.4026 0.4439
vn 0.6696 -0.3946 0.6293
vn 0.7472 -0.5288 0.4025
vn 0.7648 -0.5587 0.3207
vn 0.6161 -0.4814 0.6234
vn 0.8282 -0.4885 0.2745
vn 0.8210 -0.4909 0.2914
vn 0.8198 -0.4680 0.3301
vn 0.6593 -0.7078 0.2537
vn 0.4283 -0.1080 0.8972
vn 0.5152 0.0690 0.8543
vn 0.8352 -0.3789 0.3986
vn 0.7317 -0.6816 0.0011
vn 0.6240 0.1736 0.7619
vn 0.5689 0.1264 0.8126
vn 0.1541 -0.1837 0.9708
vn 0.4481 0.3631 0.8169
vn 0.0196 0.6791 0.7338
vn -0.1449 0.6998 0.6995
vn -0.4099 0.7339 0.5416
vn -0.7244 0.6696 0.1638
vn -0.8604 0.4847 -0.1574
vn -0.6419 0.7005 0.3121
vn -0.1814 0.7300 0.6590
vn 0.1371 0.6091 0.7811
vn -0.9269 0.1201 0.3555
vn -0.9268 0.1281 0.3529
vn -0.9293 0.1235 0.3482
vn -0.7516 -0.4498 0.4825
vn -0.6211 -0.6366 0.4572
vn -0.5394 -0.2609 0.8006
vn 0.5302 -0.8131 0.2402
vn -0.7251 -0.6743 -0.1397
vn -0.7320 -0.6810 -0.0176
vn -0.7646 -0.6236 -0.1627
vn 0.3806 -0.8735 0.3035
vn 0.3081 -0.8149 0.4909
vn 0.2925 -0.8250 0.4836
vn 0.2556 -0.8505 0.4596
vn -0.2867 -0.5064 0.8132
vn -0.3095 -0.6339 0.7088
vn -0.1989 -0.2982 0.9336
vn -0.2747 0.2007 0.9404
vn -0.5511 0.1195 0.8258
vn -0.2877 -0.0590 0.9559
vn -0.3955 0.2578 0.8815
vn -0.1765 0.3837 0.9064
vn -0.2908 0.4275 0.8560
vn -0.3986 0.6497 0.6473
vn -0.6353 0.4831 0.6025
vn -0.2438 0.9533 0.1785
vn -0.4493 0.8429 0.2962
vn -0.1918 0.9813 -0.0175
vn -0.4344 0.6118 -0.6610
vn -0.4516 0.6816 -0.5757
vn -0.4280 0.6705 -0.6060
vn -0.4051 0.3459 -0.8463
vn -0.2226 0.3709 -0.9016
vn -0.2340 0.2293 -0.9448
vn -0.2728 0.1288 -0.9534
vn -0.5938 0.5694 -0.5685
vn -0.5696 0.7111 -0.4122
vn -0.7948 0.6028 -0.0700
vn -0.8264 0.4419 0.3489
vn -0.1717 -0.0901 0.9810
vn 0.1551 -0.8015 0.5775
vn 0.2046 -0.8369 0.5076
vn -0.5718 0.2211 0.7901
vn -0.8108 0.4389 0.3873
vn -0.7744 0.3844 -0.5026
vn -0.9234 0.3839 0.0033
vn -0.3403 0.0423 -0.9394
vn -0.3124 -0.2137 -0.9256
vn -0.1982 -0.1334 -0.9710
vn -0.5151 -0.2342 -0.8245
vn -0.2659 -0.2766 -0.9235
vn -0.7210 -0.6820 -0.1228
vn -0.5355 -0.7903 -0.2979
vn -0.5176 -0.7589 -0.3951
vn -0.5862 0.2754 -0.7619
vn -0.8730 0.4389 -0.2128
vn 0.6096 -0.3157 0.7271
vn 0.4435 -0.2533 0.8597
vn 0.5004 -0.3223 0.8036
vn -0.3590 0.1369 0.9232
vn -0.1812 -0.1446 0.9728
vn -0.4330 0.5852 0.6856
vn -0.4326 0.6194 0.6551
vn -0.2784 -0.1487 0.9489
vn 0.4824 0.3375 0.8083
vn 0.4608 0.2921 0.8381
vn 0.3573 0.4717 0.8061
vn -0.0277 0.6849 0.7282
vn -0.7908 0.5927 0.1529
vn -0.3629 0.1545 -0.9189
vn 0.1038 -0.2369 -0.9660
vn 0.1450 -0.1928 -0.9705
vn 0.3184 -0.8998 -0.2983
vn 0.3382 -0.8441 -0.4161
vn 0.3705 -0.8481 -0.3788
vn 0.8280 -0.2841 -0.4834
vn 0.9060 -0.3706 -0.2045
vn 0.8256 -0.4286 -0.3670
vn -0.7631 -0.6374 -0.1065
vn -0.7634 -0.6392 -0.0925
vn -0.9716 -0.1221 0.2026
vn -0.9778 -0.1195 0.1723
vn -0.9742 -0.1305 0.1840
vn -0.9578 -0.1262 0.2584
vn 0.8971 -0.4417 0.0130
vn 0.9213 -0.3883 0.0184
vn 0.3880 -0.3293 -0.8608
vn 0.8284 -0.5379 -0.1562
vn 0.8041 -0.5920 0.0552
vn 0.7420 -0.6573 -0.1322
vn 0.6878 -0.5997 -0.4090
vn 0.7982 -0.4887 0.3523
vn 0.8276 -0.4197 0.3728
vn 0.6307 -0.6972 -0.3408
vn 0.6260 -0.6882 -0.3667
vn 0.4147 -0.7619 -0.4976
vn 0.6049 -0.7629 -0.2281
vn -0.0869 -0.7106 -0.6983
vn -0.0375 0.3282 0.9439
vn -0.7050 0.6861 0.1794
vn -0.7460 0.6147 -0.2564
vn -0.5896 0.2297 -0.7744
vn -0.8044 0.2684 -0.5301
vn -0.6394 -0.0753 -0.7652
vn -0.8070 0.0750 -0.5858
vn -0.2196 -0.3407 -0.9142
vn 0.1679 -0.5279 -0.8326
vn -0.7663 0.4432 -0.4652
vn -0.7460 0.6398 0.1847
vn -0.7627 0.4221 -0.4900
vn -0.6333 0.2791 -0.7218
vn -0.1936 -0.1015 -0.9758
vn 0.1164 -0.2945 -0.9485
vn 0.5713 -0.7991 -0.1871
vn 0.6168 -0.7816 -0.0929
vn 0.4593 -0.8300 -0.3165
vn 0.6617 -0.7488 -0.0386
vn 0.9895 -0.1344 0.0532
vn 0.9145 -0.1547 0.3739
vn 0.9705 -0.2013 0.1323
vn 0.9666 -0.1125 -0.2305
vn 0.9670 -0.2074 0.1480
vn 0.9831 -0.1819 0.0180
vn 0.9333 -0.1499 -0.3263
vn 0.9777 -0.2011 -0.0600
vn 0.9856 -0.1240 0.1152
vn 0.9450 -0.1381 -0.2965
vn 0.9436 -0.2714 0.1896
vn 0.9754 -0.2184 0.0298
vn 0.9863 -0.1651 -0.0073
vn 0.9730 0.0951 0.2103
vn 0.8344 -0.0304 0.5503
vn 0.9777 0.0224 0.2088
vn 0.8915 -0.1091 0.4396
vn 0.9717 -0.1962 0.1315
vn 0.9433 -0.2890 0.1632
vn 0.9320 -0.2300 -0.2802
vn 0.9853 -0.1702 0.0167
vn 0.9421 -0.0731 -0.3274
vn 0.9964 -0.0842 0.0131
vn 0.8532 -0.1400 -0.5025
vn 0.5304 -0.2364 -0.8141
vn 0.7988 -0.1996 -0.5674
vn 0.0551 -0.1777 -0.9825
vn 0.2142 0.0143 -0.9767
vn 0.1716 -0.0461 -0.9841
vn -0.1327 -0.1361 -0.9818
vn 0.1838 -0.0926 -0.9786
vn 0.9173 0.0554 -0.3943
vn 0.7284 0.1117 -0.6760
vn 0.7499 0.1690 -0.6396
vn 0.9074 -0.2236 -0.3558
vn 0.9062 -0.2230 -0.3594
vn 0.7448 -0.1151 -0.6573
vn 0.2889 0.2242 -0.9307
vn 0.2839 -0.0024 -0.9589
vn 0.7401 -0.1201 -0.6616
vn 0.7367 -0.6303 -0.2449
vn 0.8746 -0.4119 -0.2556
vn 0.8767 -0.3853 -0.2880
vn 0.8414 -0.5074 -0.1860
vn 0.8262 -0.5505 -0.1196
vn 0.6683 -0.6612 -0.3410
vn 0.8216 -0.4669 -0.3271
vn 0.5204 -0.2738 -0.8089
vn 0.4408 -0.6251 -0.6441
vn 0.1336 -0.1017 -0.9858
vn 0.2988 0.1030 -0.9487
vn 0.1138 0.2791 -0.9535
vn 0.0246 0.3458 -0.9380
vn -0.0089 0.2816 -0.9595
vn -0.0580 0.4022 -0.9137
vn -0.1890 0.1230 -0.9742
vn 0.1730 -0.3646 -0.9149
vn -0.3605 0.3534 -0.8632
vn -0.5881 0.1445 -0.7958
vn -0.8573 0.2737 -0.4360
vn -0.8509 0.0707 -0.5205
vn -0.9773 0.1463 -0.1530
vn -0.9523 0.2410 0.1873
vn -0.7801 0.2643 0.5671
vn -0.9035 0.1819 0.3881
vn -0.6102 0.2031 0.7657
vn -0.5298 0.1081 0.8412
vn -0.4719 -0.1207 0.8733
vn -0.3162 -0.0292 0.9482
vn -0.2422 -0.1229 0.9624
vn -0.2562 -0.1672 0.9521
vn -0.1053 -0.1217 0.9870
vn -0.3174 -0.0699 0.9457
vn -0.1676 -0.6303 0.7581
vn 0.1224 -0.5025 0.8558
vn -0.2671 -0.4342 0.8603
vn -0.3563 -0.6603 0.6611
vn 0.0034 -0.9789 0.2044
vn 0.0949 -0.9787 0.1820
vn -0.1046 -0.9753 0.1944
vn -0.1221 -0.9705 0.2077
vn 0.6036 -0.7111 0.3605
vn 0.7032 -0.4773 0.5270
vn 0.6961 -0.5035 0.5118
vn 0.5596 -0.7960 0.2307
vn 0.8010 -0.0996 0.5904
vn 0.6830 -0.0567 0.7282
vn 0.7901 -0.1145 0.6021
vn 0.5943 -0.0804 0.8002
vn 0.8500 -0.1126 0.5146
vn 0.8482 -0.1780 0.4988
vn 0.9343 -0.1955 0.2980
vn 0.8432 -0.2817 0.4579
vn 0.7601 -0.3376 0.5552
vn 0.6684 -0.3106 0.6758
vn 0.7293 -0.2552 0.6348
vn 0.6124 -0.3347 0.7162
vn 0.4451 -0.1947 0.8741
vn 0.2547 0.0027 0.9670
vn -0.0185 0.0277 0.9994
vn 0.1011 -0.1144 0.9883
vn 0.2258 -0.2260 0.9476
vn 0.2389 -0.2871 0.9276
vn 0.7737 -0.2575 0.5789
vn 0.6161 -0.1362 0.7758
vn 0.6371 -0.1175 0.7618
vn 0.8011 -0.1581 0.5773
vn 0.7451 -0.0455 0.6654
vn 0.9386 -0.0457 0.3420
vn 0.6345 -0.1211 0.7633
vn 0.2670 -0.1475 0.9523
vn 0.4461 -0.0145 0.8949
vn 0.8318 0.2459 0.4976
vn 0.9032 0.1726 0.3929
vn 0.8031 0.2805 0.5257
vn 0.5634 0.4488 0.6937
vn 0.4397 0.5544 0.7066
vn -0.5288 0.2953 0.7957
vn -0.5726 0.2068 0.7933
vn -0.5216 0.4005 0.7533
vn -0.8475 0.1735 0.5016
vn -0.9753 0.1756 0.1337
vn -0.9247 0.3806 -0.0106
vn -0.9655 -0.0556 0.2544
vn -0.9845 -0.0974 -0.1458
vn -0.7725 -0.0998 -0.6271
vn -0.7465 -0.0890 -0.6594
vn -0.7273 -0.1149 -0.6766
vn -0.7140 -0.1060 -0.6920
vn 0.2499 0.1442 -0.9575
vn 0.8986 -0.0363 -0.4373
vn 0.8617 -0.0793 -0.5012
vn -0.7161 -0.0783 0.6936
vn -0.4127 0.0185 0.9107
vn 0.4514 0.0735 0.8893
vn 0.4763 0.0616 0.8771
vn 0.0661 -0.1499 0.9865
vn -0.2638 -0.0942 0.9600
vn -0.9015 -0.1123 0.4179
vn -0.9897 -0.0850 -0.1151
vn -0.9467 0.1437 -0.2884
vn -0.9716 0.0655 0.2275
vn -0.7307 0.0264 0.6822
vn -0.6490 0.0281 0.7603
vn -0.4412 -0.3010 0.8454
vn -0.4585 -0.2497 0.8529
vn -0.0811 -0.3342 0.9390
vn -0.9849 0.1717 -0.0234
vn -0.8231 0.1951 -0.5334
vn -0.6561 0.2997 -0.6926
vn -0.1288 0.2900 -0.9483
vn -0.4398 0.0006 -0.8981
vn -0.4257 0.2491 -0.8699
vn -0.8376 -0.0469 -0.5443
vn -0.6143 -0.1506 -0.7746
vn 0.1412 0.2397 -0.9605
vn 0.3399 -0.1328 -0.9310
vn 0.7536 -0.1802 -0.6322
vn 0.7207 -0.1161 -0.6834
vn 0.3293 -0.0997 -0.9390
vn 0.3721 -0.1605 -0.9142
vn 0.0320 -0.0845 -0.9959
vn -0.2094 -0.1224 -0.9701
vn -0.3553 -0.1283 -0.9259
vn -0.6430 -0.0722 -0.7624
vn -0.1513 -0.0207 -0.9883
vn -0.6143 -0.0050 -0.7891
vn -0.9587 -0.0627 -0.2775
vn -0.8361 -0.0215 -0.5481
vn -0.6419 -0.0644 -0.7640
vn -0.9781 -0.0032 -0.2079
vn -0.9474 -0.1097 0.3008
vn -0.9015 -0.0104 0.4326
vn -0.5770 -0.1607 0.8008
vn -0.8607 -0.0643 0.5050
vn -0.1570 -0.1550 0.9754
vn -0.3949 -0.1234 0.9104
vn -0.8265 -0.1838 0.5321
vn -0.9831 -0.0006 0.1829
vn -0.8137 -0.0610 0.5781
vn -0.2216 0.1243 0.9672
vn -0.6053 0.0928 0.7906
vn -0.8821 0.0896 -0.4625
vn -0.7532 -0.0445 -0.6563
vn -0.1361 -0.5097 -0.8495
vn 0.1857 -0.7428 -0.6433
vn 0.1130 -0.7266 -0.6777
vn 0.4483 -0.8246 -0.3449
vn -0.4219 -0.1205 -0.8986
vn 0.2343 -0.1675 -0.9576
vn 0.3366 -0.1282 -0.9329
vn 0.5561 -0.0556 -0.8293
vn 0.7814 0.6235 -0.0258
vn 0.8486 0.4569 -0.2666
vn 0.8215 0.3905 -0.4155
vn 0.7379 -0.0986 -0.6676
vn 0.7302 -0.1016 -0.6756
vn 0.7302 -0.0962 -0.6765
vn 0.6075 -0.0990 -0.7881
vn 0.6583 -0.0357 -0.7519
vn 0.6895 -0.0413 -0.7231
vn 0.0743 -0.6345 -0.7694
vn 0.0344 -0.6637 -0.7472
vn 0.2871 -0.3635 -0.8863
vn 0.1623 -0.3118 -0.9362
vn 0.0872 -0.2722 -0.9583
vn 0.0697 -0.2565 -0.9640
vn 0.2452 -0.2726 -0.9303
vn 0.7546 -0.2655 -0.6000
vn 0.7877 -0.0822 -0.6105
vn 0.7814 -0.1632 -0.6023
vn 0.2656 -0.2798 -0.9226
vn -0.6478 -0.2503 -0.7196
vn -0.6466 -0.2355 -0.7256
vn -0.6382 -0.2550 -0.7264
vn -0.1471 -0.9008 0.4085
vn -0.2110 -0.8646 0.4560
vn -0.1888 -0.8944 0.4055
vn -0.8543 -0.1057 0.5089
vn -0.8493 -0.0850 0.5210
vn -0.8680 -0.0939 0.4877
vn -0.0818 0.1361 0.9873
vn 0.0085 0.1065 0.9943
vn 0.0240 0.1004 0.9947
vn -0.1088 0.0987 0.9892
vn -0.0053 0.1217 0.9925
vn 0.0079 0.1303 0.9914
vn 0.8163 0.2722 0.5095
vn 0.9867 0.1622 0.0078
vn 0.8109 0.2783 0.5147
vn 0.9246 -0.2205 0.3105
vn 0.9389 -0.2337 0.2525
vn 0.9477 -0.1866 0.2590
vn 0.9253 -0.2101 0.3159
vn 0.9374 0.3463 0.0375
vn 0.2526 -0.4005 -0.8808
vn 0.3960 -0.4268 -0.8130
vn 0.4032 -0.4222 -0.8119
vn 0.2480 -0.3645 -0.8976
vn 0.1456 -0.2751 -0.9503
vn 0.5404 -0.2518 -0.8028
vn 0.1287 -0.2871 -0.9492
vn 0.4369 -0.8791 -0.1905
vn 0.4541 -0.8820 -0.1261
vn 0.4324 -0.8865 -0.1648
vn -0.3600 -0.9195 0.1577
vn -0.3180 -0.9375 0.1410
vn -0.3229 -0.9181 0.2297
vn -0.5247 0.2356 0.8181
vn -0.4992 0.2500 0.8296
vn -0.5035 0.2494 0.8272
vn -0.4492 0.2066 0.8692
vn -0.4788 0.1845 0.8583
vn -0.2731 0.2992 0.9143
vn -0.2339 0.3229 0.9171
vn 0.7260 -0.1565 0.6697
vn 0.6433 -0.0705 0.7624
vn 0.7442 -0.2556 0.6172
vn 0.1815 -0.4223 -0.8881
vn 0.1815 -0.4267 -0.8860
vn 0.1715 -0.5491 -0.8180
vn 0.1910 -0.3022 -0.9339
vn 0.7098 -0.2968 -0.6388
vn 0.7105 -0.2922 -0.6402
vn 0.7085 -0.2977 -0.6398
vn 0.0019 -0.3542 -0.9352
vn 0.0079 -0.3492 -0.9370
vn 0.0123 -0.3669 -0.9302
vn -0.1233 -0.9551 0.2694
vn -0.3449 -0.9027 0.2574
vn 0.0720 -0.9471 0.3126
vn -0.8473 0.2592 0.4636
vn -0.7633 0.2558 0.5932
vn -0.5488 0.2842 0.7862
vn -0.5562 0.2881 0.7795
vn -0.5478 0.2795 0.7885
vn -0.1161 0.2183 0.9690
vn -0.3322 0.2852 0.8991
vn -0.1845 0.3223 0.9285
vn 0.2279 -0.6825 -0.6945
vn 0.2309 -0.6854 -0.6906
vn 0.2288 -0.6868 -0.6899
vn 0.6733 -0.3524 -0.6500
vn 0.6705 -0.3727 -0.6415
vn 0.6701 -0.3766 -0.6397
vn 0.6653 -0.3920 -0.6354
vn 0.6457 -0.3966 -0.6525
vn 0.3977 -0.4268 -0.8122
vn 0.3579 -0.4611 -0.8120
vn -0.2461 -0.9110 0.3309
vn -0.3039 -0.8690 0.3905
vn -0.2807 -0.9086 0.3093
vn -0.8626 0.1871 0.4700
vn -0.8537 0.1971 0.4821
vn -0.8661 0.1935 0.4609
vn -0.3562 0.3271 0.8753
vn -0.3676 0.3510 0.8612
vn -0.3561 0.3479 0.8673
vn -0.1528 0.4385 0.8856
vn -0.2106 0.4148 0.8852
vn 0.8874 -0.0934 0.4514
vn 0.6682 -0.2345 0.7061
vn 0.7369 -0.2153 0.6408
vn 0.9136 -0.0641 0.4015
vn 0.3535 -0.7838 0.5105
vn 0.3627 -0.7691 0.5262
vn 0.2936 -0.7805 0.5519
vn -0.9456 0.0132 -0.3252
vn -0.9413 0.0926 -0.3247
vn -0.9081 0.1445 -0.3931
vn -0.8745 0.2294 -0.4272
vn -0.9908 0.1333 -0.0220
vn -0.9957 0.0913 -0.0139
vn -0.9836 -0.0076 -0.1800
vn -0.9692 -0.0282 -0.2445
vn 0.3260 0.8115 0.4849
vn 0.3339 0.8100 0.4822
vn 0.3342 0.8157 0.4721
vn -0.6396 0.2340 0.7322
vn -0.6368 0.2208 0.7387
vn -0.6280 0.2387 0.7407
vn -0.6696 0.6395 0.3778
vn -0.6669 0.6950 0.2690
vn -0.6669 0.6953 0.2679
vn -0.5997 0.7176 0.3541
vn -0.6077 0.6139 0.5038
vn -0.4963 0.7798 0.3815
vn -0.0694 0.6341 0.7701
vn -0.0865 0.7855 0.6128
vn 0.2775 0.7998 0.5323
vn 0.0215 0.7390 0.6734
vn 0.0859 0.5944 0.7996
vn 0.0125 0.5204 0.8538
vn 0.0498 0.5176 0.8542
vn -0.1805 0.8213 0.5412
vn 0.6168 0.7207 0.3164
vn 0.5586 0.7684 0.3123
vn 0.8133 0.3824 -0.4385
vn 0.7706 0.4021 -0.4945
vn 0.7497 0.6507 0.1205
vn 0.9540 0.2911 -0.0714
vn 0.9477 0.2829 -0.1474
vn 0.3093 0.7554 0.5777
vn -0.2300 0.4920 0.8397
vn -0.0351 0.6928 0.7203
vn 0.5787 0.5804 0.5729
vn 0.9777 -0.0394 -0.2062
vn 0.9851 -0.0339 -0.1687
vn 0.8928 -0.2774 -0.3548
vn 0.8753 -0.2953 -0.3828
vn 0.9444 0.0785 0.3192
vn 0.9452 0.1254 0.3015
vn 0.9386 0.1018 0.3296
vn -0.0054 -0.1748 0.9846
vn 0.0003 -0.2241 0.9746
vn 0.0113 -0.1928 0.9812
vn 0.4343 0.0232 0.9004
vn 0.4835 0.0311 0.8748
vn 0.6945 0.2355 0.6799
vn 0.7287 0.2220 0.6478
vn 0.6257 0.4438 0.6415
vn 0.6485 0.4186 0.6358
vn 0.6022 0.4676 0.6471
vn 0.7719 -0.2828 0.5694
vn 0.9603 -0.1407 -0.2408
vn 0.8853 -0.0584 -0.4613
vn 0.9173 -0.0529 -0.3947
vn 0.9569 -0.1950 -0.2152
vn 0.9785 0.1966 0.0628
vn 0.9755 0.2114 0.0610
vn 0.9774 0.1995 0.0696
vn 0.4746 0.4838 0.7353
vn 0.5796 0.2563 0.7735
vn 0.5761 0.2055 0.7912
vn 0.5250 0.0746 0.8478
vn 0.6029 -0.4335 0.6698
vn 0.6752 -0.4016 0.6188
vn 0.6980 -0.3751 0.6101
vn 0.5208 0.0764 0.8503
vn 0.9248 -0.3069 -0.2247
vn 0.9157 -0.3078 -0.2582
vn 0.7744 -0.3202 0.5457
vn 0.1009 -0.9419 0.3204
vn 0.9419 0.0906 -0.3235
vn 0.9456 0.0132 -0.3252
vn 0.9074 0.1610 -0.3882
vn 0.8745 0.2293 -0.4273
vn 0.9911 0.1315 -0.0211
vn 0.9955 0.0936 -0.0154
vn 0.9845 -0.0108 -0.1748
vn 0.9692 -0.0282 -0.2445
vn 0.5543 0.2875 0.7811
vn 0.6606 0.1879 0.7269
vn 0.6071 0.3886 0.6931
vn -0.5951 -0.3092 0.7418
vn -0.6153 -0.2778 0.7378
vn -0.6084 -0.3612 0.7067
vn -0.7141 0.3802 0.5877
vn -0.7168 0.3977 0.5727
vn -0.7211 0.3937 0.5700
vn 0.6407 0.2195 0.7357
vn 0.6395 0.2339 0.7323
vn 0.6283 0.2326 0.7424
vn -0.0208 0.5188 0.8546
vn -0.0849 0.5943 0.7997
vn -0.0497 0.5167 0.8547
vn 0.2299 0.4919 0.8398
vn -0.0230 0.7381 0.6743
vn 0.0330 0.6922 0.7209
vn -0.2953 0.7602 0.5787
vn -0.0813 0.7544 0.6513
vn 0.5525 0.3181 0.7704
vn 0.3476 0.3068 0.8860
vn 0.4124 0.3156 0.8546
vn 0.6720 0.3034 0.6755
vn 0.6400 0.2901 0.7115
vn 0.4078 0.2815 0.8686
vn 0.4015 0.3093 0.8620
vn 0.3680 0.3512 0.8610
vn 0.8627 0.1870 0.4699
vn 0.8616 0.2042 0.4647
vn 0.8537 0.1970 0.4820
vn 0.3078 -0.8690 0.3873
vn 0.2462 -0.9109 0.3310
vn 0.2735 -0.9102 0.3110
vn -0.3666 -0.4584 -0.8096
vn -0.6341 -0.3978 -0.6630
vn -0.3579 -0.4611 -0.8120
vn -0.6654 -0.3893 -0.6369
vn -0.7249 -0.3189 -0.6105
vn -0.7471 -0.3073 -0.5894
vn -0.0354 -0.6423 -0.7657
vn -0.0333 -0.6383 -0.7691
vn -0.0333 -0.6433 -0.7649
vn 0.2265 0.1293 0.9654
vn 0.2928 0.2208 0.9304
vn 0.2249 0.2414 0.9440
vn 0.5417 0.2858 0.7905
vn 0.5535 0.2934 0.7795
vn 0.5514 0.3023 0.7776
vn 0.7642 0.2556 0.5922
vn 0.8472 0.2593 0.4637
vn 0.3451 -0.9025 0.2575
vn 0.1258 -0.9548 0.2693
vn -0.0717 -0.9471 0.3128
vn -0.0024 -0.3568 -0.9342
vn -0.0022 -0.3544 -0.9351
vn -0.0126 -0.3671 -0.9301
vn -0.4722 -0.3115 -0.8246
vn -0.2672 -0.4366 -0.8591
vn -0.7092 -0.2976 -0.6391
vn -0.2602 -0.4098 -0.8743
vn -0.2333 -0.5407 -0.8082
vn -0.8777 -0.0560 -0.4760
vn -0.9932 -0.0816 -0.0834
vn -0.9333 -0.0362 -0.3574
vn 0.2761 0.3141 0.9084
vn 0.5130 0.1943 0.8361
vn 0.5380 0.1815 0.8232
vn 0.5700 0.2307 0.7886
vn 0.5099 0.2480 0.8237
vn 0.4987 0.2498 0.8300
vn 0.3181 -0.9375 0.1411
vn 0.3740 -0.9081 0.1883
vn 0.3230 -0.9181 0.2298
vn -0.4541 -0.8820 -0.1261
vn -0.4419 -0.8770 -0.1889
vn -0.4320 -0.8865 -0.1654
vn -0.1434 -0.2758 -0.9505
vn -0.5387 -0.2548 -0.8030
vn -0.1286 -0.2871 -0.9492
vn -0.2481 -0.3640 -0.8977
vn -0.2545 -0.3961 -0.8822
vn -0.8752 -0.2952 -0.3833
vn -0.9032 -0.2664 -0.3366
vn -0.9892 -0.0161 -0.1457
vn -0.3877 -0.4298 -0.8155
vn -0.4059 -0.4222 -0.8106
vn -0.9716 0.0169 -0.2361
vn -0.9831 0.1831 0.0083
vn -0.9957 0.0051 -0.0924
vn -0.9960 0.0888 0.0132
vn 0.0034 0.1266 0.9919
vn 0.0850 0.1271 0.9882
vn 0.1073 0.1127 0.9878
vn -0.0089 0.1032 0.9946
vn -0.0275 0.1003 0.9946
vn 0.8544 -0.1057 0.5088
vn 0.8582 -0.0582 0.5100
vn 0.8494 -0.0850 0.5209
vn 0.1902 -0.8635 0.4671
vn 0.1467 -0.9008 0.4086
vn 0.1858 -0.8949 0.4057
vn 0.6527 -0.2405 -0.7184
vn 0.6476 -0.2503 -0.7197
vn 0.6381 -0.2550 -0.7265
vn -0.2456 -0.2803 -0.9280
vn -0.2658 -0.2798 -0.9225
vn -0.0875 -0.2738 -0.9578
vn -0.0799 -0.2721 -0.9589
vn -0.1955 -0.3209 -0.9267
vn -0.5740 -0.1647 -0.8021
vn -0.7854 -0.0797 -0.6138
vn -0.7553 -0.2655 -0.5992
vn -0.7821 -0.1634 -0.6013
vn -0.9247 -0.2208 0.3101
vn -0.9434 -0.1867 0.2742
vn -0.9397 -0.2295 0.2535
vn -0.9197 -0.2215 0.3240
vn -0.0108 0.1298 0.9915
vn -0.8154 0.2757 0.5090
vn -0.7946 0.2935 0.5315
vn -0.9381 0.2343 0.2550
vn -0.6894 -0.0384 -0.7233
vn -0.6532 -0.0822 -0.7527
vn -0.7613 0.6460 0.0562
vn -0.7055 0.7087 -0.0114
vn -0.8016 0.5922 0.0826
vn -0.6411 0.7096 0.2924
vn -0.5568 -0.0709 -0.8276
vn -0.5956 -0.0491 -0.8018
vn -0.5188 -0.0578 -0.8529
vn -0.4719 -0.1057 -0.8753
vn -0.1833 -0.1748 -0.9674
vn 0.0864 0.7852 0.6132
vn 0.0688 0.6343 0.7700
vn -0.2773 0.7997 0.5325
vn 0.6077 0.6140 0.5038
vn 0.4963 0.7799 0.3815
vn 0.6020 0.7150 0.3556
vn 0.6703 0.6375 0.3799
vn 0.6682 0.6950 0.2656
vn 0.6670 0.6953 0.2678
vn -0.3336 0.8100 0.4823
vn -0.3232 0.8157 0.4798
vn -0.3339 0.8158 0.4722
vn 0.6159 0.4681 0.6336
vn 0.5354 0.3929 0.7476
vn 0.2553 0.2389 0.9369
vn 0.6735 0.0001 0.7392
vn 0.6227 -0.1710 0.7635
vn -0.0431 0.8047 0.5921
vn 0.0079 0.8306 0.5569
vn -0.0316 0.8394 0.5426
vn 0.0048 0.9601 0.2796
vn 0.7012 0.6397 0.3149
vn 0.6047 0.7155 0.3499
vn 0.7063 0.6366 0.3097
vn -0.4876 0.8042 0.3399
vn 0.0517 0.8466 0.5297
vn -0.5780 0.7710 0.2674
vn -0.7372 0.6424 0.2094
vn -0.8937 0.3457 0.2861
vn -0.6016 0.7741 0.1970
vn 0.4753 0.7409 0.4745
vn 0.2286 0.7590 0.6096
vn 0.2643 0.8114 0.5214
vn 0.6351 0.7394 0.2233
vn 0.9608 0.2753 0.0316
vn 0.8977 0.4155 -0.1467
vn 0.9447 0.0962 -0.3135
vn 0.7761 0.0630 -0.6275
vn 0.7029 0.0289 -0.7107
vn 0.9772 -0.2118 0.0176
vn 0.9534 0.0545 -0.2969
vn 0.9470 0.1445 -0.2868
vn -0.9553 0.0543 -0.2908
vn -0.8637 0.0571 -0.5007
vn -0.7737 -0.1161 -0.6228
vn -0.9380 0.0950 -0.3335
vn -0.9926 0.0425 -0.1141
vn -0.9993 0.0212 0.0321
vn -0.9869 -0.0746 -0.1427
vn -0.9229 -0.0316 -0.3838
vn -0.8348 0.1150 -0.5384
vn -0.3850 0.1054 -0.9169
vn -0.3871 0.1747 -0.9054
vn -0.3715 0.1467 -0.9168
vn 0.2894 0.1343 -0.9478
vn 0.3039 0.1267 -0.9443
vn 0.3641 0.1349 -0.9215
vn 0.3513 0.1172 -0.9289
vn -0.8825 0.3982 -0.2504
vn -0.8997 0.3696 -0.2320
vn -0.7930 0.5481 -0.2661
vn -0.9371 0.2715 -0.2192
vn 0.9625 0.1963 0.1873
vn 0.9536 0.1689 0.2493
vn 0.9497 0.2527 0.1849
vn 0.9394 0.2761 0.2032
vn 0.7535 -0.5201 0.4021
vn 0.7692 -0.5008 0.3969
vn 0.7465 -0.4971 0.4423
vn -0.1407 0.4504 0.8817
vn -0.1742 0.4829 0.8582
vn -0.1948 0.4281 0.8825
vn 0.0936 0.8925 0.4412
vn -0.0263 0.9004 0.4344
vn -0.1102 0.9267 0.3593
vn 0.9542 0.1281 0.2703
vn 0.1517 0.8814 0.4473
vn 0.1055 0.8744 0.4736
vn 0.2748 0.8423 0.4637
vn 0.2268 0.5274 0.8188
vn 0.2565 0.4960 0.8296
vn 0.2621 0.5333 0.8043
vn -0.9203 0.3913 0.0023
vn -0.7437 0.6663 -0.0544
vn -0.8279 0.5602 -0.0268
vn -0.9463 0.3201 0.0459
vn -0.3654 -0.7998 -0.4762
vn -0.3642 -0.7991 -0.4784
vn -0.3645 -0.8021 -0.4730
vn -0.8678 0.3707 0.3310
vn -0.8681 0.3969 0.2983
vn -0.8699 0.3762 0.3191
vn 0.9630 -0.2655 -0.0462
vn 0.9644 -0.2590 -0.0543
vn 0.9654 -0.2564 -0.0468
vn 0.6456 -0.0026 0.7637
vn 0.5225 0.1672 0.8361
vn 0.6814 -0.0824 0.7272
vn 0.4377 0.2170 0.8725
vn -0.8247 -0.2507 0.5070
vn -0.7834 -0.2294 0.5776
vn -0.8000 -0.2208 0.5579
vn 0.8791 0.3536 0.3196
vn 0.8623 0.3714 0.3443
vn 0.8624 0.3647 0.3510
vn 0.4275 0.8199 0.3809
vn 0.4515 0.8038 0.3873
vn 0.4565 0.7966 0.3963
vn 0.4241 0.8287 0.3653
vn -0.5604 0.2814 0.7789
vn -0.5247 0.2846 0.8023
vn -0.5417 0.3148 0.7794
vn -0.3154 0.8575 0.4065
vn -0.5157 0.2110 0.8304
vn -0.4782 0.1994 0.8553
vn -0.5086 0.2761 0.8155
vn -0.7017 0.6969 0.1478
vn -0.7844 0.5844 0.2077
vn -0.6284 0.7702 0.1090
vn -0.3048 0.8303 0.4666
vn -0.2898 0.8523 0.4353
vn -0.3068 0.8488 0.4306
vn -0.8380 0.4872 0.2457
vn -0.7178 0.6317 0.2928
vn -0.7558 0.6541 0.0311
vn -0.5817 0.6101 0.5380
vn -0.4142 0.6964 0.5861
vn -0.7334 0.5946 0.3295
vn -0.8187 0.5124 0.2592
vn -0.8474 0.5275 0.0602
vn -0.8662 0.4985 0.0349
vn -0.9656 -0.1043 -0.2381
vn -0.9816 -0.0135 -0.1907
vn -0.9725 -0.0905 -0.2146
vn -0.9824 -0.0189 -0.1859
vn -0.5455 -0.8329 0.0938
vn -0.5335 -0.8394 0.1040
vn -0.5388 -0.8358 0.1059
vn -0.2601 0.9655 -0.0107
vn -0.2539 0.9670 -0.0224
vn -0.2818 0.9594 -0.0128
vn -0.4390 0.5360 0.7211
vn -0.4234 0.5112 0.7480
vn -0.4137 0.5364 0.7356
vn 0.9658 0.0994 0.2394
vn 0.8678 0.3632 0.3391
vn 0.9584 0.1534 0.2408
vn 0.7230 0.4747 0.5020
vn 0.1031 -0.3951 0.9128
vn 0.0511 -0.4379 0.8976
vn 0.1089 -0.4421 0.8903
vn -0.4122 -0.1629 0.8964
vn -0.4421 -0.1533 0.8838
vn -0.4450 -0.1706 0.8791
vn -0.7812 -0.6228 -0.0435
vn -0.7582 -0.6501 -0.0489
vn -0.7790 -0.6255 -0.0442
vn -0.8452 0.0103 0.5343
vn -0.8626 0.0442 0.5040
vn -0.8625 -0.0029 0.5061
vn 0.1566 0.9729 0.1703
vn -0.7942 0.6076 0.0096
vn -0.8869 -0.1296 -0.4434
vn -0.9810 0.1460 -0.1278
vn -0.9808 0.1824 -0.0694
vn -0.9694 0.1825 -0.1640
vn -0.9851 0.1540 -0.0765
vn -0.9784 0.1956 -0.0670
vn -0.9834 0.1175 0.1384
vn 0.6337 0.5024 0.5883
vn -0.1406 0.5904 0.7948
vn -0.1585 0.5929 0.7895
vn -0.1418 0.5819 0.8008
vn 0.0841 0.9419 0.3253
vn 0.1391 0.9125 0.3846
vn 0.2086 0.8381 0.5040
vn -0.0004 0.9835 0.1808
vn -0.4684 0.8479 0.2482
vn -0.4244 0.8667 0.2620
vn -0.4626 0.8559 0.2310
vn -0.0549 0.3285 0.9429
vn 0.0040 0.1600 0.9871
vn 0.0072 0.3609 0.9326
vn 0.0152 0.2927 0.9561
vn -0.5091 0.1512 0.8473
vn -0.8555 -0.2537 0.4514
vn -0.8951 -0.4273 0.1273
vn -0.8640 -0.5030 -0.0226
vn -0.3406 -0.0335 0.9396
vn 0.0228 0.0273 0.9994
vn 0.3592 -0.1299 0.9242
vn 0.9441 0.1182 0.3078
vn 0.9603 0.1026 0.2595
vn 0.9940 0.1089 -0.0111
vn 0.9845 0.0685 -0.1615
vn 0.7743 -0.2033 0.5992
vn 0.7711 -0.1518 0.6184
vn 0.7452 -0.2151 0.6311
vn -0.6372 0.3151 0.7034
vn -0.6991 0.3154 0.6417
vn -0.3974 0.3142 0.8622
vn 0.1070 0.7435 0.6601
vn 0.2195 0.6319 0.7433
vn -0.3476 0.3068 0.8860
vn 0.7361 0.6633 0.1345
vn 0.7469 0.6508 0.1364
vn 0.7402 0.6602 0.1271
vn 0.6857 -0.4316 0.5861
vn 0.6912 -0.4251 0.5845
vn 0.6865 -0.4271 0.5884
vn -0.8385 0.0154 0.5447
vn -0.8385 0.0130 0.5447
vn -0.7235 -0.6903 0.0009
vn -0.5235 -0.8483 -0.0796
vn -0.6048 -0.7962 -0.0178
vn -0.7776 -0.6215 -0.0949
vn -0.6597 -0.7216 -0.2099
vn -0.3441 -0.9336 -0.0997
vn -0.6831 -0.7035 -0.1962
vn -0.5983 -0.7820 -0.1748
vn -0.7191 -0.6530 -0.2378
vn -0.3182 -0.9480 -0.0033
vn -0.1358 -0.9903 0.0277
vn 0.0463 -0.9966 -0.0684
vn -0.1454 -0.8981 -0.4151
vn -0.1585 -0.9247 -0.3460
vn 0.1199 -0.9927 0.0153
vn 0.1164 -0.9926 0.0346
vn 0.1115 -0.9936 0.0189
vn -0.3371 -0.8704 -0.3589
vn -0.2906 -0.8987 -0.3285
vn -0.3030 -0.9081 -0.2891
vn -0.6202 -0.7839 -0.0311
vn -0.0640 -0.9827 -0.1737
vn -0.4266 -0.8766 0.2227
vn 0.2579 -0.7274 0.6358
vn 0.2559 -0.7454 0.6155
vn 0.2749 -0.7283 0.6277
vn -0.7551 -0.4800 -0.4466
vn -0.6992 -0.4398 -0.5637
vn -0.6835 -0.4624 -0.5649
vn -0.7201 -0.4474 -0.5303
vn 0.0540 -0.8705 -0.4892
vn 0.0120 -0.7937 -0.6082
vn 0.0061 -0.8571 -0.5151
vn 0.0739 -0.9622 -0.2620
vn 0.6902 -0.4123 0.5947
vn 0.6898 -0.4073 0.5986
vn 0.6952 -0.4553 0.5562
vn 0.9679 0.1068 0.2277
vn 0.9735 0.1159 0.1973
vn 0.9622 0.2204 0.1600
vn 0.8592 -0.1983 -0.4716
vn 0.7967 -0.4227 -0.4319
vn 0.7412 -0.5409 -0.3975
vn 0.9002 -0.0231 -0.4349
vn 0.7561 -0.5490 -0.3562
vn 0.1287 -0.5442 -0.8291
vn 0.1215 -0.5408 -0.8323
vn 0.1262 -0.5360 -0.8347
vn 0.7343 -0.5795 -0.3535
vn 0.9591 0.0199 0.2824
vn 0.6151 0.2063 0.7610
vn 0.6062 0.2019 0.7693
vn 0.6221 0.2168 0.7523
vn -0.1370 -0.2481 0.9590
vn -0.1550 -0.2416 0.9579
vn -0.1544 -0.2512 0.9555
vn -0.2400 -0.5316 0.8123
vn -0.2749 -0.5277 0.8037
vn -0.2649 -0.5461 0.7947
vn -0.4769 0.2523 0.8420
vn -0.4775 0.2619 0.8387
vn -0.4941 0.2560 0.8309
vn -0.8810 -0.2842 0.3782
vn -0.9333 -0.2238 0.2810
vn -0.8841 -0.2766 0.3766
vn -0.9371 -0.2128 0.2766
vn -0.9818 -0.0130 0.1894
vn -0.9835 0.0035 0.1808
vn -0.9826 0.1119 0.1484
vn -0.7979 -0.3951 -0.4552
vn -0.9001 -0.2382 -0.3648
vn -0.9214 -0.2392 -0.3062
vn -0.7427 -0.3967 -0.5395
vn 0.1010 -0.4908 -0.8654
vn 0.0962 -0.4135 -0.9054
vn 0.0698 -0.4166 -0.9064
vn 0.1033 -0.4829 -0.8696
vn 0.0893 -0.5141 -0.8531
vn -0.5414 -0.5207 -0.6601
vn -0.5432 -0.8316 -0.1155
vn -0.4894 -0.8709 -0.0456
vn -0.0360 -0.9897 -0.1382
vn -0.0214 -0.9937 -0.1097
vn -0.0552 -0.9905 -0.1260
vn -0.4679 -0.4466 -0.7627
vn -0.4217 -0.4605 -0.7811
vn -0.1858 -0.4091 -0.8934
vn -0.1746 -0.3950 -0.9019
vn -0.3707 -0.1313 -0.9194
vn -0.3285 -0.1078 -0.9383
vn -0.5623 -0.0310 -0.8264
vn -0.8926 -0.4029 -0.2025
vn -0.9000 -0.3882 -0.1983
vn -0.8970 -0.3860 -0.2155
vn -0.8135 0.2178 0.5392
vn -0.8125 0.2201 0.5398
vn -0.8168 0.2380 0.5255
vn -0.6901 -0.0419 -0.7225
vn -0.9695 0.2417 -0.0417
vn -0.9225 0.3842 -0.0372
vn -0.9809 0.1946 0.0049
vn -0.9815 0.1164 -0.1519
vn -0.9651 0.1477 -0.2160
vn -0.9159 -0.3984 -0.0486
vn -0.9459 -0.3244 -0.0113
vn -0.9613 -0.2523 0.1106
vn -0.9682 -0.1864 0.1667
vn -0.2318 -0.8279 0.5107
vn -0.2406 -0.8561 0.4573
vn -0.1481 -0.8935 0.4239
vn -0.4934 -0.4560 -0.7406
vn -0.5047 -0.4478 -0.7381
vn -0.4961 -0.2863 -0.8197
vn -0.5115 -0.3018 -0.8045
vn -0.2133 -0.2614 -0.9414
vn -0.2059 -0.2763 -0.9388
vn -0.2272 -0.2665 -0.9367
vn -0.7690 -0.4764 -0.4263
vn -0.7821 -0.4839 -0.3926
vn -0.7880 -0.4742 -0.3927
vn -0.9823 0.1821 0.0430
vn -0.9832 0.1597 0.0880
vn -0.9851 0.1411 0.0979
vn -0.9778 0.2079 0.0269
vn -0.9976 0.0429 0.0546
vn -0.6056 0.0336 -0.7951
vn -0.5340 0.1994 -0.8217
vn -0.6519 -0.0082 -0.7583
vn -0.9999 0.0048 0.0098
vn -0.9019 0.1680 0.3979
vn -0.9616 -0.0126 0.2743
vn -0.7718 -0.6039 0.1992
vn -0.7838 -0.6102 0.1151
vn -0.7487 -0.6473 0.1431
vn -0.3698 -0.7904 0.4884
vn -0.3944 -0.8140 0.4264
vn -0.3191 -0.8320 0.4538
vn -0.7919 -0.5816 -0.1858
vn -0.4787 -0.5087 -0.7155
vn 0.6429 -0.5119 -0.5698
vn 0.6426 -0.5071 -0.5744
vn 0.6457 -0.4903 -0.5854
vn 0.3336 0.8743 0.3527
vn 0.4383 0.8378 0.3256
vn 0.2260 0.9092 0.3497
vn 0.3165 0.5101 0.7997
vn 0.3352 0.5156 0.7885
vn 0.3429 0.5346 0.7724
vn -0.9829 -0.1827 -0.0215
vn -0.9820 -0.1886 -0.0132
vn -0.9838 -0.1787 -0.0167
vn -0.8992 0.3263 0.2916
vn -0.8888 0.3193 0.3287
vn -0.8893 0.3256 0.3211
vn -0.2914 0.8576 0.4238
vn 0.1174 0.8089 0.5761
vn -0.2146 0.8709 0.4422
vn -0.0126 0.8587 0.5123
vn -0.7438 -0.0791 0.6637
vn -0.7209 -0.0764 0.6889
vn -0.7591 -0.0334 0.6502
vn -0.3037 0.3648 0.8802
vn -0.2979 0.3599 0.8841
vn -0.3025 0.3684 0.8791
vn 0.7241 -0.5159 0.4578
vn 0.6877 -0.6082 0.3964
vn 0.6209 -0.7123 0.3272
vn 0.6009 -0.7575 0.2552
vn 0.9893 0.1375 -0.0483
vn 0.9901 0.1287 -0.0569
vn 0.9729 0.2216 -0.0663
vn 0.9814 -0.0436 -0.1870
vn 0.8424 0.5015 0.1972
vn 0.8140 0.5435 0.2050
vn 0.3121 0.7010 0.6413
vn 0.2312 0.9725 -0.0300
vn 0.2945 0.9547 -0.0431
vn 0.2487 0.9675 -0.0460
vn 0.3475 -0.6209 0.7027
vn 0.4815 -0.4328 0.7622
vn 0.8665 -0.3749 -0.3295
vn 0.8713 -0.3694 -0.3232
vn 0.8676 -0.3770 -0.3242
vn -0.2550 0.0017 0.9669
vn 0.2210 0.1243 0.9673
vn 0.9900 0.1404 -0.0163
vn 0.5872 0.0947 0.8039
vn 0.9047 0.1067 0.4124
vn 0.8819 0.0896 -0.4628
vn 0.7523 -0.0446 -0.6573
vn 0.6435 -0.0649 -0.7627
vn 0.1448 -0.5083 -0.8489
vn 0.3551 -0.1290 -0.9259
vn -0.1754 -0.3656 -0.9141
vn -0.4304 -0.6218 -0.6544
vn -0.4426 -0.8232 -0.3555
vn -0.8786 -0.3829 -0.2853
vn -0.2179 -0.7565 -0.6167
vn -0.1193 -0.7336 -0.6690
vn -0.7270 -0.1078 -0.6781
vn -0.0630 -0.1013 -0.9929
vn -0.3169 -0.1035 -0.9428
vn 0.4885 -0.1026 -0.8665
vn 0.9781 -0.0034 -0.2079
vn 0.8323 -0.0246 -0.5537
vn 0.9832 -0.0003 0.1826
vn 0.0174 0.0255 0.9995
vn 0.8138 -0.0629 0.5778
vn 0.3943 -0.1255 0.9104
vn -0.5937 -0.1670 -0.7872
vn -0.7395 -0.1215 -0.6621
vn -0.0618 -0.1318 -0.9893
vn -0.3729 -0.1492 -0.9158
vn 0.9566 -0.0677 -0.2834
vn 0.6156 -0.0074 -0.7881
vn 0.1521 -0.0232 -0.9881
vn -0.7484 -0.1168 -0.6529
vn -0.9062 -0.2328 -0.3529
vn -0.9052 -0.2234 -0.3615
vn -0.7499 0.1690 -0.6396
vn -0.2894 0.2241 -0.9306
vn 0.4241 0.2477 -0.8711
vn -0.2860 -0.0055 -0.9582
vn 0.8235 0.1926 -0.5337
vn 0.9877 0.1560 0.0095
vn 0.9449 -0.0669 0.3204
vn 0.6756 0.2901 -0.6778
vn 0.9467 0.1435 -0.2884
vn 0.9718 0.0665 0.2262
vn 0.8232 -0.0118 0.5676
vn 0.7460 0.0538 0.6638
vn 0.4310 -0.0769 0.8991
vn 0.6038 -0.0738 0.7937
vn 0.8225 -0.0916 0.5614
vn 0.5234 -0.2055 0.8270
vn 0.2597 -0.2744 0.9259
vn -0.2963 -0.3268 0.8975
vn -0.3553 -0.1651 0.9201
vn 0.1320 -0.1345 0.9821
vn -0.2371 -0.2841 0.9290
vn -0.2227 -0.2300 0.9474
vn -0.4451 -0.1952 0.8740
vn -0.2452 -0.3214 0.9146
vn -0.1984 -0.4134 0.8887
vn -0.1007 -0.1145 0.9883
vn 0.8273 -0.1832 0.5311
vn 0.5767 -0.1724 0.7986
vn -0.2118 -0.0698 0.9748
vn -0.2212 -0.0975 0.9704
vn -0.5275 0.2401 0.8149
vn -0.4275 0.0523 0.9025
vn -0.5057 0.2324 0.8308
vn -0.6896 -0.4310 0.5820
vn -0.6849 -0.4310 0.5875
vn -0.6881 -0.4264 0.5871
vn -0.4127 0.0512 0.9094
vn 0.2417 0.3257 0.9140
vn -0.6358 0.4061 0.6564
vn -0.6392 0.4140 0.6481
vn -0.6449 0.4130 0.6431
vn -0.7113 0.5096 0.4841
vn -0.6666 0.7087 0.2309
vn -0.8488 0.3997 -0.3461
vn -0.8407 0.4552 -0.2932
vn -0.8439 0.4417 -0.3045
vn -0.8014 0.3684 -0.4713
vn -0.8196 0.3778 -0.4307
vn -0.5634 0.7685 0.3032
vn 0.1804 0.8213 0.5412
vn -0.7441 -0.2555 0.6173
vn -0.6406 -0.0717 0.7646
vn -0.7261 -0.1718 0.6658
vn -0.7717 -0.2830 0.5695
vn -0.9961 -0.0872 -0.0118
vn -0.9255 -0.3275 -0.1902
vn -0.9335 -0.3175 -0.1665
vn -0.6659 -0.4078 0.6247
vn -0.6045 -0.4347 0.6675
vn -0.6986 -0.3743 0.6098
vn -0.5282 0.2216 0.8197
vn -0.5162 0.0608 0.8543
vn -0.5164 0.2830 0.8082
vn -0.5284 0.0505 0.8475
vn 0.1177 0.2178 0.9689
vn -0.3885 0.4444 0.8072
vn -0.5144 0.4720 0.7160
vn -0.9749 0.2117 0.0696
vn -0.7886 0.6138 0.0360
vn -0.8699 0.4138 0.2684
vn -0.8363 0.5169 0.1828
vn -0.1832 0.6481 0.7392
vn -0.4617 0.4082 0.7875
vn -0.6691 -0.2383 0.7039
vn -0.8870 -0.1510 0.4364
vn -0.7521 -0.2185 0.6218
vn -0.3589 -0.7678 0.5307
vn -0.3511 -0.7856 0.5095
vn -0.2883 -0.7918 0.5384
vn -0.9302 -0.0188 0.3666
vn -0.9872 0.0530 0.1504
vn -0.4744 0.4205 0.7734
vn -0.4972 0.3498 0.7940
vn -0.8868 -0.2360 -0.3973
vn -0.8840 -0.2340 -0.4048
vn -0.8832 -0.2425 -0.4013
vn -0.1082 -0.9386 0.3276
vn -0.7735 -0.3370 0.5368
vn 0.8359 0.0124 0.5487
vn 0.8390 0.0113 0.5440
vn 0.6607 -0.7202 -0.2118
vn 0.7797 -0.6188 -0.0954
vn 0.7233 -0.6906 0.0009
vn 0.6831 -0.7027 -0.1989
vn 0.6271 -0.7781 -0.0364
vn 0.0427 -0.9891 -0.1407
vn 0.0537 -0.9912 -0.1208
vn 0.0362 -0.9945 -0.0988
vn 0.6078 -0.7729 -0.1821
vn 0.7923 -0.5820 -0.1832
vn 0.4770 -0.8774 -0.0512
vn 0.5333 -0.8381 -0.1147
vn 0.5417 -0.5218 -0.6590
vn 0.4895 -0.4967 -0.7167
vn 0.9390 -0.2091 0.2729
vn 0.8805 -0.2872 0.3772
vn 0.8838 -0.2768 0.3771
vn 0.4414 0.2975 0.8466
vn 0.4588 0.3002 0.8363
vn 0.4411 0.3047 0.8442
vn 0.1566 -0.1709 0.9728
vn 0.1402 -0.1782 0.9740
vn 0.1578 -0.1810 0.9707
vn 0.1990 -0.5320 0.8230
vn 0.1680 -0.5492 0.8186
vn 0.2012 -0.5505 0.8102
vn -0.9284 0.0909 0.3603
vn -0.9647 0.0914 0.2471
vn -0.9146 0.1101 0.3890
vn -0.9770 0.0894 0.1938
vn -0.9899 -0.1033 -0.0969
vn -0.9806 -0.1460 -0.1304
vn -0.6111 -0.3467 0.7116
vn -0.6134 -0.3497 0.7081
vn -0.6224 -0.3960 0.6751
vn -0.4761 -0.5731 -0.6670
vn -0.5933 -0.4631 -0.6584
vn -0.6246 -0.4765 -0.6187
vn -0.8346 -0.3893 -0.3896
vn -0.8331 -0.3752 -0.4063
vn -0.8329 -0.3916 -0.3911
vn -0.0458 -0.9966 -0.0688
vn 0.1125 -0.9936 -0.0125
vn 0.3247 -0.9418 0.0869
vn 0.2771 -0.9590 -0.0594
vn -0.2697 -0.7571 0.5950
vn -0.2560 -0.7427 0.6188
vn -0.2707 -0.7395 0.6163
vn 0.7191 -0.6535 -0.2365
vn 0.5162 -0.8533 -0.0733
vn 0.1454 -0.8981 -0.4151
vn 0.6049 -0.7961 -0.0181
vn -0.0895 0.9023 0.4218
vn -0.9452 0.3232 0.0464
vn -0.5609 -0.7387 0.3738
vn -0.5380 -0.7439 0.3964
vn -0.5413 -0.7290 0.4189
vn -0.3032 0.1268 -0.9444
vn -0.3563 0.1414 -0.9236
vn -0.3505 0.1159 -0.9294
vn -0.2895 0.1343 -0.9477
vn 0.3832 0.1759 -0.9068
vn 0.3780 0.1050 -0.9198
vn 0.3730 0.1414 -0.9170
vn 0.8648 0.0618 -0.4984
vn 0.9510 0.0598 -0.3035
vn 0.7741 -0.1169 -0.6222
vn 0.9353 0.0991 -0.3398
vn 0.9922 0.0359 -0.1193
vn 0.9993 0.0214 0.0321
vn 0.9236 -0.0335 -0.3818
vn 0.9869 -0.0746 -0.1427
vn 0.8296 0.1511 -0.5375
vn -0.8975 0.0678 -0.4357
vn -0.9901 0.1267 -0.0607
vn -0.9899 0.1410 -0.0149
vn -0.1442 -0.0664 0.9873
vn -0.5218 -0.4159 0.7448
vn 0.2026 -0.4107 0.8890
vn 0.2448 -0.3336 0.9104
vn -0.8715 -0.3698 -0.3222
vn -0.8708 -0.3659 -0.3282
vn -0.8676 -0.3772 -0.3241
vn -0.9070 0.1071 0.4073
vn 0.7166 0.3981 0.5727
vn 0.7139 0.3807 0.5878
vn 0.7209 0.3929 0.5710
vn -0.6562 0.1706 0.7350
vn -0.5549 0.2876 0.7806
vn -0.6068 0.3890 0.6932
vn -0.5352 0.3907 0.7489
vn -0.6152 0.4686 0.6340
vn -0.2559 0.2387 0.9368
vn -0.0082 0.8305 0.5569
vn 0.0591 0.8165 0.5742
vn 0.0239 0.8428 0.5377
vn 0.6166 -0.2778 0.7367
vn 0.5931 -0.3064 0.7446
vn 0.6071 -0.3597 0.7085
vn -0.6741 0.0001 0.7387
vn -0.6236 -0.1706 0.7629
vn 0.5262 0.7166 0.4577
vn 0.7717 0.6348 -0.0405
vn -0.9386 0.2812 0.2001
vn -0.9890 0.0209 0.1461
vn -0.9846 0.0695 0.1605
vn -0.5548 0.6780 0.4822
vn -0.5478 0.6804 0.4868
vn -0.5505 0.6837 0.4791
vn -0.9196 0.3354 0.2046
vn -0.7178 0.0360 0.6953
vn -0.5888 0.2115 0.7801
vn -0.6456 0.1283 0.7528
vn -0.4801 0.2870 0.8289
vn 0.5571 -0.0271 0.8300
vn 0.5596 -0.0089 0.8287
vn 0.5306 -0.0161 0.8475
vn 0.6017 -0.7230 0.3394
vn 0.5688 -0.7527 0.3314
vn 0.6178 -0.7181 0.3204
vn 0.9864 -0.1561 0.0515
vn 0.9581 -0.2832 0.0431
vn 0.9957 0.0321 -0.0865
vn 0.9875 0.0578 -0.1466
vn 0.9688 0.1256 -0.2138
vn 0.9945 0.0973 0.0389
vn 0.9818 0.1497 0.1166
vn -0.9251 0.0136 -0.3795
vn -0.9869 0.0122 -0.1611
vn -0.9748 0.1359 0.1770
vn 0.9504 0.0738 0.3021
vn -0.0485 0.9918 0.1178
vn 0.1526 0.9751 0.1611
vn 0.1057 0.9819 0.1572
vn 0.2782 0.9433 0.1810
vn 0.2485 0.6370 0.7298
vn 0.2099 0.6322 0.7458
vn 0.2628 0.6223 0.7373
vn 0.2663 0.6270 0.7321
vn 0.3354 0.9357 -0.1090
vn 0.3776 0.9170 -0.1282
vn 0.3691 0.9182 -0.1437
vn -0.0678 -0.3538 -0.9328
vn -0.1399 -0.3541 -0.9247
vn -0.7176 -0.5400 -0.4398
vn -0.7244 -0.5140 -0.4594
vn -0.7048 -0.5356 -0.4653
vn -0.8976 0.2162 -0.3843
vn -0.9552 0.1897 -0.2272
vn -0.9778 0.1690 -0.1238
vn -0.8394 0.2365 -0.4893
vn 0.9393 0.2011 -0.2780
vn 0.8617 0.4372 -0.2577
vn 0.9504 0.1544 -0.2699
vn 0.9787 -0.0072 -0.2054
vn 0.9241 0.1024 -0.3681
vn 0.7227 -0.6902 -0.0369
vn 0.8291 -0.5214 -0.2016
vn 0.8665 -0.4227 -0.2656
vn 0.6876 -0.7260 -0.0108
vn 0.6744 -0.7383 0.0111
vn 0.6758 0.7328 0.0795
vn 0.6693 0.6634 0.3346
vn 0.6871 0.6848 0.2428
vn -0.1242 0.9916 0.0357
vn -0.1136 0.9935 0.0126
vn -0.1228 0.9924 0.0056
vn 0.5207 0.6403 0.5646
vn 0.3300 0.7707 0.5450
vn 0.3328 0.7804 0.5294
vn 0.3147 0.7793 0.5419
vn -0.6822 0.6185 0.3899
vn -0.6775 0.6261 0.3860
vn -0.6798 0.6295 0.3765
vn 0.4323 0.6374 0.6379
vn -0.9580 0.1585 0.2388
vn -0.7948 -0.5970 0.1090
vn -0.7931 -0.5993 0.1090
vn -0.7965 -0.5932 0.1170
vn 0.4789 -0.2565 0.8396
vn 0.5083 -0.2369 0.8280
vn 0.5065 -0.2135 0.8354
vn -0.2581 -0.8428 0.4724
vn -0.2983 -0.8248 0.4803
vn -0.3278 -0.8214 0.4668
vn -0.9694 -0.1377 0.2030
vn -0.9716 -0.1455 0.1867
vn -0.9679 -0.1593 0.1942
vn -0.7750 -0.4808 -0.4101
vn -0.7610 -0.5629 -0.3225
vn -0.8163 -0.3797 -0.4352
vn -0.6338 -0.7098 -0.3074
vn 0.4604 0.3058 0.8334
vn 0.5201 0.2402 0.8196
vn 0.5074 0.3218 0.7994
vn 0.1756 -0.9190 -0.3530
vn 0.2217 -0.8913 -0.3954
vn 0.1879 -0.8927 -0.4095
vn 0.6851 -0.7261 0.0582
vn 0.6786 -0.7345 -0.0051
vn 0.7286 -0.6837 0.0410
vn 0.5224 -0.8196 -0.2354
vn 0.4419 -0.8410 -0.3121
vn -0.0404 -0.7924 0.6087
vn -0.0095 -0.7634 0.6458
vn -0.0095 -0.7465 0.6653
vn 0.4099 -0.8303 0.3775
vn 0.2413 -0.9128 0.3296
vn 0.3579 -0.8636 0.3552
vn -0.4328 -0.2300 0.8717
vn -0.3886 -0.3318 0.8596
vn -0.3991 -0.2331 0.8868
vn -0.7440 -0.6266 -0.2321
vn -0.7426 -0.6258 -0.2384
vn -0.7403 -0.6308 -0.2324
vn -0.7449 -0.6232 -0.2382
vn -0.7704 -0.5605 0.3040
vn -0.7836 -0.5510 0.2871
vn -0.7705 -0.5832 0.2574
vn 0.2142 -0.8524 -0.4770
vn 0.2897 -0.9250 -0.2458
vn 0.2398 -0.9172 -0.3181
vn 0.2919 -0.6891 -0.6633
vn 0.2072 -0.8109 -0.5473
vn 0.4813 -0.8715 0.0943
vn 0.5229 -0.8510 0.0495
vn 0.5180 -0.8512 0.0846
vn 0.8232 0.3218 0.4677
vn 0.8373 0.2749 0.4725
vn 0.8604 0.2976 0.4138
vn -0.8568 -0.5023 -0.1164
vn -0.9305 -0.3537 -0.0953
vn -0.9091 -0.4046 -0.0987
vn -0.8106 -0.5731 -0.1206
vn -0.1509 -0.8267 -0.5420
vn -0.1465 -0.8357 -0.5293
vn -0.1608 -0.8325 -0.5301
vn 0.4386 -0.8783 -0.1904
vn 0.4690 -0.8743 -0.1249
vn 0.4103 -0.8707 -0.2713
vn 0.4861 -0.8722 -0.0540
vn -0.1396 -0.9667 0.2143
vn -0.1421 -0.9614 0.2358
vn -0.1762 -0.9596 0.2193
vn 0.5787 -0.8014 -0.1513
vn 0.5551 -0.8072 -0.2008
vn 0.2976 -0.9530 0.0562
vn 0.1983 -0.9766 -0.0838
vn 0.9462 -0.1994 -0.2549
vn 0.9439 -0.2018 -0.2615
vn 0.9413 -0.2026 -0.2700
vn 0.5861 -0.5112 -0.6286
vn 0.6029 -0.7488 -0.2752
vn 0.6325 -0.6139 -0.4723
vn 0.6751 -0.6849 -0.2740
vn 0.7675 -0.4909 -0.4123
vn 0.9771 0.1292 -0.1692
vn 0.9659 -0.1046 -0.2370
vn 0.9397 -0.2224 -0.2599
vn 0.9294 -0.2575 -0.2644
vn 0.4384 -0.8850 -0.1569
vn 0.4566 -0.8758 -0.1565
vn 0.6812 0.1774 -0.7103
vn 0.6924 0.1382 -0.7082
vn 0.6679 0.1363 -0.7317
vn 0.1502 -0.6741 -0.7232
vn 0.1955 -0.5713 -0.7971
vn 0.1443 -0.5910 -0.7936
vn 0.1598 -0.5319 -0.8316
vn -0.3427 -0.0249 -0.9391
vn -0.4011 0.0162 -0.9159
vn -0.3525 0.0228 -0.9355
vn -0.9660 -0.2455 -0.0806
vn -0.9403 -0.2986 0.1631
vn -0.8944 -0.3734 -0.2463
vn -0.8765 -0.3989 -0.2695
vn -0.9013 -0.3609 0.2396
vn -0.6867 -0.7240 0.0654
vn -0.6802 -0.7300 0.0668
vn -0.6838 -0.7265 0.0680
vn -0.4600 -0.7492 -0.4765
vn -0.1812 -0.8951 -0.4074
vn -0.1661 -0.9780 -0.1266
vn -0.9058 -0.3447 -0.2465
vn -0.9033 -0.3479 -0.2510
vn -0.9065 -0.3568 -0.2257
vn -0.1031 -0.9807 0.1662
vn -0.3811 -0.9091 0.1686
vn -0.4074 -0.8928 0.1921
vn -0.8353 -0.5497 -0.0104
vn -0.8142 -0.5783 0.0511
vn -0.7063 -0.6923 0.1479
vn -0.6550 -0.7202 0.2287
vn 0.2267 -0.5981 0.7687
vn 0.2410 -0.5953 0.7665
vn 0.2047 -0.5679 0.7972
vn 0.9794 -0.0877 0.1822
vn 0.9729 -0.1100 0.2033
vn 0.9761 -0.1335 0.1715
vn -0.1378 -0.9766 0.1649
vn -0.0639 -0.9784 0.1966
vn -0.0496 -0.9964 0.0685
vn 0.0040 -0.9869 0.1612
vn 0.8065 -0.5483 -0.2210
vn 0.7785 -0.6271 -0.0278
vn 0.8164 -0.5083 -0.2741
vn 0.8686 -0.2872 -0.4038
vn 0.8033 -0.3264 -0.4981
vn 0.9480 -0.1194 -0.2949
vn -0.0455 -0.9963 -0.0733
vn -0.4076 -0.7958 -0.4479
vn -0.4044 -0.8024 -0.4389
vn -0.4232 -0.7916 -0.4407
vn -0.3222 0.2227 0.9201
vn -0.4039 0.1499 0.9024
vn -0.3515 0.1781 0.9191
vn -0.0374 -0.1822 0.9825
vn -0.0859 -0.2119 0.9735
vn 0.0404 -0.2961 0.9543
vn -0.6282 -0.6873 -0.3647
vn -0.7884 -0.5959 -0.1530
vn -0.7240 -0.6512 -0.2274
vn -0.8024 -0.5885 -0.0994
vn 0.0814 -0.3675 0.9264
vn 0.1049 -0.3611 0.9266
vn 0.0484 -0.3610 0.9313
vn 0.0146 -0.9441 0.3292
vn 0.0262 -0.9440 0.3289
vn 0.0260 -0.9403 0.3393
vn 0.5235 -0.7664 -0.3723
vn 0.5262 -0.8042 -0.2763
vn 0.5396 -0.8362 -0.0983
vn 0.4766 -0.7285 -0.4921
vn 0.4322 -0.7245 -0.5369
vn -0.1491 -0.1498 0.9774
vn 0.5408 -0.5535 0.6333
vn 0.3555 -0.7752 0.5222
vn 0.9604 0.1848 0.2087
vn 0.9668 0.1057 0.2325
vn 0.9735 0.1779 0.1436
vn -0.0902 -0.9942 -0.0580
vn 0.3105 -0.8740 0.3737
vn -0.2715 -0.9562 0.1092
vn -0.2814 -0.9408 0.1891
vn -0.2287 -0.9734 -0.0167
vn -0.4113 -0.8773 0.2474
vn -0.0581 -0.9218 -0.3832
vn -0.3490 -0.9296 0.1181
vn -0.2931 -0.9545 -0.0547
vn 0.0096 -0.2205 0.9753
vn 0.0055 -0.1748 0.9846
vn -0.0142 -0.2034 0.9790
vn -0.9385 0.1037 0.3295
vn -0.9423 0.1314 0.3080
vn -0.9456 0.0804 0.3153
vn -0.1203 -0.6283 -0.7686
vn -0.3798 -0.6084 -0.6968
vn -0.2353 -0.6854 -0.6891
vn 0.7241 -0.4067 -0.5571
vn 0.7613 -0.3886 -0.5190
vn 0.7660 -0.3847 -0.5150
vn 0.2267 -0.9572 -0.1802
vn 0.0098 -0.9622 -0.2723
vn 0.0898 -0.9746 -0.2051
vn -0.1168 -0.9549 -0.2730
vn -0.6927 0.1383 -0.7079
vn -0.6403 0.1629 -0.7507
vn -0.6682 0.1365 -0.7314
vn -0.9771 0.1292 -0.1692
vn -0.9394 -0.2222 -0.2610
vn -0.6841 -0.6702 -0.2877
vn -0.7115 -0.6655 -0.2256
vn -0.7894 -0.4618 -0.4045
vn -0.8048 -0.4195 -0.4198
vn -0.8958 -0.1390 -0.4222
vn -0.9249 -0.0800 -0.3718
vn -0.9684 -0.0500 -0.2443
vn -0.5240 -0.8459 -0.0993
vn -0.3234 -0.9287 -0.1816
vn -0.3067 -0.9504 -0.0513
vn -0.1918 -0.9727 -0.1306
vn -0.3423 -0.9238 -0.1716
vn -0.2577 -0.9434 -0.2087
vn 0.9326 -0.3494 -0.0909
vn 0.9181 -0.3756 -0.1267
vn 0.8721 -0.4443 -0.2053
vn 0.8458 -0.4705 -0.2514
vn -0.3892 -0.9108 0.1381
vn -0.4183 -0.9045 0.0831
vn -0.3618 -0.9241 0.1235
vn -0.3317 -0.9221 -0.1992
vn -0.3504 -0.9224 -0.1622
vn 0.1693 -0.9628 0.2106
vn 0.1919 -0.9580 0.2130
vn 0.1757 -0.9594 0.2208
vn -0.8238 0.3488 0.4468
vn -0.7922 0.3190 0.5203
vn -0.7914 0.3493 0.5016
vn -0.2957 -0.8745 0.3845
vn -0.4182 -0.8391 0.3478
vn -0.1899 -0.9185 0.3468
vn -0.5147 -0.7650 -0.3871
vn -0.4633 -0.7556 -0.4630
vn -0.6492 -0.7416 -0.1691
vn -0.6680 -0.7386 -0.0907
vn 0.2222 -0.9604 0.1679
vn 0.2799 -0.9451 0.1686
vn 0.2403 -0.9514 0.1927
vn 0.8467 -0.4779 -0.2339
vn 0.8451 -0.4789 -0.2376
vn 0.8188 -0.5015 -0.2794
vn 0.7798 -0.5196 -0.3492
vn -0.3960 0.1644 0.9034
vn -0.3681 0.2461 0.8966
vn -0.4166 0.2625 0.8704
vn 0.0619 -0.7125 -0.6989
vn 0.0637 -0.7105 -0.7008
vn 0.0644 -0.7121 -0.6991
vn -0.4972 -0.7907 0.3572
vn 0.2465 -0.9669 0.0652
vn 0.4365 -0.8470 -0.3035
vn 0.0648 -0.9960 -0.0608
vn 0.0351 -0.9991 0.0226
vn 0.0801 -0.9955 0.0506
vn 0.1778 -0.9839 0.0187
vn -0.4688 -0.8671 -0.1683
vn -0.0772 -0.7124 -0.6975
vn -0.1392 -0.6597 -0.7386
vn 0.0089 -0.7833 -0.6215
vn -0.1343 -0.6179 -0.7747
vn -0.1806 -0.5138 -0.8387
vn 0.3573 0.2165 -0.9086
vn 0.2947 0.1804 -0.9384
vn 0.3087 0.2243 -0.9243
vn 0.7921 -0.3740 -0.4824
vn 0.6101 -0.7586 -0.2286
vn 0.7637 -0.4551 -0.4578
vn 0.4356 -0.8820 -0.1799
vn 0.5265 -0.8097 -0.2593
vn 0.5185 -0.8301 0.2053
vn 0.7074 -0.6269 0.3266
vn 0.7914 -0.5531 0.2604
vn 0.8092 -0.5330 0.2473
vn 0.9709 0.1677 -0.1709
vn 0.9659 0.1576 -0.2056
vn 0.9671 0.1876 -0.1721
vn 0.5162 -0.7082 -0.4817
vn 0.9008 -0.3520 -0.2542
vn 0.9054 -0.3461 -0.2458
vn 0.9041 -0.3610 -0.2289
vn 0.5206 -0.8505 0.0752
vn 0.2065 -0.9765 0.0619
vn 0.1028 -0.9906 -0.0902
vn 0.8329 -0.5009 0.2354
vn 0.8470 -0.5113 0.1451
vn 0.7948 -0.4341 0.4240
vn 0.8295 -0.5557 -0.0561
vn 0.2692 -0.9515 0.1490
vn 0.4381 -0.8913 0.1171
vn 0.2393 -0.9617 0.1340
vn -0.2434 -0.5899 0.7699
vn -0.2294 -0.5911 0.7733
vn -0.2192 -0.5562 0.8017
vn -0.9717 -0.1193 0.2038
vn -0.9801 -0.1003 0.1713
vn -0.9747 -0.1424 0.1722
vn 0.1360 -0.9767 0.1660
vn 0.1997 -0.9708 0.1330
vn -0.7729 -0.6340 -0.0261
vn -0.7977 -0.5603 -0.2230
vn -0.7886 -0.5580 -0.2584
vn 0.0012 -0.9044 -0.4267
vn -0.0141 -0.9138 -0.4059
vn -0.0185 -0.9081 -0.4184
vn -0.8143 -0.3065 -0.4929
vn -0.8281 -0.1598 -0.5373
vn -0.2582 -0.3961 0.8812
vn -0.1567 -0.6177 0.7707
vn 0.0821 -0.2764 0.9575
vn -0.2184 -0.5035 0.8359
vn -0.1693 -0.6949 0.6989
vn 0.8689 -0.4524 0.2008
vn 0.8501 -0.5212 -0.0755
vn 0.8698 -0.4887 0.0673
vn 0.8459 -0.4412 0.2997
vn 0.0250 -0.8900 0.4553
vn 0.0099 -0.8839 0.4677
vn 0.0134 -0.8898 0.4562
vn -0.3077 -0.9341 -0.1808
vn -0.3232 -0.9457 0.0338
vn -0.3082 -0.9337 -0.1820
vn -0.3609 -0.8570 -0.3678
vn -0.3474 -0.8759 -0.3348
vn -0.4773 0.4408 0.7602
vn -0.5918 0.4550 0.6654
vn -0.5220 0.4158 0.7447
vn 0.8224 -0.5656 -0.0613
vn 0.9474 -0.3175 -0.0398
vn 0.8650 -0.4988 -0.0551
vn 0.9781 -0.2065 -0.0246
vn -0.0912 -0.8587 -0.5043
vn -0.2745 -0.8990 -0.3413
vn -0.0923 -0.8633 -0.4962
vn -0.1724 -0.8995 -0.4016
vn -0.6686 -0.7378 0.0931
vn -0.6427 -0.7592 0.1025
vn -0.5814 -0.6332 0.5110
vn -0.6062 -0.6621 0.4406
vn -0.5370 -0.6322 0.5584
vn 0.3610 -0.8328 0.4198
vn 0.3353 -0.8552 0.3952
vn 0.3818 -0.8347 0.3968
vn 0.3758 -0.7947 -0.4767
vn 0.3815 -0.7830 -0.4913
vn 0.3991 -0.7890 -0.4672
vn -0.3752 -0.9027 -0.2105
vn 0.0646 -0.8605 0.5053
vn 0.1196 -0.8439 0.5230
vn 0.0708 -0.8288 0.5551
vn -0.0292 0.9996 0.0031
vn -0.0276 0.9994 0.0200
vn 0.0123 0.9995 0.0288
vn -0.2097 0.1041 0.9722
vn -0.2949 0.0781 0.9523
vn -0.2866 0.1598 0.9446
vn -0.3069 0.0106 0.9517
vn -0.8030 -0.2044 0.5598
vn -0.9779 0.0136 0.2087
vn -0.9849 -0.0434 0.1678
vn -0.9636 0.0950 -0.2500
vn -0.9422 0.0207 -0.3345
vn -0.0104 -0.8596 0.5109
vn 0.1274 -0.8717 0.4732
vn 0.2573 -0.8295 0.4956
vn -0.0877 -0.9958 -0.0271
vn -0.1601 -0.9262 0.3413
vn -0.1660 -0.9822 -0.0875
vn -0.1747 -0.9427 -0.2843
vn -0.3426 -0.8823 -0.3229
vn -0.8787 0.1433 -0.4554
vn -0.7580 0.0931 -0.6455
vn -0.1786 0.4316 -0.8842
vn -0.2112 0.3279 -0.9208
vn -0.0845 0.2190 -0.9721
vn -0.1474 0.2303 -0.9619
vn -0.2698 0.3481 -0.8978
vn -0.0843 0.9964 -0.0092
vn -0.2544 0.9664 -0.0375
vn -0.7696 0.1466 -0.6215
vn -0.6983 0.0889 -0.7103
vn -0.8408 0.0788 -0.5355
vn -0.6127 -0.7128 -0.3412
vn -0.6087 -0.0123 -0.7933
vn -0.4205 -0.0204 -0.9071
vn -0.3725 -0.0980 -0.9228
vn -0.0728 0.4837 -0.8722
vn -0.1362 0.4344 -0.8904
vn -0.1351 0.4259 -0.8946
vn -0.1216 0.4098 -0.9040
vn -0.1401 0.4263 -0.8937
vn -0.0284 0.5160 -0.8561
vn -0.1154 0.4507 -0.8852
vn 0.4515 0.8638 -0.2235
vn 0.4809 0.8700 0.1083
vn 0.4210 0.8044 -0.4192
vn 0.3411 0.8973 0.2801
vn 0.1276 0.6239 0.7710
vn 0.2479 0.7226 0.6453
vn 0.1986 0.5548 0.8080
vn 0.1883 0.4850 0.8540
vn 0.2571 0.5233 0.8125
vn 0.0122 0.4952 0.8687
vn 0.0235 0.5421 0.8400
vn -0.0137 0.5444 0.8387
vn -0.0212 0.4661 0.8845
vn 0.2023 0.6193 0.7587
vn 0.2473 0.8110 0.5303
vn 0.0798 0.4518 0.8885
vn -0.0425 0.5095 0.8594
vn 0.0049 0.5715 0.8206
vn -0.1603 0.4828 0.8609
vn -0.1961 0.6776 0.7088
vn -0.2780 0.4969 0.8221
vn -0.1921 0.5515 0.8117
vn -0.2049 0.7364 0.6448
vn -0.1200 0.6878 0.7159
vn -0.1312 0.6142 0.7782
vn -0.3942 0.8078 0.4383
vn -0.2293 0.8483 0.4774
vn -0.4278 0.3178 0.8461
vn -0.6386 0.4525 0.6225
vn -0.8364 0.5481 -0.0003
vn -0.5948 -0.0806 0.7998
vn -0.7162 0.0782 0.6935
vn -0.6949 -0.1071 0.7111
vn -0.5630 -0.1762 0.8074
vn -0.1496 0.1385 0.9790
vn -0.5455 -0.7829 0.2993
vn -0.6324 -0.5714 0.5230
vn -0.5845 -0.5936 0.5532
vn -0.0058 -0.1304 0.9914
vn 0.1051 -0.1070 0.9887
vn -0.1643 -0.4573 0.8740
vn -0.1783 -0.4493 0.8754
vn -0.1782 -0.4503 0.8749
vn 0.4717 -0.2550 0.8441
vn 0.3531 -0.4475 0.8216
vn -0.7097 -0.6183 0.3377
vn -0.7147 -0.6839 0.1465
vn -0.8162 -0.0068 0.5777
vn -0.9258 0.3292 0.1859
vn -0.9997 0.0147 0.0208
vn -0.8381 0.0062 0.5455
vn -0.9741 -0.2104 -0.0826
vn -0.7459 0.2756 -0.6064
vn -0.6653 0.7183 -0.2035
vn -0.5606 0.8256 -0.0638
vn -0.3661 0.7241 -0.5846
vn -0.4060 0.9087 -0.0968
vn -0.2222 0.5030 -0.8352
vn -0.4068 0.5576 -0.7236
vn -0.1522 0.5409 -0.8272
vn -0.3614 0.9160 0.1742
vn -0.4424 0.8563 -0.2666
vn 0.0001 0.4682 -0.8836
vn -0.3813 0.5614 -0.7344
vn -0.0337 0.4026 -0.9148
vn 0.0614 0.2845 -0.9567
vn -0.0107 0.3847 -0.9230
vn -0.0909 0.4778 -0.8738
vn 0.1243 0.2917 -0.9484
vn 0.0864 0.2584 -0.9622
vn 0.0206 0.2350 -0.9718
vn 0.3390 0.2199 -0.9147
vn 0.3471 0.2283 -0.9096
vn 0.3945 0.1971 -0.8975
vn 0.2830 0.2385 -0.9290
vn 0.1576 0.2619 -0.9521
vn 0.1161 0.2786 -0.9534
vn 0.1740 0.3113 -0.9343
vn 0.2700 0.2729 -0.9234
vn 0.0202 0.9998 0.0089
vn 0.0742 0.9859 0.1501
vn 0.0835 0.9919 0.0952
vn 0.0921 0.9956 -0.0191
vn -0.0224 0.9727 0.2310
vn 0.2853 0.8654 0.4119
vn 0.1235 0.3608 0.9244
vn 0.1457 0.3840 0.9118
vn 0.1203 0.4331 0.8933
vn 0.6197 -0.2534 0.7428
vn 0.5511 -0.1943 0.8115
vn 0.5386 -0.1126 0.8350
vn 0.5586 -0.1745 0.8108
vn 0.9996 -0.0176 0.0233
vn 0.9979 0.0522 0.0383
vn 0.9262 0.0392 0.3750
vn -0.2341 -0.9720 -0.0197
vn -0.2287 -0.9726 -0.0416
vn -0.2154 -0.9764 -0.0167
vn 0.3045 -0.9044 -0.2989
vn 0.3852 -0.8761 -0.2899
vn 0.2272 -0.9283 -0.2943
vn 0.3875 0.0072 -0.9218
vn 0.5638 0.0368 -0.8251
vn 0.4578 0.0053 -0.8890
vn 0.2706 -0.1155 -0.9557
vn 0.8105 -0.0753 -0.5808
vn 0.4549 -0.8263 -0.3321
vn 0.4928 -0.8021 -0.3373
vn 0.9821 0.0309 -0.1856
vn 0.3626 0.9216 -0.1383
vn 0.9640 0.1139 -0.2404
vn 0.8878 0.0273 -0.4594
vn 0.8877 0.0241 -0.4598
vn 0.8873 0.0317 -0.4602
vn 0.5843 -0.5502 -0.5965
vn 0.5793 -0.5484 -0.6030
vn 0.5823 -0.5418 -0.6062
vn -0.6054 0.0964 -0.7901
vn -0.6149 0.0936 -0.7830
vn -0.6058 0.1089 -0.7881
vn 0.9368 -0.0798 -0.3405
vn 0.8865 0.0991 -0.4521
vn 0.8970 0.1299 -0.4224
vn 0.9067 0.2425 -0.3452
vn 0.8807 0.2350 -0.4112
vn 0.9117 0.2422 -0.3320
vn 0.9462 0.2008 -0.2536
vn 0.9436 0.2079 -0.2576
vn 0.9449 0.2097 -0.2513
vn 0.8161 0.1362 -0.5616
vn 0.8201 0.1354 -0.5560
vn 0.8701 0.1307 -0.4751
vn 0.8926 0.1247 -0.4332
vn 0.3638 0.1596 0.9177
vn 0.3647 0.1791 0.9137
vn 0.4118 0.1647 0.8963
vn 0.9855 0.0897 0.1441
vn 0.9821 -0.1198 0.1451
vn 0.9904 0.1370 -0.0163
vn 0.6911 -0.7185 0.0778
vn 0.4596 -0.8805 -0.1162
vn 0.5059 -0.8540 -0.1216
vn 0.2228 -0.4053 0.8866
vn 0.1587 -0.4479 0.8799
vn 0.1559 -0.3627 0.9188
vn -0.5700 -0.3691 0.7340
vn -0.5477 -0.3739 0.7485
vn -0.5383 -0.3731 0.7557
vn -0.0971 -0.9682 0.2306
vn 0.1971 -0.9695 0.1455
vn -0.0231 -0.9777 0.2086
vn 0.2957 -0.9139 -0.2782
vn 0.2906 -0.9148 -0.2807
vn 0.2991 -0.9125 -0.2792
vn 0.3594 0.1558 0.9201
vn 0.0733 0.9394 0.3349
vn 0.1549 0.9539 0.2571
vn 0.0774 0.9400 0.3323
vn 0.1889 0.9542 0.2320
vn 0.2313 -0.6773 0.6984
vn -0.2823 -0.1777 0.9427
vn -0.2860 -0.1769 0.9418
vn -0.2811 -0.1800 0.9426
vn 0.0946 0.9753 0.1996
vn -0.2410 0.1170 0.9635
vn -0.2421 0.1188 0.9629
vn -0.2459 0.1169 0.9622
vn 0.1875 0.9821 0.0148
vn -0.1010 0.9074 0.4079
vn 0.0877 0.9021 0.4225
vn -0.0108 0.9119 0.4102
vn -0.1991 0.8714 0.4484
vn 0.2584 -0.3981 0.8802
vn 0.2674 -0.4271 0.8637
vn 0.2322 -0.3335 0.9137
vn 0.2827 -0.4623 0.8404
vn 0.7274 0.3261 0.6038
vn 0.5462 0.3155 0.7760
vn 0.4617 0.3350 0.8213
vn 0.8045 -0.3505 0.4794
vn 0.7456 0.1182 0.6558
vn 0.8310 -0.2696 0.4866
vn 0.8188 -0.1480 0.5547
vn 0.8456 -0.3161 0.4302
vn 0.1971 0.8209 0.5359
vn 0.1834 0.8240 0.5360
vn 0.2032 0.8196 0.5357
vn 0.2698 0.7885 0.5527
vn -0.4517 0.7805 0.4323
vn -0.7082 0.6129 -0.3504
vn -0.7190 0.6039 -0.3441
vn -0.7201 0.6100 -0.3306
vn 0.0677 -0.8849 0.4609
vn 0.0692 -0.8817 0.4666
vn 0.0607 -0.8817 0.4679
vn -0.2734 -0.9586 0.0799
vn -0.2763 -0.9581 0.0758
vn -0.2133 -0.9767 0.0258
vn 0.2040 0.1676 -0.9645
vn 0.1406 0.1932 -0.9710
vn 0.2887 0.1712 -0.9420
vn -0.1817 -0.9475 0.2630
vn -0.2795 -0.9568 0.0798
vn 0.4855 0.0572 0.8724
vn 0.6519 0.2544 0.7143
vn 0.5569 0.1352 0.8195
vn 0.6738 0.3061 0.6725
vn 0.0102 0.4690 0.8831
vn 0.0225 0.4680 0.8834
vn 0.0207 0.4837 0.8750
vn 0.2048 -0.9004 0.3838
vn 0.2747 -0.8331 0.4801
vn 0.1849 -0.9461 0.2660
vn 0.8413 0.2622 0.4727
vn 0.8845 0.0158 0.4662
vn -0.1144 -0.0013 0.9934
vn -0.1626 0.0747 0.9839
vn -0.0241 -0.1823 0.9829
vn 0.0962 0.6097 0.7868
vn 0.0716 0.6377 0.7670
vn 0.0748 0.6246 0.7773
vn -0.1669 -0.4137 0.8950
vn -0.7506 0.3566 0.5562
vn -0.7545 0.3900 0.5278
vn -0.6283 0.3663 0.6864
vn 0.7978 0.3365 0.5003
vn 0.5199 0.1203 0.8457
vn 0.7212 0.1635 0.6732
vn 0.8020 0.1228 0.5846
vn 0.5744 -0.1314 0.8080
vn 0.5748 -0.1115 0.8106
vn 0.5671 -0.1149 0.8156
vn 0.9938 -0.0687 0.0875
vn 0.9770 -0.0255 0.2116
vn 0.9687 -0.2421 0.0555
vn 0.9091 -0.1679 0.3812
vn 0.7007 -0.1730 0.6921
vn 0.8620 -0.4746 0.1783
vn 0.9815 -0.1855 -0.0472
vn 0.9925 -0.0747 0.0967
vn 0.9144 -0.3985 -0.0711
vn 0.9395 -0.3326 -0.0818
vn 0.6647 -0.1136 -0.7384
vn 0.6586 -0.0994 -0.7459
vn 0.6648 -0.0813 -0.7426
vn 0.8371 -0.4959 0.2311
vn 0.7530 -0.5582 0.3483
vn 0.7207 -0.6290 0.2916
vn 0.5536 0.1246 0.8234
vn 0.5624 -0.0643 0.8244
vn 0.6561 -0.1860 0.7314
vn 0.6107 -0.0478 0.7904
vn 0.4097 -0.8858 0.2179
vn 0.4209 -0.8833 0.2062
vn 0.4291 -0.4954 0.7553
vn 0.4053 0.2063 0.8906
vn 0.5101 0.6036 0.6128
vn 0.9644 0.1151 0.2381
vn 0.8818 0.4287 0.1966
vn 0.9628 -0.0615 0.2630
vn 0.9486 -0.0410 0.3137
vn 0.9361 0.2231 0.2719
vn 0.9235 0.0333 -0.3821
vn 0.9784 -0.0935 -0.1841
vn 0.9411 0.1301 -0.3122
vn 0.8733 0.2256 -0.4318
vn 0.2997 0.6124 0.7315
vn 0.3876 0.8554 0.3435
vn 0.4497 0.8555 -0.2567
vn 0.2846 0.7689 -0.5726
vn 0.2561 0.6389 -0.7254
vn 0.1498 0.6042 -0.7826
vn 0.0089 0.5042 -0.8635
vn -0.1059 0.4260 -0.8985
vn -0.0758 0.4035 -0.9118
vn -0.0786 0.4047 -0.9111
vn -0.0756 0.4437 -0.8930
vn -0.0707 0.4369 -0.8967
vn -0.0765 0.3772 -0.9230
vn -0.0765 0.3800 -0.9218
vn -0.0594 0.3690 -0.9275
vn -0.0682 0.4035 -0.9124
vn -0.0496 0.3477 -0.9363
vn 0.0322 0.6458 -0.7629
vn 0.6031 0.7847 -0.1436
vn 0.3797 0.5105 -0.7715
vn 0.6061 0.7756 -0.1763
vn 0.8504 0.0907 -0.5183
vn 0.6745 0.6743 -0.3006
vn 0.6951 0.5680 0.4407
vn 0.1453 0.4751 -0.8678
vn 0.1393 0.4811 -0.8655
vn 0.1333 0.4805 -0.8668
vn 0.1121 0.4608 -0.8804
vn 0.1319 0.4305 -0.8929
vn 0.1091 0.3986 -0.9106
vn 0.1097 0.4041 -0.9081
vn 0.0783 0.4459 -0.8916
vn 0.1148 0.4350 -0.8931
vn 0.1109 0.4143 -0.9034
vn 0.0937 0.3682 -0.9250
vn 0.1127 0.3791 -0.9185
vn 0.1127 0.3820 -0.9173
vn 0.0799 0.4467 -0.8911
vn 0.0869 0.3476 -0.9336
vn 0.0874 0.3972 -0.9135
vn -0.0450 0.3267 -0.9440
vn -0.0458 0.3272 -0.9438
vn -0.1302 0.0883 -0.9875
vn -0.2741 -0.1800 -0.9447
vn 0.0374 0.3092 -0.9503
vn 0.0372 0.2964 -0.9543
vn -0.0551 0.3255 -0.9439
vn -0.0086 0.2880 -0.9576
vn -0.0102 0.2694 -0.9630
vn -0.0426 0.3389 -0.9398
vn -0.0153 0.3165 -0.9485
vn -0.0155 0.2891 -0.9572
vn -0.0881 0.3697 -0.9250
vn -0.0312 0.3239 -0.9456
vn -0.0309 0.3644 -0.9307
vn -0.1144 0.4497 -0.8858
vn -0.0501 0.3995 -0.9154
vn -0.0173 0.4821 -0.8759
vn -0.0445 0.4229 -0.9051
vn -0.0139 0.4913 -0.8709
vn -0.0431 0.4617 -0.8860
vn -0.3817 0.0658 -0.9220
vn -0.0551 0.4389 -0.8968
vn -0.1331 0.1911 -0.9725
vn -0.0190 0.2743 -0.9615
vn -0.0219 0.4119 -0.9109
vn -0.3789 -0.0275 -0.9250
vn 0.0769 0.1906 -0.9786
vn 0.0914 0.2235 -0.9704
vn -0.0314 0.0988 -0.9946
vn -0.0818 0.0319 -0.9961
vn 0.0617 0.1057 -0.9925
vn 0.0539 0.1135 -0.9921
vn 0.0564 0.1113 -0.9922
vn 0.0269 0.0098 -0.9996
vn 0.0594 -0.0474 -0.9971
vn -0.0192 -0.1915 -0.9813
vn -0.0404 -0.1069 -0.9935
vn 0.0607 -0.3557 -0.9326
vn 0.0931 -0.1357 -0.9864
vn 0.0973 -0.1388 -0.9855
vn -0.0123 -0.1329 -0.9911
vn 0.0519 -0.1217 -0.9912
vn 0.0914 -0.1717 -0.9809
vn -0.1837 -0.1503 -0.9714
vn 0.0039 -0.1700 -0.9854
vn -0.0110 -0.1927 -0.9812
vn 0.0313 -0.1619 -0.9863
vn 0.0313 -0.1596 -0.9867
vn -0.5504 -0.1939 -0.8121
vn -0.1157 -0.2879 -0.9506
vn -0.1133 -0.2672 -0.9569
vn -0.1034 -0.2779 -0.9550
vn -0.3423 -0.5378 -0.7705
vn -0.4869 -0.6426 -0.5916
vn -0.3015 -0.3419 -0.8901
vn -0.0904 -0.4082 -0.9084
vn -0.0835 -0.4134 -0.9067
vn -0.0913 -0.4082 -0.9083
vn -0.0814 -0.4086 -0.9091
vn -0.0944 -0.3884 -0.9167
vn -0.1626 -0.3049 -0.9384
vn -0.1297 -0.2504 -0.9594
vn -0.0611 -0.3355 -0.9401
vn -0.2183 -0.2507 -0.9431
vn -0.2168 -0.2504 -0.9436
vn -0.0187 -0.8100 -0.5861
vn -0.0203 -0.8100 -0.5861
vn -0.0189 -0.8097 -0.5865
vn -0.0599 -0.1739 -0.9829
vn -0.0554 -0.1786 -0.9824
vn -0.1322 -0.2167 -0.9672
vn -0.1969 -0.1953 -0.9608
vn -0.0571 -0.1566 -0.9860
vn -0.0661 -0.1404 -0.9879
vn -0.0861 -0.0998 -0.9913
vn -0.0692 -0.0388 -0.9968
vn -0.0391 -0.0731 -0.9966
vn -0.3421 -0.0291 -0.9392
vn -0.0914 -0.0361 -0.9952
vn -0.1045 0.0034 -0.9945
vn -0.0860 0.0037 -0.9963
vn -0.2806 0.1975 -0.9393
vn -0.0408 0.1711 -0.9844
vn -0.1160 0.0775 -0.9902
vn -0.1176 0.0904 -0.9889
vn -0.0919 0.1661 -0.9818
vn -0.0488 0.1486 -0.9877
vn -0.0491 0.2059 -0.9773
vn -0.1714 0.3213 -0.9313
vn -0.0958 0.2208 -0.9706
vn -0.0923 0.2511 -0.9635
vn -0.0963 0.3835 -0.9185
vn -0.0655 0.3056 -0.9499
vn -0.0656 0.3718 -0.9260
vn -0.2737 0.4698 -0.8393
vn -0.1375 0.3853 -0.9125
vn -0.1409 0.3896 -0.9102
vn -0.1145 0.4787 -0.8705
vn -0.0647 0.4426 -0.8944
vn -0.0647 0.5096 -0.8580
vn -0.3964 0.6339 -0.6641
vn -0.2094 0.4758 -0.8542
vn -0.1997 0.4772 -0.8558
vn -0.1943 0.4736 -0.8591
vn -0.0628 0.6121 -0.7883
vn -0.0633 0.5695 -0.8195
vn -0.1057 0.7131 -0.6931
vn -0.0932 0.6342 -0.7675
vn -0.0832 0.6784 -0.7299
vn -0.1987 0.8178 -0.5400
vn -0.0689 0.7474 -0.6608
vn -0.0832 0.7532 -0.6525
vn -0.0832 0.7538 -0.6519
vn -0.0758 0.8266 -0.5577
vn -0.0802 0.8328 -0.5478
vn -0.1106 0.8709 -0.4789
vn -0.1007 0.9027 -0.4183
vn -0.0568 0.8842 -0.4637
vn -0.3882 0.8380 -0.3836
vn -0.1344 0.9010 -0.4124
vn -0.1470 0.9199 -0.3635
vn -0.1193 0.9105 -0.3960
vn -0.1173 0.9721 -0.2034
vn -0.0562 0.9640 -0.2598
vn -0.4315 0.8912 -0.1402
vn -0.1696 0.9744 -0.1473
vn -0.1755 0.9203 -0.3496
vn -0.0452 0.9921 0.1170
vn -0.0951 0.9935 0.0632
vn -0.0919 0.9953 0.0306
vn -0.0503 0.9987 -0.0021
vn -0.3058 0.9507 0.0508
vn -0.1053 0.9944 0.0067
vn -0.1215 0.9914 0.0479
vn -0.1021 0.9946 0.0186
vn -0.0819 0.9892 0.1214
vn -0.0512 0.9937 0.0999
vn -0.1616 0.9565 0.2428
vn -0.0785 0.9868 0.1418
vn -0.0585 0.9832 0.1731
vn -0.2974 0.8947 0.3332
vn -0.1154 0.9695 0.2161
vn -0.1147 0.9698 0.2154
vn -0.1252 0.9681 0.2169
vn -0.3153 0.7783 0.5430
vn -0.0894 0.9049 0.4161
vn -0.0865 0.9043 0.4180
vn 0.0266 0.7625 0.6465
vn 0.2580 0.8378 0.4812
vn 0.0286 0.9071 0.4199
vn 0.0928 0.9202 0.3804
vn 0.2658 0.9137 0.3074
vn 0.1071 0.9587 0.2634
vn 0.0964 0.9548 0.2813
vn 0.2069 0.9639 0.1678
vn 0.0722 0.9808 0.1813
vn 0.0688 0.9746 0.2130
vn 0.2421 0.9673 0.0763
vn 0.0863 0.9902 0.1099
vn 0.0848 0.9886 0.1246
vn 0.1060 0.9943 0.0103
vn 0.0540 0.9974 0.0486
vn 0.0556 0.9984 0.0090
vn 0.1827 0.9790 -0.0903
vn 0.0879 0.9953 -0.0410
vn 0.1031 0.9947 -0.0017
vn 0.2330 0.9498 -0.2089
vn 0.1296 0.9868 -0.0971
vn 0.1326 0.9879 -0.0798
vn 0.0879 0.9723 -0.2165
vn 0.0606 0.9844 -0.1650
vn 0.0633 0.9714 -0.2287
vn 0.2393 0.8942 -0.3783
vn 0.1178 0.9589 -0.2581
vn 0.1116 0.9512 -0.2878
vn 0.0825 0.8889 -0.4507
vn 0.0644 0.9282 -0.3665
vn 0.0686 0.8955 -0.4398
vn 0.3015 0.7668 -0.5667
vn 0.1506 0.8755 -0.4590
vn 0.1520 0.8688 -0.4713
vn 0.1095 0.8142 -0.5701
vn 0.0676 0.7908 -0.6083
vn 0.0657 0.8337 -0.5483
vn 0.1672 0.5846 -0.7939
vn 0.0868 0.7325 -0.6753
vn 0.0950 0.7288 -0.6782
vn 0.0957 0.7284 -0.6785
vn 0.1149 0.5983 -0.7930
vn 0.0968 0.6339 -0.7673
vn 0.4476 0.5528 -0.7029
vn 0.1691 0.5623 -0.8094
vn 0.1553 0.6128 -0.7748
vn 0.1031 0.6784 -0.7274
vn 0.0720 0.4855 -0.8713
vn 0.0796 0.4769 -0.8754
vn 0.1904 0.4645 -0.8649
vn 0.0836 0.4538 -0.8872
vn 0.0902 0.4415 -0.8927
vn 0.1213 0.3900 -0.9128
vn 0.1033 0.3450 -0.9329
vn 0.0681 0.3879 -0.9192
vn 0.3484 0.3073 -0.8855
vn 0.1364 0.3510 -0.9264
vn 0.1499 0.3025 -0.9413
vn 0.0997 0.3891 -0.9158
vn 0.0723 0.2159 -0.9737
vn 0.0681 0.2211 -0.9729
vn 0.1888 0.1938 -0.9627
vn 0.5384 0.8314 -0.1378
vn 0.5364 0.8204 0.1979
vn 0.7657 0.5165 -0.3832
vn 0.6775 0.1589 -0.7182
vn 0.8408 0.5307 0.1072
vn 0.9730 0.2302 -0.0174
vn 0.9822 0.0397 -0.1838
vn 0.7767 -0.0967 -0.6224
vn 0.3220 0.0078 -0.9467
vn 0.0786 0.1145 -0.9903
vn 0.1061 0.1477 -0.9833
vn 0.1060 0.1330 -0.9854
vn 0.0783 0.0573 -0.9953
vn 0.0486 0.0775 -0.9958
vn 0.0483 0.0302 -0.9984
vn 0.1161 -0.1120 -0.9869
vn 0.0741 0.0026 -0.9972
vn 0.0630 -0.0495 -0.9968
vn 0.2987 -0.1758 -0.9380
vn 0.1196 -0.0739 -0.9901
vn 0.1108 -0.1047 -0.9883
vn 0.2562 -0.2854 -0.9235
vn 0.0951 -0.1624 -0.9821
vn 0.1018 -0.1684 -0.9805
vn 0.1011 -0.1683 -0.9805
vn 0.0922 -0.2498 -0.9639
vn 0.0972 -0.2617 -0.9602
vn 0.1330 -0.3130 -0.9404
vn 0.0694 -0.3362 -0.9392
vn 0.0719 -0.3387 -0.9381
vn 0.1603 -0.4137 -0.8962
vn 0.1278 -0.4569 -0.8803
vn 0.0625 -0.3942 -0.9169
vn 0.6166 -0.3022 -0.7269
vn 0.1995 -0.4008 -0.8942
vn 0.1995 -0.4022 -0.8936
vn 0.1911 -0.4073 -0.8931
vn 0.1725 -0.4252 -0.8885
vn 0.3402 -0.1313 -0.9311
vn 0.1919 -0.4036 -0.8946
vn 0.3025 -0.2484 -0.9202
vn 0.0879 -0.4070 -0.9092
vn 0.1019 -0.3810 -0.9190
vn 0.1997 -0.2557 -0.9459
vn 0.1421 -0.2958 -0.9446
vn 0.1205 -0.2350 -0.9645
vn 0.1734 0.0067 -0.9848
vn 0.1750 -0.1569 -0.9720
vn 0.1984 -0.1445 -0.9694
vn 0.1785 -0.1556 -0.9716
vn 0.2163 -0.1196 -0.9690
vn 0.1545 -0.1577 -0.9753
vn 0.1523 -0.1552 -0.9761
vn 0.1549 -0.1577 -0.9753
vn 0.1720 -0.1263 -0.9770
vn 0.1592 -0.1063 -0.9815
vn 0.1907 -0.0488 -0.9804
vn 0.1857 -0.0292 -0.9822
vn 0.1446 0.0526 -0.9881
vn 0.1567 0.0945 -0.9831
vn 0.1523 0.0938 -0.9839
vn 0.1540 0.0966 -0.9833
vn -0.2860 0.9582 -0.0094
vn -0.2724 0.9622 -0.0015
vn -0.2802 0.9599 -0.0054
vn -0.9616 0.0433 -0.2710
vn -0.9649 0.0361 -0.2602
vn -0.9614 0.0592 -0.2687
vn -0.3263 -0.0831 -0.9416
vn -0.3168 -0.0774 -0.9453
vn -0.3157 -0.1066 -0.9429
vn 0.1192 0.3733 -0.9200
vn 0.1080 0.3820 -0.9178
vn 0.1144 0.3782 -0.9186
vn 0.2381 0.4632 -0.8537
vn 0.0938 0.5087 -0.8558
vn 0.1125 0.4656 -0.8778
vn 0.0817 0.4977 -0.8635
vn 0.0631 0.3687 -0.9274
vn 0.0378 0.4029 -0.9145
vn 0.1258 0.3103 -0.9423
vn 0.0994 0.3064 -0.9467
vn 0.0905 0.3265 -0.9408
vn 0.1226 0.2906 -0.9490
vn 0.1224 0.2949 -0.9476
vn 0.1258 0.2905 -0.9486
vn 0.0347 0.8415 -0.5392
vn 0.0319 0.2945 -0.9551
vn 0.0425 0.2703 -0.9618
vn 0.0156 0.3450 -0.9385
vn 0.0031 0.3117 -0.9502
vn 0.0144 0.2962 -0.9550
vn -0.0234 0.3622 -0.9318
vn -0.0277 0.3559 -0.9341
vn -0.0077 0.3280 -0.9447
vn 0.1651 -0.9088 0.3832
vn 0.1664 -0.9074 0.3859
vn 0.1646 -0.9090 0.3830
vn 0.3561 0.2982 -0.8856
vn 0.2923 0.3410 -0.8935
vn 0.9137 -0.2984 -0.2759
vn 0.9663 -0.2559 -0.0267
vn 0.9653 -0.2529 -0.0645
vn 0.6464 0.1922 0.7384
vn 0.8032 0.0271 0.5951
vn 0.8893 0.0432 0.4553
vn 0.8946 0.0128 0.4466
vn 0.5955 -0.7783 0.1990
vn 0.5985 -0.7740 0.2069
vn 0.5951 -0.7766 0.2066
vn -0.7564 -0.3173 -0.5720
vn -0.7763 -0.3059 -0.5511
vn -0.5721 -0.2833 -0.7697
vn 0.0212 -0.8631 -0.5045
vn 0.0290 -0.8492 -0.5272
vn 0.0334 -0.8464 -0.5315
vn -0.6357 -0.3080 -0.7078
vn 0.7023 -0.6319 -0.3277
vn 0.6804 -0.6606 -0.3173
vn 0.6964 -0.6340 -0.3363
vn 0.9012 -0.0002 0.4335
vn 0.9027 0.0066 0.4303
vn 0.9222 -0.0685 0.3806
vn -0.1369 0.9599 0.2446
vn -0.0978 0.9741 0.2040
vn -0.0792 0.9787 0.1896
vn -0.0391 0.9890 0.1427
vn 0.8418 0.1432 0.5204
vn 0.8377 0.1530 0.5243
vn 0.4351 -0.1278 -0.8913
vn 0.5540 -0.1763 -0.8136
vn 0.6890 -0.2281 -0.6879
vn -0.4613 -0.1754 -0.8697
vn 0.2281 -0.9024 -0.3655
vn 0.2240 -0.9034 -0.3657
vn 0.2278 -0.8993 -0.3733
vn -0.2451 -0.1842 -0.9519
vn -0.2615 -0.2065 -0.9429
vn -0.2700 -0.2012 -0.9416
vn 0.9101 -0.2299 -0.3449
vn 0.9717 -0.2045 -0.1184
vn 0.2728 0.3848 -0.8818
vn 0.2967 0.3488 -0.8890
vn 0.2825 0.3196 -0.9044
vn 0.9900 -0.1365 -0.0344
vn 0.6673 -0.1964 -0.7184
vn 0.6250 -0.1422 -0.7675
vn 0.6260 -0.1423 -0.7667
vn 0.1765 0.5308 0.8289
vn 0.1138 0.6875 0.7173
vn -0.0141 0.7428 0.6693
vn -0.2213 0.7652 0.6046
vn -0.1631 0.1488 0.9753
vn -0.2149 0.1449 0.9658
vn -0.1634 0.1175 0.9795
vn -0.2513 0.9575 0.1417
vn -0.2122 0.9589 0.1881
vn -0.1998 0.9685 0.1486
vn 0.0651 0.9688 0.2391
vn -0.1016 0.7375 0.6677
vn -0.1251 0.8154 0.5652
vn -0.1212 0.8161 0.5650
vn -0.1195 0.8168 0.5644
vn 0.3347 -0.9322 0.1378
vn 0.2976 -0.9432 0.1475
vn 0.3287 -0.9364 0.1231
vn -0.3438 0.2389 0.9082
vn -0.3452 0.2351 0.9086
vn -0.3420 0.2346 0.9099
vn 0.1824 -0.3912 0.9021
vn 0.0007 -0.6020 0.7985
vn 0.1746 -0.6699 0.7216
vn 0.4716 -0.0744 0.8786
vn -0.4616 -0.8756 -0.1421
vn -0.5122 -0.8294 -0.2230
vn -0.4755 -0.8658 -0.1560
vn -0.6068 -0.7559 -0.2456
vn 0.1734 -0.9461 0.2737
vn 0.1785 -0.9429 0.2812
vn 0.1737 -0.9445 0.2788
vn -0.7580 0.0390 0.6511
vn -0.7521 0.0401 0.6579
vn -0.7552 0.0429 0.6541
vn -0.1210 0.7193 0.6841
vn -0.1160 0.7230 0.6810
vn -0.1361 0.7271 0.6729
vn 0.2246 0.1181 0.9673
vn 0.2320 0.1203 0.9652
vn 0.2274 0.1214 0.9662
vn -0.6356 -0.6050 0.4796
vn -0.6382 -0.6049 0.4762
vn -0.6357 -0.6067 0.4773
vn -0.1075 -0.7951 0.5969
vn -0.1295 -0.4160 0.9001
vn -0.2479 -0.4668 0.8489
vn 0.0413 -0.9102 0.4121
vn -0.4195 -0.4552 0.7854
vn -0.7152 -0.3968 0.5753
vn -0.5577 0.2364 0.7957
vn -0.5060 0.2591 0.8227
vn -0.6332 0.2519 0.7319
vn -0.4373 0.2982 0.8485
vn -0.7664 0.2478 0.5926
vn -0.1844 0.2499 0.9506
vn -0.5413 0.4711 0.6965
vn -0.9075 0.1523 0.3916
vn -0.8611 -0.1484 0.4863
vn -0.7802 -0.3893 0.4895
vn -0.7936 -0.2893 0.5353
vn -0.7650 0.1704 0.6211
vn -0.9275 0.0291 0.3726
vn -0.6877 0.5633 0.4580
vn -0.8459 0.4786 0.2353
vn -0.7352 -0.2061 0.6457
vn -0.7247 -0.1816 0.6647
vn -0.8092 0.1290 0.5732
vn -0.6631 0.3372 0.6683
vn -0.5791 0.2056 0.7889
vn -0.4973 -0.2938 0.8163
vn -0.3148 -0.3597 0.8784
vn -0.1551 -0.3656 0.9178
vn 0.0267 -0.4197 0.9073
vn -0.4897 0.6090 0.6239
vn -0.4663 0.6055 0.6449
vn -0.3976 0.6385 0.6590
vn -0.1064 0.8319 0.5446
vn -0.1023 0.8225 0.5595
vn -0.0956 0.8285 0.5517
vn -0.6377 0.4952 0.5900
vn 0.8617 0.1379 0.4882
vn 0.8498 0.3544 0.3902
vn 0.6904 0.4395 0.5746
vn 0.0948 0.5497 0.8300
vn 0.8248 0.4216 0.3767
vn 0.6130 0.2922 0.7340
vn 0.0586 0.3690 0.9276
vn -0.7223 0.5312 0.4429
vn -0.6141 0.5333 0.5818
vn -0.7634 0.3903 0.5146
vn 0.7569 0.5913 0.2785
vn 0.2553 0.2132 0.9431
vn 0.4986 -0.3718 0.7830
vn 0.6108 -0.2940 0.7352
vn 0.1481 -0.9549 0.2575
vn 0.0087 -0.9732 0.2298
vn -0.4179 -0.8391 0.3482
vn -0.8357 -0.5178 0.1827
vn -0.8669 -0.2113 0.4514
vn -0.9515 -0.2950 0.0869
vn -0.8575 -0.5145 0.0023
vn -0.9864 -0.1638 -0.0111
vn -0.9156 -0.2918 -0.2766
vn -0.9820 -0.1607 0.0992
vn -0.8662 -0.2053 -0.4556
vn -0.7790 -0.0056 -0.6270
vn -0.8804 0.0741 -0.4684
vn -0.6504 -0.2081 -0.7305
vn -0.4413 0.1054 -0.8912
vn -0.4060 0.4833 -0.7756
vn 0.6647 -0.7398 -0.1039
vn 0.4382 -0.8964 -0.0672
vn 0.4152 -0.9056 -0.0864
vn 0.2038 -0.9738 -0.1012
vn -0.4773 -0.8782 0.0302
vn -0.4214 -0.9043 -0.0681
vn -0.3797 -0.9250 -0.0165
vn 0.3241 -0.7478 0.5794
vn 0.4520 -0.6994 0.5536
vn 0.4429 -0.6698 0.5960
vn 0.5992 0.7798 0.1816
vn 0.5964 0.7880 0.1527
vn 0.5395 0.8191 0.1952
vn -0.1098 -0.7584 0.6425
vn -0.2150 -0.7893 0.5752
vn -0.2300 -0.9069 0.3531
vn -0.0774 -0.6217 0.7794
vn -0.1323 0.5744 0.8078
vn -0.1513 0.5694 0.8080
vn -0.0462 0.5815 0.8122
vn -0.0759 0.3312 0.9405
vn -0.1486 0.6713 0.7262
vn 0.0930 0.9088 0.4067
vn 0.2505 0.9636 0.0931
vn 0.3994 0.7537 -0.5219
vn 0.2400 0.7617 -0.6019
vn 0.2145 0.8523 -0.4770
vn -0.0237 0.9914 -0.1285
vn 0.1869 0.9785 -0.0867
vn -0.0013 0.9755 -0.2202
vn -0.1572 0.9414 -0.2983
vn -0.3633 -0.8950 -0.2587
vn -0.3846 -0.9010 -0.2005
vn -0.4096 -0.8844 -0.2236
vn -0.1387 -0.6862 -0.7141
vn -0.0085 -0.7232 -0.6906
vn 0.0266 -0.7771 -0.6288
vn 0.0971 -0.9857 -0.1378
vn 0.0835 -0.9772 -0.1950
vn 0.1553 -0.9704 -0.1852
vn 0.6194 -0.6960 -0.3633
vn 0.5349 -0.7732 -0.3407
vn 0.5328 -0.7411 -0.4085
vn 0.2829 0.7087 0.6464
vn 0.1660 0.7735 0.6117
vn 0.1247 0.8414 0.5258
vn -0.1020 -0.9822 0.1576
vn -0.0324 -0.9847 0.1712
vn -0.0981 -0.9734 0.2071
vn 0.1050 -0.7579 -0.6439
vn 0.0286 -0.6184 0.7853
vn 0.0657 -0.6123 0.7879
vn 0.0502 -0.5450 0.8369
vn 0.0952 -0.5606 0.8226
vn 0.1523 -0.4816 0.8630
vn 0.2382 0.1984 0.9507
vn 0.1401 0.1645 0.9764
vn 0.2328 0.1524 0.9605
vn 0.1721 0.3531 0.9196
vn 0.1407 0.7419 0.6556
vn 0.1745 0.3613 0.9160
vn 0.0938 0.8194 0.5655
vn 0.1526 0.8507 0.5030
vn 0.1050 0.7420 0.6621
vn 0.8878 0.0240 -0.4596
vn 0.7843 0.1091 -0.6107
vn 0.7963 0.0975 -0.5970
vn 0.7725 0.1365 -0.6202
vn 0.7968 0.0916 -0.5972
vn 0.6279 0.1550 -0.7627
vn 0.4591 0.2489 -0.8528
vn 0.6607 0.1304 -0.7393
vn 0.3665 0.3069 -0.8783
vn -0.0558 0.5184 -0.8533
vn -0.0642 0.5175 -0.8533
vn -0.0602 0.5186 -0.8529
vn 0.1990 -0.3813 -0.9028
vn 0.1855 -0.3841 -0.9045
vn 0.1938 -0.3819 -0.9037
vn -0.4429 0.6895 -0.5731
vn -0.6240 0.4486 -0.6399
vn -0.5269 0.5795 -0.6218
vn -0.8789 0.4128 -0.2391
vn -0.8914 0.3837 -0.2412
vn -0.9020 0.3838 -0.1977
vn -0.3403 0.7702 -0.5395
vn -0.0838 0.7372 -0.6705
vn 0.0268 0.7769 -0.6290
vn 0.0012 0.7603 -0.6496
vn -0.0243 0.9991 -0.0349
vn -0.0371 0.9992 0.0158
vn 0.1055 0.9893 0.1004
vn 0.0606 0.9918 0.1123
vn 0.1409 0.9889 0.0469
vn 0.1465 0.9891 0.0120
vn -0.8365 -0.0521 -0.5455
vn -0.8190 0.0055 -0.5738
vn -0.8396 -0.0917 -0.5354
vn -0.8159 0.0175 -0.5779
vn -0.2981 -0.5149 -0.8038
vn -0.2434 -0.2926 -0.9247
vn -0.3162 -0.5764 -0.7535
vn 0.4498 -0.2990 -0.8416
vn 0.4554 -0.2824 -0.8443
vn 0.4675 -0.2507 -0.8477
vn 0.4733 -0.2422 -0.8469
vn 0.7194 -0.3689 -0.5885
vn 0.7228 -0.3324 -0.6059
vn 0.7240 -0.3637 -0.5862
vn 0.0477 -0.9391 -0.3404
vn -0.0239 -0.9474 -0.3193
vn 0.0424 -0.9509 -0.3065
vn 0.9832 0.1777 0.0408
vn 0.9719 0.2318 -0.0414
vn 0.9680 0.2508 -0.0028
vn 0.9341 -0.2741 -0.2287
vn 0.7097 -0.6337 -0.3079
vn 0.7597 -0.5262 -0.3820
vn 0.9817 0.1389 -0.1305
vn 0.9227 -0.1607 -0.3503
vn 0.7205 -0.6236 -0.3032
vn 0.6984 0.7031 -0.1337
vn 0.4205 0.8795 -0.2230
vn 0.4619 0.8702 -0.1716
vn 0.2475 0.9554 -0.1612
vn 0.3776 0.8713 -0.3134
vn -0.0417 0.7319 -0.6801
vn -0.0505 0.7372 -0.6738
vn -0.0468 0.7399 -0.6711
vn 0.1656 0.5288 -0.8324
vn 0.1790 0.5317 -0.8278
vn 0.1758 0.5156 -0.8386
vn 0.0598 -0.3623 0.9302
vn 0.0666 -0.3575 0.9315
vn 0.0464 -0.3514 0.9351
vn 0.2684 0.7062 -0.6551
vn 0.2404 0.7222 -0.6486
vn 0.2793 0.6777 -0.6802
vn 0.3798 0.5877 -0.7144
vn 0.4160 0.5512 -0.7233
vn 0.1766 0.8008 -0.5723
vn -0.1678 0.9858 0.0003
vn 0.5674 0.7083 -0.4199
vn 0.5735 0.6904 -0.4409
vn 0.6899 0.6154 -0.3812
vn 0.5379 0.7221 -0.4351
vn 0.5451 0.7278 -0.4161
vn 0.3621 0.8731 -0.3265
vn 0.4402 0.7393 -0.5096
vn 0.3407 0.9093 -0.2388
vn -0.2237 0.9563 -0.1882
vn -0.2243 0.9541 -0.1986
vn -0.1916 0.9807 0.0379
vn 0.0583 0.2523 0.9659
vn -0.3009 0.4067 0.8626
vn -0.2279 0.0508 0.9724
vn -0.0012 0.3353 0.9421
vn 0.0928 0.1928 0.9768
vn 0.4780 0.5049 0.7188
vn 0.4750 0.5123 0.7155
vn 0.4716 0.5056 0.7225
vn -0.0597 -0.9980 0.0187
vn -0.3023 -0.9485 -0.0949
vn -0.2608 -0.9634 -0.0620
vn -0.2040 -0.2265 -0.9524
vn -0.0067 -0.9903 -0.1385
vn -0.0115 -0.9937 -0.1119
vn -0.0438 -0.9972 0.0610
vn 0.0187 -0.9736 0.2276
vn -0.0291 -0.6985 0.7150
vn -0.1645 -0.6916 0.7033
vn -0.1957 -0.7104 0.6761
vn 0.0586 -0.7009 0.7109
vn 0.0770 -0.9914 0.1059
vn 0.1237 -0.9892 -0.0786
vn 0.9895 -0.1124 -0.0903
vn 0.9851 -0.1199 -0.1233
vn 0.9820 -0.1032 -0.1583
vn 0.8320 -0.2290 -0.5053
vn 0.8462 -0.1671 -0.5060
vn 0.7723 -0.5152 -0.3716
vn -0.5113 -0.1227 0.8506
vn -0.3556 0.1040 0.9288
vn -0.4608 0.1560 0.8737
vn -0.5129 -0.3188 0.7971
vn -0.4657 -0.3162 0.8265
vn -0.6186 -0.2526 0.7440
vn -0.4250 -0.1962 0.8837
vn -0.1383 -0.4854 0.8633
vn 0.0372 0.2949 0.9548
vn 0.4621 0.0398 0.8859
vn 0.0186 0.3191 0.9475
vn 0.0390 -0.4965 0.8672
vn 0.2858 -0.1683 0.9434
vn -0.1146 -0.4506 0.8854
vn 0.0467 -0.4942 0.8681
vn -0.2474 -0.8997 0.3597
vn -0.2409 -0.9011 0.3606
vn -0.2526 -0.8968 0.3631
vn 0.1956 -0.4515 0.8705
vn 0.1754 -0.4454 0.8780
vn 0.1783 -0.4644 0.8675
vn -0.1603 -0.5508 0.8191
vn -0.1708 -0.6030 0.7792
vn -0.4929 0.0366 0.8693
vn -0.5261 0.0580 0.8485
vn -0.4992 0.0381 0.8657
vn -0.4775 0.0293 0.8782
vn -0.6820 -0.5219 0.5123
vn -0.7169 -0.4283 0.5502
vn -0.9861 -0.0292 0.1633
vn -0.9887 -0.0119 0.1493
vn -0.9805 0.0699 0.1834
vn -0.9509 0.3011 -0.0711
vn -0.9934 -0.0166 -0.1133
vn -0.5668 0.7993 0.1994
vn -0.7380 0.6517 -0.1752
vn -0.9874 -0.1477 0.0563
vn -0.8838 -0.0516 -0.4651
vn -0.7003 -0.1183 -0.7040
vn -0.6217 0.2213 -0.7514
vn -0.9635 -0.2150 0.1592
vn -0.9817 -0.1831 -0.0525
vn -0.9994 -0.0333 -0.0036
vn -0.8867 -0.3147 0.3388
vn -0.8841 -0.3195 0.3410
vn -0.8872 -0.3119 0.3400
vn -0.5920 0.4632 0.6595
vn -0.5966 0.5329 0.6001
vn -0.5193 0.7268 0.4497
vn -0.0519 -0.2567 -0.9651
vn -0.1031 -0.2820 -0.9539
vn -0.1219 -0.2959 -0.9474
vn -0.9631 -0.0937 -0.2522
vn -0.9663 -0.1164 -0.2297
vn -0.9720 -0.0798 -0.2209
vn -0.7310 -0.6281 0.2668
vn -0.5625 -0.8130 0.1503
vn -0.7430 -0.5686 0.3531
vn -0.7976 -0.4646 0.3846
vn 0.1532 -0.2959 -0.9429
vn 0.1802 -0.4783 -0.8595
vn 0.1353 -0.3402 -0.9306
vn 0.1006 -0.1680 -0.9806
vn -0.8715 0.3897 -0.2978
vn -0.8439 0.4089 -0.3474
vn -0.8645 0.3295 -0.3796
vn -0.6616 0.7454 0.0814
vn -0.6728 0.7336 0.0957
vn -0.6584 0.7450 0.1072
vn -0.9404 0.1815 -0.2876
vn -0.9981 0.0323 -0.0520
vn -0.4490 -0.3131 -0.8369
vn -0.4469 -0.3383 -0.8281
vn -0.4569 -0.3434 -0.8206
vn -0.9651 -0.2470 -0.0866
vn -0.6185 0.0423 0.7846
vn 0.0453 0.1787 0.9829
vn 0.9897 0.1085 -0.0929
vn 0.9893 0.1099 -0.0965
vn 0.9895 0.1109 -0.0923
vn 0.1239 -0.0722 0.9897
vn 0.4801 0.4722 0.7393
vn 0.4523 0.3149 0.8344
vn 0.4642 0.2721 0.8429
vn 0.7169 -0.2689 0.6433
vn -0.1698 -0.9837 0.0599
vn 0.1679 -0.7280 0.6647
vn -0.1010 0.1018 0.9897
vn -0.4484 0.1958 0.8721
vn -0.4162 0.2859 0.8631
vn -0.6445 0.0805 0.7603
vn -0.1007 0.0968 0.9902
vn 0.4375 0.1158 0.8917
vn 0.4879 -0.2718 0.8295
vn -0.3579 0.2062 0.9107
vn -0.4996 0.2392 0.8326
vn -0.2610 -0.9295 0.2607
vn -0.2405 -0.9292 0.2807
vn -0.2724 -0.9201 0.2813
vn -0.8249 0.0687 0.5611
vn -0.8248 0.0917 0.5579
vn -0.8290 0.2111 0.5179
vn -0.8258 0.2161 0.5209
vn -0.7324 -0.2865 0.6177
vn -0.9539 0.1931 0.2297
vn -0.9539 0.1851 0.2362
vn -0.9524 0.1901 0.2385
vn -0.7746 -0.4326 0.4614
vn -0.7535 0.1580 0.6382
vn -0.7595 0.1287 0.6377
vn -0.7504 0.1211 0.6498
vn 0.0085 -0.3163 0.9486
vn 0.0093 -0.3016 0.9534
vn -0.0082 -0.3255 0.9455
vn -0.9757 -0.1205 -0.1829
vn -0.4307 0.8149 0.3878
vn -0.4176 -0.8916 0.1749
vn -0.3992 -0.8989 0.1807
vn -0.3985 -0.8977 0.1877
vn -0.0549 -0.2549 -0.9654
vn -0.7825 0.2042 0.5882
vn -0.8250 0.1195 0.5523
vn -0.8042 0.2560 0.5364
vn -0.7807 0.1515 0.6063
vn 0.3323 -0.8192 0.4674
vn 0.3787 -0.7840 0.4919
vn 0.3272 -0.8163 0.4761
vn 0.1871 0.9575 0.2194
vn 0.2070 0.9574 0.2013
vn 0.1432 0.9585 0.2467
vn 0.3664 0.9250 0.1004
vn 0.2056 0.4808 0.8524
vn 0.2020 0.5042 0.8396
vn 0.0529 0.6166 0.7855
vn 0.3543 0.3585 0.8637
vn -0.5957 -0.5796 0.5560
vn -0.5807 -0.5910 0.5599
vn -0.5878 -0.5732 0.5709
vn -0.3846 0.8370 0.3892
vn -0.8619 -0.0700 0.5023
vn -0.8485 -0.0707 0.5244
vn -0.8433 -0.0563 0.5346
vn 0.9021 -0.2934 -0.3165
vn 0.9193 -0.2746 -0.2821
vn 0.9152 -0.2934 -0.2761
vn -0.5643 0.5030 -0.6546
vn -0.5641 0.4758 -0.6748
vn -0.5069 0.5073 -0.6969
vn -0.5135 0.5024 -0.6956
vn 0.6997 0.6926 -0.1752
vn 0.7087 0.6831 -0.1764
vn 0.7011 0.6863 -0.1935
vn 0.8045 0.0700 -0.5898
vn 0.7234 0.3054 -0.6192
vn 0.7688 0.2348 -0.5949
vn -0.2655 0.3451 -0.9002
vn -0.2339 0.3532 -0.9059
vn -0.2427 0.3214 -0.9153
vn 0.7072 -0.1125 -0.6980
vn 0.5688 -0.2726 -0.7760
vn 0.5829 -0.3540 -0.7314
vn -0.5580 -0.2793 -0.7814
vn -0.5668 -0.2686 -0.7788
vn -0.5661 -0.2658 -0.7803
vn -0.9559 -0.2885 -0.0554
vn -0.9533 -0.2915 -0.0791
vn -0.9504 -0.3031 -0.0694
vn -0.7210 -0.0779 0.6885
vn -0.7150 -0.0683 0.6958
vn -0.7209 -0.0690 0.6896
vn 0.9731 -0.1238 0.1944
vn 0.9757 -0.1522 0.1577
vn 0.9774 -0.0857 0.1934
vn -0.8474 0.0854 0.5240
vn -0.9336 0.1298 0.3340
vn -0.7561 0.1334 0.6407
vn -0.8832 0.1221 0.4529
vn -0.0166 -0.9771 -0.2120
vn -0.0286 -0.9677 -0.2503
vn 0.0037 -0.9705 -0.2410
vn -0.9859 0.1652 0.0248
vn -0.9825 0.1864 -0.0037
vn -0.9860 0.1668 0.0019
vn -0.0997 -0.9674 -0.2330
vn -0.0785 -0.9642 -0.2533
vn -0.0744 -0.9668 -0.2445
vn 0.7268 -0.3037 -0.6161
vn 0.7011 -0.3774 -0.6051
vn 0.7310 -0.3543 -0.5832
vn -0.4388 -0.7471 -0.4992
vn -0.4287 -0.7479 -0.5068
vn -0.4280 -0.7679 -0.4766
vn -0.0907 -0.2960 -0.9509
vn 0.0140 -0.3291 -0.9442
vn 0.1611 -0.3629 -0.9178
vn 0.2328 -0.3842 -0.8934
vn 0.8004 0.4253 0.4224
vn 0.7950 0.4439 0.4135
vn 0.7898 0.4423 0.4250
vn -0.0760 0.5073 0.8584
vn -0.0669 0.4920 0.8680
vn -0.0714 0.5155 0.8539
vn 0.8796 -0.4716 0.0623
vn 0.8788 -0.4712 0.0756
vn 0.8769 -0.4788 0.0434
vn 0.6098 -0.2617 0.7481
vn 0.3958 -0.4850 0.7798
vn 0.5911 -0.3026 0.7477
vn 0.3264 -0.5471 0.7708
vn 0.8219 -0.5608 0.1004
vn 0.8222 -0.5583 0.1109
vn 0.8127 -0.5717 0.1123
vn 0.8383 0.2263 0.4960
vn 0.8624 0.2457 0.4427
vn 0.8812 0.3581 0.3087
vn 0.2645 -0.2717 -0.9253
vn 0.1324 -0.4762 -0.8693
vn 0.1421 -0.4107 -0.9006
vn 0.4065 -0.6007 0.6884
vn 0.1775 -0.6145 0.7687
vn 0.3798 -0.5870 0.7150
vn -0.5895 -0.5306 0.6091
vn -0.4070 -0.7680 0.4945
vn -0.2780 -0.8213 0.4981
vn -0.2205 -0.8087 0.5453
vn -0.1798 -0.7972 0.5763
vn -0.8986 0.3968 -0.1873
vn -0.9031 0.3887 -0.1825
vn -0.8999 0.3970 -0.1804
vn -0.1645 -0.5664 -0.8076
vn -0.1258 -0.6316 -0.7650
vn -0.2140 -0.6164 -0.7578
vn -0.6442 0.0615 0.7624
vn -0.1747 -0.9337 0.3124
vn -0.1773 -0.9209 0.3470
vn -0.1831 -0.9240 0.3357
vn 0.8716 -0.4255 -0.2433
vn 0.8652 -0.4010 -0.3012
vn 0.8732 -0.3374 -0.3515
vn 0.8567 -0.4932 -0.1509
vn 0.4014 -0.3658 -0.8397
vn 0.3972 -0.3550 -0.8463
vn 0.4092 -0.3456 -0.8444
vn 0.2492 0.2493 0.9358
vn 0.2074 0.2828 0.9365
vn 0.2152 0.1417 0.9662
vn -0.5767 -0.0071 0.8170
vn -0.3915 -0.8097 0.4372
vn -0.4107 -0.8186 0.4015
vn -0.4090 -0.8197 0.4010
vn -0.4150 -0.8087 0.4168
vn -0.4247 -0.8153 0.3937
vn -0.6655 -0.4053 0.6268
vn -0.6648 -0.2780 0.6934
vn -0.6014 -0.3897 0.6975
vn -0.9351 0.3110 -0.1701
vn -0.9361 0.3097 -0.1666
vn -0.9355 0.3117 -0.1666
vn -0.7740 0.3575 0.5226
vn -0.7358 0.6096 0.2948
vn -0.7470 0.0261 0.6643
vn -0.7763 0.4274 -0.4634
vn 0.5023 0.5758 0.6450
vn 0.6522 0.6395 0.4071
vn -0.1094 0.4853 0.8675
vn 0.0915 0.3021 0.9489
vn -0.2149 0.3058 0.9275
vn 0.4295 0.3530 0.8312
vn 0.9947 -0.0474 0.0916
vn -0.3742 0.9078 -0.1893
vn -0.3202 0.9468 -0.0324
vn -0.2861 0.9562 0.0625
vn -0.3924 0.8776 -0.2755
vn 0.7133 0.0730 0.6970
vn 0.7269 0.1005 0.6794
vn 0.7204 0.0910 0.6876
vn 0.8825 -0.4100 0.2303
vn 0.8851 -0.4058 0.2279
vn 0.8855 -0.4046 0.2285
vn 0.7347 0.1236 0.6670
vn 0.9326 0.1603 0.3233
vn 0.8696 -0.0113 0.4936
vn 0.8478 0.0935 0.5219
vn 0.9772 0.1996 -0.0729
vn 0.9775 0.1944 -0.0818
vn 0.9757 0.2063 -0.0744
vn -0.1470 -0.3280 -0.9332
vn -0.2081 -0.5381 -0.8168
vn -0.1867 -0.2926 -0.9378
vn -0.1197 -0.0891 -0.9888
vn 0.5595 0.6132 0.5576
vn 0.5683 0.6179 0.5434
vn 0.5565 0.6190 0.5541
vn 0.9637 0.1873 0.1900
vn 0.9567 0.1994 0.2121
vn 0.9578 0.1927 0.2134
vn -0.1688 -0.6991 -0.6948
vn -0.1497 -0.7094 -0.6887
vn -0.1728 -0.7021 -0.6908
vn -0.0674 0.0911 -0.9936
vn -0.0369 -0.0554 -0.9978
vn 0.0742 -0.2385 -0.9683
vn 0.1729 -0.3982 -0.9008
vn 0.8299 -0.5461 -0.1138
vn 0.8541 -0.5092 -0.1060
vn 0.8548 -0.5131 -0.0781
vn 0.7716 0.1404 0.6205
vn 0.7628 0.1082 0.6375
vn 0.7706 0.3031 -0.5606
vn 0.7701 0.3080 -0.5587
vn 0.7709 0.3080 -0.5575
vn 0.0234 -0.7910 0.6114
vn 0.0574 -0.7992 0.5983
vn 0.0567 -0.7939 0.6054
vn 0.8917 -0.2388 0.3845
vn 0.8920 -0.2375 0.3846
vn 0.8886 -0.2744 0.3675
vn 0.8880 -0.2047 0.4117
vn 0.8844 -0.2142 0.4147
vn 0.4231 -0.8110 0.4042
vn 0.4953 -0.7690 0.4040
vn 0.5770 -0.6906 0.4361
vn 0.3394 -0.8687 0.3609
vn 0.2202 0.0101 0.9754
vn 0.2568 0.0102 0.9664
vn 0.2545 0.0329 0.9665
vn 0.7303 -0.2353 -0.6413
vn -0.8509 0.1447 -0.5049
vn -0.8432 0.1413 -0.5186
vn -0.8446 0.1496 -0.5141
vn -0.8540 0.1454 -0.4996
vn 0.6439 0.5123 -0.5683
vn 0.4978 0.4490 -0.7420
vn 0.4448 0.3984 -0.8022
vn -0.5259 -0.7795 0.3404
vn -0.5267 -0.7627 0.3753
vn -0.5600 -0.7042 0.4365
vn 0.6716 0.5253 -0.5225
vn -0.6975 0.6701 0.2540
vn -0.6999 0.6712 0.2442
vn -0.7069 0.6654 0.2399
vn -0.0561 -0.9954 0.0782
vn -0.0487 -0.9944 0.0938
vn -0.0609 -0.9951 0.0779
vn -0.6952 -0.4128 0.5885
vn -0.6893 -0.4109 0.5967
vn -0.6899 -0.4032 0.6012
vn -0.0980 -0.7413 0.6640
vn -0.0832 -0.7389 0.6687
vn -0.0928 -0.7365 0.6700
vn 0.1771 -0.9841 -0.0107
vn 0.1620 -0.9864 -0.0268
vn 0.1886 -0.9820 -0.0136
vn -0.0490 0.6624 0.7475
vn -0.0328 0.6626 0.7483
vn -0.0369 0.6689 0.7425
vn -0.3587 -0.4175 0.8349
vn -0.3567 -0.4188 0.8351
vn -0.3554 -0.4173 0.8364
vn 0.7616 0.1588 0.6282
vn 0.7646 0.1619 0.6238
vn 0.7603 0.1632 0.6287
vn -0.0799 -0.0179 0.9966
vn -0.6046 -0.0712 0.7933
vn 0.5901 -0.5827 0.5588
vn 0.4549 -0.8131 0.3633
vn 0.1058 -0.6170 0.7798
vn -0.8887 -0.0744 -0.4525
vn -0.8826 -0.0781 -0.4635
vn -0.8811 -0.0880 -0.4646
vn 0.4088 -0.8638 0.2945
vn -0.0207 -0.5941 -0.8041
vn 0.2098 -0.8888 0.4074
vn 0.2444 -0.8847 0.3970
vn 0.2079 -0.8721 0.4430
vn -0.7408 -0.6528 0.1583
vn -0.7284 -0.6685 0.1504
vn -0.7244 -0.6561 0.2115
vn 0.7646 0.1256 0.6321
vn 0.2252 0.7899 0.5704
vn 0.2156 0.7886 0.5758
vn 0.2218 0.7831 0.5810
vn -0.3004 -0.3570 0.8845
vn -0.2898 -0.3544 0.8890
vn -0.3032 -0.3458 0.8880
vn 0.1118 0.4914 0.8637
vn 0.1275 0.5082 0.8518
vn 0.2253 0.5460 0.8069
vn 0.0342 0.4643 0.8850
vn 0.6252 -0.7435 0.2373
vn 0.6301 -0.7451 0.2189
vn 0.6403 -0.7386 0.2109
vn 0.8297 0.5543 -0.0667
vn 0.8084 0.5863 -0.0532
vn 0.8189 0.5727 -0.0376
vn 0.2305 -0.3693 0.9003
vn 0.1559 -0.3293 0.9313
vn 0.2280 0.2720 0.9349
vn 0.6847 0.1495 0.7134
vn 0.2531 0.2023 0.9461
vn 0.6987 0.1775 0.6930
vn -0.0278 -0.3189 0.9474
vn -0.0227 -0.3178 0.9479
vn -0.0261 -0.3167 0.9482
vn 0.7968 0.3177 0.5139
vn 0.8304 -0.3316 0.4478
vn 0.7878 -0.4766 0.3900
vn 0.4029 -0.6633 0.6307
vn 0.4097 -0.6754 0.6131
vn 0.4174 -0.6639 0.6205
vn 0.7844 -0.2795 -0.5537
vn 0.7852 -0.2795 -0.5526
vn 0.7896 -0.3031 -0.5336
vn 0.8806 0.4608 0.1101
vn 0.9183 0.3810 0.1076
vn 0.8268 0.5502 0.1170
vn 0.9590 0.2523 0.1294
vn 0.6240 -0.7743 0.1054
vn 0.6456 -0.7607 0.0676
vn 0.6400 -0.7621 0.0982
vn -0.2069 -0.9611 0.1829
vn -0.0261 -0.9996 0.0053
vn -0.1871 -0.9728 0.1365
vn -0.3414 -0.8865 0.3123
vn 0.2588 0.9136 -0.3137
vn 0.2636 0.8928 -0.3653
vn 0.2482 0.9068 -0.3406
vn 0.7437 0.6566 0.1255
vn -0.2768 0.9594 0.0531
vn -0.3633 0.9316 0.0097
vn -0.2297 0.9726 0.0356
vn -0.1864 0.9804 0.0638
vn -0.9710 0.2124 0.1094
vn -0.9586 0.2740 0.0772
vn -0.9661 0.2184 0.1375
vn -0.9724 0.1648 0.1653
vn -0.9193 -0.3932 0.0157
vn -0.9312 -0.3642 0.0137
vn -0.9310 -0.3649 0.0124
vn 0.0906 0.7106 0.6978
vn 0.0755 0.7187 0.6912
vn 0.0988 0.7823 0.6150
vn 0.0603 0.6491 0.7583
vn -0.6138 0.0791 0.7855
vn -0.6086 0.0871 0.7887
vn -0.6172 0.0842 0.7823
vn -0.2926 -0.5814 0.7592
vn -0.2933 -0.5877 0.7541
vn -0.2883 -0.5825 0.7599
vn 0.6380 -0.2050 0.7423
vn 0.6983 -0.2207 0.6809
vn 0.6989 -0.2267 0.6783
vn 0.7486 -0.2383 0.6188
vn -0.7330 0.6464 -0.2118
vn -0.7235 0.6536 -0.2223
vn -0.7394 0.6348 -0.2242
vn -0.5819 -0.2755 -0.7651
vn -0.5532 -0.2248 -0.8022
vn -0.4841 -0.0990 -0.8694
vn -0.3591 -0.7345 -0.5758
vn -0.3819 -0.7228 -0.5759
vn -0.3372 -0.7288 -0.5960
vn -0.5082 -0.1549 -0.8472
vn -0.1542 0.5676 -0.8087
vn -0.1837 0.5445 -0.8184
vn -0.1731 0.5261 -0.8326
vn -0.3605 0.0172 -0.9326
vn 0.1758 -0.7638 -0.6211
vn 0.1778 -0.7673 -0.6161
vn 0.1722 -0.7664 -0.6188
vn 0.5658 -0.2389 -0.7892
vn 0.5576 -0.1940 -0.8071
vn 0.5655 -0.1380 -0.8131
vn 0.3811 0.7514 0.5386
vn 0.3608 0.7571 0.5446
vn 0.3761 0.7541 0.5384
vn 0.4475 -0.3478 -0.8239
vn 0.4753 -0.3248 -0.8177
vn 0.4695 -0.3431 -0.8135
vn 0.3888 0.8111 -0.4371
vn 0.3872 0.8129 -0.4351
vn 0.3912 0.8110 -0.4350
vn 0.3769 0.8149 -0.4404
vn 0.4020 0.8037 -0.4387
vn 0.3771 0.8132 -0.4432
vn -0.0772 0.5447 -0.8351
vn 0.0032 0.5344 -0.8452
vn 0.5887 -0.0870 -0.8037
vn 0.5900 0.0355 -0.8066
vn 0.6145 -0.7706 0.1691
vn 0.3013 -0.8105 0.5023
vn 0.2935 -0.8153 0.4991
vn -0.2388 -0.6486 0.7227
vn -0.3960 -0.6937 0.6016
vn -0.2447 -0.6733 0.6977
vn -0.1276 -0.7571 0.6408
vn -0.3866 0.6661 0.6378
vn -0.0301 0.5658 0.8240
vn -0.0389 0.6066 0.7941
vn 0.2737 0.4495 0.8504
vn 0.1940 0.4695 0.8613
vn 0.2446 0.4066 0.8803
vn -0.3054 -0.8304 0.4660
vn -0.2308 -0.7987 0.5557
vn -0.3764 -0.8406 0.3894
vn 0.1736 -0.2411 0.9549
vn 0.1592 -0.2459 0.9561
vn 0.1822 -0.2652 0.9468
vn -0.1290 0.8031 0.5817
vn -0.1187 0.7894 0.6023
vn -0.1279 0.8348 0.5356
vn 0.1237 0.5925 0.7960
vn 0.2894 0.0963 0.9524
vn 0.2856 0.0936 0.9538
vn 0.2975 0.0989 0.9496
vn -0.5040 -0.6657 0.5503
vn -0.5095 -0.6492 0.5647
vn -0.5198 -0.6634 0.5382
vn 0.1513 0.1011 0.9833
vn 0.1495 0.1213 0.9813
vn 0.1443 0.1014 0.9843
vn 0.2584 0.1383 0.9561
vn 0.3580 0.0896 0.9294
vn 0.0634 0.3552 0.9326
vn 0.5184 0.4977 -0.6954
vn 0.5293 0.5088 -0.6790
vn 0.5322 0.4918 -0.6891
vn -0.8307 -0.1823 0.5260
vn -0.8039 -0.0724 0.5903
vn -0.8097 -0.1800 0.5586
vn -0.4165 -0.8955 0.1566
vn -0.3271 -0.9136 0.2416
vn -0.3112 -0.8932 0.3247
vn -0.0174 -0.9376 0.3471
vn -0.0080 -0.9316 0.3635
vn -0.0143 -0.9375 0.3477
vn 0.5277 -0.2132 0.8222
vn 0.5352 -0.2619 0.8031
vn -0.1160 -0.3728 0.9206
vn -0.2168 -0.2890 0.9325
vn -0.1974 -0.4173 0.8871
vn -0.7990 -0.0596 0.5984
vn -0.3543 -0.4219 0.8346
vn 0.0687 -0.8977 0.4352
vn -0.0217 -0.8806 0.4735
vn 0.0090 -0.9001 0.4356
vn 0.3411 0.9340 0.1063
vn 0.3747 0.9236 -0.0809
vn 0.1892 0.9656 0.1783
vn 0.7800 -0.1490 0.6078
vn 0.7881 -0.0778 0.6106
vn 0.7764 -0.0859 0.6243
vn 0.1684 0.6674 0.7254
vn 0.1647 0.6454 0.7459
vn 0.1770 0.6558 0.7339
vn -0.0934 0.7813 0.6171
vn 0.0987 0.7146 0.6925
vn 0.1307 0.7510 0.6473
vn 0.0984 0.7201 0.6868
vn -0.3301 -0.9138 -0.2369
vn -0.3104 -0.9205 -0.2371
vn -0.3529 -0.9091 -0.2213
vn -0.1829 0.0691 0.9807
vn -0.0598 -0.0607 0.9964
vn -0.0282 0.0813 0.9963
vn -0.3635 0.0414 0.9307
vn 0.0170 -0.9162 0.4004
vn -0.2275 -0.9093 0.3486
vn 0.0140 -0.9177 0.3971
vn -0.2971 0.1975 0.9342
vn 0.5592 -0.5558 0.6151
vn 0.5763 -0.5334 0.6192
vn 0.4829 -0.6268 0.6115
vn 0.4451 -0.6723 0.5915
vn -0.9280 -0.3601 0.0952
vn -0.8066 -0.5683 0.1627
vn -0.9335 -0.3585 -0.0114
vn -0.8767 -0.4561 0.1530
vn -0.5969 -0.7716 0.2198
vn -0.8335 -0.4991 0.2370
vn -0.9549 -0.0508 0.2925
vn -0.7637 -0.4931 0.4167
vn -0.5533 -0.6169 0.5598
vn -0.7528 -0.4199 0.5069
vn -0.9860 -0.0667 0.1526
vn -0.9732 -0.2261 -0.0425
vn -0.8650 -0.4994 -0.0480
vn -0.6200 -0.7375 0.2677
vn -0.6423 0.1362 0.7543
vn -0.4022 -0.1304 0.9062
vn -0.4525 -0.0200 0.8915
vn -0.7250 -0.5373 0.4308
vn -0.8769 -0.2987 0.3766
vn -0.7815 -0.4700 0.4103
vn -0.7120 -0.4443 0.5437
vn -0.7375 -0.3554 0.5743
vn -0.4367 -0.4264 0.7921
vn -0.5308 -0.3924 0.7512
vn -0.4579 -0.3002 0.8368
vn -0.3658 -0.3087 0.8780
vn -0.4015 0.2197 0.8891
vn -0.3898 0.2212 0.8939
vn -0.3606 0.2194 0.9065
vn -0.4088 -0.0455 0.9115
vn -0.3643 -0.1397 0.9207
vn -0.3304 -0.6009 0.7278
vn -0.4313 -0.5776 0.6931
vn -0.4872 -0.5844 0.6490
vn -0.3864 0.1985 0.9007
vn -0.3094 0.2442 0.9190
vn -0.4653 0.2371 0.8528
vn 0.4153 -0.1060 0.9035
vn 0.5357 -0.1595 0.8292
vn 0.5613 -0.0438 0.8265
vn 0.4298 -0.1731 0.8862
vn 0.3422 -0.0355 0.9389
vn 0.5327 -0.2149 0.8186
vn 0.4682 -0.3453 0.8134
vn 0.5693 -0.1902 0.7998
vn 0.4737 -0.3399 0.8125
vn 0.6898 -0.4382 0.5763
vn 0.7403 -0.2865 0.6081
vn 0.5491 -0.4682 0.6923
vn 0.6714 -0.3546 0.6507
vn 0.6022 -0.5001 0.6223
vn 0.5813 0.6077 0.5411
vn 0.5453 0.6435 0.5373
vn 0.5580 0.5926 0.5810
vn 0.6399 0.7351 -0.2240
vn 0.6131 0.7885 0.0487
vn 0.6733 0.5927 -0.4421
vn 0.5780 -0.7015 0.4170
vn 0.7381 -0.6687 0.0900
vn 0.6016 -0.5588 0.5709
vn 0.4149 -0.6714 0.6141
vn 0.8137 -0.5812 0.0001
vn 0.9031 -0.3714 -0.2153
vn 0.9104 -0.4124 -0.0330
vn 0.9472 -0.3185 0.0373
vn 0.8800 -0.4171 -0.2270
vn 0.7942 -0.6056 -0.0495
vn 0.9371 -0.3491 0.0018
vn -0.4724 0.5972 0.6482
vn -0.4251 0.8047 0.4144
vn -0.4915 0.8462 0.2060
vn -0.9336 0.2821 0.2212
vn -0.8234 0.2780 0.4947
vn -0.7935 0.3837 0.4724
vn -0.8204 0.4060 0.4027
vn -0.9171 0.0346 0.3972
vn -0.8549 0.1027 0.5085
vn -0.9123 0.0901 0.3994
vn -0.8518 0.2471 0.4619
vn -0.8914 0.0500 0.4505
vn -0.8539 0.1691 0.4921
vn -0.0664 -0.9184 0.3900
vn 0.1298 -0.8014 0.5839
vn 0.1808 -0.7270 0.6624
vn -0.7450 0.1195 0.6563
vn -0.8388 0.0549 0.5417
vn -0.7785 0.1118 0.6176
vn -0.6324 0.2673 0.7271
vn -0.6543 0.2306 0.7203
vn -0.4061 0.0181 0.9136
vn -0.3720 -0.0125 0.9281
vn -0.1564 0.1148 0.9810
vn -0.2596 0.1639 0.9517
vn -0.8363 0.0863 0.5414
vn -0.7896 0.2048 0.5784
vn -0.8345 0.1066 0.5406
vn 0.3867 0.0521 0.9207
vn 0.4381 -0.1035 0.8930
vn 0.5188 -0.1659 0.8386
vn -0.7546 -0.1854 0.6295
vn -0.6214 -0.0910 0.7782
vn -0.5912 0.0313 0.8060
vn 0.5622 -0.1246 0.8175
vn 0.6762 -0.2503 0.6929
vn 0.5461 -0.0001 0.8377
vn -0.4334 -0.0299 0.9007
vn -0.3266 0.1782 0.9282
vn -0.5637 -0.0787 0.8223
vn 0.8706 0.0601 0.4883
vn 0.9389 -0.0116 0.3441
vn 0.8335 0.2110 0.5107
vn 0.2591 0.1770 0.9495
vn 0.3743 0.0188 0.9271
vn 0.3466 0.0474 0.9368
vn 0.1216 0.1492 0.9813
vn 0.6642 0.2615 0.7003
vn 0.6482 0.2293 0.7261
vn 0.7846 0.0766 0.6152
vn 0.8560 0.0112 0.5168
vn 0.0116 -0.7363 0.6765
vn 0.1928 -0.8550 0.4815
vn -0.0446 -0.6534 0.7557
vn 0.7299 0.0736 0.6796
vn 0.7803 0.4018 0.4793
vn 0.7586 0.2630 0.5961
vn 0.8603 0.3070 0.4069
vn 0.7048 0.2480 0.6646
vn 0.9141 -0.2047 0.3502
vn 0.8864 -0.2446 0.3930
vn 0.8966 -0.2185 0.3853
vn 0.5478 -0.8134 0.1954
vn 0.7646 -0.6376 0.0939
vn 0.7216 -0.5843 0.3714
vn 0.8529 -0.4198 0.3104
vn 0.9949 0.0035 0.1005
vn 0.9704 0.2215 0.0961
vn 0.9962 0.0553 0.0666
vn 0.9402 -0.0609 0.3353
vn 0.4126 0.7843 0.4632
vn 0.4509 0.5892 0.6705
vn 0.5411 0.8106 0.2241
vn -0.1789 0.6289 0.7567
vn -0.1688 0.5662 0.8068
vn -0.1668 0.6273 0.7607
vn -0.0468 -0.9932 -0.1070
vn -0.1754 -0.9842 -0.0255
vn -0.1188 -0.9884 -0.0942
vn -0.2218 -0.9750 -0.0088
vn 0.2006 -0.9586 0.2019
vn 0.2164 -0.9565 0.1957
vn 0.2081 -0.9578 0.1984
vn 0.2005 -0.9596 0.1974
vn 0.1480 -0.9430 -0.2982
vn 0.0420 -0.9367 -0.3476
vn 0.2569 -0.9142 -0.3133
vn 0.3496 -0.8982 -0.2664
vn 0.1457 -0.9718 -0.1855
vn 0.1675 -0.9682 -0.1857
vn 0.1720 -0.9672 -0.1870
vn 0.1344 -0.9743 -0.1806
vn 0.3357 -0.8963 -0.2898
vn 0.3264 -0.9092 -0.2586
vn 0.3380 -0.8944 -0.2930
vn 0.3431 -0.8963 -0.2811
vn 0.4222 -0.8937 -0.1516
vn 0.3697 -0.9201 -0.1293
vn 0.3438 -0.9270 -0.1497
vn 0.4475 -0.8825 -0.1449
vn 0.2034 -0.9534 -0.2227
vn 0.2070 -0.9393 -0.2736
vn 0.2507 -0.9405 -0.2295
vn 0.1472 -0.9467 -0.2866
vn -0.1793 -0.7314 -0.6580
vn -0.1961 -0.6975 -0.6892
vn -0.1784 -0.6927 -0.6989
vn 0.0388 -0.9914 -0.1254
vn 0.0627 -0.9907 -0.1207
vn -0.0220 -0.9935 -0.1120
vn -0.0074 -0.9952 -0.0972
vn 0.1185 -0.9863 0.1149
vn 0.1271 -0.9873 0.0949
vn 0.1492 -0.9840 0.0971
vn -0.1182 -0.9886 -0.0928
vn -0.1530 -0.9857 -0.0703
vn -0.1474 -0.9850 -0.0893
vn -0.1755 -0.9822 -0.0672
vn -0.0413 -0.9768 -0.2100
vn -0.0119 -0.9671 -0.2541
vn -0.1232 -0.9824 -0.1404
vn -0.1512 -0.9829 -0.1049
vn -0.6052 -0.7447 -0.2814
vn -0.5947 -0.7223 -0.3531
vn -0.5949 -0.7558 -0.2734
vn -0.3216 -0.9393 -0.1196
vn -0.4159 -0.9017 -0.1181
vn -0.3643 -0.9214 -0.1357
vn -0.4374 -0.8939 -0.0981
vn -0.8513 -0.2235 0.4747
vn -0.8406 -0.2269 0.4918
vn -0.8434 -0.1938 0.5011
vn -0.3595 -0.9023 -0.2380
vn -0.3805 -0.8921 -0.2438
vn -0.3711 -0.8949 -0.2477
vn -0.3092 -0.9358 -0.1696
vn -0.3126 -0.9387 -0.1455
vn -0.3319 -0.9316 -0.1484
vn -0.3185 -0.9353 -0.1541
vn -0.8706 -0.4864 -0.0747
vn -0.8704 -0.4893 -0.0547
vn -0.8768 -0.4760 -0.0682
vn -0.6862 -0.7241 -0.0696
vn -0.6794 -0.7207 -0.1379
vn -0.7231 -0.6819 0.1097
vn -0.7405 -0.6562 0.1449
vn -0.5470 -0.8246 -0.1445
vn -0.5405 -0.8291 -0.1433
vn -0.5377 -0.8327 -0.1321
vn -0.2657 -0.8449 -0.4643
vn -0.2614 -0.8483 -0.4604
vn -0.2693 -0.8447 -0.4625
vn 0.0291 -0.9664 0.2554
vn 0.0305 -0.9631 0.2674
vn 0.0251 -0.9662 0.2567
vn -0.4306 -0.8928 0.1323
vn -0.4518 -0.8851 0.1115
vn -0.4420 -0.8904 0.1082
vn -0.9156 0.0940 0.3909
vn -0.9135 0.1331 0.3846
vn -0.9262 0.0769 0.3692
vn -0.5148 -0.8500 -0.1121
vn -0.5263 -0.8384 -0.1419
vn -0.4790 -0.8683 -0.1288
vn -0.1031 -0.9037 -0.4156
vn -0.0711 -0.9036 -0.4225
vn -0.0859 -0.9043 -0.4181
vn -0.1099 -0.9001 -0.4217
vn 0.2434 -0.9636 0.1106
vn 0.2530 -0.9579 0.1359
vn 0.2352 -0.9659 0.1084
vn 0.3091 -0.6629 -0.6819
vn 0.2817 -0.6825 -0.6744
vn 0.2899 -0.6609 -0.6922
vn 0.4294 -0.8856 -0.1768
vn 0.3690 -0.9273 -0.0632
vn 0.4144 -0.8876 -0.2011
vn -0.4150 -0.9088 0.0439
vn -0.4134 -0.9094 0.0452
vn -0.4258 -0.9044 0.0291
vn -0.6606 -0.7333 -0.1608
vn -0.6611 -0.7349 -0.1514
vn -0.6642 -0.7329 -0.1473
vn -0.6610 -0.7182 -0.2175
vn 0.8782 -0.3157 -0.3593
vn 0.8253 -0.3142 -0.4693
vn 0.9090 -0.1911 -0.3704
vn 0.4273 -0.9000 -0.0868
vn 0.4376 -0.8990 -0.0171
vn 0.4241 -0.8989 -0.1096
vn 0.4261 -0.9040 0.0363
vn 0.3719 -0.9196 0.1269
vn 0.3720 -0.9252 0.0749
vn 0.3955 -0.9117 0.1114
vn 0.1765 -0.9843 0.0068
vn 0.1389 -0.9903 0.0028
vn 0.1406 -0.9900 -0.0073
vn 0.4048 -0.9003 0.1602
vn 0.3349 -0.9236 0.1868
vn 0.2721 -0.9441 0.1862
vn 0.4524 -0.8704 0.1941
vn 0.2360 -0.9711 0.0359
vn 0.3127 -0.9442 0.1031
vn 0.2312 -0.9714 0.0537
vn 0.3048 -0.9458 0.1118
vn 0.3172 -0.9213 -0.2249
vn 0.2701 -0.9286 -0.2543
vn 0.2785 -0.9317 -0.2331
vn 0.2737 -0.9383 -0.2113
vn 0.4876 -0.8695 -0.0789
vn 0.4074 -0.9035 -0.1327
vn 0.4443 -0.8848 -0.1406
vn 0.4350 -0.8954 -0.0949
vn 0.6122 -0.2531 0.7491
vn 0.6126 -0.2424 0.7523
vn 0.5654 -0.2841 0.7743
vn 0.3095 -0.9391 0.1491
vn 0.3140 -0.9367 0.1551
vn 0.3083 -0.9389 0.1531
vn 0.3074 -0.9416 0.1376
vn 0.1747 -0.9765 -0.1259
vn 0.1588 -0.9808 -0.1135
vn 0.1993 -0.9731 -0.1155
vn 0.1465 -0.9846 -0.0952
vn 0.5197 -0.8313 0.1972
vn 0.4823 -0.8656 0.1347
vn 0.5410 -0.8155 0.2055
vn 0.4675 -0.8761 0.1177
vn 0.1656 -0.9558 0.2428
vn 0.1845 -0.9463 0.2654
vn 0.1394 -0.9533 0.2680
vn 0.1761 -0.9491 0.2611
vn 0.2672 -0.9096 -0.3183
vn 0.2596 -0.9119 -0.3179
vn 0.2715 -0.9054 -0.3265
vn -0.3502 -0.9084 -0.2284
vn -0.3759 -0.8868 -0.2688
vn -0.3339 -0.9110 -0.2421
vn 0.0477 -0.9753 0.2157
vn 0.0500 -0.9750 0.2164
vn 0.0496 -0.9742 0.2203
vn 0.2213 -0.9401 -0.2593
vn 0.2831 -0.9523 -0.1142
vn 0.1444 -0.9372 -0.3175
vn 0.3414 -0.9388 -0.0455
vn 0.1120 -0.9912 -0.0712
vn 0.1007 -0.9933 -0.0563
vn 0.1038 -0.9933 -0.0517
vn 0.0536 -0.9249 -0.3764
vn 0.0581 -0.9295 -0.3643
vn 0.0578 -0.9267 -0.3714
vn 0.0555 -0.9281 -0.3681
vn 0.1870 -0.9040 -0.3845
vn 0.1397 -0.9125 -0.3846
vn 0.1040 -0.9025 -0.4179
vn 0.0884 -0.8959 -0.4354
vn -0.0271 -0.9474 0.3190
vn 0.0116 -0.9244 0.3813
vn 0.0492 -0.9239 0.3795
vn 0.0972 -0.9096 0.4040
vn 0.0567 -0.9715 -0.2300
vn 0.1584 -0.9645 -0.2112
vn 0.0260 -0.9645 -0.2627
vn 0.1379 -0.9726 -0.1871
vn 0.7576 -0.2177 0.6153
vn 0.7713 -0.2062 0.6021
vn 0.7638 -0.1827 0.6190
vn 0.9654 -0.1352 -0.2229
vn 0.9604 -0.1565 -0.2303
vn 0.9637 -0.1406 -0.2269
vn -0.3337 -0.8757 -0.3490
vn -0.3415 -0.8749 -0.3434
vn -0.3363 -0.8722 -0.3553
vn 0.1683 -0.9792 -0.1130
vn 0.1481 -0.9841 -0.0985
vn 0.0896 -0.9789 -0.1837
vn 0.0577 -0.9823 -0.1783
vn -0.0998 -0.9878 -0.1199
vn -0.0869 -0.9855 -0.1459
vn -0.0833 -0.9916 -0.0993
vn 0.0846 0.8902 0.4477
vn 0.0901 0.8728 0.4797
vn 0.1149 0.8800 0.4608
vn -0.0136 -0.9209 0.3895
vn -0.0313 -0.9220 0.3860
vn -0.0217 -0.9197 0.3921
vn 0.3693 -0.9288 -0.0306
vn 0.1755 -0.9811 -0.0821
vn 0.2572 -0.9662 -0.0196
vn 0.1247 -0.9823 -0.1394
vn 0.0743 -0.9945 0.0737
vn 0.0793 -0.9950 0.0604
vn 0.0900 -0.9933 0.0727
vn 0.2980 0.8796 0.3708
vn 0.2064 0.8800 0.4278
vn 0.2379 0.8609 0.4497
vn 0.2309 -0.9320 0.2795
vn 0.2131 -0.9258 0.3121
vn 0.2360 -0.9301 0.2815
vn -0.3187 -0.9188 -0.2328
vn -0.2876 -0.9243 -0.2509
vn -0.2986 -0.9211 -0.2496
vn -0.2912 -0.9103 -0.2943
vn 0.0348 -0.8682 -0.4950
vn 0.0783 -0.8656 -0.4945
vn 0.0786 -0.8699 -0.4870
vn -0.0633 -0.9659 -0.2510
vn -0.1308 -0.9564 -0.2611
vn -0.0432 -0.9697 -0.2406
vn -0.1544 -0.9480 -0.2782
vn -0.2190 -0.9236 -0.3147
vn -0.1793 -0.9296 -0.3219
vn -0.2054 -0.9291 -0.3075
vn -0.2225 -0.9266 -0.3032
vn 0.3942 -0.9115 0.1171
vn 0.3822 -0.9148 0.1303
vn 0.3808 -0.9177 0.1134
vn 0.3970 -0.9113 0.1093
vn 0.4057 -0.9093 0.0923
vn 0.4142 -0.9046 0.1011
vn 0.3982 -0.9130 0.0885
vn -0.3183 -0.9417 0.1094
vn -0.2797 -0.9563 0.0852
vn -0.2544 -0.9611 0.1076
vn -0.7689 -0.6055 0.2052
vn -0.7773 -0.6006 0.1876
vn -0.7780 -0.6005 0.1846
vn 0.0643 -0.9454 -0.3194
vn 0.0277 -0.9292 -0.3686
vn 0.1487 -0.9332 -0.3271
vn 0.0084 -0.9296 -0.3684
vn -0.2802 -0.9394 -0.1976
vn -0.2495 -0.9345 -0.2537
vn -0.3178 -0.9408 -0.1176
vn -0.3324 -0.9412 -0.0596
vn -0.3466 -0.9237 -0.1631
vn -0.4095 -0.8978 -0.1618
vn -0.3693 -0.9073 -0.2012
vn -0.0435 -0.6766 -0.7350
vn -0.0632 -0.6458 -0.7608
vn -0.0486 -0.6484 -0.7598
vn -0.5377 -0.8244 -0.1768
vn -0.5207 -0.8443 -0.1266
vn -0.5664 -0.8184 -0.0975
vn -0.2223 -0.9295 -0.2944
vn -0.3058 -0.9086 -0.2845
vn -0.2129 -0.9287 -0.3037
vn -0.3297 -0.9017 -0.2797
vn -0.2450 -0.9293 -0.2763
vn -0.2630 -0.9186 -0.2951
vn -0.2213 -0.9242 -0.3111
vn -0.2635 -0.9209 -0.2872
vn -0.4321 -0.8969 -0.0940
vn -0.4854 -0.8626 -0.1423
vn -0.4162 -0.9015 -0.1184
vn -0.5138 -0.8528 -0.0933
vn -0.4610 -0.8803 0.1117
vn -0.4756 -0.8745 0.0954
vn -0.4485 -0.8879 0.1025
vn -0.4949 -0.8609 0.1181
vn -0.5462 -0.8371 -0.0309
vn -0.5162 -0.8548 -0.0540
vn -0.5591 -0.8287 0.0245
vn -0.5766 -0.8162 0.0370
vn -0.7355 -0.6752 0.0563
vn -0.7189 -0.6949 0.0201
vn -0.7295 -0.6833 0.0297
vn -0.7107 -0.7027 -0.0340
vn -0.4411 -0.8975 0.0070
vn -0.5275 -0.8495 -0.0084
vn -0.3973 -0.9169 -0.0385
vn -0.5807 -0.8139 0.0202
vn -0.6753 -0.7281 0.1175
vn -0.6591 -0.7463 0.0929
vn -0.6538 -0.7499 0.1010
vn -0.7061 -0.6514 -0.2777
vn -0.6883 -0.6750 -0.2659
vn -0.6757 -0.7047 -0.2166
vn -0.0398 -0.9990 0.0186
vn -0.0649 -0.9979 0.0076
vn -0.0600 -0.9982 -0.0004
vn 0.3652 -0.9306 -0.0236
vn 0.3561 -0.9340 -0.0274
vn 0.3630 -0.9311 -0.0367
vn -0.1360 -0.9555 -0.2618
vn -0.0871 -0.9585 -0.2715
vn -0.1488 -0.9612 -0.2322
vn -0.2035 -0.9538 -0.2212
vn 0.5969 -0.7650 0.2420
vn 0.6063 -0.7813 0.1484
vn 0.6308 -0.7259 0.2742
vn 0.5849 -0.8074 0.0781
vn -0.3090 -0.9470 -0.0875
vn -0.3317 -0.9401 -0.0781
vn -0.3048 -0.9451 -0.1176
vn -0.3363 -0.9393 -0.0679
vn -0.5331 -0.8033 -0.2657
vn -0.5071 -0.8230 -0.2560
vn -0.5378 -0.8052 -0.2499
vn 0.0164 -0.8655 0.5007
vn -0.0040 -0.8282 0.5604
vn 0.0065 -0.8348 0.5505
vn -0.2434 -0.8684 -0.4320
vn -0.2175 -0.8736 -0.4352
vn -0.1826 -0.8735 -0.4513
vn -0.2056 -0.8838 -0.4202
vn 0.1623 -0.8718 -0.4622
vn 0.1172 -0.8872 -0.4463
vn 0.0554 -0.8691 -0.4915
vn 0.0260 -0.8722 -0.4884
vn 0.0289 -0.9919 0.1234
vn 0.0271 -0.9915 0.1274
vn 0.0319 -0.9917 0.1245
vn 0.9740 -0.2259 0.0160
vn 0.9790 -0.2034 0.0145
vn 0.9753 -0.2207 0.0121
vn 0.0738 -0.9486 -0.3078
vn 0.1502 -0.9437 -0.2948
vn 0.2201 -0.9433 -0.2486
vn 0.2776 -0.9348 -0.2217
vn 0.1050 -0.8898 0.4441
vn 0.1370 -0.8832 0.4485
vn 0.1189 -0.8868 0.4467
vn 0.0355 -0.9989 0.0314
vn 0.0307 -0.9991 0.0281
vn 0.0294 -0.9992 0.0286
vn 0.1830 0.7548 0.6299
vn 0.1629 0.8042 0.5716
vn 0.1827 0.7543 0.6306
vn -0.3061 -0.9460 0.1066
vn -0.3267 -0.9425 0.0712
vn -0.2884 -0.9561 0.0519
vn 0.1788 -0.9831 0.0388
vn 0.1956 -0.9798 0.0407
vn 0.1677 -0.9852 0.0366
vn -0.5543 -0.7671 -0.3228
vn -0.5647 -0.7558 -0.3314
vn -0.5358 -0.7771 -0.3301
vn -0.5731 -0.7505 -0.3290
vn -0.1506 -0.9617 0.2291
vn -0.1729 -0.9569 0.2334
vn -0.1866 -0.9533 0.2374
vn -0.1352 -0.9630 0.2330
vn 0.0989 -0.8397 -0.5340
vn 0.1045 -0.8223 -0.5593
vn 0.1282 -0.8290 -0.5443
vn -0.3153 -0.8617 -0.3977
vn -0.3150 -0.8621 -0.3969
vn -0.3216 -0.8592 -0.3979
vn -0.1612 -0.9693 -0.1855
vn -0.1629 -0.9671 -0.1955
vn -0.1551 -0.9729 -0.1717
vn 0.3585 -0.7784 0.5154
vn 0.3788 -0.7724 0.5099
vn 0.3738 -0.7751 0.5095
vn 0.6829 -0.5558 -0.4741
vn 0.6908 -0.5544 -0.4641
vn 0.6669 -0.5737 -0.4755
vn 0.1364 -0.2977 -0.9448
vn 0.3522 -0.3367 -0.8733
vn 0.2299 -0.3413 -0.9114
vn -0.0739 -0.2535 -0.9645
vn -0.3275 -0.7893 -0.5194
vn -0.3476 -0.7743 -0.5289
vn -0.3378 -0.7600 -0.5553
vn 0.1531 -0.6778 -0.7191
vn 0.0292 -0.6880 -0.7251
vn -0.2062 -0.7127 -0.6705
vn -0.8376 -0.2907 0.4624
vn -0.8309 -0.3217 0.4540
vn -0.8358 -0.3057 0.4560
vn -0.7721 -0.4902 -0.4043
vn -0.7767 -0.4848 -0.4022
vn -0.7805 -0.4621 -0.4210
vn -0.5001 0.4049 -0.7655
vn -0.6027 0.4048 -0.6876
vn -0.6450 0.5738 -0.5047
vn 0.4523 0.5626 -0.6920
vn 0.3200 0.4061 -0.8560
vn 0.4128 0.5261 -0.7435
vn 0.7515 -0.1564 -0.6409
vn 0.7531 -0.1538 -0.6397
vn 0.7608 -0.1715 -0.6259
vn -0.2429 -0.7007 -0.6708
vn -0.2600 0.1750 -0.9496
vn -0.4005 0.1681 -0.9008
vn -0.4615 0.2306 -0.8566
vn 0.4431 0.5854 -0.6790
vn 0.4701 0.6026 -0.6449
vn 0.0113 0.1684 -0.9857
vn -0.8912 -0.0222 -0.4532
vn -0.8893 0.0295 -0.4563
vn -0.8890 -0.0005 -0.4580
vn -0.8735 -0.4369 -0.2147
vn -0.8728 -0.4385 -0.2144
vn -0.8823 -0.4263 -0.1995
vn -0.2504 -0.9249 -0.2861
vn -0.2500 -0.9256 -0.2842
vn -0.2523 -0.9247 -0.2852
vn 0.3495 -0.8428 -0.4093
vn 0.4868 -0.8500 -0.2012
vn 0.4992 -0.8411 -0.2082
vn 0.5523 -0.8252 -0.1180
vn 0.8543 -0.3943 0.3387
vn 0.8460 -0.3881 0.3657
vn 0.9401 -0.2205 0.2601
vn 0.9954 -0.0289 0.0918
vn 0.9366 -0.2452 0.2502
vn 0.7826 0.5887 -0.2025
vn 0.5996 0.7495 0.2807
vn 0.7452 0.6593 0.1004
vn 0.4565 0.7299 0.5087
vn 0.3572 0.7313 0.5810
vn -0.2011 0.9749 0.0955
vn -0.1818 0.9805 0.0752
vn -0.1878 0.9804 0.0601
vn -0.6940 0.6526 0.3040
vn -0.7081 0.6480 0.2806
vn -0.6985 0.6422 0.3159
vn 0.4811 -0.3906 0.7849
vn 0.5626 -0.3134 0.7650
vn 0.4749 -0.4106 0.7784
vn 0.1279 -0.8551 0.5024
vn 0.0452 -0.8829 0.4674
vn 0.0650 -0.8725 0.4843
vn 0.0018 -0.8915 0.4531
vn 0.3846 -0.4950 0.7792
vn -0.5886 0.0816 0.8043
vn -0.6492 -0.1019 0.7537
vn -0.6506 -0.2053 0.7312
vn -0.6941 -0.4255 0.5807
vn 0.2510 0.5642 0.7865
vn -0.5633 0.2286 0.7940
vn -0.8986 -0.0132 0.4386
vn -0.8975 0.0233 0.4404
vn -0.9448 0.0545 0.3231
vn -0.2101 -0.7088 0.6734
vn -0.0487 -0.6782 0.7333
vn -0.0139 -0.5910 0.8065
vn -0.3519 0.9226 -0.1580
vn -0.1504 0.9861 -0.0707
vn -0.2442 0.9618 -0.1238
vn 0.0523 -0.8333 0.5503
vn 0.1128 -0.7790 0.6168
vn 0.1461 -0.7841 0.6032
vn 0.1241 -0.7457 0.6546
vn -0.3912 -0.8658 0.3121
vn -0.3053 -0.9106 0.2787
vn -0.3173 -0.8878 0.3334
vn -0.0344 0.7644 0.6438
vn 0.0652 0.7753 0.6282
vn 0.1007 0.7803 0.6172
vn 0.3071 -0.6199 0.7221
vn 0.3348 -0.6190 0.7104
vn 0.3006 -0.6064 0.7362
vn -0.0970 0.2187 0.9710
vn -0.0614 0.2491 0.9665
vn -0.0900 0.1909 0.9775
vn -0.8179 -0.3309 0.4707
vn -0.7926 -0.3881 0.4703
vn -0.7831 -0.3718 0.4986
vn -0.6338 0.0715 0.7702
vn -0.6724 0.1008 0.7333
vn -0.6860 0.1224 0.7172
vn 0.4342 -0.8991 -0.0553
vn 0.3878 -0.9206 -0.0459
vn 0.3758 -0.9246 -0.0621
vn -0.1115 -0.3407 0.9335
vn -0.1951 -0.3753 0.9062
vn -0.1525 -0.3466 0.9256
vn -0.4600 -0.2472 0.8528
vn -0.5345 -0.2881 0.7945
vn -0.4626 -0.2515 0.8501
vn 0.1489 -0.6641 0.7327
vn 0.0762 -0.6110 0.7880
vn 0.1296 -0.7079 0.6943
vn 0.7260 -0.0352 0.6868
vn 0.7450 0.0202 0.6668
vn 0.7405 0.0806 0.6672
vn 0.6219 0.2066 0.7554
vn 0.9486 0.1189 0.2933
vn 0.6971 0.2501 0.6719
vn 0.2013 0.3258 0.9238
vn 0.2494 0.6264 0.7385
vn 0.1826 0.5344 0.8253
vn 0.2839 0.2482 0.9262
vn -0.0210 0.6797 0.7332
vn 0.0356 0.7279 0.6848
vn 0.0420 0.7074 0.7056
vn 0.0691 0.8514 0.5199
vn 0.0025 0.9777 0.2099
vn 0.4495 -0.0644 0.8910
vn 0.4074 -0.2322 0.8832
vn 0.4469 -0.2251 0.8658
vn -0.5974 0.1905 0.7790
vn -0.4792 0.1723 0.8606
vn -0.7397 0.3330 0.5848
vn -0.0552 -0.8833 -0.4656
vn 0.0762 -0.9250 -0.3723
vn -0.2272 -0.9223 -0.3126
vn 0.6220 0.0125 0.7830
vn 0.5925 0.0508 0.8040
vn 0.5634 0.0049 0.8261
vn 0.1302 -0.8365 0.5322
vn 0.0447 -0.8928 0.4482
vn 0.0881 -0.8871 0.4530
vn -0.3630 -0.6135 0.7013
vn -0.2453 -0.6139 0.7503
vn -0.3777 -0.5852 0.7176
vn -0.7437 0.6678 0.0302
vn -0.7609 0.6469 0.0499
vn -0.7439 0.6660 0.0554
vn 0.6203 -0.3132 -0.7191
vn 0.5649 -0.3436 -0.7502
vn 0.5537 -0.2588 -0.7915
vn 0.0753 -0.5551 -0.8283
vn 0.0892 -0.5281 -0.8445
vn 0.0003 -0.5535 -0.8329
vn -0.0755 -0.3184 -0.9449
vn -0.6483 0.5844 0.4880
vn -0.7193 0.5960 0.3570
vn -0.7285 0.5230 0.4423
vn -0.2238 -0.7470 0.6261
vn -0.1333 -0.7718 0.6218
vn -0.1352 -0.7923 0.5949
vn -0.0216 -0.7334 0.6794
vn 0.7665 0.5673 -0.3012
vn 0.8070 0.4952 -0.3217
vn 0.7867 0.4896 -0.3760
vn 0.0352 -0.4723 -0.8807
vn -0.0278 -0.5025 -0.8642
vn -0.0652 -0.4582 -0.8864
vn 0.4909 -0.8701 0.0438
vn 0.2921 -0.9563 -0.0148
vn 0.3302 -0.9280 -0.1727
vn 0.9051 0.0711 0.4192
vn 0.9076 0.0452 0.4174
vn 0.9146 0.0942 0.3931
vn 0.9074 0.1293 0.3999
vn 0.9509 -0.2903 -0.1077
vn 0.9524 -0.2062 -0.2246
vn 0.9629 -0.2531 -0.0932
vn 0.9313 -0.3641 -0.0030
vn 0.9730 0.0224 0.2299
vn 0.9407 0.1032 0.3231
vn 0.9147 0.0965 0.3923
vn 0.9903 0.0667 0.1221
vn -0.5025 -0.8544 -0.1321
vn -0.5680 -0.8203 -0.0673
vn -0.6229 -0.7514 -0.2176
vn 0.9476 -0.0807 -0.3090
vn -0.4303 -0.8903 -0.1491
vn -0.4756 -0.8128 -0.3363
vn -0.3467 -0.9128 -0.2160
vn 0.5508 -0.8282 0.1032
vn 0.5023 -0.7229 0.4744
vn 0.4407 -0.8549 0.2737
vn 0.7346 -0.1977 0.6491
vn -0.3287 -0.3834 0.8631
vn -0.6701 -0.7037 0.2362
vn -0.4148 0.6058 -0.6789
vn -0.4970 0.6168 -0.6104
vn -0.3783 0.6313 -0.6770
vn -0.7849 -0.3882 -0.4829
vn -0.6906 -0.4682 -0.5512
vn -0.6994 -0.4751 -0.5340
vn -0.6214 -0.7828 -0.0314
vn -0.6197 -0.7841 0.0334
vn -0.7019 -0.7008 -0.1271
vn -0.6656 -0.7461 0.0186
vn 0.2608 0.4805 0.8373
vn 0.1552 0.2986 0.9417
vn 0.5774 0.4215 0.6993
vn 0.7867 -0.1226 0.6051
vn 0.3230 0.2629 -0.9092
vn 0.3926 0.3050 -0.8677
vn 0.7209 -0.6561 -0.2233
vn 0.7539 -0.6084 -0.2479
vn 0.8167 -0.5610 -0.1349
vn 0.5034 0.3425 -0.7933
vn 0.9043 0.3038 -0.2999
vn 0.6424 0.2846 -0.7115
vn -0.7112 0.7025 -0.0276
vn -0.7727 0.6320 -0.0586
vn -0.7324 0.6663 -0.1399
vn -0.6989 0.7114 -0.0739
vn -0.0983 0.8163 -0.5693
vn 0.1949 -0.8634 0.4654
vn 0.1953 -0.8448 0.4982
vn -0.0615 -0.7523 0.6560
vn 0.8800 -0.1574 -0.4481
vn 0.6634 0.4556 -0.5936
vn 0.7124 -0.6438 0.2794
vn 0.4482 0.6461 0.6177
vn 0.4876 0.5856 0.6475
vn 0.4708 0.7037 0.5322
vn 0.6865 0.2135 0.6951
vn 0.7788 0.0536 0.6250
vn 0.7935 0.0844 0.6026
vn -0.3231 0.6112 -0.7226
vn -0.2534 0.5615 -0.7877
vn -0.3143 0.5031 -0.8051
vn 0.6750 0.2025 0.7095
vn 0.6863 0.2078 0.6970
vn 0.6756 0.2264 0.7017
vn 0.4671 -0.6947 0.5470
vn 0.4737 -0.7117 0.5188
vn 0.5150 -0.6691 0.5357
vn 0.8661 -0.0178 0.4995
vn 0.9057 -0.0334 0.4225
vn 0.8808 -0.0075 0.4733
vn 0.9398 -0.1022 0.3260
vn 0.9504 -0.1344 0.2803
vn 0.9297 0.3666 -0.0361
vn 0.9209 0.3434 0.1845
vn 0.9085 0.2959 0.2951
vn 0.8782 0.2455 0.4105
vn 0.9162 0.2649 0.3006
vn 0.7607 0.4919 -0.4235
vn 0.8477 0.3646 -0.3852
vn 0.7947 0.3379 -0.5043
vn -0.4405 0.8532 0.2794
vn -0.4233 0.8569 0.2941
vn -0.4194 0.8764 0.2367
vn -0.9265 0.3041 -0.2216
vn -0.9273 0.3666 -0.0760
vn -0.9084 0.3805 -0.1736
vn -0.4443 0.8888 -0.1125
vn -0.5604 0.7939 -0.2361
vn -0.3190 0.9290 -0.1876
vn -0.2806 0.9561 -0.0850
vn 0.9284 -0.2557 -0.2697
vn 0.8944 -0.0794 -0.4403
vn 0.9441 -0.3295 0.0122
vn 0.0882 0.8630 0.4974
vn 0.3718 0.5948 0.7127
vn 0.4103 0.6015 0.6854
vn -0.4817 -0.3752 0.7920
vn 0.9192 -0.0645 0.3884
vn -0.9172 0.0948 0.3869
vn 0.4633 0.8805 0.1004
vn 0.5248 0.8492 0.0583
vn -0.0885 -0.2405 0.9666
vn 0.2867 -0.1203 -0.9505
vn 0.9591 0.0537 -0.2780
vn 0.3069 -0.1745 -0.9356
vn 0.5429 0.3867 -0.7455
vn 0.3490 0.3098 -0.8844
vn 0.4869 0.4043 -0.7743
vn 0.6112 0.1054 0.7844
vn 0.5484 0.1182 0.8278
vn 0.4899 0.0686 0.8691
vn -0.0419 0.9748 0.2189
vn 0.2444 0.9678 -0.0611
vn -0.1918 0.9221 -0.3361
vn 0.6078 0.6586 0.4437
vn 0.7100 0.6409 0.2916
vn 0.7097 0.6651 0.2321
vn -0.1853 -0.9827 0.0074
vn -0.2261 -0.9741 -0.0041
vn -0.2232 -0.9748 0.0027
vn -0.4372 0.8984 -0.0413
vn -0.4046 0.9059 0.1250
vn -0.5255 0.8508 0.0098
vn -0.4309 0.8894 0.1526
vn -0.4464 0.8948 0.0034
vn -0.0601 -0.2902 -0.9551
vn -0.0562 -0.2291 -0.9718
vn -0.0486 -0.2814 -0.9584
vn 0.5529 -0.4008 -0.7306
vn 0.5373 -0.4761 -0.6962
vn 0.5386 -0.3699 -0.7570
vn 0.7050 -0.3416 -0.6215
vn 0.7456 -0.3614 -0.5599
vn 0.0709 0.0153 0.9974
vn -0.1008 0.3074 0.9462
vn -0.1144 0.2526 0.9608
vn -0.5685 0.3380 0.7500
vn -0.6968 0.2037 0.6877
vn -0.5268 0.2695 0.8061
vn -0.5212 0.3777 0.7653
vn -0.1189 0.0886 0.9889
vn 0.1705 0.0464 0.9843
vn 0.1491 0.1121 0.9825
vn -0.6865 -0.3070 0.6592
vn -0.6807 -0.3024 0.6672
vn -0.6903 -0.3000 0.6585
vn 0.9474 -0.2933 0.1283
vn 0.9593 -0.2409 0.1474
vn 0.9409 -0.2470 0.2319
vn 0.4179 -0.8873 -0.1951
vn 0.4447 -0.8435 -0.3012
vn 0.4564 -0.8702 -0.1857
vn 0.7702 -0.0746 -0.6334
vn 0.7435 0.0704 -0.6650
vn 0.7826 0.0056 -0.6225
vn 0.3306 -0.5967 -0.7312
vn 0.2409 -0.5995 -0.7632
vn 0.3530 -0.5629 -0.7474
vn -0.8412 0.2342 -0.4873
vn -0.8255 0.1336 -0.5484
vn -0.9224 0.2572 -0.2881
vn -0.3660 -0.8942 0.2577
vn -0.3192 -0.8387 0.4413
vn -0.4227 -0.8245 0.3762
vn 0.4131 0.2423 -0.8778
vn 0.4057 0.3066 -0.8610
vn 0.4230 0.2659 -0.8662
vn 0.9716 -0.0843 0.2212
vn 0.9732 -0.1803 0.1430
vn 0.9782 -0.1821 0.1002
vn 0.5848 -0.6644 0.4653
vn 0.6075 -0.7127 0.3506
vn 0.6317 -0.6969 0.3396
vn -0.5388 -0.6606 -0.5227
vn -0.4397 -0.7026 -0.5596
vn -0.5085 -0.7369 -0.4454
vn -0.3903 -0.7653 -0.5118
vn -0.4263 0.5271 0.7351
vn -0.5804 0.4519 0.6774
vn -0.2733 0.4023 0.8737
vn -0.9311 0.0413 0.3624
vn -0.9386 0.0702 0.3377
vn -0.8537 -0.2593 0.4516
vn 0.9800 -0.1885 0.0643
vn 0.9716 -0.2356 -0.0200
vn 0.9503 -0.2977 0.0907
vn 0.9599 -0.2407 0.1434
vn -0.1264 -0.7966 0.5912
vn -0.0194 -0.8381 0.5451
vn 0.0293 -0.7785 0.6270
vn -0.9754 -0.0648 0.2106
vn -0.8970 0.1049 0.4293
vn 0.0645 0.0051 0.9979
vn -0.4352 -0.1070 0.8940
vn -0.6077 -0.1433 0.7811
vn -0.3638 0.1752 0.9149
vn -0.0975 -0.0152 0.9951
vn -0.3316 -0.1136 0.9366
vn 0.4248 -0.2032 0.8822
vn 0.3792 -0.0840 0.9215
vn 0.3080 -0.1063 0.9454
vn 0.9208 0.1172 0.3721
vn 0.8550 -0.3960 0.3349
vn 0.8594 -0.3291 0.3912
vn 0.7522 -0.4250 0.5035
vn -0.1094 -0.6437 -0.7574
vn -0.1444 -0.7306 -0.6674
vn 0.0661 -0.7006 -0.7105
vn -0.3078 -0.6756 -0.6700
vn 0.9166 -0.2562 0.3070
vn 0.1023 -0.0894 0.9907
vn -0.0746 0.0836 0.9937
vn -0.0954 -0.5942 0.7986
vn -0.7778 -0.4402 0.4486
vn -0.6209 -0.7589 -0.1964
vn -0.8214 -0.5549 -0.1318
vn -0.8222 -0.5675 -0.0431
vn -0.8415 -0.5367 -0.0627
vn 0.3586 -0.4816 -0.7997
vn 0.3102 -0.4805 -0.8203
vn 0.2854 -0.4352 -0.8539
vn -0.5015 -0.5479 -0.6696
vn -0.4656 -0.5237 -0.7134
vn -0.4113 -0.6241 -0.6643
vn -0.8190 -0.5617 0.1171
vn -0.8163 -0.5486 0.1809
vn -0.8244 -0.5414 0.1648
vn 0.3546 0.3760 0.8560
vn 0.3885 0.4880 0.7816
vn 0.5216 0.3134 0.7935
vn 0.4160 0.4718 0.7774
vn 0.3411 -0.2640 0.9022
vn -0.1898 0.2352 0.9532
vn -0.6422 -0.6981 -0.3167
vn -0.4090 -0.2550 -0.8762
vn -0.6004 -0.2578 -0.7570
vn -0.3684 -0.2972 -0.8809
vn -0.9244 0.2503 -0.2878
vn -0.9693 0.1078 -0.2211
vn -0.9752 0.1242 -0.1832
vn 0.2547 -0.6944 -0.6731
vn 0.3250 -0.4901 -0.8088
vn 0.2361 -0.6260 -0.7432
vn 0.2181 -0.4437 -0.8692
vn 0.2412 -0.6145 -0.7512
vn -0.1611 0.0604 0.9851
vn -0.7099 -0.7043 0.0019
vn -0.7251 -0.6886 -0.0059
vn -0.7079 -0.7029 -0.0688
vn 0.0062 -0.0473 0.9989
vn 0.8823 0.3149 0.3500
vn 0.7279 -0.0168 0.6854
vn 0.9456 0.0738 0.3168
vn 0.1359 0.0506 0.9894
vn -0.6229 -0.7762 0.0974
vn -0.9910 -0.0320 -0.1303
vn -0.7764 -0.2523 -0.5776
vn -0.9761 -0.1164 -0.1834
vn -0.2648 -0.6796 -0.6841
vn -0.1866 -0.6064 -0.7729
vn -0.1308 -0.6196 -0.7740
vn -0.4237 -0.5243 -0.7386
vn -0.2843 -0.7243 -0.6282
vn 0.5354 -0.2925 -0.7923
vn 0.5286 -0.3752 -0.7615
vn 0.5380 -0.3788 -0.7530
vn 0.9019 -0.3456 -0.2592
vn 0.8746 -0.3231 -0.3615
vn 0.8492 -0.4511 -0.2745
vn -0.2897 0.6651 0.6883
vn -0.3446 0.5092 0.7887
vn -0.2649 0.4952 0.8274
vn 0.4727 0.8244 -0.3112
vn 0.2928 0.7654 -0.5731
vn 0.3711 0.7479 -0.5504
vn -0.2166 0.7471 -0.6284
vn -0.1967 0.7942 -0.5750
vn -0.2566 0.7520 -0.6072
vn 0.0197 0.8142 0.5802
vn 0.0557 0.8545 0.5164
vn -0.1822 0.8748 0.4488
vn 0.3124 0.8104 -0.4956
vn 0.0887 0.8874 -0.4524
vn 0.2892 0.9089 0.3003
vn 0.4225 0.7937 0.4377
vn 0.2752 0.9295 0.2454
vn 0.9198 0.2964 -0.2570
vn 0.8834 0.2955 -0.3638
vn 0.8696 0.3749 -0.3214
vn 0.5791 0.8133 0.0568
vn 0.4822 0.8760 -0.0104
vn 0.5101 0.8452 0.1597
vn -0.1136 0.9904 0.0785
vn -0.0356 0.9993 0.0139
vn -0.1282 0.9913 0.0302
vn 0.9407 0.2146 -0.2627
vn 0.9107 0.3433 -0.2296
vn 0.2969 -0.8982 -0.3243
vn 0.2945 -0.8898 -0.3486
vn 0.3547 -0.8844 -0.3034
vn -0.9900 0.0055 0.1410
vn -0.9511 0.0496 0.3048
vn -0.9404 0.2264 0.2537
vn 0.2370 0.9686 -0.0752
vn 0.2823 0.9491 0.1397
vn 0.4088 0.9125 -0.0170
vn 0.3840 0.9148 -0.1251
vn 0.4724 0.8810 0.0262
vn 0.9248 0.3041 0.2287
vn 0.9602 0.2794 -0.0034
vn 0.9863 0.1185 -0.1147
vn -0.8503 -0.4922 0.1863
vn -0.8034 -0.5797 0.1362
vn -0.7875 -0.5584 0.2610
vn 0.7421 0.6105 -0.2768
vn 0.7459 -0.6606 -0.0855
vn 0.7404 -0.6720 0.0144
vn 0.7292 -0.6750 -0.1125
vn 0.5714 0.8206 -0.0129
vn 0.5774 0.8155 -0.0391
vn 0.5135 0.8527 -0.0958
vn 0.3868 0.8478 -0.3628
vn 0.4707 0.8573 -0.2086
vn -0.5218 0.8398 -0.1501
vn -0.5791 0.7786 -0.2419
vn -0.5354 0.7859 -0.3094
vn -0.6326 0.7349 -0.2444
vn -0.4162 0.9013 -0.1201
vn -0.3411 0.9289 -0.1445
vn -0.7980 0.5845 -0.1470
vn -0.7838 0.5999 -0.1605
vn -0.7929 0.5827 -0.1784
vn -0.6193 0.7380 -0.2681
vn -0.5918 0.7665 -0.2494
vn -0.5669 0.7861 -0.2463
vn 0.6356 0.5257 0.5653
vn 0.5565 0.6436 0.5255
vn 0.6248 0.5110 0.5904
vn -0.2173 0.9259 0.3091
vn -0.3438 0.5771 0.7408
vn -0.2071 0.9008 0.3816
vn -0.0032 0.9639 0.2662
vn 0.2207 0.9498 0.2219
vn -0.9475 -0.1362 -0.2893
vn -0.9814 -0.0994 -0.1644
vn -0.9624 -0.0427 -0.2683
vn -0.9041 0.3831 0.1894
vn -0.8742 0.4564 0.1659
vn -0.8944 0.4350 0.1042
vn -0.8197 0.4257 -0.3833
vn -0.9695 0.1328 -0.2060
vn -0.5367 0.7975 -0.2754
vn -0.3159 0.9427 -0.1076
vn -0.0176 0.9963 0.0847
vn -0.4115 0.8971 -0.1607
vn -0.0733 0.9797 0.1868
vn -0.0019 0.9896 0.1437
vn 0.1748 0.9813 -0.0809
vn 0.0671 0.9936 -0.0904
vn 0.0583 0.9982 -0.0135
vn -0.2149 0.7226 -0.6571
vn -0.2773 0.4928 -0.8247
vn -0.1285 0.9837 -0.1257
vn -0.1175 0.9661 -0.2297
vn -0.2223 0.9673 -0.1220
vn 0.5409 0.8410 0.0156
vn 0.5748 0.8161 -0.0602
vn 0.5009 0.8644 -0.0431
vn 0.2991 -0.0378 0.9535
vn 0.0666 -0.2166 0.9740
vn 0.1459 0.0404 0.9885
vn 0.3097 0.1071 0.9448
vn 0.2649 -0.6452 0.7166
vn 0.4467 -0.7244 0.5252
vn 0.3645 -0.6174 0.6971
vn 0.3748 -0.9221 0.0959
vn 0.4735 -0.8775 0.0762
vn 0.3854 -0.9108 0.1482
vn 0.2180 -0.9724 -0.0834
vn 0.2001 -0.9761 -0.0845
vn 0.2296 -0.9629 -0.1417
vn 0.7222 -0.6049 -0.3355
vn 0.8527 -0.4654 -0.2372
vn 0.7175 -0.5813 -0.3838
vn 0.5842 -0.7634 0.2756
vn 0.6256 -0.7201 0.3001
vn 0.5478 -0.7934 0.2656
vn 0.5900 -0.5087 -0.6271
vn 0.7615 -0.6271 -0.1636
vn 0.7823 -0.4509 -0.4297
vn 0.4803 -0.7888 0.3835
vn 0.3726 -0.8185 0.4374
vn 0.3050 -0.8825 0.3581
vn 0.7948 -0.6011 -0.0834
vn 0.7851 -0.6110 -0.1012
vn 0.8032 -0.5852 -0.1119
vn 0.3948 -0.8722 0.2886
vn 0.4213 -0.8273 0.3717
vn 0.3088 -0.7499 0.5850
vn 0.2434 -0.9288 0.2795
vn 0.7887 -0.6034 -0.1183
vn 0.8526 -0.5168 -0.0772
vn 0.5986 -0.4594 -0.6562
vn 0.6465 -0.5237 -0.5548
vn 0.7398 -0.4547 -0.4958
vn 0.8291 -0.4172 -0.3723
vn 0.2770 -0.6485 -0.7090
vn -0.2952 -0.7535 -0.5874
vn -0.2794 -0.7900 -0.5457
vn -0.3176 -0.7828 -0.5352
vn 0.0666 -0.9857 0.1548
vn 0.0731 -0.9762 0.2044
vn 0.0421 -0.9758 0.2146
vn 0.0556 -0.9636 0.2617
vn -0.7351 -0.5916 -0.3311
vn -0.8546 -0.4776 -0.2039
vn -0.8265 -0.5283 -0.1946
vn -0.7465 -0.5567 -0.3645
vn -0.7812 -0.3957 -0.4829
vn -0.5829 -0.6937 0.4231
vn -0.5397 -0.7419 0.3979
vn -0.5052 -0.7727 0.3843
vn -0.7850 -0.4415 -0.4345
vn -0.8707 -0.4143 -0.2651
vn -0.7893 -0.4119 -0.4553
vn -0.2404 -0.9515 0.1922
vn -0.2546 -0.9433 0.2130
vn -0.2781 -0.9434 0.1805
vn -0.2797 -0.9425 0.1827
vn -0.6165 -0.7762 0.1323
vn -0.4387 -0.8803 0.1805
vn -0.5277 -0.8080 0.2620
vn -0.4801 -0.7825 0.3966
vn -0.5006 -0.7686 0.3983
vn -0.6144 -0.5474 0.5682
vn -0.5475 -0.5890 0.5944
vn -0.6776 -0.3095 0.6671
vn -0.5513 -0.2270 0.8028
vn -0.5561 -0.0538 0.8293
vn -0.6728 -0.1198 0.7301
vn -0.1875 -0.8649 0.4656
vn -0.1774 -0.9595 -0.2190
vn -0.1928 -0.9662 -0.1709
vn -0.1098 -0.9641 -0.2417
vn 0.2753 -0.9441 0.1815
vn 0.3572 -0.9229 0.1436
vn 0.4003 -0.9162 0.0190
vn 0.1817 -0.9796 0.0855
vn -0.7231 -0.5750 -0.3829
vn -0.2494 -0.7650 -0.5938
vn -0.9865 -0.1518 0.0614
vn -0.9923 -0.1162 0.0439
vn -0.9911 -0.1300 0.0303
vn 0.1897 -0.7367 -0.6491
vn 0.8384 -0.4617 -0.2897
vn 0.8631 -0.4334 -0.2595
vn 0.8397 -0.4799 -0.2540
vn 0.1114 -0.8709 -0.4786
vn 0.0316 -0.9412 -0.3364
vn 0.0144 -0.8617 -0.5071
vn 0.5875 -0.2049 -0.7828
vn 0.4406 -0.3923 -0.8075
vn 0.5565 -0.2051 -0.8051
vn 0.0690 -0.9864 -0.1491
vn -0.0259 -0.9487 -0.3152
vn 0.0807 -0.9906 -0.1107
vn -0.2305 -0.8939 -0.3845
vn -0.2006 -0.8705 -0.4494
vn -0.2481 -0.8172 -0.5203
vn -0.2644 -0.8162 -0.5137
vn 0.0169 -0.9942 -0.1066
vn -0.0223 -0.9915 -0.1283
vn 0.0055 -0.9903 -0.1390
vn -0.0304 -0.9931 -0.1134
vn -0.0423 -0.6997 0.7132
vn -0.0363 -0.7239 0.6889
vn -0.0079 -0.7008 0.7133
vn -0.1598 -0.8992 -0.4072
vn -0.1522 -0.9105 -0.3846
vn -0.2104 -0.8914 -0.4014
vn 0.2127 -0.9065 -0.3646
vn 0.2971 -0.8379 -0.4578
vn 0.1813 -0.8736 -0.4517
vn 0.2421 -0.8274 -0.5068
vn 0.7336 -0.5810 -0.3525
vn 0.7135 -0.6205 -0.3253
vn 0.6714 -0.6300 -0.3903
vn -0.1433 -0.9441 -0.2968
vn -0.1718 -0.9472 -0.2706
vn -0.2846 -0.9206 -0.2675
vn -0.9577 0.0620 0.2811
vn -0.9680 -0.0581 0.2443
vn -0.8944 -0.2228 0.3877
vn -0.4106 -0.9098 -0.0612
vn -0.4333 -0.8907 -0.1373
vn -0.3940 -0.9156 -0.0805
vn -0.8736 -0.2385 0.4242
vn -0.8102 0.2978 0.5048
vn -0.7835 0.2661 0.5615
vn -0.7186 0.3677 0.5902
vn -0.1153 -0.9669 0.2274
vn -0.0578 -0.9448 0.3226
vn -0.0472 -0.9745 0.2194
vn 0.0173 -0.9394 0.3424
vn -0.0666 -0.9958 0.0621
vn -0.1205 -0.8729 0.4728
vn -0.1113 -0.8617 0.4951
vn -0.1326 -0.8711 0.4728
vn -0.5969 -0.1672 0.7847
vn -0.5886 -0.1787 0.7884
vn -0.5691 -0.1640 0.8057
vn -0.1216 -0.8721 0.4740
vn -0.1670 -0.7493 0.6408
vn -0.1919 -0.7498 0.6333
vn -0.2074 -0.7536 0.6238
vn -0.7102 0.6699 0.2165
vn -0.5353 0.6990 0.4743
vn -0.4484 0.7299 0.5160
vn -0.7708 -0.6121 0.1765
vn -0.8229 -0.5384 0.1817
vn -0.8323 -0.5242 0.1800
vn -0.7381 -0.6315 0.2375
vn -0.6850 -0.6639 0.3000
vn -0.2698 -0.8714 -0.4098
vn -0.2591 -0.8776 -0.4033
vn -0.2817 -0.8794 -0.3838
vn -0.9917 0.0264 -0.1261
vn -0.9826 0.1022 -0.1553
vn -0.9906 0.0298 -0.1335
vn -0.7050 0.6976 -0.1277
vn -0.7363 0.6726 0.0732
vn -0.6776 0.5818 0.4499
vn -0.6846 0.5420 0.4874
vn -0.6607 0.5854 0.4700
vn -0.2399 -0.5452 -0.8032
vn -0.2600 -0.5776 -0.7738
vn -0.2845 -0.5714 -0.7698
vn -0.2638 0.9296 -0.2575
vn -0.3079 0.8899 -0.3365
vn -0.3340 0.8962 -0.2922
vn -0.0159 0.9074 -0.4200
vn -0.0161 0.8996 -0.4364
vn 0.0445 0.9076 -0.4175
vn 0.0802 0.9083 -0.4106
vn 0.0030 0.1815 -0.9834
vn -0.0034 0.1102 -0.9939
vn -0.0434 0.0841 -0.9955
vn 0.0611 0.0571 -0.9965
vn 0.9724 -0.2230 0.0694
vn 0.9690 -0.2025 0.1417
vn 0.8597 -0.5101 0.0251
vn -0.1357 0.1167 -0.9838
vn 0.5868 0.7200 -0.3704
vn 0.5485 0.8022 -0.2358
vn 0.5822 0.7353 -0.3470
vn 0.6481 0.6840 -0.3349
vn -0.8935 0.3060 0.3287
vn -0.9597 0.0405 0.2782
vn -0.9659 0.1499 0.2110
vn -0.9841 -0.0209 0.1765
vn 0.0491 0.6926 0.7197
vn 0.0926 0.7253 0.6821
vn -0.0053 0.7743 0.6328
vn 0.0457 -0.7603 -0.6479
vn 0.0537 -0.7545 -0.6541
vn 0.0542 -0.7677 -0.6385
vn 0.6590 -0.1556 0.7359
vn 0.6536 -0.1530 0.7412
vn 0.6482 -0.1626 0.7439
vn 0.5402 -0.7947 0.2770
vn 0.6585 -0.7365 0.1547
vn 0.6484 -0.7374 0.1895
vn 0.6532 -0.7391 0.1644
vn 0.8676 -0.4561 0.1980
vn 0.3028 -0.8402 -0.4499
vn 0.2836 -0.8468 -0.4501
vn 0.2664 -0.8450 -0.4637
vn 0.1640 -0.7708 0.6156
vn 0.1069 -0.7860 0.6090
vn 0.1536 -0.7993 0.5810
vn -0.1148 -0.7576 0.6425
vn -0.1047 -0.7472 0.6563
vn -0.1323 -0.7441 0.6549
vn -0.0003 -0.9467 0.3221
vn -0.0465 -0.9723 0.2290
vn 0.0223 -0.9724 0.2325
vn -0.8240 -0.1284 0.5518
vn -0.7904 -0.1173 0.6013
vn -0.5980 0.1342 0.7902
vn 0.7993 -0.5737 0.1790
vn 0.9032 -0.0702 0.4235
vn 0.9263 -0.0606 0.3718
vn 0.9286 -0.0545 0.3670
vn 0.8012 0.4907 0.3424
vn 0.7715 0.5039 0.3885
vn 0.8081 0.4771 0.3455
vn 0.1306 0.8758 0.4647
vn 0.1266 0.8717 0.4733
vn 0.1353 0.8727 0.4690
vn 0.1312 0.8703 0.4748
vn 0.6890 0.6611 -0.2971
vn 0.4009 -0.8516 0.3376
vn 0.0141 0.2472 -0.9689
vn 0.3564 0.5725 -0.7384
vn -0.1870 0.9774 0.0985
vn 0.3214 0.6785 -0.6606
vn -0.4066 0.8194 -0.4041
vn -0.2646 0.8529 -0.4500
vn -0.3043 0.8328 -0.4624
vn -0.5823 0.6591 -0.4760
vn -0.9864 -0.0119 -0.1638
vn -0.9935 0.1060 -0.0427
vn -0.9705 0.2391 -0.0321
vn 0.9797 -0.1382 0.1453
vn 0.9951 0.0993 -0.0038
vn 0.8519 -0.0981 0.5143
vn -0.5757 -0.1095 0.8103
vn -0.5956 0.0623 0.8009
vn -0.6355 -0.0460 0.7707
vn -0.0706 0.5206 0.8509
vn 0.0127 0.6003 0.7997
vn 0.0964 0.5276 0.8440
vn 0.0338 0.5924 0.8049
vn 0.0430 0.6528 -0.7563
vn 0.0953 0.7239 -0.6833
vn 0.1026 0.5765 -0.8106
vn 0.5929 -0.3629 0.7188
vn 0.6149 -0.2865 0.7347
vn 0.5982 -0.2880 0.7478
vn -0.3467 0.3100 -0.8852
vn -0.3654 0.2960 -0.8825
vn -0.3643 0.3196 -0.8747
vn -0.0644 0.4248 -0.9030
vn 0.0143 0.5504 -0.8348
vn -0.0177 0.4218 -0.9065
vn -0.0699 0.9947 -0.0754
vn -0.0353 0.9971 -0.0677
vn 0.0473 0.9915 -0.1208
vn 0.3155 0.0111 0.9489
vn -0.0032 -0.6852 0.7284
vn -0.0009 -0.7043 0.7099
vn 0.9992 0.0049 -0.0385
vn 0.9950 0.0201 -0.0977
vn 0.9942 0.0450 -0.0973
vn -0.4057 -0.2021 0.8914
vn -0.3369 -0.1662 0.9268
vn -0.3549 -0.1566 0.9217
vn -0.4088 -0.1775 0.8952
vn -0.1965 -0.2086 0.9581
vn -0.2322 -0.4302 0.8724
vn -0.1147 -0.2289 0.9667
vn -0.0989 -0.1162 0.9883
vn -0.6861 -0.1882 0.7027
vn -0.6907 -0.0066 0.7231
vn -0.7340 -0.1669 0.6583
vn -0.8800 -0.0026 0.4750
vn -0.9767 0.0120 0.2143
vn -0.8213 -0.0960 0.5623
vn -0.9765 0.0769 0.2012
vn -0.9580 0.1419 0.2493
vn -0.9634 0.2299 0.1378
vn 0.0174 0.8838 0.4676
vn 0.0451 0.8867 0.4602
vn 0.2233 0.8885 0.4009
vn -0.9714 0.1475 0.1859
vn -0.9408 0.2502 0.2286
vn 0.2703 0.8965 0.3510
vn 0.1426 0.9033 0.4045
vn -0.0286 0.8735 -0.4859
vn -0.0563 0.8823 -0.4674
vn 0.2108 0.9669 -0.1440
vn 0.3143 0.9491 0.0225
vn 0.4299 0.9005 -0.0654
vn 0.2816 0.9556 -0.0871
vn -0.9724 0.1480 0.1801
vn 0.0767 0.8541 0.5144
vn -0.1260 -0.7917 0.5978
vn 0.0219 0.6850 0.7282
vn 0.1857 0.8307 0.5248
vn -0.0343 0.5470 0.8365
vn -0.5150 -0.1573 0.8426
vn -0.2746 0.0521 0.9602
vn -0.8769 -0.0115 0.4805
vn -0.3092 0.9325 0.1866
vn -0.7100 0.6513 0.2678
vn -0.0606 0.8842 0.4632
vn -0.6114 -0.1188 -0.7824
vn -0.7629 -0.5078 -0.4001
vn -0.8464 -0.5307 0.0440
vn -0.6954 0.6423 0.3222
vn -0.6530 0.5113 0.5588
vn -0.6430 0.6353 0.4277
vn -0.4903 0.3984 -0.7752
vn -0.4660 0.5846 -0.6641
vn -0.4064 0.5918 -0.6962
vn 0.1003 0.7561 0.6467
vn 0.1338 0.7956 0.5909
vn 0.3126 0.6732 0.6702
vn 0.2726 0.8409 -0.4676
vn 0.1315 0.9269 -0.3514
vn 0.1246 0.9469 -0.2964
vn 0.3009 0.6397 0.7072
vn 0.6395 0.5132 0.5725
vn -0.3401 0.6217 -0.7056
vn -0.3213 0.5476 -0.7726
vn -0.2331 0.6441 -0.7286
vn -0.2435 0.5044 -0.8284
vn -0.3679 0.4532 -0.8119
vn -0.6829 0.4432 -0.5807
vn 0.0962 -0.5104 0.8545
vn 0.3615 -0.5020 0.7857
vn 0.5424 -0.3046 0.7830
vn 0.0042 0.2404 0.9707
vn 0.0606 0.4243 0.9035
vn -0.1189 0.3006 0.9463
vn 0.2206 -0.2096 0.9526
vn 0.3895 -0.0785 0.9177
vn 0.2940 -0.0879 0.9518
vn 0.5636 -0.3786 0.7342
vn 0.6237 -0.1510 0.7670
vn 0.4374 -0.2418 0.8662
vn -0.8180 0.2576 0.5143
vn -0.8280 0.1941 0.5260
vn -0.7994 0.1728 0.5754
vn 0.2130 -0.0746 0.9742
vn -0.7430 0.5293 -0.4097
vn -0.6128 0.6077 -0.5051
vn -0.6391 0.5354 -0.5521
vn -0.5008 0.8654 0.0167
vn -0.5571 0.8294 0.0419
vn -0.5028 0.8609 0.0776
vn 0.7612 0.6112 0.2169
vn 0.7806 0.5962 0.1877
vn 0.7413 0.6273 0.2387
vn 0.7336 0.4623 0.4981
vn 0.6544 0.5671 0.5003
vn 0.7104 0.5363 0.4557
vn 0.6943 0.5711 0.4380
vn 0.7175 0.6928 0.0724
vn 0.7163 0.6857 0.1298
vn 0.7137 0.6965 0.0735
vn 0.7757 0.5559 -0.2987
vn 0.8927 0.3074 -0.3294
vn 0.7045 0.7088 0.0354
vn 0.6261 0.7770 0.0663
vn 0.4306 0.9015 -0.0427
vn 0.4397 0.8867 0.1428
vn 0.4435 0.8960 -0.0226
vn 0.0933 -0.9044 -0.4163
vn 0.0138 -0.9494 -0.3139
vn 0.0025 -0.9385 -0.3452
vn 0.6866 -0.6762 -0.2669
vn 0.7711 -0.5676 -0.2887
vn 0.7578 -0.5912 -0.2762
vn 0.7555 -0.5907 -0.2834
vn 0.6272 -0.1048 -0.7718
vn 0.7542 -0.1235 -0.6449
vn 0.5940 -0.2010 -0.7790
vn 0.8139 0.5760 0.0767
vn 0.8584 0.5033 0.0991
vn 0.8203 0.5713 0.0269
vn 0.4831 -0.2856 0.8276
vn 0.3728 -0.1908 0.9081
vn 0.4694 -0.3136 0.8254
vn 0.2001 -0.9417 -0.2705
vn 0.0289 -0.9935 -0.1101
vn -0.1610 -0.9849 -0.0638
vn -0.8671 -0.4978 0.0212
vn -0.8487 -0.5210 0.0906
vn -0.9344 -0.3297 0.1349
vn 0.5708 -0.7164 -0.4011
vn 0.4942 -0.7718 -0.4001
vn 0.5251 -0.7329 -0.4326
vn -0.7221 0.6569 -0.2168
vn -0.6444 0.4477 -0.6200
vn -0.9081 0.2660 0.3234
vn -0.3300 -0.9268 -0.1795
vn -0.5122 -0.8428 -0.1653
vn -0.4684 -0.8382 -0.2794
vn -0.4407 0.1254 0.8888
vn 0.1766 0.0434 0.9833
vn 0.0808 0.1961 0.9773
vn -0.9755 -0.1503 0.1608
vn -0.9483 -0.3147 -0.0419
vn -0.9598 -0.2791 -0.0284
vn -0.9387 -0.3369 -0.0728
vn -0.8976 -0.0272 0.4401
vn -0.8933 -0.0093 0.4494
vn -0.9066 0.0074 0.4220
vn -0.8806 0.0917 -0.4649
vn -0.8995 0.1418 -0.4132
vn -0.8810 0.1906 -0.4330
vn -0.1326 -0.9321 0.3370
vn -0.2016 -0.9193 0.3379
vn -0.2937 -0.8863 0.3580
vn 0.0016 -0.9690 0.2472
vn -0.3881 -0.2847 -0.8765
vn -0.4374 -0.2059 -0.8754
vn 0.1079 -0.3882 -0.9153
vn 0.9415 0.2021 -0.2697
vn 0.9431 0.2458 -0.2239
vn 0.9544 0.2042 -0.2180
vn -0.5222 -0.8052 -0.2812
vn -0.4059 -0.8834 -0.2342
vn -0.6719 -0.7299 -0.1261
vn 0.7472 -0.5544 0.3665
vn 0.7885 -0.5388 0.2966
vn 0.7550 -0.5558 0.3479
vn -0.1385 0.6187 0.7733
vn -0.3332 0.8050 0.4909
vn -0.8918 0.2911 0.3462
vn -0.4533 -0.8684 0.2013
vn -0.5867 -0.8089 0.0377
vn -0.4902 -0.8716 -0.0114
vn -0.8320 0.2413 -0.4996
vn -0.7715 0.3566 -0.5269
vn -0.7903 0.2470 -0.5608
vn -0.9274 -0.3325 -0.1713
vn -0.9114 -0.4004 -0.0943
vn -0.9488 -0.3158 -0.0074
vn -0.7090 -0.3867 0.5897
vn -0.6961 -0.3234 0.6409
vn -0.6668 -0.4085 0.6233
vn -0.1951 0.0482 -0.9796
vn -0.2874 -0.0688 -0.9553
vn -0.3364 0.0279 -0.9413
vn -0.3862 -0.1602 -0.9084
vn -0.5197 -0.2866 0.8048
vn -0.4547 -0.1965 0.8687
vn -0.5080 -0.1727 0.8439
vn 0.9857 -0.0585 -0.1581
vn 0.9944 0.0244 -0.1031
vn 0.9862 -0.0659 -0.1516
vn 0.9878 -0.0424 -0.1497
vn 0.3183 0.4745 0.8207
vn 0.2833 0.6021 0.7464
vn 0.1731 0.5832 0.7937
vn 0.6585 0.0147 0.7525
vn 0.8427 0.0145 0.5382
vn 0.5638 -0.0234 0.8255
vn 0.9631 0.0068 -0.2691
vn 0.9642 0.0690 -0.2559
vn 0.9909 -0.0051 -0.1344
vn 0.5495 -0.7137 0.4344
vn 0.9244 0.3631 0.1169
vn -0.6349 -0.2295 0.7377
vn -0.4855 0.7406 -0.4646
vn -0.4436 0.7498 -0.4910
vn -0.4815 0.7035 -0.5228
vn 0.2134 0.9344 -0.2852
vn 0.2540 0.9106 -0.3259
vn 0.1812 0.9242 -0.3362
vn 0.5169 0.0065 0.8560
vn -0.2582 0.2636 0.9294
vn -0.2577 0.2879 0.9223
vn -0.2688 0.2641 0.9263
vn -0.8976 -0.0545 0.4375
vn -0.2907 0.8652 -0.4086
vn -0.6666 0.3662 -0.6492
vn -0.3757 0.8663 0.3293
vn -0.5217 0.5087 -0.6848
vn 0.4060 -0.3420 0.8475
vn 0.6523 0.7546 -0.0707
vn 0.7274 0.6724 -0.1367
vn 0.7647 0.6415 -0.0607
vn 0.7225 0.6263 -0.2929
vn 0.6245 0.7788 0.0589
vn 0.6075 0.5469 -0.5760
vn 0.6103 0.5550 -0.5652
vn 0.6665 0.4582 -0.5881
vn -0.4160 -0.0227 -0.9091
vn -0.5056 0.0693 -0.8600
vn -0.3685 0.0396 -0.9288
vn 0.5432 0.8132 -0.2086
vn -0.0965 -0.2768 0.9561
vn 0.9635 0.1365 0.2304
vn -0.5893 0.1322 0.7970
vn -0.5665 0.0176 0.8239
vn 0.5691 0.5841 -0.5788
vn 0.5682 0.5980 -0.5653
vn 0.6026 0.6423 -0.4736
vn 0.6553 0.6181 -0.4343
vn 0.6906 0.6408 -0.3352
vn 0.2182 0.8840 -0.4134
vn 0.2192 0.8073 -0.5479
vn 0.1848 0.8797 -0.4382
vn 0.4198 0.4767 -0.7724
vn 0.5001 0.3657 -0.7850
vn 0.4049 0.3356 -0.8506
vn -0.5189 0.1820 0.8352
vn -0.5773 0.2140 0.7880
vn -0.6139 0.1676 0.7714
vn -0.9199 -0.2741 -0.2803
vn -0.9503 -0.1690 -0.2614
vn -0.9277 -0.2280 -0.2956
vn -0.1704 0.1177 0.9783
vn -0.0203 0.2322 0.9725
vn -0.2302 0.2436 0.9422
vn 0.1107 -0.3369 0.9350
vn 0.3014 -0.1353 0.9439
vn -0.2301 -0.1708 0.9581
vn 0.0025 0.8271 -0.5620
vn -0.1029 0.8196 -0.5636
vn -0.0712 0.8927 -0.4449
vn 0.8747 0.4768 -0.0867
vn 0.8709 0.4779 -0.1149
vn -0.1474 0.9832 0.1078
vn -0.0725 0.6547 -0.7524
vt 165.521545 -1695.822388
vt 221.857361 -1695.461670
vt 209.468796 -1652.707886
vt 187.398819 -1622.087280
vt 467.339966 -1690.267212
vt 497.231293 -1639.978271
vt 476.359619 -1655.010010
vt 220.974228 -1382.247192
vt 268.086121 -1408.849976
vt 242.620499 -1366.776001
vt 387.144531 -1647.559814
vt 361.277313 -1690.837891
vt 405.990967 -1689.273926
vt 410.788147 -1295.554199
vt 412.278931 -1333.462158
vt 450.982422 -1308.184326
vt 392.753906 -1312.353027
vt 347.328857 -1674.301514
vt 336.297089 -1691.438843
vt 225.515701 -1489.614990
vt 205.806915 -1557.107910
vt 242.108231 -1536.828491
vt 317.314972 -1381.087646
vt 402.601318 -1432.366455
vt 357.236084 -1344.751221
vt 266.472595 -1324.781006
vt 282.873077 -1386.212280
vt 296.740295 -1285.031006
vt 269.030487 -1296.674072
vt 297.440979 -1310.594727
vt 522.757935 -1539.807495
vt 452.473206 -1546.735107
vt 492.771851 -1576.258545
vt 419.567505 -1363.231934
vt 378.075256 -1337.440186
vt 328.905029 -1342.489868
vt 318.693939 -1308.838135
vt 467.418518 -1668.603027
vt 525.383484 -1687.795410
vt 211.603012 -1320.734497
vt 461.414948 -1468.144287
vt 498.092834 -1471.718384
vt 528.654541 -1573.202881
vt 517.171570 -1495.493774
vt 514.919861 -1475.429077
vt 545.885315 -1687.959717
vt 537.384460 -1631.139160
vt 424.113129 -1556.076050
vt 450.907593 -1591.913086
vt 513.796753 -1435.794312
vt 433.536377 -1428.435913
vt 466.910278 -1387.491577
vt 437.520935 -1468.661255
vt 486.081696 -1428.589600
vt 491.771118 -1408.270264
vt 514.841553 -1415.565186
vt 514.475891 -1376.536133
vt 455.286865 -1289.707764
vt 422.914215 -1280.480225
vt 515.534302 -1335.518066
vt 492.023224 -1346.846558
vt 359.059998 -1652.380859
vt 432.795654 -1689.177124
vt 449.782349 -1689.947998
vt 441.664307 -1662.821289
vt 401.923492 -1514.498291
vt 215.463196 -1344.233276
vt 422.119202 -1620.248291
vt 415.441467 -1647.324585
vt 515.246033 -1306.822632
vt 245.451843 -1585.737549
vt 362.412506 -1620.383301
vt 251.035934 -1650.266113
vt 265.440033 -1693.940674
vt 425.680084 -1523.267090
vt 247.721558 -1427.622314
vt 224.825439 -1417.756104
vt 227.251068 -1440.342896
vt 254.941559 -1464.784546
vt 270.708832 -1609.602051
vt 200.219070 -1582.220947
vt 312.691132 -1690.377686
vt 325.035095 -1623.034912
vt 286.890991 -1488.855347
vt 299.840210 -1460.253418
vt 396.348907 -1562.777100
vt 344.326904 -1336.635498
vt 330.583130 -1512.859619
vt 350.770844 -1562.906860
vt 318.210022 -1562.035889
vt 298.435425 -1553.773560
vt 342.155945 -1453.177002
vt 231.176025 -1469.827393
vt 275.827271 -2504.975586
vt 270.672699 -2484.656006
vt 231.035385 -2491.292236
vt 40.941772 -2504.975586
vt 66.422585 -2504.975586
vt 45.551044 -2470.820312
vt 239.523987 -2504.975830
vt 205.186310 -2480.535645
vt 206.903137 -2504.975830
vt 89.278748 -2426.397949
vt 67.421066 -2427.273438
vt 94.871803 -2452.859863
vt 75.226997 -2458.144531
vt 54.325386 -2415.118652
vt 78.988876 -2404.928467
vt 59.855255 -2377.991211
vt 99.206680 -2505.438477
vt 63.315968 -2482.881592
vt 91.410263 -2481.984619
vt 127.474258 -2482.737061
vt 306.684967 -2471.504395
vt 269.817322 -2460.903320
vt 130.399307 -2504.975586
vt 175.303055 -2487.733398
vt 273.069275 -2211.664062
vt 339.965942 -2200.517578
vt 345.471985 -2179.809814
vt 76.396271 -2266.935547
vt 87.660583 -2305.797363
vt 99.150658 -2248.828613
vt 75.299347 -2212.197754
vt 134.618057 -2211.115234
vt 88.966064 -2160.942871
vt 162.082321 -2140.819580
vt 138.115265 -2121.956299
vt 44.506523 -2124.520508
vt 65.974350 -2099.664795
vt 34.355896 -2101.521240
vt 59.193756 -2167.580566
vt 90.019699 -2124.559814
vt 81.221634 -2234.538086
vt 132.677353 -2094.510986
vt 160.157333 -2092.723145
vt 171.652924 -2099.435791
vt 361.743622 -2124.645264
vt 311.402527 -2125.228516
vt 353.383270 -2154.984619
vt 319.306183 -2504.975586
vt 352.981171 -2478.780762
vt 354.784515 -2504.975586
vt 347.592041 -2422.638184
vt 337.076965 -2454.638184
vt 155.848923 -2456.341553
vt 136.785950 -2466.593506
vt 212.783218 -2462.948975
vt 225.741119 -2106.850342
vt 204.397232 -2116.187500
vt 253.622223 -2136.633545
vt 114.053932 -2431.113525
vt 135.322891 -2401.759766
vt 243.572144 -2098.504395
vt 284.210083 -2101.214600
vt 332.945496 -2230.539062
vt 337.098816 -2215.435547
vt 317.619232 -2230.762207
vt 171.212692 -2505.108643
vt 325.630127 -2379.244629
vt 315.162415 -2432.411621
vt 260.696350 -2402.066650
vt 239.612778 -2398.900391
vt 233.174530 -2432.639404
vt 311.376709 -2405.315186
vt 297.636078 -2390.854004
vt 119.088821 -2446.032471
vt 64.565857 -2346.364258
vt 92.131966 -2361.124512
vt 135.035294 -2429.716309
vt 193.445679 -2438.463135
vt 335.326965 -2260.401367
vt 82.412628 -2388.365234
vt 69.281456 -2193.945068
vt 128.147369 -2272.369629
vt 107.856178 -2304.518066
vt 280.942719 -2375.761719
vt 312.742279 -2362.742676
vt 292.972168 -2315.815430
vt 266.950653 -2184.303223
vt 296.337860 -2248.817139
vt 343.956482 -2368.612549
vt 179.454437 -2417.168945
vt 182.338013 -2401.145508
vt 318.312225 -2303.892578
vt 263.858948 -2279.882568
vt 196.306946 -2249.091064
vt 195.042053 -2200.999512
vt 189.185913 -2378.704590
vt 248.745514 -2360.678467
vt 152.324799 -2373.172852
vt 286.379730 -2432.592773
vt 174.406097 -2312.821289
vt 88.751129 -2375.657471
vt 256.183350 -2092.713867
vt 132.759827 -2325.509277
vt 324.821869 -64.676346
vt 356.472473 -36.969231
vt 335.704437 -15.122499
vt 205.896179 -481.917358
vt 219.890961 -423.009216
vt 116.095032 -475.571503
vt 208.300629 -290.932159
vt 232.181549 -0.095981
vt 239.470718 -24.107208
vt 265.976837 -2.951572
vt 196.670654 -61.513893
vt 164.959427 -118.289787
vt 366.607544 -484.078979
vt 400.537170 -485.680145
vt 389.479401 -416.135010
vt 417.876099 -487.772217
vt 417.876099 -369.373993
vt 339.383453 0.000000
vt 299.907745 -0.497723
vt 402.821655 -52.965099
vt 417.876099 -2.356567
vt 403.497559 -3.976189
vt 303.118225 -39.551453
vt 388.518188 -24.272768
vt 378.417877 -5.540950
vt 383.017975 -57.152790
vt 388.250427 -154.391510
vt 396.661682 -200.057648
vt 417.488647 -170.509766
vt -0.031867 -417.210236
vt 153.105423 -344.516479
vt 64.470337 -300.466705
vt 362.436157 -420.550018
vt 260.602051 -487.517456
vt 266.600586 -61.161552
vt 296.481018 -390.300262
vt 264.081146 -409.167877
vt 225.236343 -483.760834
vt 245.873108 -409.979431
vt 404.286133 -329.422424
vt 382.475464 -341.385834
vt 179.560074 -169.303741
vt 216.672882 -97.385841
vt 369.445160 -67.247528
vt 417.876099 -91.848175
vt 389.099457 -114.632423
vt 405.958801 -102.405495
vt 187.894974 -237.099472
vt 105.770668 -221.680801
vt 417.925140 -220.780609
vt 264.922424 -341.967987
vt 357.876770 -344.953674
vt 239.223297 -145.938568
vt 326.075684 -223.984497
vt 341.651123 -195.234390
vt 343.404449 -156.510162
vt 417.876099 -117.065308
vt 286.883850 -130.562225
vt 364.669983 -104.515106
vt 369.016418 -145.512741
vt 377.496704 -109.502701
vt 283.124939 -346.219604
vt 260.970245 -310.105316
vt 313.897278 -282.241821
vt 303.280945 -255.930771
vt 298.502716 -225.511871
vt 346.880219 -104.468536
vt 314.940948 -168.467392
vt 376.554230 -183.693283
vt 381.280273 -219.685181
vt 360.606079 -264.116333
vt -806.981384 -443.980377
vt -835.811890 -487.776489
vt -791.495178 -485.831909
vt -485.319702 -321.265686
vt -417.887573 -417.228638
vt -516.236389 -234.353394
vt -819.067017 -385.272705
vt -706.989685 -93.755280
vt -685.954224 -85.943222
vt -703.487854 -38.605034
vt -807.171875 -255.618256
vt -788.748901 -223.062500
vt -805.389343 -163.117523
vt -662.051697 -485.795654
vt -631.763794 -478.841431
vt -681.501648 -425.004822
vt -835.797424 0.198956
vt -795.282959 -36.048279
vt -804.755554 -0.310435
vt -746.159607 -61.891483
vt -735.389282 -2.097765
vt -756.031982 -0.057939
vt -687.884827 -2.590014
vt -713.300598 -1.161514
vt -681.204712 -48.514244
vt -534.082825 -475.573303
vt -629.965576 -405.550995
vt -771.073242 -0.937295
vt -600.429810 -86.653679
vt -620.849487 -51.038986
vt -632.820435 -57.782543
vt -599.667236 -121.711258
vt -629.469910 -87.292984
vt -631.921204 -31.829742
vt -649.841675 -53.097275
vt -779.818481 -422.757202
vt -715.134521 -481.958923
vt -561.237427 -158.957825
vt -544.135864 -222.778305
vt -502.136230 -334.616852
vt -564.145691 -283.926636
vt -448.072571 -429.046295
vt -464.605255 -439.855072
vt -679.614868 -380.801514
vt -724.707886 -394.855988
vt -834.869385 -91.972099
vt -557.138184 -332.977539
vt -811.218811 -78.061607
vt -771.901672 -64.801727
vt -835.752319 -382.518616
vt -787.531006 -343.472839
vt -824.029297 -259.874512
vt -710.705811 -350.485474
vt -734.821716 -320.162384
vt -801.752075 -333.436340
vt -816.313721 -122.158211
vt -835.752319 -144.227921
vt -784.490112 -135.108337
vt -783.914673 -83.545380
vt -801.563477 -119.696823
vt -835.752319 -218.634674
vt -650.265198 0.000000
vt -820.838013 -184.564911
vt -763.105408 -104.303719
vt -767.538879 -137.404007
vt -735.896545 -185.991318
vt -723.416870 -170.086807
vt -744.308228 -103.300331
vt -720.184204 -105.122658
vt -687.524963 -144.721970
vt -615.294800 -317.217133
vt -501.368378 -459.064545
vt -712.479736 -304.835327
vt -652.578247 -140.514893
vt -648.553711 -179.406799
vt -752.102905 -218.794891
vt -640.953430 -234.487061
vt -718.374084 -247.898529
vt -697.960571 -288.970245
vt -736.196411 -237.138306
vt 239.515671 -972.031677
vt 229.278732 -914.360840
vt 176.536865 -964.960632
vt 160.267853 -943.638306
vt 155.322906 -925.503906
vt 145.742584 -964.838135
vt 390.018799 -487.772217
vt 351.970428 -487.857147
vt 396.747070 -515.866699
vt -0.197009 -904.903015
vt 109.439163 -920.847900
vt 47.232193 -871.571167
vt 78.698425 -802.124634
vt 54.692924 -803.239502
vt 104.921402 -709.902344
vt 112.617905 -741.846191
vt 265.746246 -957.338989
vt 256.658142 -975.544434
vt 287.395325 -974.886414
vt 245.663193 -516.825806
vt 232.666367 -487.772186
vt 217.921570 -512.739685
vt 143.126190 -905.444336
vt 298.054810 -962.118652
vt 315.195374 -975.544434
vt 379.434998 -976.039307
vt 335.071777 -954.039917
vt 277.097656 -904.670532
vt 255.084549 -907.230774
vt 264.142914 -935.260315
vt 368.102753 -918.632080
vt 116.189369 -963.294678
vt 417.873413 -975.543579
vt 207.039871 -702.654541
vt 218.938599 -744.352783
vt 221.650131 -702.753052
vt 370.818359 -539.164001
vt 140.120239 -840.409729
vt 217.730865 -892.815979
vt 280.691193 -489.424561
vt 417.916321 -487.521942
vt 289.492828 -553.615173
vt 319.289246 -560.692810
vt 133.802048 -778.021240
vt 417.829803 -903.357361
vt 316.413910 -932.379517
vt 327.405243 -512.945312
vt 317.000092 -487.772217
vt 175.858475 -888.018188
vt 242.722168 -842.247620
vt 203.456696 -840.445435
vt 212.180420 -870.671448
vt 416.265503 -818.419922
vt 388.126312 -876.622375
vt 417.546814 -552.607300
vt 395.227081 -601.941284
vt 148.239319 -746.268799
vt 157.601227 -682.019470
vt 127.146767 -671.027893
vt 329.803467 -927.026672
vt 296.960571 -581.027832
vt 268.353851 -546.157654
vt 160.175995 -857.456665
vt 377.996368 -824.266235
vt 303.922852 -878.061096
vt 417.211639 -736.830872
vt 242.938675 -746.690735
vt 254.944473 -799.850708
vt 276.045624 -807.549561
vt 257.208130 -553.051270
vt 227.871902 -543.148254
vt 271.352661 -590.835449
vt 195.390671 -580.364868
vt 202.529251 -537.343750
vt 181.777115 -575.780701
vt 176.477814 -640.525879
vt 360.850952 -600.924988
vt 333.644165 -616.749939
vt 173.124741 -679.306091
vt 221.839020 -653.212280
vt 197.999405 -681.580505
vt 213.458252 -617.680176
vt 210.697418 -593.194275
vt 188.720825 -619.176514
vt 162.381439 -733.604614
vt 187.614929 -718.459473
vt 417.876221 -635.078735
vt 403.026947 -662.170044
vt 227.364288 -578.855469
vt 248.901428 -641.642639
vt 259.942932 -887.798462
vt 229.756912 -797.201416
vt 178.919128 -755.765869
vt 173.350632 -866.048584
vt 319.393158 -765.714722
vt 247.654755 -715.125732
vt 368.097595 -717.371582
vt 342.990845 -639.619873
vt 323.760712 -665.223999
vt 291.917511 -654.249634
vt 194.180237 -766.346924
vt 165.863327 -781.197144
vt 176.741837 -823.548462
vt 162.409653 -816.942932
vt -653.376038 -970.197571
vt -588.486389 -964.197449
vt -659.399780 -919.091064
vt -705.498047 -824.596191
vt -680.296021 -827.885986
vt -680.265686 -975.570801
vt -781.945190 -916.903748
vt -835.736816 -975.543152
vt -836.929016 -740.948486
vt -805.158447 -698.288208
vt -835.752441 -635.679016
vt -836.126099 -487.379578
vt -788.336670 -500.973938
vt -817.188477 -487.772217
vt -822.382202 -527.988464
vt -835.752441 -530.222900
vt -785.103760 -487.772217
vt -664.355286 -509.438324
vt -650.112854 -487.772217
vt -682.959717 -487.772247
vt -747.890442 -487.772217
vt -740.456299 -502.656128
vt -461.698944 -923.956787
vt -417.864441 -904.991943
vt -510.737549 -732.822021
vt -481.462097 -864.282715
vt -497.482666 -788.888672
vt -520.085449 -768.879822
vt -490.595886 -883.719666
vt -481.412354 -934.250000
vt -516.171448 -886.226929
vt -534.035583 -963.383118
vt -778.888916 -522.323242
vt -815.913818 -566.299194
vt -563.734802 -906.068848
vt -599.479248 -609.259521
vt -635.928894 -512.510864
vt -643.763794 -536.828430
vt -696.303650 -506.133636
vt -714.050781 -487.772217
vt -667.344788 -537.860779
vt -751.229187 -528.764893
vt -705.736084 -552.123169
vt -658.915771 -563.760864
vt -516.670654 -832.245117
vt -677.922729 -581.226135
vt -629.154114 -588.566406
vt -537.180664 -751.652832
vt -556.847961 -766.372986
vt -835.694519 -590.024780
vt -562.036682 -645.344910
vt -598.998840 -577.364441
vt -833.619812 -906.558350
vt -729.517822 -587.705750
vt -700.675293 -610.375977
vt -625.739441 -655.695435
vt -610.468140 -642.376709
vt -681.697876 -618.786499
vt -578.022583 -659.638123
vt -634.653442 -846.267578
vt -792.425781 -765.393860
vt -811.414673 -624.436218
vt -730.612427 -643.269348
vt -835.545837 -812.445679
vt -739.076538 -686.749084
vt -706.476135 -685.081970
vt -766.165649 -726.046021
vt -666.740540 -746.593506
vt -680.322144 -665.911255
vt -613.005493 -705.665405
vt -695.130615 -713.352600
vt -603.365662 -770.086304
vt -0.487350 -0.086704
vt -0.613660 -0.228997
vt -0.514547 -0.224315
vt -0.743890 -0.228893
vt -0.648953 -0.133746
vt 0.266601 -0.108658
vt 0.122076 0.013889
vt 0.177787 -0.228993
vt 0.268308 -0.228655
vt -0.224253 -0.134562
vt -0.074217 -0.088607
vt -0.026448 0.015942
vt -0.743883 0.020380
vt 0.268318 0.020401
vt -0.585122 0.015457
vt 0.049920 -0.214715
vt -0.374095 -0.228931
vt -0.440333 -0.033978
vt -0.295175 0.013477
vt -0.439739 0.019965
vt -0.176592 -0.222694
vt 0.671418 -0.101182
vt 0.647916 -0.229714
vt 0.764944 -0.107737
vt 0.547558 -0.105052
vt 0.539238 -0.228745
vt 0.921072 -0.223197
vt 0.943136 0.013186
vt 0.837011 0.021728
vt 1.470461 -0.131007
vt 1.477944 0.021104
vt 1.410253 -0.084437
vt 0.539218 0.020426
vt 0.649050 0.013071
vt 1.551300 -0.085917
vt 1.551564 0.020557
vt 1.551505 -0.228788
vt 0.780455 -0.224774
vt 1.395463 -0.162807
vt 1.442925 -0.225185
vt 1.332964 -0.212633
vt 1.287609 -0.106376
vt 1.350166 0.025748
vt 1.230218 -0.217199
vt 0.734057 0.015107
vt 1.186141 -0.074305
vt 1.226898 0.020229
vt 1.053963 -0.149363
vt 1.098666 -0.219830
vt 1.077321 -0.041094
vt 1.086647 0.019391
vt 1.155988 0.023344
vt 0.985770 -0.066816
vt 1.666091 2.196419
vt 1.704558 1.938883
vt 1.865792 1.892042
vt 1.541969 2.240760
vt 1.553134 2.013109
vt 2.274879 1.900515
vt 1.951026 2.137882
vt 2.440256 1.942981
vt 2.353077 2.150505
vt 4.891001 -0.291103
vt 4.572441 -0.118128
vt 4.738438 -0.429777
vt 4.574914 -0.388477
vt 5.070023 0.002500
vt 4.863894 -0.110256
vt 5.191334 -0.388499
vt -3.138279 2.171813
vt -2.890623 2.220772
vt -3.102127 2.388553
vt -2.658557 2.412534
vt -2.723974 2.157308
vt -2.561426 2.210087
vt -2.348225 2.279568
vt -2.348036 2.500961
vt -5.704839 -0.000462
vt -5.825673 -0.388285
vt -5.546723 -0.116954
vt -5.505591 -0.456943
vt -5.208401 -0.388371
vt -5.372062 -0.132837
vt -5.208812 -0.121384
vt 0.668628 0.630739
vt 0.923274 0.592194
vt 0.624009 0.790242
vt 1.116293 0.553375
vt 1.505828 0.486057
vt 1.524127 0.621934
vt 1.165999 0.821741
vt 0.848116 0.876674
vt 1.624861 0.742442
vt 0.489765 0.938606
vt 0.105381 0.977967
vt 0.268677 0.699859
vt 0.175254 0.716004
vt 1.806652 0.434070
vt 2.274711 0.353180
vt 1.780795 0.708461
vt 2.435867 0.580096
vt 2.257001 0.627856
vt 2.435867 0.325392
vt -41.825977 -144.793320
vt -14.848965 -143.694550
vt -52.031761 -118.735931
vt -21.748348 -72.277740
vt -59.355858 -98.540222
vt 55.512901 -172.119736
vt 25.924892 -211.713562
vt 66.652222 -186.563431
vt -16.098969 6.164504
vt -0.410402 -8.904912
vt 10.114162 44.438961
vt 9.953243 -179.714813
vt -6.525515 -222.092789
vt 45.171921 -273.106415
vt 25.606867 -270.190918
vt 59.224842 -309.234985
vt 21.331650 -41.706028
vt 55.390976 -62.668541
vt 73.983391 -59.373848
vt 43.306816 -5.670111
vt -1.573207 62.358112
vt 112.811760 -353.076630
vt 117.608467 -331.051910
vt 91.647430 -338.590210
vt -23.601513 -188.702454
vt -29.014076 -31.737759
vt 83.824493 -114.281296
vt 102.434036 -104.678467
vt 217.050537 -347.498444
vt 247.187225 -345.040710
vt 229.806808 -276.836975
vt 172.217148 -316.878174
vt 197.922516 -344.937897
vt 216.078918 -279.021851
vt 162.779816 -374.297119
vt 179.842224 -408.242065
vt 220.853149 -369.824219
vt 114.525261 -160.671356
vt 126.076111 -138.138092
vt 115.052895 -123.034348
vt 146.092575 -252.538971
vt 160.664246 -280.830841
vt 189.881500 -217.189819
vt 123.463470 -194.042786
vt 137.492493 -153.255005
vt 105.578499 -188.164078
vt 85.886703 -156.468964
vt 164.694733 -186.593170
vt 145.423462 -353.327576
vt 164.496460 -354.360077
vt 74.327782 -301.799072
vt 104.734337 -304.096100
vt 135.356110 -339.004608
vt 129.589828 -368.813538
vt 57.972282 -131.238159
vt 49.315918 -97.001633
vt -52.578045 -78.568489
vt 11.215440 -117.908997
vt -40.486938 -45.160889
vt 153.792709 -387.913269
vt 32.574909 -240.133881
vt 63.458305 -249.176315
vt 49.420853 -226.542648
vt 149.062180 -309.525787
vt 117.257729 -287.657684
vt 213.587189 -239.329712
vt 106.881180 -242.854645
vt 31.608471 -139.179489
vt 80.412277 -171.083832
vt 31.466341 -122.733398
vt 18.243698 -68.709259
vt 79.213943 -227.000000
vt -143.418442 -145.999954
vt -155.424042 -80.910568
vt -194.865326 -127.046478
vt -132.346939 -88.623100
vt -138.894363 -61.130646
vt -321.317627 -376.820435
vt -361.103333 -380.218811
vt -361.700897 -408.688965
vt -173.228470 -59.830769
vt -194.679504 -68.416954
vt -246.179108 -314.367737
vt -278.081024 -279.173340
vt -289.822601 -313.917664
vt -414.740448 -297.165222
vt -379.388367 -331.322815
vt -385.952087 -297.470337
vt -326.318665 -186.613693
vt -292.022369 -185.543610
vt -297.080872 -124.793541
vt -285.017090 -106.785934
vt -249.496521 -82.155151
vt -256.978271 -66.242897
vt -252.997070 -130.348389
vt -224.587036 -291.616241
vt -260.264099 -272.816101
vt -195.841705 -254.767426
vt -230.672134 -270.921356
vt -164.813187 20.362087
vt -226.916534 -11.611794
vt -197.388168 -38.800785
vt -185.660706 -145.061203
vt -180.105255 -168.107605
vt -153.235367 -172.553650
vt -122.561768 -101.083817
vt -314.621399 -344.217438
vt -332.611816 -354.689514
vt -202.180420 28.472397
vt -152.534775 -16.528950
vt -345.109802 -338.568542
vt -361.787445 -314.310516
vt -180.072845 61.985363
vt -173.535904 44.196987
vt -239.758377 -38.256123
vt -212.531006 -226.031937
vt -238.831879 -245.577209
vt -230.278519 -217.857574
vt -200.908539 -203.351227
vt -238.374130 -184.454834
vt -411.136719 -357.223328
vt -399.353546 -371.442566
vt -428.827515 -344.994080
vt -325.724731 -321.682800
vt -291.917328 -353.515869
vt -404.217163 -248.437027
vt -315.264557 -238.855713
vt -312.051819 -276.428986
vt -278.105438 -154.138611
vt -307.341888 -137.745255
vt -342.820862 -182.439575
vt -166.224030 -205.436401
vt -141.361389 -45.132248
vt -191.910034 -96.150635
vt -344.599304 -291.993591
vt -385.013550 -253.361938
vt -390.429840 -234.563522
vt -271.245422 -241.166077
vt -268.374237 -221.846161
vt -289.813599 -224.649094
vt -353.370300 -241.886383
vt -211.840988 -85.139343
vt -224.533722 -121.237885
vt -264.443390 -171.219467
vt -365.250977 -288.319672
vt -249.861465 -206.318329
vt 600.296875 -187.835403
vt 616.346130 -238.305084
vt 640.470398 -236.324631
vt 521.234741 -53.964066
vt 564.777588 -54.253139
vt 539.263367 -6.940152
vt 670.516968 -233.959259
vt 705.023621 -235.489410
vt 692.137329 -222.338440
vt 515.772827 -208.555450
vt 493.857605 -202.833130
vt 511.847839 -236.283783
vt 688.878174 -365.220062
vt 641.604065 -352.006989
vt 673.010864 -378.352417
vt 436.807678 -93.460022
vt 434.266571 -46.545113
vt 421.268677 -61.624542
vt 470.063110 -119.727066
vt 458.321198 -133.703308
vt 572.620117 -98.400330
vt 524.635742 20.186266
vt 483.188568 6.632557
vt 513.700256 40.459213
vt 675.489380 -252.661469
vt 606.206482 -159.729889
vt 602.669250 -125.361816
vt 573.895874 -133.365524
vt 517.242859 -82.819458
vt 511.932373 -132.681274
vt 550.914307 -173.882263
vt 717.420776 -340.210571
vt 665.873413 -312.485443
vt 593.329041 -107.198059
vt 749.712219 -281.887177
vt 739.791504 -322.856415
vt 767.170532 -299.789490
vt 615.904663 -144.541245
vt 652.934082 -182.335999
vt 734.762451 -265.063538
vt 558.414124 -284.336914
vt 622.474487 -292.077240
vt 456.243500 -60.265617
vt 471.572388 -52.516853
vt 551.155151 -212.512390
vt 659.244019 -272.376099
vt 524.502930 -261.278900
vt 554.742676 -234.391922
vt 476.414978 -168.901627
vt 498.857117 -161.387390
vt 449.814728 -29.913851
vt 517.324219 -181.560883
vt -60.357735 -394.899811
vt -75.430717 -440.016052
vt -46.412151 -424.793213
vt -74.786880 -395.571503
vt -253.614075 -625.178955
vt -207.705536 -572.865417
vt -275.160339 -609.401550
vt -73.947693 -364.956879
vt -96.244308 -406.302917
vt -176.849731 -580.086853
vt -130.516144 -518.936096
vt -176.846619 -537.109558
vt -206.038330 -667.988586
vt -184.227402 -630.453857
vt -229.441101 -649.049255
vt -210.656921 -542.393188
vt -171.596313 -502.485535
vt -119.481323 -449.382568
vt -150.446609 -481.156250
vt -110.727280 -484.238586
vt -9.458613 -479.928925
vt 23.528555 -461.902222
vt 1.248077 -444.292908
vt -87.509811 -614.122253
vt -50.196224 -580.674988
vt -95.574829 -601.104675
vt -93.323250 -441.120544
vt -90.355659 -468.390045
vt 7.593895 -492.900330
vt -11.610166 -530.222595
vt 21.764812 -405.734985
vt 53.605976 -360.579651
vt 43.174747 -342.444153
vt -139.379395 -613.352173
vt -37.851089 -298.874023
vt -13.587495 -342.145935
vt -252.447601 -584.996399
vt -106.097115 -424.573792
vt -7.080446 -286.730988
vt 22.999493 -320.549255
vt 1.392632 -361.653412
vt -22.588745 -269.718262
vt -127.342102 -645.523254
vt -149.681274 -662.853516
vt -182.514587 -688.873840
vt -55.511673 -537.869385
vt -103.922562 -545.621582
vt 67.059311 -377.221161
vt -31.315794 -569.576355
vt -63.835556 -511.134521
vt -133.069733 -463.167999
vt -140.404343 -567.630127
vt -9.075742 -409.475220
vt 865.692932 -964.363098
vt 844.195190 -991.285889
vt 865.160950 -1021.984436
vt 955.470764 -907.473145
vt 955.375610 -856.072632
vt 939.356262 -910.652832
vt 988.043457 -638.679810
vt 995.815186 -665.237671
vt 1000.646606 -650.389038
vt 836.860352 -896.374146
vt 846.965759 -503.459351
vt 864.882324 -507.002289
vt 881.411621 -452.064178
vt 964.106201 -698.276855
vt 930.982178 -702.755127
vt 971.632568 -739.936951
vt 930.846191 -801.917603
vt 965.846375 -768.378845
vt 837.294556 -639.422607
vt 876.895996 -633.681091
vt 879.565186 -572.372620
vt 850.393616 -817.119385
vt 860.122192 -882.863525
vt 876.370483 -807.709839
vt 852.034180 -450.953186
vt 924.606628 -987.902832
vt 953.178955 -953.645508
vt 913.776245 -757.848389
vt 977.272095 -722.346130
vt 983.228027 -704.003296
vt 961.329834 -805.890991
vt 914.870728 -809.341370
vt 892.603394 -514.584900
vt 910.323120 -453.266388
vt 880.185059 -857.579163
vt 898.870361 -823.915588
vt 956.982910 -835.394714
vt 883.121216 -899.175415
vt 835.774475 -619.395325
vt 906.573975 -717.381836
vt 908.763977 -901.359009
vt 893.677856 -920.551208
vt 839.032532 -659.265259
vt 863.221313 -682.137329
vt 891.228760 -761.052917
vt 889.381409 -720.467773
vt 865.263000 -742.736450
vt 884.454468 -974.580627
vt 875.056152 -1071.895264
vt 901.796326 -1055.364136
vt 885.637817 -1049.696045
vt 852.082336 -1074.370361
vt 917.339233 -1029.806396
vt 910.585266 -1073.981201
vt 929.616394 -1074.401489
vt 942.720337 -1007.244934
vt 890.822876 -1074.426025
vt 849.363464 -1046.100098
vt 899.507690 -994.538452
vt 890.700073 -685.918579
vt 1000.635193 -586.739563
vt 970.797729 -616.510803
vt 1004.349060 -568.041504
vt 937.811279 -574.000488
vt 848.777832 -777.046570
vt 935.695496 -654.268311
vt 909.093445 -578.017090
vt 845.218689 -733.540405
vt 847.160889 -757.381897
vt 915.080566 -646.689514
vt 929.246460 -453.365112
vt 1011.426147 -450.959106
vt 935.827332 -502.763824
vt -23.762754 -1449.374023
vt -45.848698 -1494.320557
vt -24.102421 -1489.271729
vt -129.292175 -1226.781372
vt -130.737488 -1193.181885
vt -152.490601 -1230.709351
vt -169.003098 -1187.753418
vt -123.308395 -1593.183105
vt -115.331619 -1634.063110
vt -96.860931 -1632.946899
vt -56.176018 -1368.142456
vt -33.691788 -1397.332275
vt -37.372234 -1368.299072
vt -43.526821 -1438.928223
vt -60.682343 -1437.780273
vt -124.188812 -1463.559692
vt -143.257935 -1397.022095
vt -141.190781 -1431.660400
vt -136.865494 -1275.288330
vt -101.745201 -1368.999023
vt -106.993118 -1284.217529
vt -94.973984 -1120.214111
vt -125.129181 -1057.274048
vt -127.837982 -1135.456909
vt -141.190781 -1470.603760
vt -165.475739 -1275.695435
vt -174.399292 -1246.851685
vt -181.693298 -1224.387817
vt -154.606125 -1308.656494
vt -147.516037 -1361.643311
vt -122.309853 -1375.803101
vt -104.659531 -1588.833984
vt -37.754166 -1634.063110
vt -33.846386 -1584.811279
vt -55.440887 -1632.197632
vt -120.302292 -1527.952637
vt -137.898727 -1518.408936
vt -75.573143 -1372.349854
vt -100.299683 -1253.262451
vt -71.775230 -1283.481323
vt -78.754807 -1227.562256
vt -46.764561 -1076.588989
vt -33.352619 -1056.187744
vt -37.729877 -1010.588074
vt -24.692616 -1143.756348
vt -104.063087 -1216.562744
vt -29.127354 -1272.731445
vt -50.682354 -1295.436035
vt -31.241486 -1297.327515
vt -186.356506 -1210.212769
vt -68.853386 -1117.844360
vt -39.461502 -1200.156250
vt -32.869659 -1317.005615
vt -104.271996 -1011.691162
vt -77.515724 -1012.708618
vt -71.930359 -1171.340698
vt -79.122589 -1434.416992
vt -90.298439 -1348.132446
vt -85.592064 -1612.353516
vt -63.521614 -1572.112427
vt -86.757843 -1563.798828
vt -76.164070 -1633.613403
vt -66.544510 -1495.793701
vt -81.708305 -1496.792236
vt -51.503540 -1586.391602
vt -105.251312 -1165.240967
vt -25.368011 -1225.869263
vt -56.165142 -1224.936279
vt -34.497833 -1336.683594
vt -197.144470 -1010.603821
vt -189.912155 -1139.150879
vt -191.362518 -1090.477905
vt 615.950867 -1634.063110
vt 606.681030 -1612.856689
vt 590.081909 -1631.092773
vt 636.112732 -1584.228516
vt 622.170898 -1614.019653
vt 581.501587 -1450.252075
vt 568.630554 -1396.225830
vt 558.554504 -1449.038208
vt 572.481812 -1376.039673
vt 569.430664 -1338.117798
vt 684.481140 -1152.172119
vt 688.896973 -1186.002319
vt 710.407471 -1179.056396
vt 590.981323 -1246.662964
vt 577.986816 -1221.456543
vt 561.084656 -1238.293335
vt 604.873230 -1478.660400
vt 604.179932 -1440.974854
vt 558.746338 -1208.733521
vt 583.566833 -1301.314941
vt 567.597351 -1317.005615
vt 635.883667 -1096.594482
vt 708.291992 -1087.926392
vt 642.077759 -1038.197021
vt 689.521606 -1303.903076
vt 700.393860 -1239.019409
vt 673.421143 -1267.048828
vt 650.069702 -1634.010254
vt 675.918457 -1474.419189
vt 656.760498 -1481.359131
vt 671.691833 -1523.197998
vt 651.114075 -1552.852539
vt 661.698547 -1432.364014
vt 668.341614 -1364.092041
vt 644.971741 -1359.555420
vt 625.480103 -1418.039551
vt 631.799622 -1461.153809
vt 600.679504 -1071.207520
vt 675.918457 -1429.203491
vt 678.216492 -1395.104736
vt 621.287354 -1012.906128
vt 572.451416 -1010.586060
vt 567.537231 -1064.470947
vt 644.743408 -1318.533203
vt 672.069336 -1312.135986
vt 683.030640 -1355.120117
vt 710.408081 -1010.584656
vt 650.769958 -1009.096924
vt 707.259155 -1198.048096
vt 681.437378 -1202.540405
vt 558.782227 -1488.763550
vt 638.855957 -1261.531616
vt 706.251160 -1127.564209
vt 647.442261 -1436.334717
vt 610.057190 -1377.110840
vt 650.031860 -1141.108154
vt 586.762756 -1126.205811
vt 582.462097 -1553.846558
vt 658.389893 -1591.369385
vt 572.430420 -1633.517822
vt 568.713379 -1594.093872
vt 596.111206 -1524.206177
vt 614.659058 -1558.554443
vt 564.848877 -1553.107056
vt 632.031738 -1519.682373
vt 704.087341 -1216.857788
vt 632.237000 -1298.251709
vt 611.674744 -1256.550781
vt 658.025696 -1202.106079
vt 565.767151 -1294.885986
vt 604.434448 -1305.658203
vt 635.284180 -1199.965576
vt 609.912903 -1211.869385
vt 608.610413 -1337.040161
vt 621.954834 -1137.223267
vt -827.288452 -1516.078613
vt -815.509521 -1468.083252
vt -830.125854 -1462.603027
vt -820.186279 -1319.900391
vt -845.005676 -1296.284058
vt -840.501465 -1328.015747
vt -726.678955 -1010.588257
vt -738.481445 -1083.117676
vt -721.842529 -1060.799805
vt -835.869141 -1366.489258
vt -830.125854 -1414.190918
vt -822.088745 -1371.537109
vt -812.799194 -1589.925049
vt -804.266724 -1634.062866
vt -790.205078 -1596.381104
vt -797.512390 -1416.305176
vt -802.426941 -1359.150635
vt -775.381714 -1365.224243
vt -766.126160 -1408.868164
vt -747.911255 -1373.483154
vt -714.748047 -1134.294556
vt -798.935181 -1528.803101
vt -826.643188 -1256.590088
vt -848.873230 -1273.203125
vt -791.157288 -1117.703857
vt -801.938599 -1148.499023
vt -772.992859 -1146.366943
vt -793.951172 -1272.144287
vt -771.682739 -1233.786133
vt -804.374634 -1222.333374
vt -765.425903 -1634.062866
vt -752.059143 -1439.792969
vt -730.593201 -1451.526367
vt -776.085449 -1012.249268
vt -864.616272 -1010.555542
vt -862.681763 -1090.441895
vt -798.137573 -1043.411499
vt -711.456787 -1455.878296
vt -717.438232 -1535.946411
vt -725.212402 -1377.726318
vt -728.956360 -1195.054810
vt -738.892578 -1263.948486
vt -713.631836 -1218.227539
vt -711.090210 -1186.545044
vt -863.898315 -1137.623169
vt -790.011475 -1452.701660
vt -733.760193 -1532.009277
vt -763.748352 -1079.240723
vt -772.906738 -1314.895752
vt -746.568665 -1312.925293
vt -781.045044 -1199.297607
vt -795.534302 -1305.336304
vt -743.072083 -1477.421387
vt -723.525513 -1336.801514
vt -721.948486 -1316.863525
vt -776.776489 -1490.400879
vt -773.688599 -1546.761719
vt -772.243835 -1607.810547
vt -754.349304 -1608.431519
vt -726.562927 -1634.091309
vt -802.876160 -1013.768311
vt -859.752441 -1205.355225
vt -864.496155 -1179.221924
vt -755.880066 -1198.947510
vt -724.064087 -1606.220581
vt -752.852539 -1536.428711
vt -853.112183 -1247.905518
vt -765.286377 -1258.700684
vt -719.952698 -1293.881592
vt -78.090324 1.503573
vt -37.481476 -4.712535
vt -37.405956 -1.705124
vt -57.620789 4.763086
vt -25.525110 4.710600
vt -12.617473 -4.649369
vt 4.378050 -0.521552
vt 19.738422 -4.706963
vt 34.523624 -0.858614
vt 52.102631 2.357764
vt 68.219627 -4.712389
vt 78.039169 -1.522249
vt 78.095253 1.318401
vt 68.210213 4.712389
vt 78.095421 -4.706225
vt 78.095421 4.712389
vt -37.200443 -1.754901
vt -28.516851 -4.736457
vt -16.868267 4.392502
vt -2.006628 -2.522448
vt 15.052309 -4.712389
vt 12.448483 1.613127
vt 28.523273 -4.712389
vt 34.356510 -1.061440
vt 28.976009 3.743203
vt 47.197353 -4.390861
vt 25.218201 -0.801234
vt -9.481853 -2.268018
vt 9.997462 -4.700872
vt -68.719803 -1.876429
vt -33.301033 -0.456789
vt -49.724617 4.711999
vt 4.599427 2.526926
vt -11.735549 4.739918
vt 26.265358 1.058402
vt 49.947506 -4.712389
vt 46.386032 2.193136
vt 68.678734 -4.712389
vt 68.714417 3.042244
vt 56.041889 4.714921
vt 0.956932 -4.125319
vt 20.074923 3.852173
vt -17.201975 -2.348660
vt -288.254883 3.186645
vt -249.917816 0.544807
vt -242.256454 4.712137
vt -243.441772 -4.712389
vt -185.833176 4.687987
vt -192.205658 -4.623486
vt -184.062439 -0.309164
vt -215.759338 4.712389
vt -158.336517 3.941899
vt -102.832870 -4.712364
vt -99.203072 -1.540560
vt -66.852921 1.153867
vt -119.223618 4.711113
vt -77.308601 4.721709
vt -38.753525 -4.712551
vt -2.548638 0.196137
vt 39.130558 2.889072
vt 74.451157 1.995530
vt 67.097580 4.715153
vt 71.441635 -4.392911
vt 129.446472 -4.714405
vt 131.048248 4.065436
vt 168.566788 -3.764122
vt 187.123428 -2.906756
vt 239.266785 -4.723249
vt 236.083206 0.910550
vt 209.598328 4.712456
vt 248.397827 4.712715
vt 288.301392 3.049976
vt -229.626999 0.788193
vt -287.618500 -3.088788
vt -266.529663 -4.712389
vt -253.181442 4.708723
vt -214.849823 -4.710709
vt -216.273758 4.712389
vt -185.859833 3.547143
vt -150.874603 -4.712181
vt -167.727524 2.323028
vt -115.349060 0.287183
vt -108.739090 4.712523
vt -80.706993 -4.709774
vt -38.665871 -0.402903
vt -48.600414 4.712635
vt -43.925400 -4.711846
vt -13.251858 4.712389
vt 8.262668 -0.567505
vt 44.947811 3.415078
vt 65.842560 -4.712389
vt 64.280922 2.914437
vt 101.090332 -4.021327
vt 166.521057 -0.443396
vt 119.337097 4.712534
vt 172.062286 -4.710778
vt 178.275650 4.712389
vt 186.726486 2.202568
vt 216.469482 -4.711038
vt 205.126709 4.712389
vt 238.674469 4.379831
vt 253.740417 -2.755423
vt 287.615753 3.860111
vt -50.202705 -4.706880
vt -31.080847 -0.788603
vt -50.250252 0.255372
vt -50.203678 4.712815
vt -36.209938 -4.712389
vt -34.184971 4.712389
vt -20.959576 -0.600680
vt -14.148228 -4.719564
vt -11.187040 3.505803
vt 4.013514 -4.717564
vt 20.774057 0.713677
vt 5.334418 4.712389
vt 25.125883 4.712389
vt 50.245056 -2.801686
vt -18.604553 0.380352
vt 8.660114 -4.533705
vt 4.886522 6.005852
vt 32.346714 1.550823
vt 0.001604 -0.000010
vt 1.000000 0.000050
vt 0.988441 1.000012
vt 0.001267 1.000466
vt 0.000880 0.000004
vt 1.000163 1.000012
vt 0.000083 1.000012
vt 1.000015 -0.000010
vt 0.004534 -0.000010
vt 1.000003 0.000791
vt -0.000231 0.999749
vt 1.000000 1.000012
vt 0.003367 0.000944
vt 0.992423 0.948541
vt 0.000400 1.000011
vt 1.000116 0.005431
vt 0.000084 0.000303
vt 0.999838 -0.000011
vt 0.626205 0.999990
vt 0.000000 0.984219
vt 1.000000 0.996804
vt 0.000003 0.000025
vt 1.000000 0.000180
vt 0.999997 0.999611
vt 0.000071 0.999949
vt 0.000155 0.000029
vt 1.000073 0.000200
vt 0.000232 1.000012
vt 0.000361 0.000119
vt 1.000164 0.001003
vt 1.000177 1.000011
vt -0.000047 1.000011
vt 1.573291 0.834005
vt 1.619732 0.853110
vt 1.603180 0.869376
vt 1.567111 0.869095
vt 1.643269 0.788403
vt 1.657224 0.816570
vt 1.640739 0.827023
vt 1.653731 0.774736
vt 1.645144 0.738360
vt 1.617905 0.733277
vt 1.620677 0.685340
vt 1.638643 0.688688
vt 1.629583 0.645520
vt 1.643354 0.611868
vt 1.614111 0.640083
vt 1.608835 0.614851
vt 1.595519 0.633779
vt 1.584604 0.613858
vt 1.562278 0.607776
vt 1.549853 0.609201
vt 1.543456 0.646054
vt 1.516279 0.635092
vt 1.496605 0.610166
vt 1.475100 0.637204
vt 1.450150 0.609201
vt 1.401320 0.638673
vt 1.437721 0.607776
vt 1.415412 0.613856
vt 1.391646 0.614875
vt 1.372977 0.643502
vt 1.356646 0.611866
vt 1.361357 0.688688
vt 1.386633 0.683474
vt 1.354771 0.738363
vt 1.380941 0.734762
vt 1.346255 0.774890
vt 1.356755 0.792051
vt 1.342746 0.816725
vt 1.359257 0.827023
vt 1.401187 0.859920
vt 1.401667 0.881811
vt 1.380275 0.853119
vt 1.429046 0.870307
vt 1.452502 0.865222
vt 1.460770 0.834343
vt 1.480277 0.861147
vt 1.534063 0.862908
vt 1.544975 0.829855
vt 1.598353 0.881790
vt 1.630630 0.839525
vt 1.590137 0.796767
vt 1.611769 0.783064
vt 1.570045 0.798581
vt 1.589719 0.765734
vt 1.590831 0.726374
vt 1.595793 0.681877
vt 1.547380 0.696811
vt 1.565995 0.669754
vt 1.519045 0.708633
vt 1.509252 0.658902
vt 1.559417 0.726682
vt 1.531793 0.727339
vt 1.481690 0.697064
vt 1.479064 0.662225
vt 1.454297 0.696099
vt 1.458226 0.723634
vt 1.494596 0.719207
vt 1.484435 0.756602
vt 1.466297 0.772017
vt 1.505764 0.753268
vt 1.561978 0.764033
vt 1.532448 0.770863
vt 1.501646 0.792182
vt 1.434765 0.763965
vt 1.413648 0.786900
vt 1.396459 0.773400
vt 1.411310 0.725915
vt 1.413830 0.682652
vt 1.445310 0.653070
vt 1.940114 0.640526
vt 1.925817 0.641859
vt 1.937563 0.635889
vt 1.924463 0.655547
vt 1.901275 0.663962
vt 1.904395 0.654370
vt 1.941833 0.649359
vt 1.956596 0.650380
vt 1.963189 0.637371
vt 1.965700 0.647700
vt 1.959608 0.667443
vt 1.967753 0.677795
vt 1.961739 0.683969
vt 1.970055 0.691681
vt 1.963710 0.696140
vt 1.974233 0.700547
vt 1.973313 0.704919
vt 1.968505 0.708833
vt 1.980976 0.711834
vt 1.980083 0.720372
vt 1.971626 0.716782
vt 1.986515 0.730248
vt 1.985791 0.720858
vt 1.989351 0.726694
vt 1.598460 0.101133
vt 1.618825 0.117228
vt 1.589826 0.127477
vt 1.607757 0.146375
vt 1.640195 0.129082
vt 1.627831 0.149213
vt 1.582371 0.177741
vt 1.579280 0.134712
vt 1.606669 0.178308
vt 1.616979 0.172961
vt 1.608375 0.201167
vt 1.596597 0.209371
vt 1.605198 0.223644
vt 1.601719 0.233587
vt 1.609890 0.245957
vt 1.605728 0.252196
vt 1.602854 0.266314
vt 1.607226 0.268114
vt 1.593080 0.271564
vt 1.593899 0.269255
vt 1.579925 0.255591
vt 1.594332 0.256840
vt 1.582878 0.242087
vt 1.577383 0.246037
vt 1.572409 0.262800
vt 1.576742 0.247262
vt 1.576909 0.260664
vt 1.573050 0.238503
vt 1.568959 0.271590
vt 1.569812 0.268695
vt 1.565022 0.230673
vt 1.564222 0.252356
vt 1.563843 0.266626
vt 1.556095 0.238577
vt 1.556974 0.248078
vt 1.556687 0.244348
vt 1.556941 0.263521
vt 1.772283 0.588639
vt 1.748534 0.573585
vt 1.761935 0.562927
vt 1.802227 0.618163
vt 1.766339 0.598533
vt 1.819111 0.660548
vt 1.827651 0.644530
vt 1.853208 0.681552
vt 1.848152 0.695904
vt 1.867138 0.714033
vt 1.867330 0.737111
vt 1.882288 0.745648
vt 1.887472 0.773957
vt 1.901273 0.774655
vt 1.923586 0.809498
vt 1.915816 0.826760
vt 1.945617 0.849032
vt 1.955373 0.841017
vt 1.959127 0.850743
vt 1.965938 0.845617
vt 1.949180 0.857079
vt 1.927130 0.860656
vt 1.878451 0.778208
vt 1.901090 0.828934
vt 1.880088 0.836899
vt 1.912189 0.868699
vt 1.932921 0.870243
vt 1.918472 0.888976
vt 1.887494 0.869156
vt 1.910423 0.901835
vt 1.847711 0.864040
vt 1.899287 0.921519
vt 1.861606 0.895215
vt 1.931968 0.913209
vt 1.922480 0.926921
vt 1.907552 0.946327
vt 1.890620 0.964559
vt 1.878237 0.935512
vt 1.908968 0.961485
vt 1.855656 0.971567
vt 1.855163 0.955521
vt 1.821163 0.979555
vt 1.800976 0.986060
vt 1.787200 0.992708
vt 1.777739 0.980739
vt 1.825865 0.949194
vt 1.796573 0.956586
vt 1.787102 0.930248
vt 1.761820 0.959486
vt 1.759355 0.947639
vt 1.738118 0.950868
vt 1.743905 0.939926
vt 1.774961 0.903672
vt 1.762735 0.919691
vt 1.811032 0.934442
vt 1.730516 0.933510
vt 1.716166 0.941109
vt 1.792061 0.873911
vt 1.815965 0.859102
vt 1.838275 0.895635
vt 1.849694 0.936809
vt 1.857291 0.843342
vt 1.822799 0.777323
vt 1.820577 0.746236
vt 1.853976 0.803042
vt 1.828330 0.820920
vt 1.798091 0.787873
vt 1.840738 0.729069
vt 1.805336 0.663437
vt 1.749527 0.601176
vt 1.735933 0.575599
vt 1.765921 0.642431
vt 1.791617 0.673600
vt 1.824569 0.718878
vt 1.815913 0.719352
vt 1.787219 0.691581
vt 1.764919 0.665746
vt 1.797696 0.745829
vt 1.781336 0.735397
vt 1.723288 0.929685
vt 1.740455 0.889009
vt 1.712759 0.884195
vt 1.727226 0.837333
vt 1.704448 0.846067
vt 1.699759 0.811498
vt 1.713447 0.789347
vt 1.691220 0.781625
vt 1.687610 0.730738
vt 1.666451 0.705699
vt 1.677155 0.752234
vt 1.661974 0.652735
vt 1.676096 0.664792
vt 1.657902 0.612599
vt 1.654725 0.603991
vt 1.659227 0.598728
vt 1.667305 0.598378
vt 1.675546 0.620967
vt 1.692217 0.655200
vt 1.703411 0.739761
vt 1.724400 0.776534
vt 1.739975 0.824929
vt 1.752685 0.812703
vt 1.742926 0.758072
vt 1.675868 0.596971
vt 1.704969 0.654081
vt 1.720067 0.714200
vt 1.757127 0.779557
vt 1.769265 0.775614
vt 1.772652 0.743272
vt 1.788752 0.717285
vt 1.757278 0.688890
vt 1.753218 0.714469
vt 1.743151 0.608493
vt 1.732394 0.586450
vt 1.721902 0.579789
vt 1.718726 0.597176
vt 1.698723 0.589065
vt 1.733052 0.627071
vt 1.688424 0.592200
vt 1.719926 0.662477
vt 1.730909 0.710178
vt 1.742103 0.710829
vt 1.362400 0.545311
vt 1.388846 0.573735
vt 1.352530 0.581985
vt 1.394245 0.589692
vt 1.365537 0.512210
vt 1.393038 0.528966
vt 1.399194 0.508605
vt 1.365756 0.472010
vt 1.376057 0.433376
vt 1.363280 0.436185
vt 1.362980 0.393437
vt 1.356194 0.396646
vt 1.370880 0.387725
vt 1.392966 0.428148
vt 1.379484 0.378916
vt 1.420823 0.556084
vt 1.430634 0.595779
vt 1.443802 0.594300
vt 1.476792 0.591631
vt 1.478058 0.571144
vt 1.508905 0.594701
vt 1.500036 0.560139
vt 1.528379 0.549014
vt 1.579615 0.571892
vt 1.556198 0.594300
vt 1.569366 0.595779
vt 1.605755 0.589692
vt 1.611158 0.573735
vt 1.647470 0.581985
vt 1.606961 0.528966
vt 1.637599 0.545312
vt 1.634463 0.512210
vt 1.636698 0.436321
vt 1.634245 0.471996
vt 1.623945 0.433318
vt 1.637018 0.393433
vt 1.643806 0.396644
vt 1.629120 0.387724
vt 1.606367 0.429064
vt 1.587817 0.428975
vt 1.600744 0.508522
vt 1.575944 0.518670
vt 1.573944 0.440396
vt 1.620516 0.378916
vt 1.588774 0.396072
vt 1.615569 0.367726
vt 1.614243 0.353169
vt 1.570727 0.364507
vt 1.617481 0.334737
vt 1.595977 0.330569
vt 1.560059 0.409103
vt 1.563811 0.337366
vt 1.535092 0.376054
vt 1.542632 0.322718
vt 1.605253 0.293678
vt 1.584275 0.287032
vt 1.597481 0.281598
vt 1.533753 0.291355
vt 1.517691 0.347770
vt 1.499998 0.291764
vt 1.500215 0.333313
vt 1.466131 0.291949
vt 1.457376 0.322686
vt 1.415445 0.286848
vt 1.402511 0.281611
vt 1.394739 0.293642
vt 1.438129 0.337446
vt 1.404019 0.330576
vt 1.481944 0.344293
vt 1.429038 0.364077
vt 1.389197 0.332507
vt 1.475495 0.377333
vt 1.411228 0.396087
vt 1.385757 0.353192
vt 1.382171 0.334852
vt 1.384430 0.367726
vt 1.411505 0.431132
vt 1.422327 0.519561
vt 1.462346 0.513086
vt 1.452673 0.469622
vt 1.428330 0.442679
vt 1.438154 0.409250
vt 1.467069 0.423065
vt 1.481327 0.443081
vt 1.499804 0.505252
vt 1.480115 0.531802
vt 1.530705 0.510753
vt 1.576166 0.547580
vt 1.548338 0.478455
vt 1.525297 0.439363
vt 1.500707 0.453031
vt 1.498325 0.388535
vt 1.841192 0.616130
vt 1.837407 0.641781
vt 1.829741 0.612913
vt 1.874556 0.632462
vt 1.860045 0.608166
vt 1.874644 0.598832
vt 1.889750 0.596642
vt 1.910524 0.626222
vt 1.928836 0.606870
vt 1.930871 0.626838
vt 1.950239 0.605227
vt 1.955450 0.615797
vt 1.967115 0.592257
vt 1.969662 0.615570
vt 1.990410 0.606836
vt 1.982961 0.576703
vt 1.981836 0.511110
vt 1.976329 0.453341
vt 1.957520 0.513156
vt 1.969211 0.399001
vt 1.948606 0.428487
vt 1.947949 0.387225
vt 1.962207 0.359727
vt 1.944348 0.343413
vt 1.966688 0.331621
vt 1.949831 0.318236
vt 1.956171 0.279959
vt 1.971823 0.266464
vt 1.972915 0.219017
vt 1.951576 0.212718
vt 1.977722 0.168482
vt 1.962250 0.146348
vt 1.981765 0.147518
vt 1.983874 0.142422
vt 1.962184 0.129716
vt 1.975205 0.116844
vt 1.987926 0.137576
vt 1.956958 0.080680
vt 1.950397 0.100141
vt 1.940491 0.034197
vt 1.926334 0.042114
vt 1.928510 0.006257
vt 1.874921 0.025947
vt 1.917060 0.089430
vt 1.875763 0.050303
vt 1.853732 0.021217
vt 1.847555 0.065428
vt 1.825760 0.020325
vt 1.801812 0.023169
vt 1.783518 0.058987
vt 1.762840 0.034752
vt 1.756692 0.077000
vt 1.733129 0.087179
vt 1.721659 0.050251
vt 1.704955 0.052091
vt 1.674058 0.102884
vt 1.664700 0.077421
vt 1.647145 0.067086
vt 1.650061 0.117049
vt 1.802863 0.088888
vt 1.835735 0.091032
vt 1.776960 0.110596
vt 1.701061 0.109835
vt 1.719393 0.127919
vt 1.684826 0.126477
vt 1.652495 0.154023
vt 1.653839 0.185337
vt 1.665002 0.190430
vt 1.652376 0.197637
vt 1.657407 0.210780
vt 1.645577 0.211526
vt 1.630239 0.228177
vt 1.629890 0.242064
vt 1.621505 0.234620
vt 1.651256 0.224742
vt 1.642042 0.259585
vt 1.662948 0.269587
vt 1.670829 0.305386
vt 1.689769 0.303155
vt 1.676198 0.239100
vt 1.740903 0.397100
vt 1.699306 0.354356
vt 1.714516 0.319592
vt 1.729591 0.411871
vt 1.752120 0.438640
vt 1.748018 0.460032
vt 1.767144 0.470477
vt 1.765474 0.505803
vt 1.780092 0.507818
vt 1.787580 0.537452
vt 1.809421 0.539843
vt 1.807344 0.566393
vt 1.827985 0.526451
vt 1.842771 0.519683
vt 1.803545 0.503298
vt 1.825118 0.490105
vt 1.789672 0.476510
vt 1.805795 0.465618
vt 1.827318 0.450351
vt 1.845503 0.478923
vt 1.855965 0.515836
vt 1.862705 0.484365
vt 1.877145 0.484411
vt 1.894835 0.570242
vt 1.910337 0.569830
vt 1.925169 0.561036
vt 1.949813 0.567512
vt 1.904054 0.481228
vt 1.940233 0.506497
vt 1.074187 0.641861
vt 1.059886 0.640526
vt 1.062437 0.635889
vt 1.075537 0.655547
vt 1.098725 0.663962
vt 1.095602 0.654368
vt 1.105846 0.656504
vt 1.109927 0.662592
vt 1.065138 0.667508
vt 1.058166 0.649358
vt 1.043403 0.650384
vt 1.036813 0.637374
vt 1.034300 0.647697
vt 1.040392 0.667443
vt 1.032247 0.677796
vt 1.038259 0.683970
vt 1.036290 0.696141
vt 1.029945 0.691681
vt 1.026687 0.704919
vt 1.025767 0.700547
vt 1.031494 0.708833
vt 1.019025 0.711833
vt 1.010649 0.726695
vt 1.014208 0.720860
vt 1.013486 0.730247
vt 1.019917 0.720372
vt 1.028375 0.716781
vt 1.048503 0.708527
vt 1.042153 0.707866
vt 1.041028 0.704024
vt 1.039509 0.726083
vt 1.035075 0.725311
vt 1.034618 0.740549
vt 1.028722 0.741185
vt 1.026627 0.755822
vt 1.034110 0.752425
vt 1.033192 0.758621
vt 1.042577 0.744091
vt 1.048049 0.730907
vt 1.057183 0.715994
vt 1.060877 0.707987
vt 1.067119 0.715610
vt 1.057096 0.734985
vt 1.060997 0.764201
vt 1.057942 0.770279
vt 1.055862 0.754864
vt 1.063334 0.770922
vt 1.067810 0.758768
vt 1.064905 0.752792
vt 1.064515 0.736204
vt 1.070905 0.734906
vt 1.072098 0.723049
vt 1.076249 0.716103
vt 1.077046 0.712251
vt 1.082275 0.727338
vt 1.078591 0.730897
vt 1.079848 0.747047
vt 1.084622 0.746304
vt 1.084671 0.763283
vt 1.087946 0.756409
vt 1.090431 0.762437
vt 1.093210 0.744893
vt 1.087879 0.729286
vt 1.092824 0.727886
vt 1.094928 0.709116
vt 1.410174 0.127477
vt 1.381176 0.117229
vt 1.401540 0.101133
vt 1.392249 0.146376
vt 1.359805 0.129082
vt 1.417202 0.176279
vt 1.420908 0.134808
vt 1.430921 0.134944
vt 1.455969 0.184559
vt 1.439163 0.127454
vt 1.438272 0.198102
vt 1.433651 0.170800
vt 1.372171 0.149213
vt 1.393336 0.178312
vt 1.383021 0.172961
vt 1.391626 0.201172
vt 1.403407 0.209379
vt 1.394805 0.223644
vt 1.398286 0.233586
vt 1.390130 0.245829
vt 1.394752 0.251565
vt 1.396852 0.266192
vt 1.394415 0.269367
vt 1.405852 0.269282
vt 1.407962 0.271388
vt 1.420068 0.255608
vt 1.412702 0.257274
vt 1.409476 0.244202
vt 1.406568 0.180210
vt 1.468252 0.158026
vt 1.434558 0.075311
vt 1.467268 0.098431
vt 1.436032 0.098489
vt 1.489551 0.085436
vt 1.485861 0.121407
vt 1.481454 0.158066
vt 1.477895 0.178219
vt 1.456935 0.211887
vt 1.472622 0.201191
vt 1.483126 0.198917
vt 1.487442 0.208011
vt 1.486865 0.212954
vt 1.489944 0.224121
vt 1.492767 0.224103
vt 1.487784 0.228747
vt 1.486292 0.225683
vt 1.473981 0.219609
vt 1.473157 0.217182
vt 1.472865 0.214715
vt 1.482082 0.216669
vt 1.238078 0.562880
vt 1.248675 0.572144
vt 1.235485 0.593560
vt 1.223168 0.593079
vt 1.181909 0.654560
vt 1.185569 0.630483
vt 1.206680 0.653928
vt 1.258248 0.575364
vt 1.266659 0.575749
vt 1.268467 0.586677
vt 1.311311 0.592891
vt 1.324360 0.597204
vt 1.306406 0.636895
vt 1.301416 0.588548
vt 1.281540 0.600396
vt 1.283758 0.582624
vt 1.248713 0.601799
vt 1.212981 0.669595
vt 1.235196 0.656487
vt 1.260759 0.611799
vt 1.341858 0.612929
vt 1.332695 0.598378
vt 1.340773 0.598729
vt 1.345275 0.603991
vt 1.338161 0.653100
vt 1.320620 0.668378
vt 1.333492 0.704996
vt 1.320443 0.720211
vt 1.322966 0.752145
vt 1.311565 0.774919
vt 1.304704 0.739726
vt 1.293237 0.767167
vt 1.304520 0.792557
vt 1.283897 0.791691
vt 1.299626 0.815686
vt 1.294120 0.853448
vt 1.269681 0.841093
vt 1.285269 0.891258
vt 1.256460 0.887669
vt 1.277013 0.930324
vt 1.253955 0.933849
vt 1.274304 0.776521
vt 1.320365 0.636677
vt 1.284565 0.711725
vt 1.275301 0.758274
vt 1.248172 0.828616
vt 1.285956 0.661636
vt 1.269318 0.659725
vt 1.237314 0.714268
vt 1.228673 0.709967
vt 1.250088 0.711000
vt 1.263940 0.712392
vt 1.283833 0.941109
vt 1.261897 0.950870
vt 1.257886 0.943871
vt 1.240644 0.947639
vt 1.238181 0.959486
vt 1.212898 0.930248
vt 1.222258 0.980744
vt 1.203426 0.956587
vt 1.212800 0.992708
vt 1.199021 0.986059
vt 1.178905 0.979572
vt 1.183242 0.946527
vt 1.144380 0.971577
vt 1.144845 0.955514
vt 1.109382 0.964552
vt 1.092448 0.946327
vt 1.091033 0.961475
vt 1.099011 0.918198
vt 1.077420 0.926787
vt 1.068032 0.913209
vt 1.083091 0.906243
vt 1.121483 0.929337
vt 1.150324 0.936818
vt 1.173293 0.933501
vt 1.225039 0.903671
vt 1.234944 0.918733
vt 1.212817 0.884400
vt 1.193058 0.860230
vt 1.145401 0.889354
vt 1.164680 0.893527
vt 1.090042 0.901583
vt 1.079074 0.885334
vt 1.094273 0.872273
vt 1.067164 0.870356
vt 1.073298 0.866000
vt 1.050814 0.857075
vt 1.134845 0.868897
vt 1.160272 0.862613
vt 1.243477 0.807147
vt 1.215490 0.781398
vt 1.239172 0.780580
vt 1.253824 0.768211
vt 1.235145 0.763656
vt 1.178888 0.819477
vt 1.132392 0.841911
vt 1.116843 0.820004
vt 1.081256 0.857375
vt 1.057028 0.849214
vt 1.089126 0.826966
vt 1.040874 0.850744
vt 1.034062 0.845617
vt 1.045071 0.840876
vt 1.069872 0.816902
vt 1.084558 0.813488
vt 1.092885 0.783399
vt 1.126494 0.747907
vt 1.131441 0.768595
vt 1.122269 0.736762
vt 1.137490 0.701568
vt 1.155755 0.716798
vt 1.162311 0.683745
vt 1.151758 0.672710
vt 1.186720 0.670387
vt 1.208149 0.754104
vt 1.182103 0.750282
vt 1.208398 0.722527
vt 1.184630 0.717525
vt 1.212542 0.692112
vt 1.175174 0.720326
vt 1.194821 0.784240
vt 1.168330 0.798599
vt 1.143934 0.798564
vt 1.370110 0.242064
vt 1.369761 0.228177
vt 1.378495 0.234620
vt 1.348744 0.224742
vt 1.357960 0.259583
vt 1.337053 0.269587
vt 1.329173 0.305384
vt 1.310230 0.303156
vt 1.323803 0.239098
vt 1.259097 0.397100
vt 1.300696 0.354353
vt 1.285483 0.319592
vt 1.270410 0.411871
vt 1.247880 0.438640
vt 1.251982 0.460034
vt 1.232855 0.470476
vt 1.234526 0.505804
vt 1.219908 0.507818
vt 1.212312 0.537569
vt 1.190579 0.539843
vt 1.192659 0.566388
vt 1.158808 0.616129
vt 1.170260 0.612911
vt 1.139953 0.608169
vt 1.172015 0.526451
vt 1.196454 0.503296
vt 1.157228 0.519683
vt 1.125359 0.598827
vt 1.144035 0.515840
vt 1.174882 0.490105
vt 1.210328 0.476509
vt 1.194206 0.465617
vt 1.229073 0.412498
vt 1.243127 0.387235
vt 1.204463 0.398324
vt 1.214565 0.375733
vt 1.256462 0.324353
vt 1.342593 0.210780
vt 1.354423 0.211526
vt 1.347624 0.197637
vt 1.334998 0.190430
vt 1.346161 0.185337
vt 1.347505 0.154023
vt 1.321260 0.172673
vt 1.315174 0.126477
vt 1.349939 0.117049
vt 1.325942 0.102884
vt 1.335300 0.077420
vt 1.352855 0.067086
vt 1.295046 0.052092
vt 1.298939 0.109835
vt 1.312970 0.154439
vt 1.278340 0.050251
vt 1.266871 0.087179
vt 1.237160 0.034754
vt 1.243308 0.077000
vt 1.216482 0.058994
vt 1.198174 0.023171
vt 1.174242 0.020323
vt 1.164271 0.091017
vt 1.152486 0.065405
vt 1.146265 0.021221
vt 1.125082 0.025965
vt 1.124407 0.046113
vt 1.073668 0.042112
vt 1.071490 0.006257
vt 1.059509 0.034197
vt 1.043051 0.080664
vt 1.023292 0.118053
vt 1.047184 0.102453
vt 1.037815 0.129717
vt 1.016126 0.142422
vt 1.012074 0.137576
vt 1.037750 0.146349
vt 1.018235 0.147519
vt 1.022278 0.168479
vt 1.048425 0.212710
vt 1.027166 0.229461
vt 1.043829 0.279959
vt 1.028840 0.282040
vt 1.033311 0.331621
vt 1.050170 0.318236
vt 1.055652 0.343413
vt 1.037793 0.359728
vt 1.052052 0.387226
vt 1.064062 0.276456
vt 1.079265 0.123824
vt 1.099583 0.169011
vt 1.085399 0.242581
vt 1.072141 0.316569
vt 1.074064 0.344152
vt 1.030789 0.399001
vt 1.044819 0.432891
vt 1.023671 0.453341
vt 1.018162 0.511199
vt 1.036103 0.570798
vt 1.017041 0.576674
vt 1.042480 0.513152
vt 1.067603 0.420568
vt 1.053771 0.567918
vt 1.033466 0.601975
vt 1.009590 0.606836
vt 1.030338 0.615570
vt 1.044560 0.615798
vt 1.049758 0.605234
vt 1.069128 0.626837
vt 1.071163 0.606861
vt 1.089466 0.626219
vt 1.089659 0.569831
vt 1.105167 0.570231
vt 1.110257 0.596627
vt 1.125445 0.632462
vt 1.162594 0.641782
vt 1.074829 0.561014
vt 1.059767 0.506497
vt 1.078897 0.439333
vt 1.095945 0.481228
vt 1.122856 0.484411
vt 1.135765 0.452193
vt 1.109219 0.447133
vt 1.092609 0.434808
vt 1.093871 0.399393
vt 1.078505 0.392670
vt 1.135174 0.394150
vt 1.158232 0.383521
vt 1.153990 0.444315
vt 1.172683 0.450351
vt 1.154497 0.478922
vt 1.180022 0.389675
vt 1.137295 0.484364
vt 1.236069 0.325204
vt 1.284023 0.259436
vt 1.315526 0.201717
vt 1.287822 0.192076
vt 1.265411 0.256839
vt 1.266930 0.205403
vt 1.230666 0.263433
vt 1.259552 0.181324
vt 1.216458 0.257212
vt 1.204630 0.357804
vt 1.192245 0.346347
vt 1.162327 0.313965
vt 1.202593 0.211234
vt 1.238067 0.170888
vt 1.180306 0.203470
vt 1.139308 0.321966
vt 1.115387 0.384981
vt 1.105365 0.316009
vt 1.094141 0.345514
vt 1.108254 0.241385
vt 1.126153 0.280913
vt 1.160810 0.202637
vt 1.131485 0.226598
vt 1.128397 0.091643
vt 1.131020 0.156753
vt 1.212879 0.142840
vt 1.251878 0.131586
vt 1.283922 0.168116
vt 1.280607 0.127919
vt 1.598783 0.992156
vt 1.598009 0.987002
vt 1.616300 0.983326
vt 1.589724 0.974558
vt 1.607940 0.968128
vt 1.596947 0.981970
vt 1.617557 0.973152
vt 1.646871 0.966211
vt 1.638165 0.958647
vt 1.636062 0.973801
vt 1.652835 0.968857
vt 1.666727 0.961027
vt 1.667772 0.965351
vt 1.686034 0.961511
vt 1.702545 0.952185
vt 1.668404 0.956128
vt 1.705267 0.950492
vt 1.701302 0.948130
vt 1.686246 0.944127
vt 1.674077 0.950954
vt 1.668795 0.946598
vt 1.652113 0.947671
vt 1.647290 0.948419
vt 1.668067 0.932295
vt 1.672786 0.935227
vt 1.705028 0.912937
vt 1.692553 0.924888
vt 1.710236 0.910046
vt 1.706498 0.906103
vt 1.705287 0.901556
vt 1.682203 0.907161
vt 1.697486 0.906771
vt 1.662741 0.923987
vt 1.663546 0.916814
vt 1.642210 0.927437
vt 1.636654 0.931605
vt 1.640841 0.926428
vt 1.654237 0.907579
vt 1.657666 0.910385
vt 1.689089 0.874867
vt 1.681446 0.889933
vt 1.692918 0.870456
vt 1.683993 0.867953
vt 1.686641 0.864442
vt 1.662342 0.878068
vt 1.645738 0.898602
vt 1.638558 0.898210
vt 1.677402 0.876358
vt 1.619102 0.917185
vt 1.625834 0.906450
vt 1.629340 0.890268
vt 1.626884 0.902564
vt 1.636125 0.887591
vt 1.645038 0.867088
vt 1.649708 0.866941
vt 1.652750 0.850276
vt 1.654645 0.846039
vt 1.648501 0.843229
vt 1.648101 0.846614
vt 1.631681 0.859369
vt 1.640263 0.862610
vt 1.623200 0.886937
vt 1.616745 0.880772
vt 1.551511 0.954878
vt 1.558611 0.954246
vt 1.553146 0.964611
vt 1.563455 0.961898
vt 1.548545 0.931809
vt 1.554380 0.924445
vt 1.545644 0.916671
vt 1.538857 0.897029
vt 1.560593 0.898191
vt 1.554068 0.895479
vt 1.561030 0.922382
vt 1.570071 0.955252
vt 1.576105 0.966019
vt 1.582321 0.952367
vt 1.581677 0.930716
vt 1.569856 0.917079
vt 1.598699 0.949637
vt 1.626405 0.940002
vt 1.636992 0.952578
vt 1.635572 0.942841
vt 1.601609 0.923944
vt 1.583549 0.918129
vt 1.591166 0.913485
vt 1.626835 0.925373
vt 1.666699 0.927619
vt 1.687780 0.916767
vt 1.651314 0.902943
vt 1.674194 0.883719
vt 1.441389 0.954246
vt 1.448490 0.954876
vt 1.446854 0.964611
vt 1.436545 0.961898
vt 1.451456 0.931809
vt 1.445619 0.924444
vt 1.454356 0.916667
vt 1.461145 0.897022
vt 1.458744 0.884342
vt 1.464388 0.880144
vt 1.452001 0.875566
vt 1.460034 0.873349
vt 1.457967 0.875677
vt 1.439405 0.898196
vt 1.445932 0.895479
vt 1.438969 0.922382
vt 1.430143 0.917080
vt 1.416446 0.918127
vt 1.418313 0.930708
vt 1.408835 0.913486
vt 1.398340 0.923933
vt 1.395823 0.912312
vt 1.396649 0.898810
vt 1.383226 0.880834
vt 1.379989 0.885498
vt 1.368320 0.859370
vt 1.359737 0.862610
vt 1.351899 0.846614
vt 1.351500 0.843230
vt 1.345355 0.846038
vt 1.347250 0.850276
vt 1.350291 0.866939
vt 1.362230 0.877941
vt 1.363876 0.887593
vt 1.373117 0.902565
vt 1.374166 0.906450
vt 1.381573 0.915781
vt 1.372589 0.911133
vt 1.361439 0.898207
vt 1.354264 0.898603
vt 1.337654 0.878066
vt 1.316007 0.867953
vt 1.313360 0.864442
vt 1.307082 0.870455
vt 1.310913 0.874868
vt 1.318554 0.889934
vt 1.342334 0.910385
vt 1.346313 0.906800
vt 1.359161 0.926428
vt 1.373164 0.925374
vt 1.357790 0.927436
vt 1.336091 0.922236
vt 1.336492 0.916833
vt 1.317799 0.907161
vt 1.302514 0.906770
vt 1.294713 0.901555
vt 1.293502 0.906104
vt 1.289762 0.910045
vt 1.294971 0.912937
vt 1.307452 0.924890
vt 1.327182 0.935211
vt 1.331911 0.932280
vt 1.312220 0.916767
vt 1.347884 0.947672
vt 1.352709 0.948421
vt 1.363934 0.942637
vt 1.333985 0.926762
vt 1.366510 0.953659
vt 1.325934 0.950957
vt 1.331214 0.946599
vt 1.313755 0.944126
vt 1.298699 0.948131
vt 1.294733 0.950493
vt 1.297456 0.952186
vt 1.313965 0.961511
vt 1.333274 0.961028
vt 1.332227 0.965351
vt 1.347167 0.968857
vt 1.353130 0.966211
vt 1.331601 0.956128
vt 1.360483 0.957784
vt 1.366391 0.974979
vt 1.372398 0.938852
vt 1.401304 0.949642
vt 1.382722 0.972355
vt 1.402617 0.981982
vt 1.392382 0.987915
vt 1.402383 0.987261
vt 1.401273 0.992173
vt 1.429929 0.955253
vt 1.423895 0.966019
vt 1.417679 0.952367
vt 1.589739 0.241648
vt 1.593421 0.180205
vt 1.569083 0.134944
vt 1.566353 0.170804
vt 1.547390 0.187346
vt 1.560837 0.127454
vt 1.533325 0.161125
vt 1.532731 0.098433
vt 1.565444 0.075302
vt 1.563969 0.098483
vt 1.514135 0.121381
vt 1.510442 0.085440
vt 1.518867 0.032607
vt 1.528278 0.054099
vt 1.512370 0.059879
vt 1.551613 0.037989
vt 1.550273 0.017721
vt 1.526506 0.009974
vt 1.576528 0.025670
vt 1.573024 0.037936
vt 1.566399 0.061424
vt 1.422618 0.246032
vt 1.417917 0.238079
vt 1.423090 0.260703
vt 1.423258 0.247265
vt 1.428669 0.267080
vt 1.428500 0.255213
vt 1.430671 0.271302
vt 1.436526 0.268387
vt 1.433518 0.262456
vt 1.426890 0.237048
vt 1.436332 0.251442
vt 1.435780 0.237335
vt 1.442703 0.238890
vt 1.443030 0.263484
vt 1.443028 0.248121
vt 1.443311 0.244330
vt 1.449268 0.259309
vt 1.454568 0.258632
vt 1.459852 0.261877
vt 1.458879 0.259663
vt 1.461447 0.253803
vt 1.455151 0.247437
vt 1.449434 0.231852
vt 1.465968 0.218869
vt 1.458369 0.230782
vt 1.460988 0.234114
vt 1.465387 0.246927
vt 1.471823 0.240918
vt 1.474122 0.247016
vt 1.482112 0.242031
vt 1.476794 0.244486
vt 1.480063 0.240936
vt 1.478529 0.227367
vt 1.473767 0.219479
vt 1.474782 0.221839
vt 1.472042 0.230932
vt 1.511979 0.860534
vt 1.519004 0.811008
vt 1.498376 0.860171
vt 1.492746 0.825765
vt 1.422262 0.825760
vt 1.372509 0.843690
vt 1.366168 0.835410
vt 1.444518 0.793562
vt 1.478860 0.797044
vt 1.555707 0.780585
vt 1.612572 0.911853
vt 1.603349 0.898813
vt 1.604176 0.912311
vt 1.958971 0.704024
vt 1.937965 0.682128
vt 1.940728 0.692790
vt 1.934863 0.667509
vt 1.939121 0.707985
vt 1.920638 0.702787
vt 1.908853 0.692727
vt 1.909128 0.682155
vt 1.899632 0.673127
vt 1.951757 0.708328
vt 1.957841 0.707850
vt 1.897912 0.682946
vt 1.894283 0.656212
vt 1.868963 0.656235
vt 1.885320 0.654603
vt 1.884622 0.662914
vt 1.869307 0.663837
vt 1.864425 0.661140
vt 1.869147 0.669695
vt 1.888387 0.673895
vt 1.883953 0.677455
vt 1.891873 0.685848
vt 1.895171 0.694328
vt 1.898414 0.697547
vt 1.905071 0.709113
vt 1.911782 0.708937
vt 1.912121 0.729287
vt 1.907177 0.727886
vt 1.906790 0.744895
vt 1.915378 0.746304
vt 1.917725 0.727338
vt 1.920152 0.747048
vt 1.921409 0.730896
vt 1.923751 0.716103
vt 1.922954 0.712250
vt 1.932881 0.715610
vt 1.942812 0.715993
vt 1.960897 0.726947
vt 1.964918 0.725292
vt 1.965382 0.740549
vt 1.971279 0.741188
vt 1.973373 0.755821
vt 1.965891 0.752390
vt 1.966828 0.758616
vt 1.957422 0.744089
vt 1.951668 0.730857
vt 1.942904 0.734983
vt 1.935486 0.736203
vt 1.942058 0.770278
vt 1.938997 0.764252
vt 1.944127 0.754856
vt 1.936666 0.770922
vt 1.932191 0.758770
vt 1.935094 0.752792
vt 1.929095 0.734909
vt 1.927902 0.723050
vt 1.543057 0.211879
vt 1.550550 0.231855
vt 1.550585 0.259496
vt 1.545709 0.258636
vt 1.542486 0.246486
vt 1.540766 0.262506
vt 1.540829 0.259387
vt 1.538741 0.255681
vt 1.534537 0.249314
vt 1.538927 0.234215
vt 1.541640 0.230774
vt 1.939467 0.107172
vt 1.920734 0.123822
vt 1.871606 0.091634
vt 1.817650 0.137427
vt 1.868980 0.156752
vt 1.848759 0.167902
vt 1.787122 0.142840
vt 1.748122 0.131586
vt 1.761933 0.170888
vt 1.716078 0.168116
vt 1.740447 0.181324
vt 1.687030 0.154439
vt 1.678740 0.172673
vt 1.684474 0.201717
vt 1.711180 0.191540
vt 1.733073 0.205404
vt 1.775446 0.261629
vt 1.819694 0.203470
vt 1.797407 0.211234
vt 1.839190 0.202637
vt 1.900417 0.169011
vt 1.868515 0.226597
vt 1.891746 0.241385
vt 1.724786 0.254571
vt 1.743538 0.324353
vt 1.755351 0.263035
vt 1.763258 0.322985
vt 1.837673 0.313965
vt 1.807756 0.346348
vt 1.795370 0.357803
vt 1.756872 0.387234
vt 1.770928 0.412497
vt 1.795537 0.398324
vt 1.819978 0.389674
vt 1.785435 0.375733
vt 1.841767 0.383521
vt 1.864826 0.394150
vt 1.865147 0.338576
vt 1.846011 0.444315
vt 1.864235 0.452193
vt 1.890781 0.447133
vt 1.894794 0.393256
vt 1.905380 0.432300
vt 1.914068 0.409842
vt 1.922603 0.440631
vt 1.905859 0.345514
vt 1.921495 0.392670
vt 1.925936 0.344152
vt 1.927859 0.316569
vt 1.935937 0.276455
vt 1.914601 0.242580
vt 1.873847 0.280914
vt 1.894635 0.316009
vt 1.363348 0.931601
vt 1.409718 0.975212
vt 1.349326 0.902071
vt 1.325807 0.883720
vt 1.322604 0.876361
vt 1.389531 0.913783
vt 1.375041 0.888203
vt 1.059273 0.692789
vt 1.079362 0.702787
vt 1.088218 0.708937
vt 1.091145 0.692728
vt 1.101586 0.697549
vt 1.104828 0.694329
vt 1.103306 0.681617
vt 1.108127 0.685849
vt 1.116045 0.677456
vt 1.114572 0.671828
vt 1.131619 0.669557
vt 1.131296 0.664861
vt 1.135576 0.661139
vt 1.126316 0.660527
vt 1.100368 0.673127
vt 1.090872 0.682155
vt 1.062035 0.682127
vt 1.487633 0.059884
vt 1.433601 0.061423
vt 1.471731 0.054098
vt 1.481136 0.032616
vt 1.448386 0.037989
vt 1.449728 0.017721
vt 1.473494 0.009974
vt 1.426975 0.037933
vt 1.423472 0.025670
vt 1.223040 0.110596
vt 1.197137 0.088888
vt 1.182350 0.137427
vt 1.082941 0.089430
vt 1.060531 0.107170
vt 1.151241 0.167902
vt 1.548234 0.875907
vt 1.535618 0.880151
vt 1.541262 0.884349
vt 1.542033 0.875679
vt 1.539964 0.873351
vt 1.534033 0.218875
vt 1.530625 0.199748
vt 1.526608 0.243846
vt 1.531420 0.233881
vt 1.529332 0.246282
vt 1.519897 0.245647
vt 1.522516 0.243669
vt 1.519805 0.240733
vt 1.516469 0.236619
vt 1.521475 0.227374
vt 1.526735 0.229892
vt 1.525212 0.221846
vt 1.526087 0.219604
vt 1.526697 0.215466
vt 1.915329 0.763283
vt 1.912054 0.756409
vt 1.909569 0.762438
vt 1.520914 0.147449
vt 1.519594 0.170228
vt 1.524413 0.205862
vt 1.517083 0.198646
vt 1.513524 0.212787
vt 1.512428 0.208105
vt 1.510285 0.222430
vt 1.508812 0.225626
vt 1.518581 0.217251
vt 1.512232 0.226340
vt 1.736247 0.554061
vt 1.734467 0.550092
vt 1.739929 0.550987
vt 1.728577 0.548498
vt 1.729742 0.537195
vt 1.724837 0.541883
vt 1.713593 0.542213
vt 1.724401 0.547404
vt 1.716385 0.545019
vt 1.728015 0.559458
vt 1.722505 0.556917
vt 1.722805 0.563209
vt 1.737766 0.527768
vt 1.711788 0.547700
vt 1.716030 0.556805
vt 1.737434 0.540069
vt 1.735133 0.536170
vt 1.736409 0.532102
vt 1.746371 0.539609
vt 1.744706 0.532804
vt 1.744112 0.519710
vt 1.747550 0.525487
vt 1.750768 0.536078
vt 1.742141 0.511549
vt 1.733140 0.515187
vt 1.724233 0.473731
vt 1.725829 0.463793
vt 1.708512 0.459420
vt 1.716564 0.452405
vt 1.715570 0.427758
vt 1.702847 0.408758
vt 1.693820 0.409983
vt 1.685714 0.417961
vt 1.682054 0.396579
vt 1.673215 0.410818
vt 1.661081 0.406639
vt 1.664713 0.431733
vt 1.654381 0.438698
vt 1.667730 0.464285
vt 1.687393 0.490339
vt 1.672293 0.485149
vt 1.680325 0.511502
vt 1.670032 0.528945
vt 1.690394 0.544656
vt 1.671600 0.544510
vt 1.678168 0.555851
vt 1.671175 0.558251
vt 1.673259 0.571744
vt 1.683720 0.575185
vt 1.684766 0.570873
vt 1.692647 0.560997
vt 1.687914 0.558018
vt 1.690126 0.548550
vt 1.693583 0.550992
vt 1.696753 0.551722
vt 1.702600 0.550049
vt 1.704453 0.559988
vt 1.703208 0.567163
vt 1.703141 0.571281
vt 1.709903 0.570344
vt 1.712360 0.561301
vt 1.709494 0.551510
vt 1.712001 0.501945
vt 1.678929 0.441536
vt 1.114687 0.654608
vt 1.131301 0.655641
vt 1.317939 0.396580
vt 1.306186 0.409982
vt 1.297153 0.408770
vt 1.284421 0.427782
vt 1.283437 0.452406
vt 1.272583 0.464097
vt 1.276253 0.468198
vt 1.257869 0.511501
vt 1.266091 0.514883
vt 1.288655 0.459729
vt 1.260439 0.525068
vt 1.253759 0.523272
vt 1.253376 0.539675
vt 1.255930 0.534138
vt 1.263466 0.532075
vt 1.271639 0.538446
vt 1.265235 0.536059
vt 1.249257 0.535842
vt 1.262497 0.539653
vt 1.264537 0.546743
vt 1.260013 0.551156
vt 1.263859 0.553959
vt 1.275034 0.541723
vt 1.290409 0.538991
vt 1.297449 0.465413
vt 1.313801 0.490514
vt 1.293464 0.508245
vt 1.311296 0.415410
vt 1.329177 0.437262
vt 1.328080 0.406765
vt 1.325840 0.416790
vt 1.339201 0.405595
vt 1.337749 0.422948
vt 1.327725 0.485254
vt 1.332276 0.464284
vt 1.345619 0.438694
vt 1.320087 0.512206
vt 1.329979 0.528950
vt 1.318539 0.548132
vt 1.328399 0.544500
vt 1.328820 0.558264
vt 1.326757 0.571714
vt 1.316237 0.575175
vt 1.315273 0.570893
vt 1.307361 0.561008
vt 1.312098 0.558018
vt 1.309751 0.548618
vt 1.306751 0.551120
vt 1.303653 0.551430
vt 1.297200 0.562193
vt 1.302208 0.560904
vt 1.296954 0.571249
vt 1.290295 0.570425
vt 1.287507 0.562718
vt 1.288345 0.547747
vt 1.294684 0.549801
vt 1.285419 0.545112
vt 1.277242 0.563200
vt 1.279194 0.556228
vt 1.277666 0.543273
vt 1.274354 0.549107
vt 1.271938 0.559519
vt 0.992202 0.976936
vt 0.955727 0.942835
vt 0.961912 0.930313
vt 0.932513 0.928379
vt 0.926739 0.936473
vt 0.925462 0.950660
vt 0.953917 0.968736
vt 0.927408 0.971337
vt 0.911788 0.935636
vt 0.893756 0.976507
vt 0.911020 0.977487
vt 0.934355 0.992192
vt 0.921127 0.992109
vt 0.989164 0.990810
vt 0.976267 0.992192
vt 0.992320 0.985797
vt 0.971426 0.977844
vt 0.952416 0.992096
vt 0.894110 0.992172
vt 0.997152 0.018644
vt 0.986670 0.007813
vt 0.997152 0.007813
vt 0.986344 0.018550
vt 0.956355 0.007773
vt 0.984339 0.037753
vt 0.829459 0.024674
vt 0.796569 0.008004
vt 0.841950 0.008126
vt 0.793698 0.029446
vt 0.720688 0.007821
vt 0.719942 0.038432
vt 0.693936 0.008128
vt 0.617624 0.007839
vt 0.663980 0.007815
vt 0.540053 0.008082
vt 0.572662 0.043619
vt 0.501418 0.035471
vt 0.476032 0.007911
vt 0.635250 0.045272
vt 0.760800 0.007875
vt 0.577364 0.088677
vt 0.495159 0.076494
vt 0.433702 0.038709
vt 0.392363 0.007822
vt 0.350756 0.043022
vt 0.336024 0.007815
vt 0.295975 0.007851
vt 0.287049 0.033836
vt 0.264925 0.007831
vt 0.405223 0.081028
vt 0.212519 0.081064
vt 0.235213 0.007802
vt 0.367307 0.114578
vt 0.238149 0.134110
vt 0.159418 0.165804
vt 0.331792 0.197531
vt 0.244258 0.176464
vt 0.288706 0.261499
vt 0.427873 0.211342
vt 0.446544 0.123866
vt 0.418963 0.238146
vt 0.527260 0.168660
vt 0.501964 0.230664
vt 0.602529 0.209134
vt 0.365695 0.320425
vt 0.222994 0.293148
vt 0.141094 0.275743
vt 0.186538 0.341218
vt 0.086565 0.190835
vt 0.098623 0.152790
vt 0.137409 0.102522
vt 0.135236 0.033050
vt 0.167394 0.044220
vt 0.096782 0.034857
vt 0.052459 0.097876
vt 0.208221 0.007950
vt 0.172245 0.008267
vt 0.048870 0.007879
vt 0.131623 0.007813
vt 0.008995 0.989962
vt 0.007814 0.988597
vt 0.012077 0.987241
vt 0.009556 0.992251
vt 0.007838 0.976969
vt 0.007814 0.987406
vt 0.021464 0.989343
vt 0.017093 0.977953
vt 0.023553 0.992186
vt 0.018702 0.992243
vt 0.013900 0.992158
vt 0.015832 0.992066
vt 0.011618 0.992227
vt 0.037167 0.930535
vt 0.045435 0.951727
vt 0.028753 0.977582
vt 0.045824 0.939412
vt 0.057490 0.928411
vt 0.074774 0.948276
vt 0.067234 0.928375
vt 0.106961 0.976670
vt 0.096959 0.977123
vt 0.107310 0.992172
vt 0.081749 0.992009
vt 0.083732 0.978705
vt 0.073858 0.974231
vt 0.042527 0.975059
vt 0.058526 0.983927
vt 0.047731 0.991932
vt 0.053965 0.992173
vt 0.059785 0.991933
vt 0.062962 0.985754
vt 0.064110 0.992190
vt 0.067684 0.992112
vt 0.077948 0.992105
vt 0.071768 0.992132
vt 0.075409 0.992171
vt 0.585346 0.619099
vt 0.586071 0.620469
vt 0.574169 0.616833
vt 0.586685 0.618661
vt 0.599079 0.620659
vt 0.575973 0.624323
vt 0.614040 0.621523
vt 0.621163 0.629203
vt 0.619560 0.621130
vt 0.587245 0.616844
vt 0.620464 0.618051
vt 0.609130 0.607594
vt 0.562903 0.624561
vt 0.595298 0.645704
vt 0.643505 0.608072
vt 0.596741 0.589834
vt 0.634126 0.618142
vt 0.641758 0.618123
vt 0.654082 0.618193
vt 0.647719 0.587294
vt 0.694610 0.604262
vt 0.690540 0.622298
vt 0.668786 0.620338
vt 0.661915 0.618333
vt 0.662984 0.619669
vt 0.660765 0.618627
vt 0.651378 0.620677
vt 0.642980 0.625619
vt 0.633298 0.620495
vt 0.625532 0.621043
vt 0.622588 0.654947
vt 0.659250 0.647794
vt 0.518865 0.647432
vt 0.623816 0.684955
vt 0.517390 0.618298
vt 0.478435 0.630285
vt 0.489165 0.602222
vt 0.452909 0.659934
vt 0.435524 0.626430
vt 0.417332 0.583883
vt 0.554534 0.575415
vt 0.643672 0.521118
vt 0.700934 0.546821
vt 0.815808 0.579129
vt 0.824934 0.507982
vt 0.817311 0.538105
vt 0.779098 0.621479
vt 0.783977 0.428751
vt 0.718532 0.431406
vt 0.637195 0.408196
vt 0.719462 0.353299
vt 0.825161 0.454912
vt 0.822606 0.338671
vt 0.840993 0.439158
vt 0.865052 0.448388
vt 0.758873 0.291871
vt 0.653331 0.331052
vt 0.658731 0.261522
vt 0.615614 0.463441
vt 0.585853 0.440399
vt 0.598895 0.359352
vt 0.749087 0.221474
vt 0.565999 0.318940
vt 0.576708 0.231829
vt 0.615165 0.138087
vt 0.729170 0.107956
vt 0.758275 0.141452
vt 0.828467 0.196496
vt 0.870053 0.291707
vt 0.913638 0.165772
vt 0.657384 0.089101
vt 0.799968 0.079588
vt 0.868890 0.094470
vt 0.862487 0.009039
vt 0.922245 0.096362
vt 0.906275 0.007815
vt 0.962497 0.059277
vt 0.997152 0.039631
vt 0.987071 0.049441
vt 0.997152 0.039631
vt 0.997152 0.049787
vt 0.997152 0.059748
vt 0.979463 0.072434
vt 0.997152 0.069709
vt 0.975626 0.093152
vt 0.832952 0.135610
vt 0.924907 0.279599
vt 0.002848 0.018644
vt 0.002848 0.007813
vt 0.016410 0.020988
vt 0.028745 0.032232
vt 0.002848 0.039640
vt 0.022523 0.060003
vt 0.002848 0.039631
vt 0.002848 0.049787
vt 0.012771 0.059426
vt 0.002848 0.059748
vt 0.012613 0.069412
vt 0.002848 0.069709
vt 0.002848 0.080181
vt 0.012243 0.090396
vt 0.002848 0.090652
vt 0.015297 0.103315
vt 0.002848 0.101586
vt 0.011744 0.112341
vt 0.002848 0.112520
vt 0.011450 0.125605
vt 0.002848 0.125767
vt 0.020214 0.143417
vt 0.002848 0.139013
vt 0.042854 0.201287
vt 0.002848 0.153837
vt 0.013258 0.186525
vt 0.002848 0.185925
vt 0.002848 0.153813
vt 0.041208 0.271823
vt 0.002848 0.203190
vt 0.017529 0.244588
vt 0.002848 0.244500
vt 0.002848 0.203210
vt 0.002848 0.269598
vt 0.002848 0.294697
vt 0.010113 0.294221
vt 0.002848 0.323829
vt 0.014284 0.323039
vt 0.002848 0.352962
vt 0.017318 0.373189
vt 0.009545 0.384902
vt 0.002848 0.385700
vt 0.020832 0.560063
vt 0.002848 0.446805
vt 0.008832 0.506221
vt 0.002848 0.446696
vt 0.002848 0.502737
vt 0.002848 0.530513
vt 0.002848 0.502733
vt 0.011202 0.528310
vt 0.002848 0.553188
vt 0.002848 0.575864
vt 0.009009 0.575774
vt 0.002848 0.596189
vt 0.012244 0.602824
vt 0.002848 0.616514
vt 0.009032 0.616502
vt 0.002848 0.644479
vt 0.021588 0.654081
vt 0.002848 0.672445
vt 0.009801 0.671547
vt 0.024138 0.718564
vt 0.002848 0.700641
vt 0.011622 0.725970
vt 0.002848 0.728837
vt 0.021472 0.753456
vt 0.004128 0.754344
vt 0.017427 0.774190
vt 0.005407 0.779851
vt 0.050452 0.805461
vt 0.012086 0.800551
vt 0.031904 0.814849
vt 0.018764 0.821252
vt 0.084541 0.836848
vt 0.029408 0.842759
vt 0.052518 0.855108
vt 0.040053 0.864265
vt 0.078014 0.870467
vt 0.055192 0.882335
vt 0.101178 0.906042
vt 0.101088 0.906084
vt 0.090830 0.918952
vt 0.055166 0.882304
vt 0.111328 0.937500
vt 0.120397 0.923798
vt 0.134726 0.950850
vt 0.153360 0.901505
vt 0.158124 0.964201
vt 0.163778 0.950216
vt 0.187669 0.973604
vt 0.201874 0.916704
vt 0.217192 0.983057
vt 0.252162 0.987598
vt 0.252328 0.972701
vt 0.287109 0.992188
vt 0.289124 0.951265
vt 0.324157 0.990235
vt 0.319162 0.975953
vt 0.361206 0.988281
vt 0.377014 0.949458
vt 0.399705 0.979543
vt 0.429266 0.925751
vt 0.500002 0.946806
vt 0.437465 0.884196
vt 0.500000 0.946807
vt 0.488413 0.890384
vt 0.555916 0.903616
vt 0.566637 0.928586
vt 0.530899 0.958806
vt 0.615484 0.953264
vt 0.600266 0.979536
vt 0.686088 0.963145
vt 0.675822 0.990234
vt 0.600296 0.979543
vt 0.714963 0.977011
vt 0.675843 0.990235
vt 0.712891 0.992188
vt 0.759514 0.957205
vt 0.747838 0.987598
vt 0.804498 0.945096
vt 0.782786 0.983008
vt 0.808301 0.959303
vt 0.812331 0.973604
vt 0.842170 0.931056
vt 0.841876 0.964201
vt 0.857912 0.937007
vt 0.865274 0.950850
vt 0.881124 0.888902
vt 0.888672 0.937500
vt 0.898684 0.906294
vt 0.909172 0.918953
vt 0.913398 0.879024
vt 0.944812 0.882337
vt 0.909137 0.918984
vt 0.959952 0.864269
vt 0.917582 0.833543
vt 0.970594 0.842760
vt 0.957787 0.834978
vt 0.981236 0.821252
vt 0.963368 0.806053
vt 0.987914 0.800551
vt 0.975335 0.794520
vt 0.994593 0.779851
vt 0.959050 0.768224
vt 0.995872 0.754344
vt 0.985475 0.750080
vt 0.997152 0.728837
vt 0.983509 0.724379
vt 0.799660 0.896040
vt 0.681652 0.896661
vt 0.869007 0.824126
vt 0.937739 0.723599
vt 0.773243 0.833483
vt 0.818577 0.784531
vt 0.869407 0.706329
vt 0.933947 0.643006
vt 0.979814 0.687084
vt 0.997152 0.700641
vt 0.990199 0.671547
vt 0.997152 0.672445
vt 0.987067 0.643781
vt 0.997152 0.644479
vt 0.982441 0.599670
vt 0.997152 0.616514
vt 0.986547 0.565751
vt 0.997152 0.575864
vt 0.997152 0.616503
vt 0.997152 0.553188
vt 0.991027 0.552909
vt 0.997152 0.530513
vt 0.991062 0.530044
vt 0.997152 0.502733
vt 0.967005 0.531273
vt 0.957963 0.432571
vt 0.997152 0.474954
vt 0.983618 0.420985
vt 0.997152 0.446696
vt 0.987934 0.401219
vt 0.997152 0.385576
vt 0.973478 0.310679
vt 0.997152 0.385700
vt 0.997152 0.352962
vt 0.987522 0.290969
vt 0.997152 0.294710
vt 0.997152 0.269598
vt 0.997152 0.294697
vt 0.997152 0.244500
vt 0.969565 0.261740
vt 0.997152 0.223845
vt 0.993309 0.200984
vt 0.997152 0.203190
vt 0.974330 0.176350
vt 0.997152 0.203275
vt 0.997152 0.153852
vt 0.997152 0.139013
vt 0.997152 0.153837
vt 0.985980 0.140285
vt 0.997152 0.125767
vt 0.981770 0.125477
vt 0.997152 0.112520
vt 0.997152 0.101586
vt 0.997152 0.090652
vt 0.987757 0.090396
vt 0.997152 0.080181
vt 0.987572 0.079904
vt 0.887997 0.483287
vt 0.840747 0.499369
vt 0.852879 0.478010
vt 0.888888 0.521449
vt 0.877050 0.507045
vt 0.873184 0.517172
vt 0.853054 0.510621
vt 0.860523 0.525145
vt 0.840110 0.521304
vt 0.863014 0.575817
vt 0.853661 0.546821
vt 0.875193 0.578160
vt 0.884660 0.566819
vt 0.899999 0.542394
vt 0.910464 0.566529
vt 0.859340 0.629844
vt 0.412513 0.616230
vt 0.412455 0.616424
vt 0.413269 0.616474
vt 0.425305 0.618160
vt 0.412929 0.617176
vt 0.414211 0.620093
vt 0.409721 0.616894
vt 0.406492 0.616906
vt 0.399515 0.618118
vt 0.384685 0.615166
vt 0.405267 0.646218
vt 0.391630 0.630522
vt 0.402155 0.620717
vt 0.383218 0.621902
vt 0.378819 0.620705
vt 0.375071 0.618068
vt 0.362021 0.615364
vt 0.465190 0.702505
vt 0.392929 0.680053
vt 0.374445 0.651559
vt 0.344231 0.667099
vt 0.351394 0.715893
vt 0.421396 0.792329
vt 0.347029 0.772645
vt 0.455958 0.756158
vt 0.399436 0.820353
vt 0.279644 0.749915
vt 0.301370 0.650818
vt 0.328645 0.631310
vt 0.304730 0.620105
vt 0.285020 0.620790
vt 0.257737 0.644861
vt 0.362354 0.839703
vt 0.265858 0.829625
vt 0.333447 0.590061
vt 0.344386 0.614553
vt 0.293102 0.564532
vt 0.365366 0.577001
vt 0.336522 0.619489
vt 0.354147 0.618065
vt 0.338223 0.618183
vt 0.340619 0.618414
vt 0.517134 0.543257
vt 0.583476 0.540054
vt 0.492818 0.538624
vt 0.472228 0.537851
vt 0.563950 0.514401
vt 0.581856 0.408040
vt 0.520590 0.305889
vt 0.462860 0.296646
vt 0.283510 0.346904
vt 0.306078 0.420129
vt 0.235692 0.409833
vt 0.115685 0.474990
vt 0.161088 0.436792
vt 0.093851 0.502490
vt 0.083102 0.286548
vt 0.051999 0.401069
vt 0.036075 0.910481
vt 0.034627 0.907161
vt 0.038844 0.903682
vt 0.039987 0.894072
vt 0.031757 0.882918
vt 0.038841 0.888544
vt 0.032299 0.880695
vt 0.037263 0.884097
vt 0.031437 0.880819
vt 0.024281 0.873916
vt 0.023630 0.918686
vt 0.021527 0.873956
vt 0.016611 0.915830
vt 0.014906 0.885913
vt 0.013688 0.900169
vt 0.011524 0.910022
vt 0.008154 0.900574
vt 0.008071 0.891734
vt 0.011473 0.882198
vt 0.963690 0.901823
vt 0.967575 0.906873
vt 0.964262 0.911158
vt 0.960733 0.902256
vt 0.960936 0.896811
vt 0.966747 0.891410
vt 0.960168 0.892770
vt 0.967647 0.883197
vt 0.973476 0.873855
vt 0.963104 0.883356
vt 0.987558 0.911867
vt 0.983906 0.911632
vt 0.991660 0.901323
vt 0.976169 0.918700
vt 0.975476 0.874090
vt 0.978610 0.874229
vt 0.991871 0.891878
vt 0.044910 0.992101
vt 0.034142 0.992156
vt 0.038849 0.992233
vt 0.026674 0.992188
vt 0.030725 0.992202
vt 0.493397 0.413020
vt 0.548151 0.408110
vt 0.549782 0.413020
vt 0.483849 0.412880
vt 0.575193 0.413020
vt 0.555333 0.413020
vt 0.575798 0.413732
vt 0.577485 0.414031
vt 0.479950 0.409123
vt 0.465711 0.399925
vt 0.533120 0.396044
vt 0.556856 0.415092
vt 0.575160 0.415035
vt 0.548196 0.418747
vt 0.502999 0.415052
vt 0.500387 0.415040
vt 0.493122 0.419659
vt 0.436065 0.415040
vt 0.429628 0.416058
vt 0.434726 0.415040
vt 0.430933 0.415049
vt 0.423123 0.415628
vt 0.422316 0.414617
vt 0.421887 0.414870
vt 0.423507 0.415020
vt 0.421095 0.413697
vt 0.422125 0.414348
vt 0.423069 0.415641
vt 0.422019 0.413900
vt 0.421426 0.413114
vt 0.422100 0.413689
vt 0.422150 0.412911
vt 0.422749 0.413218
vt 0.421953 0.412357
vt 0.441677 0.410166
vt 0.446179 0.411776
vt 0.438433 0.413020
vt 0.452350 0.412999
vt 0.447103 0.413036
vt 0.458656 0.412923
vt 0.464748 0.412946
vt 0.475894 0.413029
vt 0.431313 0.413007
vt 0.434147 0.412998
vt 0.427624 0.412031
vt 0.428520 0.413011
vt 0.424697 0.413008
vt 0.416657 0.413449
vt 0.464600 0.386616
vt 0.493517 0.381042
vt 0.544483 0.385405
vt 0.498562 0.435908
vt 0.552924 0.436768
vt 0.442845 0.436439
vt 0.478052 0.453282
vt 0.513083 0.450001
vt 0.428651 0.415873
vt 0.425930 0.415040
vt 0.428349 0.415056
vt 0.397789 0.437859
vt 0.473084 0.481054
vt 0.374777 0.385920
vt 0.405058 0.346701
vt 0.470336 0.357217
vt 0.485347 0.333628
vt 0.543362 0.362049
vt 0.534854 0.330564
vt 0.451080 0.318815
vt 0.223058 0.531786
vt 0.201656 0.629444
vt 0.210928 0.720670
vt 0.169372 0.787176
vt 0.133387 0.694339
vt 0.317359 0.894068
vt 0.170488 0.847039
vt 0.156672 0.629924
vt 0.086039 0.650521
vt 0.054091 0.608713
vt 0.060855 0.739278
vt 0.101152 0.556440
vt 0.130065 0.627609
vt 0.182125 0.597167
vt 0.154208 0.606369
vt 0.176221 0.552442
vt 0.166027 0.570652
vt 0.165865 0.542753
vt 0.175000 0.533038
vt 0.167754 0.525297
vt 0.182555 0.538338
vt 0.175311 0.508559
vt 0.158695 0.519337
vt 0.175443 0.456312
vt 0.344005 0.489682
vt 0.511486 0.522786
vt 0.583312 0.506795
vt 0.570486 0.488204
vt 0.507899 0.480735
vt 0.388317 0.471020
vt 0.422149 0.500953
vt 0.453408 0.489439
vt 0.407617 0.543951
vt 0.153412 0.468727
vt 0.145717 0.495978
vt 0.159496 0.500003
vt 0.159310 0.548809
vt 0.153029 0.531795
vt 0.141832 0.537802
vt 0.135126 0.614282
vt 0.160198 0.579934
vt 0.142826 0.588995
vt 0.137106 0.577046
vt 0.146755 0.512477
vt 0.136845 0.606646
vt 0.122436 0.573302
vt 0.117073 0.576388
vt 0.105339 0.547947
vt 0.124580 0.502684
vt 0.117736 0.493136
vt 0.124727 0.543252
vt 0.144546 0.465790
vt 0.135590 0.448038
vt 0.528159 0.488773
vt 0.551315 0.495645
vt 0.513406 0.499192
vt 0.531625 0.497798
vt 0.529227 0.505886
vt 0.490520 0.515735
vt 0.476945 0.502037
vt 0.467534 0.497638
vt 0.461529 0.501329
vt 0.454549 0.496437
vt 0.446760 0.496703
vt 0.458355 0.511086
vt 0.434574 0.512816
vt 0.429828 0.534920
vt 0.118495 0.803571
vt 0.593296 0.835304
vt 0.637708 0.850413
vt 0.480204 0.836722
vt 0.528706 0.799158
vt 0.578567 0.805198
vt 0.831335 0.622552
vt 0.859890 0.612627
vt 0.872441 0.607844
vt 0.850364 0.603112
vt 0.832271 0.597496
vt 0.824905 0.557025
vt 0.737611 0.753954
vt 0.712583 0.684226
vt 0.724469 0.600824
vt 0.825353 0.531283
vt 0.839995 0.586898
vt 0.834450 0.565640
vt 0.840827 0.577195
vt 0.836343 0.539159
vt 0.846528 0.535454
vt 0.350326 0.627827
vt 0.348267 0.620521
vt 0.365725 0.620856
vt 0.538770 0.501530
vt 0.543652 0.494684
vt 0.540417 0.704268
vt 0.547904 0.754241
vt 0.635201 0.736818
vt 0.659153 0.800946
vt 0.927494 0.369793
vt 0.846831 0.153170
vt 0.976158 0.545369
vt 0.724083 0.639197
vt 0.959571 0.665107
vt 0.853601 0.838324
vt 0.926730 0.369488
vt 0.599579 0.239371
vt 0.723982 0.104301
vt 0.201587 0.144443
vt 0.230440 0.383433
vt 0.750508 0.919528
vt 0.636840 0.887461
vt 0.284783 0.935036
vt 0.151926 0.846410
vt 0.319034 0.709186
vt 0.042051 0.418435
vt 0.491982 0.481512
vt 0.137152 0.936545
vt 0.163874 0.916898
vt 0.128889 0.977052
vt 0.145545 0.865477
vt 0.090030 0.879536
vt 0.089941 0.834844
vt 0.081190 0.924553
vt 0.089862 0.988090
vt 0.046388 0.853053
vt 0.012598 0.911385
vt 0.062759 0.966860
vt 0.016232 0.933496
vt 0.045305 0.953405
vt 0.050392 0.969390
vt 0.021933 0.947367
vt 0.053369 0.978899
vt 0.060003 0.982447
vt 0.466797 0.331513
vt 0.451290 0.056461
vt 0.481082 0.220918
vt 0.436765 0.827192
vt 0.467537 0.460174
vt 0.481115 0.602976
vt 0.466755 0.872036
vt 0.388540 0.624273
vt 0.386093 0.870905
vt 0.393362 0.572295
vt 0.382803 0.458265
vt 0.391549 0.264832
vt 0.261005 0.849759
vt 0.251465 0.973489
vt 0.254317 0.678737
vt 0.151708 0.195179
vt 0.189424 0.015699
vt 0.222291 0.195076
vt 0.143035 0.557743
vt 0.151843 0.971824
vt 0.133656 0.761240
vt 0.415860 0.988236
vt 0.791281 0.925279
vt 0.931106 0.872991
vt 0.955902 0.987264
vt 0.931202 0.497768
vt 0.768445 0.015266
vt 0.969115 0.792112
vt 0.014176 0.514683
vt 0.339432 -0.001582
vt 0.219817 0.648031
vt 0.202024 0.994034
vt 0.275088 0.994301
vt 0.382068 0.989929
vt 0.537196 0.083135
vt 0.570326 0.974797
vt 0.171349 0.674146
vt 0.042194 0.407077
vt 0.206455 0.956420
vt 0.221631 0.647219
vt 0.378811 0.001268
vt 0.563308 0.002628
vt 0.770775 0.019330
vt 0.851050 0.418011
vt 0.982551 0.049366
vt 0.955526 0.886540
vt 0.938946 0.697974
vt 0.792280 0.969119
vt 0.375693 0.975137
vt 0.562515 0.990856
vt 0.205652 0.990124
vt 0.057962 0.060095
vt 0.030359 0.083568
vt 0.011514 0.063902
vt 0.060403 0.076833
vt 0.083814 0.082371
vt 0.104532 0.074860
vt 0.098319 0.059949
vt 0.118984 0.063318
vt 0.123209 0.077795
vt 0.130920 0.058303
vt 0.143976 0.065610
vt 0.140565 0.083093
vt 0.155433 0.058948
vt 0.155815 0.073908
vt 0.166652 0.082769
vt 0.173097 0.068814
vt 0.185738 0.075343
vt 0.189087 0.059621
vt 0.200499 0.065577
vt 0.213332 0.073709
vt 0.197812 0.079406
vt 0.215207 0.058254
vt 0.234254 0.065462
vt 0.249990 0.068676
vt 0.231965 0.080382
vt 0.267059 0.064748
vt 0.260411 0.080291
vt 0.283162 0.074587
vt 0.286021 0.057382
vt 0.299759 0.065577
vt 0.299713 0.079549
vt 0.310777 0.059169
vt 0.311221 0.073043
vt 0.330845 0.083492
vt 0.327813 0.068277
vt 0.343810 0.073298
vt 0.342573 0.058739
vt 0.353689 0.065063
vt 0.376270 0.077557
vt 0.359515 0.083044
vt 0.369436 0.057740
vt 0.386536 0.067882
vt 0.414467 0.082309
vt 0.402876 0.060564
vt 0.442101 0.060138
vt 0.439487 0.076591
vt 0.469255 0.083716
vt 0.488722 0.064239
vt 0.011143 0.048600
vt 0.041027 0.019811
vt 0.068370 0.027476
vt 0.065415 0.048575
vt 0.095069 0.017001
vt 0.107854 0.045935
vt 0.113561 0.031298
vt 0.140090 0.047590
vt 0.146053 0.028850
vt 0.129195 0.023823
vt 0.157777 0.038616
vt 0.173530 0.049458
vt 0.170025 0.028607
vt 0.184520 0.017797
vt 0.187289 0.033746
vt 0.203766 0.050149
vt 0.203250 0.031348
vt 0.216267 0.040157
vt 0.215924 0.023858
vt 0.225985 0.039988
vt 0.237823 0.021508
vt 0.237900 0.036837
vt 0.249990 0.039057
vt 0.262019 0.036786
vt 0.260624 0.021053
vt 0.273960 0.037304
vt 0.284325 0.040179
vt 0.284115 0.023946
vt 0.296768 0.031303
vt 0.297021 0.050444
vt 0.315442 0.017825
vt 0.312858 0.033729
vt 0.326821 0.049569
vt 0.329924 0.028663
vt 0.342126 0.038608
vt 0.353857 0.028690
vt 0.357633 0.049824
vt 0.379460 0.036324
vt 0.370941 0.023823
vt 0.402658 0.040949
vt 0.431455 0.027787
vt 0.405201 0.016972
vt 0.439130 0.046805
vt 0.488357 0.048904
vt 0.459287 0.019852
vt 0.597179 0.939463
vt 0.582996 0.939010
vt 0.590038 0.855182
vt 0.419546 0.180311
vt 0.419565 0.317906
vt 0.393596 0.181980
vt 0.393614 0.318681
vt 0.378836 0.345573
vt 0.405498 0.486822
vt 0.378841 0.486689
vt 0.405493 0.347893
vt 0.440740 0.479268
vt 0.414679 0.484400
vt 0.414678 0.347646
vt 0.440738 0.348353
vt 0.909175 0.345878
vt 0.934766 0.485042
vt 0.909182 0.483066
vt 0.934758 0.345869
vt 0.795334 0.152800
vt 0.777809 0.152787
vt 0.795339 0.006064
vt 0.777814 0.005877
vt 0.795334 0.000016
vt 0.824003 0.147897
vt 0.795334 0.146997
vt 0.824002 -0.000012
vt 0.934758 0.485057
vt 0.954229 0.363114
vt 0.954218 0.485437
vt 0.934769 0.363184
vt 0.919623 0.058538
vt 0.892312 0.152057
vt 0.892319 0.006948
vt 0.507784 0.320221
vt 0.490926 0.320128
vt 0.490923 0.230322
vt 0.507781 0.230425
vt 0.691398 0.319025
vt 0.668062 0.314577
vt 0.685574 0.197190
vt 0.528896 0.557007
vt 0.528896 0.650620
vt 0.511761 0.556908
vt 0.511761 0.650423
vt 0.654761 0.341320
vt 0.672285 0.340832
vt 0.672285 0.487110
vt 0.654761 0.487524
vt 0.342277 0.146902
vt 0.356307 0.052658
vt 0.360840 0.147004
vt 0.597124 0.482750
vt 0.597120 0.364376
vt 0.616584 0.482864
vt 0.616580 0.364288
vt 0.524552 0.068344
vt 0.508633 0.142412
vt 0.508638 0.015760
vt 0.311059 0.143399
vt 0.283038 0.133282
vt 0.296992 0.002442
vt 0.189002 0.484499
vt 0.164513 0.483107
vt 0.164523 0.352458
vt 0.189011 0.351389
vt 0.220645 0.651752
vt 0.205393 0.651495
vt 0.216373 0.535871
vt 0.621889 0.648764
vt 0.600261 0.650250
vt 0.600258 0.532561
vt 0.621886 0.532450
vt 0.665011 0.570563
vt 0.672649 0.648846
vt 0.657645 0.648876
vt 0.287809 0.672528
vt 0.296007 0.811514
vt 0.277887 0.811305
vt 0.270002 0.652214
vt 0.259056 0.525258
vt 0.275995 0.522473
vt 0.301268 0.485195
vt 0.292950 0.350220
vt 0.309958 0.349007
vt 0.451725 0.940180
vt 0.442817 0.909321
vt 0.451722 0.862870
vt 0.282651 0.485516
vt 0.272691 0.378848
vt 0.292940 0.379497
vt 0.326945 0.354676
vt 0.344095 0.485990
vt 0.326945 0.485354
vt 0.344095 0.354697
vt 0.460609 0.237713
vt 0.468091 0.317231
vt 0.453027 0.319551
vt 0.338173 0.650525
vt 0.313350 0.650530
vt 0.325187 0.517067
vt 0.780365 0.518510
vt 0.792499 0.645844
vt 0.768144 0.641164
vt 0.393597 0.318410
vt 0.373421 0.317189
vt 0.390300 0.211257
vt 0.577945 0.022706
vt 0.602196 0.146207
vt 0.577929 0.150454
vt 0.602211 0.023266
vt 0.842230 0.651907
vt 0.824920 0.650380
vt 0.840299 0.520974
vt 0.760337 0.318226
vt 0.787067 0.179726
vt 0.787075 0.318214
vt 0.760328 0.176694
vt 0.727317 0.309997
vt 0.711334 0.318467
vt 0.712614 0.220695
vt 0.378836 0.485994
vt 0.351155 0.486179
vt 0.371918 0.336039
vt 0.544471 0.318723
vt 0.516975 0.174243
vt 0.544473 0.173036
vt 0.516974 0.318229
vt 0.544888 0.318615
vt 0.572768 0.172490
vt 0.572760 0.319207
vt 0.544896 0.173199
vt 0.777809 0.152477
vt 0.760687 0.021735
vt 0.777808 0.021733
vt 0.760688 0.151931
vt 0.445983 0.800968
vt 0.430723 0.695055
vt 0.445983 0.695051
vt 0.430723 0.810793
vt 0.787078 0.229113
vt 0.802982 0.185346
vt 0.803016 0.318629
vt 0.735926 0.312242
vt 0.760328 0.185339
vt 0.760326 0.300180
vt 0.735928 0.185373
vt 0.864485 0.002167
vt 0.836449 0.151737
vt 0.836464 0.001794
vt 0.864469 0.152648
vt 0.468607 0.337933
vt 0.440747 0.482370
vt 0.440738 0.337890
vt 0.468616 0.481001
vt 0.890815 0.320761
vt 0.917605 0.178084
vt 0.917604 0.317923
vt 0.890816 0.177764
vt 0.980228 0.318349
vt 0.957662 0.318699
vt 0.963558 0.200999
vt 0.441165 0.319345
vt 0.429691 0.201767
vt 0.445053 0.202089
vt 0.715779 0.010396
vt 0.724838 0.148958
vt 0.706599 0.147928
vt 0.872960 0.148991
vt 0.892311 0.004302
vt 0.892312 0.148867
vt 0.872959 0.003966
vt 0.383775 0.677246
vt 0.391740 0.806619
vt 0.375771 0.808268
vt 0.882888 0.345512
vt 0.909175 0.485346
vt 0.882889 0.485073
vt 0.909174 0.345434
vt 0.490924 0.319094
vt 0.472942 0.319693
vt 0.490923 0.182861
vt 0.472941 0.182816
vt 0.720151 0.651865
vt 0.694212 0.651826
vt 0.720151 0.509496
vt 0.694212 0.516704
vt 0.680952 0.147502
vt 0.706589 0.013522
vt 0.706591 0.144922
vt 0.680950 0.013333
vt 0.575615 0.809153
vt 0.553977 0.736565
vt 0.575602 0.693530
vt 0.537674 0.697335
vt 0.529077 0.811045
vt 0.516362 0.697581
vt 0.631558 0.150071
vt 0.619579 0.021810
vt 0.643171 0.022536
vt 0.302346 0.650857
vt 0.276002 0.649185
vt 0.302341 0.513528
vt 0.275997 0.515229
vt 0.643168 0.008804
vt 0.669077 0.009156
vt 0.649399 0.150064
vt 0.568304 0.939559
vt 0.554794 0.938140
vt 0.561392 0.868336
vt 0.020201 0.672544
vt 0.026988 0.810687
vt 0.008866 0.811410
vt 0.050098 0.523589
vt 0.033157 0.652530
vt 0.033159 0.527788
vt 0.050096 0.651733
vt 0.023929 0.482384
vt 0.036789 0.342210
vt 0.040937 0.482868
vt 0.145672 0.858383
vt 0.140236 0.940714
vt 0.132799 0.858464
vt 0.035380 0.212579
vt 0.044073 0.319544
vt 0.023824 0.319684
vt 0.152113 0.319019
vt 0.152102 0.203819
vt 0.173975 0.319088
vt 0.173965 0.203415
vt 0.048094 0.355301
vt 0.065245 0.355097
vt 0.060986 0.486341
vt 0.059315 0.651649
vt 0.083692 0.518845
vt 0.083678 0.651467
vt 0.059329 0.519006
vt 0.430155 0.516159
vt 0.454977 0.515277
vt 0.454983 0.649204
vt 0.430161 0.650722
vt 0.027745 0.042721
vt 0.018844 0.150479
vt 0.007568 0.042733
vt 0.027431 0.149385
vt 0.051691 0.020976
vt 0.051697 0.150311
vt 0.027424 0.020916
vt 0.089105 0.486500
vt 0.092019 0.355270
vt 0.106314 0.485187
vt 0.811638 0.484925
vt 0.820087 0.353972
vt 0.828948 0.479873
vt 0.116937 0.318351
vt 0.142890 0.181997
vt 0.142887 0.319360
vt 0.116940 0.181338
vt 0.142568 0.478140
vt 0.119625 0.480761
vt 0.119611 0.342360
vt 0.142554 0.342080
vt 0.120199 0.641209
vt 0.093542 0.650907
vt 0.098012 0.511591
vt 0.201609 0.420330
vt 0.217591 0.384605
vt 0.217592 0.485125
vt 0.088819 0.338816
vt 0.077126 0.485264
vt 0.071132 0.338508
vt 0.148139 0.502332
vt 0.120450 0.653207
vt 0.120458 0.502267
vt 0.148131 0.653264
vt 0.311208 0.150846
vt 0.311216 0.005269
vt 0.338706 0.151239
vt 0.338715 0.005296
vt 0.253113 0.149866
vt 0.282852 -0.000684
vt 0.281782 0.151208
vt 0.254175 -0.000962
vt 0.707107 0.487473
vt 0.726101 0.342537
vt 0.726092 0.486044
vt 0.707116 0.342463
vt 0.257971 0.320535
vt 0.230102 0.320466
vt 0.230102 0.172481
vt 0.257971 0.172399
vt 0.159063 0.651370
vt 0.159063 0.507958
vt 0.178239 0.646324
vt 0.178239 0.506370
vt 0.381162 0.143366
vt 0.408459 0.003868
vt 0.408468 0.146561
vt 0.381152 0.003752
vt 0.164880 0.699399
vt 0.178360 0.698141
vt 0.175551 0.809171
vt 0.795246 0.362823
vt 0.811542 0.363956
vt 0.802775 0.486522
vt 0.234303 0.652382
vt 0.241901 0.534908
vt 0.249645 0.652477
vt 0.373453 0.536346
vt 0.366160 0.652162
vt 0.358297 0.536081
vt 0.223907 0.011458
vt 0.242146 0.010863
vt 0.242143 0.148882
vt 0.223904 0.149114
vt 0.044360 0.320503
vt 0.069238 0.213447
vt 0.069249 0.320344
vt 0.044353 0.213119
vt 0.408453 0.149285
vt 0.408459 0.001487
vt 0.427805 0.149442
vt 0.427811 0.001493
vt 0.090772 0.179838
vt 0.117059 0.212573
vt 0.090779 0.308428
vt 0.201548 0.061418
vt 0.194554 0.150628
vt 0.184691 0.061500
vt 0.455066 0.509002
vt 0.481627 0.509469
vt 0.481622 0.649561
vt 0.455060 0.650543
vt 0.396709 0.510131
vt 0.422647 0.510278
vt 0.396709 0.650034
vt 0.422647 0.651238
vt 0.166312 0.022196
vt 0.177823 0.148857
vt 0.154229 0.148665
vt 0.003929 0.483185
vt 0.010404 0.388287
vt 0.019262 0.484019
vt 0.564399 0.345263
vt 0.590742 0.345275
vt 0.564399 0.480387
vt 0.590742 0.482798
vt 0.142150 0.009570
vt 0.154426 0.152199
vt 0.128518 0.150278
vt 0.173959 0.317858
vt 0.185889 0.168422
vt 0.198070 0.319379
vt 0.190223 0.941103
vt 0.183940 0.865296
vt 0.196683 0.864950
vt 0.529787 0.150165
vt 0.539741 0.030339
vt 0.549949 0.149525
vt 0.744781 0.039997
vt 0.752101 0.151785
vt 0.737368 0.152046
vt 0.557776 0.147750
vt 0.577929 0.030551
vt 0.577938 0.150471
vt 0.557766 0.030002
vt 0.746712 0.648654
vt 0.720153 0.510247
vt 0.746714 0.510240
vt 0.720151 0.651729
vt 0.108443 0.148970
vt 0.115928 0.068225
vt 0.123508 0.147937
vt 0.065099 0.720186
vt 0.056276 0.811054
vt 0.047654 0.720681
vt 0.079701 0.677620
vt 0.095670 0.678359
vt 0.082464 0.811054
vt 0.016253 0.889502
vt 0.062729 0.856082
vt 0.045451 0.870993
vt 0.059740 0.840791
vt 0.023929 0.871985
vt 0.098235 0.891912
vt 0.051735 0.899353
vt 0.070706 0.837357
vt 0.091364 0.834983
vt 0.125291 0.844085
vt 0.142795 0.897120
vt 0.137740 0.876420
vt 0.166125 0.911219
vt 0.137838 0.854734
vt 0.100588 0.949263
vt 0.093695 0.985536
vt 0.020788 0.943707
vt 0.017263 0.933938
vt 0.012637 0.911506
vt 0.173956 0.838688
vt 0.138484 0.176863
vt 0.166414 0.497545
vt 0.293492 0.204665
vt 0.217065 0.104639
vt 0.599819 0.084110
vt 0.664352 0.039791
vt 0.846659 0.153029
vt 0.743405 0.261119
vt 0.958450 0.332660
vt 0.940990 0.601841
vt 0.874480 0.189617
vt 0.735425 0.587533
vt 0.959534 0.665709
vt 0.653930 0.919569
vt 0.415612 0.749104
vt 0.521487 0.521317
vt 0.448414 0.344771
vt 0.369178 0.633335
vt 0.331380 0.622169
vt 0.353524 0.623481
vt 0.399399 0.632263
vt 0.377454 0.623065
vt 0.396876 0.622715
vt 0.414804 0.622452
vt 0.427773 0.617247
vt 0.412056 0.614316
vt 0.395519 0.614284
vt 0.371324 0.608820
vt 0.365911 0.615841
vt 0.332073 0.620153
vt 0.327503 0.618964
vt 0.570886 0.617161
vt 0.585231 0.622484
vt 0.618985 0.632689
vt 0.598232 0.632501
vt 0.614407 0.622984
vt 0.639561 0.623524
vt 0.668753 0.625687
vt 0.672191 0.618682
vt 0.654727 0.618663
vt 0.639339 0.608899
vt 0.620068 0.615872
vt 0.607881 0.609089
vt 0.587760 0.614276
vt 0.573583 0.617412
vt 0.669348 0.900331
vt 0.670589 0.890786
vt 0.665705 0.904998
vt 0.722279 0.912614
vt 0.698701 0.887189
vt 0.694395 0.856735
vt 0.679708 0.854385
vt 0.717275 0.857033
vt 0.728390 0.888557
vt 0.727667 0.877811
vt 0.754306 0.847665
vt 0.761239 0.842010
vt 0.760229 0.884783
vt 0.782654 0.848728
vt 0.839854 0.915391
vt 0.864338 0.962832
vt 0.630920 0.974258
vt 0.893880 0.867313
vt 0.992406 0.940393
vt 0.947558 0.889945
vt 0.990744 0.908029
vt 0.900870 0.853481
vt 0.862300 0.883833
vt 0.849932 0.848815
vt 0.881558 0.842574
vt 0.878546 0.827353
vt 0.833206 0.865089
vt 0.815234 0.806363
vt 0.793844 0.880479
vt 0.784862 0.843075
vt 0.652730 0.729797
vt 0.665987 0.736415
vt 0.662966 0.760171
vt 0.628917 0.758366
vt 0.630357 0.731863
vt 0.660656 0.704554
vt 0.617937 0.751129
vt 0.606948 0.737476
vt 0.589170 0.685977
vt 0.588036 0.776919
vt 0.560722 0.729048
vt 0.696691 0.640917
vt 0.498764 0.648652
vt 0.778026 0.695432
vt 0.861051 0.630478
vt 0.869247 0.708813
vt 0.960686 0.683847
vt 0.962684 0.632691
vt 0.984800 0.669129
vt 0.937480 0.699048
vt 0.873338 0.714622
vt 0.819312 0.736251
vt 0.854900 0.748953
vt 0.805632 0.738764
vt 0.866600 0.716520
vt 0.842527 0.708526
vt 0.792450 0.726526
vt 0.790370 0.746035
vt 0.772379 0.720374
vt 0.732565 0.746364
vt 0.715096 0.707556
vt 0.722218 0.724991
vt 0.744833 0.787259
vt 0.772930 0.784943
vt 0.378209 0.866221
vt 0.375290 0.900107
vt 0.363268 0.909627
vt 0.404729 0.888574
vt 0.398755 0.901430
vt 0.406628 0.903237
vt 0.407681 0.900991
vt 0.412126 0.920827
vt 0.337661 0.947384
vt 0.349057 0.905747
vt 0.325573 0.904727
vt 0.333655 0.881304
vt 0.330668 0.870112
vt 0.307200 0.898492
vt 0.257013 0.923009
vt 0.262459 0.866550
vt 0.269299 0.868913
vt 0.258273 0.893844
vt 0.298628 0.855912
vt 0.292243 0.901640
vt 0.193530 0.945610
vt 0.251340 0.871063
vt 0.251456 0.891842
vt 0.242754 0.851787
vt 0.225325 0.866738
vt 0.227056 0.905227
vt 0.128621 0.982780
vt 0.339038 0.980783
vt 0.483507 0.909171
vt 0.498627 0.972145
vt 0.609283 0.897435
vt 0.641460 0.937606
vt 0.632257 0.892511
vt 0.660635 0.865974
vt 0.636129 0.854089
vt 0.611153 0.883409
vt 0.606840 0.881754
vt 0.605119 0.874667
vt 0.597216 0.887839
vt 0.597070 0.888038
vt 0.574744 0.892899
vt 0.562474 0.890276
vt 0.578278 0.857792
vt 0.435191 0.897857
vt 0.418222 0.921854
vt 0.418986 0.909785
vt 0.430562 0.871074
vt 0.450285 0.856963
vt 0.482805 0.894830
vt 0.472978 0.902276
vt 0.485722 0.893708
vt 0.490964 0.892066
vt 0.540023 0.898271
vt 0.502067 0.896550
vt 0.499911 0.871085
vt 0.516957 0.854411
vt 0.499956 0.871073
vt 0.534616 0.859533
vt 0.716387 0.559311
vt 0.717941 0.545410
vt 0.717748 0.553755
vt 0.743634 0.542424
vt 0.724335 0.543612
vt 0.776678 0.526861
vt 0.707979 0.440327
vt 0.701662 0.545283
vt 0.758755 0.535424
vt 0.798432 0.505895
vt 0.796279 0.527384
vt 0.800015 0.532444
vt 0.796328 0.527324
vt 0.801741 0.524042
vt 0.813952 0.510446
vt 0.804347 0.516904
vt 0.827342 0.500681
vt 0.828544 0.485741
vt 0.829407 0.500194
vt 0.847150 0.444208
vt 0.776504 0.441122
vt 0.828239 0.475494
vt 0.839737 0.476184
vt 0.832318 0.480709
vt 0.846813 0.469818
vt 0.852460 0.434373
vt 0.848318 0.428529
vt 0.857386 0.420746
vt 0.864074 0.343950
vt 0.776999 0.358249
vt 0.740610 0.385151
vt 0.740370 0.385474
vt 0.670701 0.390618
vt 0.671490 0.533226
vt 0.588383 0.466094
vt 0.598323 0.339108
vt 0.590270 0.345901
vt 0.483087 0.341049
vt 0.580478 0.325604
vt 0.538051 0.415657
vt 0.483430 0.341090
vt 0.514214 0.328832
vt 0.557031 0.335586
vt 0.506945 0.398714
vt 0.541679 0.443063
vt 0.528419 0.447246
vt 0.554383 0.453327
vt 0.566722 0.465010
vt 0.598915 0.506424
vt 0.578754 0.484263
vt 0.648250 0.530558
vt 0.603164 0.512013
vt 0.608737 0.514076
vt 0.600636 0.518679
vt 0.638082 0.535434
vt 0.631494 0.527558
vt 0.680865 0.541462
vt 0.692212 0.552571
vt 0.691460 0.557438
vt 0.689142 0.549513
vt 0.891126 0.048870
vt 0.984759 0.071914
vt 0.986928 0.279428
vt 0.894686 0.198090
vt 0.803440 0.034182
vt 0.756754 0.044071
vt 0.786647 0.025599
vt 0.773174 0.025631
vt 0.756608 0.044219
vt 0.749172 0.024693
vt 0.714281 0.041965
vt 0.742383 0.033880
vt 0.714510 0.113805
vt 0.701199 0.034751
vt 0.672667 0.046033
vt 0.778535 0.143513
vt 0.789182 0.150572
vt 0.775236 0.170774
vt 0.643051 0.138404
vt 0.648743 0.047266
vt 0.599970 0.107389
vt 0.622412 0.053738
vt 0.528068 0.202952
vt 0.528500 0.236019
vt 0.657860 0.217864
vt 0.785848 0.183209
vt 0.663806 0.284912
vt 0.641011 0.280651
vt 0.573441 0.261133
vt 0.691811 0.296519
vt 0.708295 0.289884
vt 0.733227 0.281919
vt 0.717624 0.291951
vt 0.740361 0.309755
vt 0.731018 0.285213
vt 0.770659 0.306981
vt 0.780497 0.306793
vt 0.781124 0.281892
vt 0.790083 0.307267
vt 0.870227 0.287768
vt 0.922656 0.282783
vt 0.604545 0.279408
vt 0.591849 0.283938
vt 0.621488 0.296523
vt 0.545558 0.243648
vt 0.541276 0.096903
vt 0.573407 0.079434
vt 0.628389 0.037858
vt 0.551647 0.080680
vt 0.548839 0.082423
vt 0.504597 0.126591
vt 0.519048 0.123418
vt 0.513628 0.131458
vt 0.521720 0.138987
vt 0.522623 0.136682
vt 0.524452 0.107820
vt 0.521646 0.168002
vt 0.513992 0.174744
vt 0.521102 0.174813
vt 0.526707 0.188061
vt 0.511678 0.215359
vt 0.518496 0.210982
vt 0.526264 0.217502
vt 0.527083 0.203842
vt 0.532751 0.239935
vt 0.554045 0.258729
vt 0.361823 0.579650
vt 0.342078 0.576190
vt 0.398182 0.527937
vt 0.407884 0.474940
vt 0.404937 0.442903
vt 0.392474 0.391623
vt 0.402317 0.412174
vt 0.327953 0.550401
vt 0.325347 0.584173
vt 0.306418 0.587822
vt 0.268425 0.542290
vt 0.271990 0.588522
vt 0.281581 0.590361
vt 0.259100 0.589626
vt 0.250855 0.591642
vt 0.229727 0.583531
vt 0.246340 0.421020
vt 0.308884 0.416807
vt 0.368448 0.371252
vt 0.275406 0.289859
vt 0.344017 0.339956
vt 0.194828 0.252784
vt 0.329607 0.201665
vt 0.175723 0.409093
vt 0.319402 0.143847
vt 0.116466 0.144078
vt 0.349250 0.329638
vt 0.098440 0.203178
vt 0.076132 0.326337
vt 0.060182 0.320154
vt 0.083279 0.269547
vt 0.035192 0.389016
vt 0.019752 0.442405
vt 0.024003 0.415713
vt 0.074184 0.336993
vt 0.024629 0.469437
vt 0.145004 0.566012
vt 0.089559 0.590818
vt 0.046063 0.541072
vt 0.157973 0.595207
vt 0.139918 0.591841
vt 0.197236 0.598115
vt 0.185725 0.576290
vt 0.104498 0.585717
vt 0.116369 0.585055
vt 0.113095 0.423217
vt 0.718835 0.724322
vt 0.693230 0.725414
vt 0.709599 0.746449
vt 0.681102 0.753238
vt 0.692792 0.771173
vt 0.680948 0.764748
vt 0.671511 0.749512
vt 0.671126 0.734204
vt 0.455506 0.739420
vt 0.459942 0.752518
vt 0.437730 0.741287
vt 0.440434 0.744861
vt 0.428391 0.721344
vt 0.428595 0.711864
vt 0.427454 0.719745
vt 0.451705 0.764386
vt 0.429332 0.741192
vt 0.436084 0.737996
vt 0.437362 0.769956
vt 0.471967 0.732998
vt 0.469964 0.692368
vt 0.395235 0.700335
vt 0.394977 0.643213
vt 0.331922 0.689126
vt 0.253006 0.627070
vt 0.170744 0.699704
vt 0.274474 0.706466
vt 0.113342 0.621019
vt 0.104451 0.696373
vt 0.053210 0.625832
vt 0.102595 0.742566
vt 0.056768 0.688366
vt 0.028564 0.668064
vt 0.057956 0.699396
vt 0.058009 0.708885
vt 0.129839 0.721569
vt 0.111371 0.767056
vt 0.160223 0.759081
vt 0.163017 0.733386
vt 0.165457 0.751509
vt 0.194811 0.733483
vt 0.230566 0.739408
vt 0.242948 0.733388
vt 0.269205 0.731891
vt 0.208109 0.781380
vt 0.219046 0.768988
vt 0.218807 0.780501
vt 0.514504 0.743582
vt 0.542918 0.762064
vt 0.560996 0.740715
vt 0.527007 0.729080
vt 0.515144 0.712039
vt 0.491235 0.729445
vt 0.563819 0.742015
vt 0.582454 0.775896
vt 0.887538 0.332335
vt 0.864130 0.343676
vt 0.859229 0.334014
vt 0.902860 0.326838
vt 0.910765 0.375266
vt 0.927464 0.347018
vt 0.836622 0.326417
vt 0.856915 0.334083
vt 0.871241 0.397116
vt 0.819652 0.329832
vt 0.871671 0.413165
vt 0.588317 0.056919
vt 0.600060 0.059569
vt 0.586931 0.065331
vt 0.610219 0.060023
vt 0.190640 0.848933
vt 0.160719 0.879959
vt 0.151029 0.879623
vt 0.177553 0.828387
vt 0.211485 0.883992
vt 0.198371 0.907586
vt 0.214068 0.883323
vt 0.115271 0.922157
vt 0.019140 0.965361
vt 0.046005 0.895448
vt 0.007115 0.910645
vt 0.087746 0.880271
vt 0.046683 0.881728
vt 0.108233 0.872057
vt 0.129195 0.854285
vt 0.138791 0.904397
vt 0.146666 0.888821
vt 0.147911 0.892968
vt 0.919815 0.755472
vt 0.931290 0.754947
vt 0.908480 0.801347
vt 0.904000 0.764685
vt 0.891678 0.784424
vt 0.935986 0.807820
vt 0.931383 0.756083
vt 0.959839 0.765733
vt 0.972749 0.785550
vt 0.949507 0.764456
vt 0.333451 0.721761
vt 0.332340 0.727909
vt 0.320521 0.735709
vt 0.305833 0.769040
vt 0.281523 0.744936
vt 0.274575 0.726622
vt 0.301939 0.724024
vt 0.351365 0.731234
vt 0.337127 0.743995
vt 0.273193 0.743182
vt 0.251295 0.772394
vt 0.421517 0.766302
vt 0.389706 0.756562
vt 0.396887 0.738483
vt 0.381575 0.731329
vt 0.372058 0.740596
vt 0.356352 0.780032
vt 0.364156 0.764779
vt 0.374093 0.764024
vt 0.427481 0.724298
vt 0.413795 0.737763
vt 0.509855 0.740369
vt 0.495727 0.772959
s 1
usemtl Material3596
f 11/1/1 12/2/2 55/3/3
f 10/4/4 11/1/1 55/3/3
f 20/5/5 53/6/6 54/7/7
f 3/8/8 62/9/9 61/10/10
f 75/11/11 16/12/12 17/13/13
f 35/14/14 66/15/15 57/16/16
f 66/15/15 35/14/14 36/17/17
f 79/18/18 15/19/19 16/12/20
f 7/20/21 8/21/22 76/22/23
f 51/23/24 67/24/25 38/25/26
f 59/26/27 80/27/28 51/23/24
f 41/28/29 42/29/30 56/30/31
f 25/31/32 81/32/33 58/33/34
f 47/34/35 66/15/15 37/35/36
f 85/36/37 40/37/38 56/30/39
f 37/35/40 66/15/41 36/17/42
f 37/35/36 67/24/25 47/34/35
f 54/7/43 63/38/44 20/5/45
f 20/5/5 21/39/46 53/6/6
f 59/26/47 42/29/30 1/40/48
f 45/41/49 81/32/33 44/42/50
f 58/33/34 24/43/51 25/31/32
f 44/42/50 26/44/52 27/45/53
f 22/46/54 23/47/55 21/39/46
f 42/29/30 59/26/47 56/30/31
f 83/48/56 84/49/57 81/32/33
f 58/33/34 84/49/57 53/6/6
f 24/43/51 58/33/34 23/47/55
f 44/42/50 27/45/53 28/50/58
f 67/24/25 46/51/59 72/52/60
f 67/24/25 72/52/60 47/34/35
f 43/53/61 71/54/62 48/55/63
f 71/54/62 43/53/61 45/41/49
f 48/55/64 46/51/59 43/53/65
f 44/42/50 28/50/58 71/54/66
f 71/54/66 45/41/49 44/42/50
f 48/55/64 29/56/67 30/57/68
f 40/37/69 41/28/29 56/30/31
f 33/58/70 34/59/71 57/16/16
f 34/59/71 35/14/72 57/16/16
f 30/57/73 31/60/74 64/61/75
f 52/62/76 79/18/18 16/12/20
f 18/63/77 19/64/78 74/65/79
f 67/24/25 82/66/80 43/53/65
f 2/67/81 61/10/82 59/26/27
f 60/68/83 78/69/84 18/63/85
f 72/52/60 48/55/64 30/57/68
f 32/70/86 33/58/70 57/16/16
f 31/60/74 32/70/86 57/16/16
f 31/60/74 57/16/16 64/61/75
f 10/4/4 55/3/3 69/71/87
f 26/44/88 44/42/50 25/31/32
f 23/47/55 53/6/6 21/39/46
f 57/16/16 66/15/15 47/34/35
f 61/10/82 2/67/81 3/8/89
f 77/72/90 52/62/91 75/11/11
f 46/51/59 67/24/25 43/53/65
f 20/5/92 63/38/93 74/65/94
f 46/51/59 48/55/64 72/52/60
f 30/57/73 64/61/75 72/52/60
f 55/3/3 12/2/2 70/73/95
f 70/73/95 12/2/2 13/74/96
f 64/61/75 47/34/35 72/52/60
f 64/61/75 57/16/16 47/34/35
f 81/32/33 45/41/49 50/75/97
f 73/76/98 4/77/99 5/78/100
f 3/8/8 4/77/99 62/9/9
f 73/76/98 5/78/100 68/79/101
f 54/7/7 74/65/102 63/38/103
f 28/50/104 29/56/105 71/54/106
f 48/55/64 71/54/107 29/56/67
f 4/77/99 73/76/98 62/9/9
f 20/5/92 74/65/94 19/64/108
f 60/68/109 18/63/110 74/65/111
f 65/80/112 55/3/3 70/73/95
f 69/71/87 9/81/113 10/4/4
f 78/69/84 75/11/11 17/13/13
f 69/71/87 8/21/22 9/81/113
f 18/63/114 78/69/84 17/13/13
f 70/73/95 14/82/115 65/80/112
f 1/40/48 2/67/116 59/26/47
f 61/10/82 80/27/28 59/26/27
f 14/82/115 70/73/95 13/74/96
f 61/10/10 62/9/9 80/27/28
f 84/49/57 54/7/7 53/6/6
f 60/68/83 74/65/102 54/7/7
f 55/3/3 65/80/112 69/71/117
f 14/82/115 86/83/118 65/80/112
f 52/62/91 16/12/12 75/11/11
f 62/9/9 93/84/119 90/85/120
f 37/35/36 38/25/26 67/24/25
f 43/53/61 50/75/97 45/41/49
f 75/11/11 49/86/121 77/72/90
f 50/75/97 49/86/121 83/48/56
f 44/42/50 81/32/33 25/31/32
f 81/32/33 50/75/97 83/48/56
f 82/66/80 49/86/121 50/75/97
f 84/49/57 83/48/56 60/68/83
f 81/32/33 84/49/57 58/33/34
f 84/49/57 60/68/83 54/7/7
f 23/47/55 58/33/34 53/6/6
f 50/75/97 43/53/65 82/66/80
f 86/83/118 52/62/91 77/72/90
f 14/82/122 15/19/123 86/83/124
f 85/36/125 38/25/126 39/87/127
f 59/26/27 51/23/24 85/36/128
f 51/23/24 38/25/26 85/36/128
f 49/86/121 60/68/83 83/48/56
f 75/11/11 60/68/83 49/86/121
f 78/69/84 60/68/83 75/11/11
f 86/83/129 15/19/19 79/18/18
f 65/80/112 76/22/23 69/71/117
f 40/37/38 85/36/37 39/87/130
f 59/26/27 85/36/128 56/30/131
f 91/88/132 87/89/133 82/66/80
f 79/18/18 52/62/76 86/83/129
f 82/66/80 87/89/133 49/86/121
f 88/90/134 87/89/133 91/88/132
f 77/72/90 87/89/133 86/83/118
f 87/89/133 77/72/90 49/86/121
f 86/83/118 88/90/134 65/80/112
f 87/89/133 88/90/134 86/83/118
f 65/80/112 88/90/134 89/91/135
f 90/85/120 80/27/28 62/9/9
f 62/9/9 73/76/136 93/84/119
f 92/92/137 90/85/120 91/88/132
f 93/84/119 91/88/132 90/85/120
f 92/92/137 51/23/24 80/27/28
f 68/79/101 93/84/119 73/76/98
f 7/20/21 93/84/119 68/79/101
f 68/79/101 5/78/100 6/93/138
f 93/84/119 7/20/21 76/22/23
f 92/92/137 80/27/28 90/85/120
f 65/80/112 89/91/135 76/22/23
f 76/22/23 89/91/135 93/84/119
f 68/79/139 6/93/140 7/20/141
f 92/92/137 91/88/132 82/66/80
f 92/92/137 82/66/80 67/24/25
f 88/90/134 93/84/119 89/91/135
f 93/84/119 88/90/134 91/88/132
f 51/23/24 92/92/137 67/24/25
f 69/71/87 76/22/23 8/21/22
f 112/94/142 157/95/143 140/96/144
f 105/97/145 106/98/146 104/99/147
f 111/100/148 146/101/149 110/102/150
f 162/103/151 175/104/152 141/105/153
f 175/104/154 163/106/155 141/105/156
f 103/107/157 174/108/158 102/109/159
f 106/98/160 107/110/161 152/111/162
f 141/105/163 148/112/164 149/113/165
f 138/114/166 147/115/167 157/95/168
f 107/110/169 108/116/170 148/112/171
f 151/117/172 110/102/150 146/101/149
f 181/118/173 121/119/174 122/120/175
f 100/121/176 171/122/177 135/123/178
f 98/124/179 135/123/178 160/125/180
f 164/126/181 145/127/182 136/128/183
f 95/129/184 133/130/185 94/131/186
f 96/132/187 142/133/188 95/129/184
f 99/134/189 100/121/176 135/123/178
f 133/130/185 142/133/188 132/135/190
f 131/136/191 136/128/183 130/137/192
f 124/138/193 143/139/194 123/140/195
f 142/133/188 136/128/183 132/135/190
f 138/114/196 112/94/142 113/141/197
f 115/142/198 113/141/197 114/143/199
f 132/135/190 136/128/183 131/136/191
f 116/144/200 161/145/201 115/142/198
f 156/146/202 150/147/203 168/148/204
f 168/148/204 146/101/205 140/96/206
f 146/101/207 111/100/208 140/96/144
f 128/149/209 129/150/210 153/151/211
f 174/108/158 166/152/212 178/153/213
f 128/149/209 153/151/211 127/154/214
f 140/96/144 111/100/208 112/94/142
f 125/155/215 143/139/194 124/138/193
f 168/148/216 140/96/144 157/95/143
f 119/156/217 120/157/218 173/158/219
f 148/112/171 108/116/170 149/113/220
f 127/154/214 143/139/194 125/155/215
f 153/151/211 129/150/210 145/127/182
f 150/147/203 146/101/205 168/148/204
f 110/102/221 151/117/172 109/159/222
f 107/110/169 148/112/171 152/111/223
f 157/95/143 112/94/142 138/114/196
f 141/105/156 163/106/155 148/112/224
f 95/129/184 142/133/188 133/130/185
f 149/113/225 108/116/226 109/159/222
f 165/160/227 180/161/228 161/145/201
f 193/162/229 137/163/230 196/164/231
f 193/162/232 154/165/233 192/166/234
f 167/167/235 166/152/236 162/103/237
f 149/113/225 151/117/172 150/147/238
f 149/113/225 109/159/222 151/117/172
f 168/148/239 157/95/168 147/115/167
f 101/168/240 189/169/241 171/122/177
f 113/141/197 115/142/198 138/114/196
f 141/105/242 150/147/243 167/167/244
f 167/167/245 144/170/246 166/152/247
f 136/128/183 145/127/182 130/137/248
f 130/137/248 145/127/182 129/150/210
f 106/98/249 152/111/250 104/99/251
f 142/133/188 96/132/187 164/126/181
f 136/128/183 142/133/188 164/126/181
f 143/139/194 153/151/211 123/140/195
f 150/147/238 141/105/252 149/113/225
f 156/146/253 167/167/244 150/147/243
f 144/170/254 167/167/255 156/146/256
f 167/167/257 162/103/151 141/105/153
f 146/101/149 150/147/238 151/117/172
f 186/171/258 156/146/259 168/148/260
f 173/158/219 118/172/261 119/156/217
f 174/108/158 183/173/262 102/109/159
f 135/123/178 98/124/263 99/134/189
f 98/124/179 160/125/180 97/174/264
f 135/123/178 134/175/265 160/125/180
f 171/122/177 100/121/176 101/168/240
f 135/123/178 171/122/177 170/176/266
f 184/177/267 172/178/268 188/179/269
f 115/142/198 161/145/201 138/114/196
f 139/180/270 123/140/195 153/151/211
f 181/118/173 122/120/175 139/180/270
f 121/119/271 173/158/219 120/157/218
f 173/158/272 121/119/174 169/181/273
f 174/108/274 175/104/152 162/103/151
f 103/107/275 104/99/276 175/104/277
f 175/104/154 104/99/278 163/106/155
f 152/111/279 163/106/280 104/99/281
f 163/106/282 152/111/223 148/112/171
f 117/182/283 172/178/284 165/160/227
f 178/153/285 176/183/286 185/184/287
f 144/170/288 176/183/289 178/153/290
f 178/153/290 166/152/291 144/170/288
f 183/173/262 174/108/158 178/153/213
f 169/181/273 179/185/292 173/158/272
f 118/172/293 173/158/294 179/185/292
f 171/122/177 189/169/241 170/176/266
f 179/185/292 117/182/295 118/172/293
f 117/182/295 179/185/292 172/178/268
f 181/118/173 169/181/273 121/119/174
f 169/181/273 181/118/173 158/186/296
f 158/186/296 181/118/173 194/187/297
f 175/104/152 174/108/274 103/107/298
f 164/126/181 160/125/180 145/127/182
f 160/125/180 182/188/299 145/127/182
f 165/160/227 116/144/200 117/182/283
f 161/145/201 116/144/200 165/160/227
f 180/161/300 165/160/301 154/165/302
f 154/165/303 165/160/304 192/166/305
f 191/189/306 178/153/307 185/184/308
f 158/186/296 190/190/309 184/177/267
f 144/170/288 186/171/310 176/183/289
f 168/148/311 196/164/312 186/171/313
f 176/183/314 186/171/313 196/164/312
f 187/191/315 178/153/307 191/189/306
f 160/125/180 96/132/187 97/174/264
f 164/126/181 96/132/187 160/125/180
f 155/192/316 180/161/300 154/165/302
f 155/192/316 147/115/317 180/161/300
f 138/114/318 180/161/300 147/115/317
f 138/114/319 161/145/201 180/161/228
f 187/191/315 191/189/306 195/193/320
f 184/177/267 188/179/269 158/186/296
f 183/173/321 178/153/322 177/194/323
f 166/152/324 174/108/325 162/103/326
f 123/140/195 139/180/270 122/120/175
f 126/195/327 127/154/214 125/155/215
f 195/193/320 160/125/180 134/175/265
f 172/178/268 179/185/292 188/179/269
f 191/189/306 193/162/328 190/190/309
f 144/170/254 156/146/256 186/171/329
f 134/175/265 170/176/266 159/196/330
f 135/123/178 170/176/266 134/175/265
f 169/181/273 188/179/269 179/185/292
f 158/186/296 188/179/269 169/181/273
f 139/180/270 182/188/299 181/118/173
f 182/188/299 139/180/270 153/151/211
f 189/169/241 187/191/331 170/176/266
f 153/151/211 145/127/182 182/188/299
f 187/191/331 159/196/330 170/176/266
f 195/193/320 134/175/265 159/196/330
f 195/193/320 190/190/309 158/186/296
f 181/118/173 182/188/299 194/187/297
f 101/168/240 102/109/332 189/169/241
f 177/194/323 102/109/333 183/173/321
f 102/109/332 177/194/334 189/169/241
f 177/194/335 187/191/336 189/169/337
f 159/196/330 187/191/315 195/193/320
f 195/193/320 158/186/296 194/187/297
f 176/183/286 137/163/338 185/184/287
f 191/189/306 190/190/309 195/193/320
f 191/189/306 185/184/308 137/163/339
f 193/162/340 191/189/341 137/163/342
f 165/160/343 172/178/268 184/177/267
f 165/160/344 184/177/267 192/166/345
f 192/166/345 184/177/267 193/162/346
f 193/162/346 184/177/267 190/190/309
f 154/165/347 193/162/348 155/192/349
f 127/154/214 153/151/211 143/139/194
f 194/187/297 160/125/180 195/193/320
f 160/125/180 194/187/297 182/188/299
f 187/191/336 177/194/335 178/153/350
f 196/164/231 137/163/230 176/183/351
f 147/115/317 155/192/316 196/164/312
f 147/115/317 196/164/312 168/148/311
f 196/164/352 155/192/353 193/162/354
f 233/197/355 230/198/356 229/199/357
f 204/200/358 226/201/359 203/202/360
f 221/203/361 203/202/360 226/201/359
f 197/204/362 232/205/363 220/206/364
f 232/205/363 198/207/365 199/208/366
f 207/209/367 208/210/368 235/211/369
f 209/212/370 210/213/371 208/210/372
f 229/199/357 218/214/373 219/215/374
f 236/216/375 215/217/376 216/218/377
f 227/219/378 229/199/357 219/215/374
f 228/220/379 217/221/380 224/222/381
f 250/223/382 255/224/383 212/225/384
f 217/221/380 228/220/379 216/218/385
f 202/226/386 262/227/387 201/228/388
f 216/218/385 228/220/379 236/216/389
f 223/229/390 206/230/391 207/209/392
f 220/206/393 227/219/378 219/215/374
f 242/231/394 227/219/378 220/206/364
f 230/198/395 217/221/396 218/214/373
f 217/221/397 230/198/398 224/222/399
f 222/232/400 239/233/401 206/230/391
f 204/200/402 205/234/403 225/235/404
f 221/203/361 262/227/387 203/202/360
f 210/213/371 235/211/369 208/210/372
f 205/234/403 206/230/391 239/233/401
f 232/205/363 197/204/362 198/207/365
f 218/214/373 229/199/357 230/198/395
f 202/226/386 203/202/360 262/227/387
f 235/211/369 249/236/405 241/237/406
f 246/238/407 243/239/408 199/208/366
f 228/220/379 224/222/409 236/216/389
f 248/240/410 236/216/411 224/222/412
f 236/216/375 214/241/413 215/217/376
f 245/242/414 236/216/415 248/240/416
f 214/241/413 236/216/375 251/243/417
f 231/244/418 200/245/419 201/228/388
f 223/229/390 207/209/367 235/211/369
f 211/246/420 212/225/384 255/224/383
f 226/201/359 204/200/358 225/235/404
f 205/234/403 239/233/401 225/235/404
f 226/201/359 225/235/404 247/247/421
f 242/231/394 233/197/355 227/219/378
f 249/236/405 235/211/369 210/213/371
f 232/205/363 243/239/408 242/231/394
f 222/232/400 223/229/390 237/248/422
f 227/219/378 233/197/355 229/199/357
f 233/197/355 242/231/394 259/249/423
f 232/205/363 242/231/394 220/206/364
f 263/250/424 264/251/425 267/252/426
f 214/241/427 251/243/428 213/253/429
f 236/216/430 245/242/431 251/243/432
f 200/245/419 246/238/407 199/208/366
f 243/239/408 246/238/407 259/249/423
f 206/230/391 223/229/390 222/232/400
f 230/198/398 248/240/433 224/222/399
f 233/197/355 259/249/423 252/254/434
f 241/237/406 223/229/390 235/211/369
f 211/246/420 249/236/405 210/213/371
f 260/255/435 261/256/436 244/257/437
f 200/245/419 231/244/418 246/238/407
f 239/233/401 222/232/400 253/258/438
f 225/235/404 239/233/401 253/258/438
f 253/258/438 247/247/421 225/235/404
f 221/203/361 226/201/359 240/259/439
f 247/247/421 240/259/439 226/201/359
f 254/260/440 247/247/421 253/258/438
f 222/232/400 254/260/441 253/258/438
f 234/261/442 240/259/439 247/247/421
f 234/261/442 247/247/421 254/260/440
f 234/261/442 257/262/443 240/259/439
f 255/224/383 249/236/405 211/246/420
f 248/240/416 244/257/444 245/242/414
f 244/257/437 248/240/445 260/255/435
f 238/263/446 252/254/434 266/264/447
f 199/208/366 243/239/408 232/205/363
f 212/225/384 213/253/448 251/243/432
f 241/237/406 237/248/422 223/229/390
f 212/225/384 251/243/432 250/223/382
f 258/265/449 256/266/450 255/224/383
f 248/240/451 230/198/452 238/263/453
f 230/198/356 233/197/355 238/263/446
f 267/252/426 261/256/436 260/255/435
f 238/263/446 233/197/355 252/254/434
f 259/249/423 246/238/407 231/244/418
f 259/249/423 231/244/418 252/254/434
f 255/224/383 241/237/406 249/236/405
f 237/248/422 241/237/406 256/266/454
f 222/232/400 237/248/422 254/260/441
f 241/237/406 255/224/383 256/266/450
f 265/267/455 237/248/422 256/266/454
f 265/267/455 254/260/441 237/248/422
f 250/223/382 251/243/432 245/242/431
f 255/224/383 250/223/456 258/265/449
f 250/223/456 261/256/457 258/265/449
f 265/267/455 258/265/458 264/251/425
f 260/255/459 238/263/460 267/252/461
f 245/242/462 261/256/457 250/223/456
f 244/257/444 261/256/463 245/242/414
f 248/240/464 238/263/460 260/255/459
f 243/239/408 259/249/423 242/231/394
f 263/250/465 234/261/442 254/260/440
f 264/251/425 263/250/424 254/260/441
f 265/267/455 264/251/425 254/260/441
f 261/256/436 264/251/425 258/265/458
f 257/262/443 263/250/465 266/264/466
f 257/262/443 234/261/442 263/250/465
f 231/244/418 221/203/361 252/254/434
f 267/252/426 264/251/425 261/256/436
f 263/250/465 267/252/467 266/264/466
f 231/244/418 201/228/388 262/227/387
f 257/262/443 252/254/434 221/203/361
f 266/264/466 267/252/467 238/263/468
f 262/227/387 221/203/361 231/244/418
f 257/262/443 221/203/361 240/259/439
f 265/267/455 256/266/454 258/265/469
f 252/254/434 257/262/443 266/264/447
f 298/268/470 280/269/471 279/270/472
f 299/271/473 274/272/474 273/273/475
f 298/268/470 315/274/476 280/269/471
f 318/275/477 309/276/478 331/277/479
f 334/278/480 338/279/481 335/280/482
f 277/281/483 296/282/484 304/283/485
f 285/284/486 294/285/487 286/286/488
f 328/287/489 289/288/490 288/289/491
f 291/290/492 290/291/493 300/292/494
f 296/282/495 276/293/496 297/294/497
f 294/285/498 287/295/499 286/286/500
f 288/289/501 287/295/502 328/287/503
f 271/296/504 270/297/505 316/298/506
f 329/299/507 271/296/508 317/300/509
f 316/298/510 269/301/511 313/302/512
f 302/303/513 279/270/514 278/304/515
f 273/273/516 272/305/517 303/306/518
f 299/271/519 303/306/518 305/307/520
f 303/306/518 344/308/521 305/307/520
f 278/304/522 277/281/523 304/283/524
f 275/309/525 305/307/520 295/310/526
f 303/306/518 299/271/519 273/273/516
f 304/283/485 296/282/484 306/311/527
f 301/312/528 278/304/522 304/283/524
f 302/303/529 298/268/470 279/270/472
f 294/285/487 285/284/486 284/313/530
f 331/277/531 300/292/532 290/291/533
f 275/309/534 274/272/474 299/271/473
f 305/307/520 275/309/525 299/271/519
f 305/307/520 332/314/535 295/310/526
f 297/294/497 306/311/536 296/282/495
f 284/313/537 307/315/538 294/285/539
f 292/316/540 328/287/503 287/295/502
f 292/316/541 287/295/542 294/285/543
f 280/269/471 315/274/476 281/317/544
f 298/268/470 333/318/545 315/274/476
f 290/291/546 289/288/547 331/277/548
f 334/278/480 330/319/549 315/274/476
f 300/292/550 313/302/551 269/301/552
f 331/277/479 289/288/553 318/275/477
f 344/308/521 332/314/535 305/307/520
f 301/312/554 333/318/555 302/303/513
f 301/312/528 320/320/556 340/321/557
f 315/274/476 333/318/545 319/322/558
f 301/312/554 302/303/513 278/304/515
f 307/315/559 284/313/560 311/323/561
f 284/313/562 283/324/563 311/323/564
f 322/325/565 324/326/566 312/327/567
f 311/323/561 312/327/568 324/326/569
f 316/298/506 270/297/505 269/301/570
f 316/298/510 313/302/512 317/300/571
f 271/296/508 316/298/572 317/300/509
f 330/319/549 282/328/573 281/317/544
f 268/329/574 291/290/492 269/301/575
f 300/292/494 269/301/575 291/290/492
f 328/287/489 318/275/576 289/288/490
f 329/299/507 344/308/521 303/306/518
f 304/283/524 320/320/556 301/312/528
f 302/303/529 333/318/545 298/268/470
f 282/328/573 330/319/549 321/330/577
f 324/326/578 322/325/579 323/331/580
f 323/331/580 322/325/579 308/332/581
f 323/331/580 292/316/582 324/326/578
f 341/333/583 325/334/584 323/331/585
f 311/323/561 324/326/569 307/315/559
f 292/316/540 323/331/585 327/335/586
f 328/287/489 326/336/587 318/275/576
f 325/334/584 327/335/586 323/331/585
f 327/335/586 325/334/584 326/336/587
f 326/336/587 328/287/503 327/335/586
f 321/330/588 311/323/564 283/324/563
f 309/276/478 300/292/532 331/277/531
f 336/337/589 318/275/576 326/336/587
f 336/337/590 309/276/478 318/275/477
f 326/336/587 325/334/584 336/337/589
f 309/276/478 313/302/591 300/292/532
f 332/314/535 293/338/592 314/339/593
f 276/293/496 314/339/593 293/338/592
f 295/310/526 332/314/535 314/339/593
f 303/306/518 272/305/517 329/299/507
f 333/318/555 301/312/554 340/321/594
f 320/320/556 306/311/527 345/340/595
f 311/323/561 321/330/577 335/280/596
f 294/285/597 324/326/578 292/316/582
f 328/287/503 292/316/540 327/335/586
f 337/341/598 339/342/599 317/300/509
f 329/299/507 272/305/517 271/296/508
f 313/302/591 337/341/598 317/300/509
f 336/337/590 337/341/598 309/276/478
f 344/308/521 329/299/507 339/342/599
f 339/342/599 329/299/507 317/300/509
f 315/274/476 330/319/549 281/317/544
f 282/328/600 321/330/588 283/324/563
f 335/280/596 321/330/577 334/278/480
f 310/343/601 322/325/579 338/279/602
f 308/332/603 310/343/604 341/333/605
f 312/327/568 311/323/561 335/280/596
f 319/322/558 334/278/480 315/274/476
f 333/318/545 338/279/481 334/278/480
f 309/276/478 337/341/598 313/302/591
f 325/334/584 347/344/606 336/337/589
f 341/333/605 323/331/607 308/332/603
f 339/342/599 337/341/598 336/337/590
f 340/321/557 320/320/556 345/340/595
f 334/278/480 319/322/558 333/318/545
f 334/278/480 321/330/577 330/319/549
f 310/343/601 308/332/581 322/325/579
f 335/280/482 322/325/565 312/327/567
f 333/318/555 340/321/594 338/279/602
f 338/279/602 340/321/594 310/343/601
f 342/345/608 325/334/584 341/333/583
f 342/345/608 346/346/609 325/334/584
f 297/294/497 276/293/496 293/338/592
f 335/280/482 338/279/481 322/325/565
f 346/346/609 342/345/608 345/340/610
f 347/344/606 339/342/599 336/337/590
f 346/346/609 297/294/497 293/338/592
f 306/311/536 297/294/497 346/346/609
f 343/347/611 341/333/605 310/343/604
f 342/345/608 341/333/605 343/347/611
f 324/326/612 294/285/539 307/315/538
f 304/283/485 306/311/527 320/320/556
f 340/321/557 345/340/595 343/347/611
f 343/347/611 310/343/604 340/321/557
f 306/311/536 346/346/609 345/340/610
f 342/345/608 343/347/611 345/340/610
f 347/344/606 293/338/592 332/314/535
f 347/344/606 325/334/584 346/346/609
f 293/338/592 347/344/606 346/346/609
f 344/308/521 347/344/606 332/314/535
f 344/308/521 339/342/599 347/344/606
f 359/348/613 382/349/614 358/350/615
f 376/351/616 396/352/617 357/353/618
f 371/354/619 372/355/620 386/356/621
f 355/357/622 380/358/623 377/359/624
f 377/359/624 394/360/625 354/361/626
f 353/362/627 354/361/626 391/363/628
f 393/364/629 360/365/630 361/366/631
f 357/353/632 358/350/615 376/351/633
f 402/367/634 348/368/635 349/369/636
f 375/370/637 380/358/623 357/353/638
f 389/371/639 361/366/640 362/372/641
f 362/372/642 363/373/643 388/374/644
f 403/375/645 381/376/646 387/377/647
f 378/378/648 388/374/649 363/373/650
f 357/353/638 380/358/623 356/379/651
f 378/378/648 363/373/650 364/380/652
f 447/381/653 435/382/654 397/383/655
f 372/355/620 379/384/656 386/356/621
f 383/385/657 394/360/625 377/359/624
f 358/350/615 382/349/614 419/386/658
f 374/387/659 348/368/635 402/367/634
f 355/357/622 377/359/624 354/361/626
f 370/388/660 371/354/619 386/356/621
f 355/357/622 356/379/651 380/358/623
f 374/387/659 399/389/661 400/390/662
f 392/391/663 391/363/628 394/360/625
f 360/365/664 393/364/665 359/348/666
f 393/364/667 387/377/668 382/349/669
f 358/350/615 419/386/658 376/351/633
f 365/392/670 378/378/648 364/380/652
f 388/374/671 384/393/672 389/371/673
f 388/374/674 389/371/675 362/372/676
f 374/387/659 390/394/677 373/395/678
f 354/361/626 394/360/625 391/363/628
f 359/348/679 393/364/667 382/349/669
f 395/396/680 376/351/633 419/386/658
f 393/364/681 361/366/640 389/371/639
f 419/386/682 382/349/683 381/376/646
f 395/396/684 396/352/617 376/351/616
f 377/359/624 380/358/623 375/370/637
f 392/391/663 394/360/625 383/385/657
f 427/397/685 429/398/686 430/399/687
f 365/392/670 366/400/688 412/401/689
f 370/388/660 386/356/621 369/402/690
f 386/356/621 379/384/656 417/403/691
f 401/404/692 410/405/693 391/363/694
f 379/384/656 390/394/677 400/390/662
f 373/395/695 390/394/677 379/384/656
f 400/390/662 390/394/677 374/387/659
f 391/363/628 352/406/696 353/362/627
f 352/406/697 391/363/694 410/405/693
f 378/378/648 398/407/698 388/374/649
f 393/364/699 389/371/700 387/377/701
f 451/408/702 399/389/703 385/409/704
f 399/389/703 402/367/705 385/409/704
f 396/352/706 446/410/707 375/370/708
f 381/376/646 382/349/683 387/377/647
f 396/352/706 375/370/708 357/353/709
f 396/352/617 395/396/684 446/410/710
f 378/378/648 404/411/711 424/412/712
f 404/411/711 366/400/688 367/413/713
f 366/400/688 404/411/711 412/401/689
f 404/411/711 378/378/648 412/401/689
f 384/393/714 388/374/715 398/407/716
f 373/395/695 379/384/656 372/355/620
f 443/414/717 426/415/718 433/416/719
f 387/377/720 389/371/721 384/393/722
f 399/389/661 374/387/659 402/367/634
f 411/417/723 402/367/634 414/418/724
f 414/418/724 421/419/725 411/417/723
f 387/377/726 384/393/727 403/375/728
f 378/378/648 365/392/670 412/401/689
f 405/420/729 350/421/730 351/422/731
f 414/418/724 350/421/732 405/420/733
f 414/418/724 402/367/634 349/369/636
f 405/420/729 351/422/731 352/406/697
f 416/423/734 352/406/697 410/405/693
f 417/403/691 379/384/656 422/424/735
f 422/424/735 379/384/656 400/390/662
f 399/389/736 451/408/737 418/425/738
f 385/409/704 421/419/739 451/408/702
f 386/356/621 417/403/691 369/402/690
f 392/391/663 401/404/692 391/363/694
f 416/423/740 410/405/741 423/426/742
f 440/427/743 437/428/744 397/383/745
f 441/429/746 406/430/747 407/431/748
f 408/432/749 409/433/750 410/405/741
f 423/426/742 407/431/751 416/423/740
f 411/417/752 385/409/753 402/367/754
f 424/412/712 403/375/755 384/393/714
f 367/413/713 368/434/756 415/435/757
f 405/420/758 406/430/759 420/436/760
f 407/431/761 437/428/762 440/427/763
f 441/429/746 420/436/764 406/430/747
f 420/436/765 414/418/766 405/420/767
f 414/418/768 420/436/769 421/419/739
f 420/436/769 440/427/770 442/437/771
f 349/369/636 350/421/732 414/418/724
f 417/403/691 415/435/757 368/434/756
f 400/390/662 399/389/661 418/425/772
f 408/432/749 410/405/741 401/404/692
f 416/423/734 405/420/729 352/406/697
f 405/420/729 416/423/734 407/431/773
f 410/405/741 409/433/750 423/426/742
f 424/412/712 384/393/714 398/407/716
f 398/407/698 378/378/648 424/412/712
f 425/438/774 381/376/775 403/375/776
f 381/376/777 425/438/778 419/386/779
f 425/438/780 403/375/781 427/397/782
f 430/399/783 425/438/784 427/397/785
f 403/375/755 424/412/712 433/416/786
f 429/398/686 427/397/685 428/439/787
f 427/397/782 403/375/781 433/416/719
f 427/397/782 433/416/719 426/415/718
f 409/433/750 408/432/749 439/440/788
f 428/439/789 427/397/790 426/415/791
f 430/399/792 438/441/793 395/396/794
f 395/396/795 419/386/796 430/399/797
f 433/416/786 424/412/712 432/442/798
f 444/443/799 443/414/717 433/416/719
f 413/444/800 367/413/713 415/435/757
f 406/430/759 405/420/758 407/431/801
f 369/402/690 417/403/691 368/434/756
f 422/424/735 400/390/662 418/425/772
f 434/445/802 422/424/735 418/425/772
f 421/419/739 449/446/803 418/425/804
f 449/446/803 413/444/800 415/435/757
f 449/446/803 415/435/757 434/445/805
f 423/426/806 437/428/807 407/431/808
f 419/386/809 425/438/810 430/399/811
f 438/441/812 430/399/687 429/398/686
f 432/442/798 424/412/712 404/411/711
f 404/411/711 367/413/713 413/444/800
f 413/444/800 432/442/798 404/411/711
f 422/424/735 434/445/813 417/403/691
f 409/433/814 437/428/807 423/426/806
f 397/383/655 437/428/815 447/381/653
f 441/429/746 407/431/748 440/427/816
f 440/427/770 444/443/817 442/437/771
f 395/396/818 438/441/819 446/410/820
f 443/414/821 435/382/822 428/439/789
f 426/415/791 443/414/821 428/439/789
f 397/383/823 444/443/824 440/427/825
f 397/383/826 435/382/822 443/414/821
f 444/443/824 397/383/823 443/414/827
f 445/447/828 444/443/829 433/416/786
f 433/416/786 432/442/798 445/447/828
f 445/447/828 442/437/771 444/443/829
f 432/442/798 449/446/803 445/447/828
f 439/440/830 436/448/831 409/433/832
f 408/432/749 401/404/692 448/449/833
f 435/382/654 436/448/834 428/439/787
f 441/429/835 440/427/770 420/436/769
f 446/410/820 431/450/836 450/451/837
f 383/385/657 377/359/624 375/370/637
f 409/433/832 447/381/838 437/428/839
f 436/448/834 435/382/654 447/381/653
f 448/449/833 401/404/692 392/391/663
f 436/448/834 429/398/686 428/439/787
f 431/450/840 429/398/686 436/448/834
f 421/419/739 420/436/769 442/437/771
f 450/451/841 436/448/831 439/440/830
f 392/391/663 383/385/657 450/451/842
f 436/448/843 450/451/837 431/450/836
f 436/448/831 447/381/838 409/433/832
f 445/447/828 421/419/739 442/437/771
f 408/432/749 448/449/844 439/440/788
f 446/410/845 383/385/657 375/370/637
f 431/450/836 446/410/820 438/441/819
f 383/385/657 446/410/845 450/451/842
f 429/398/686 431/450/840 438/441/846
f 439/440/788 448/449/844 450/451/847
f 392/391/663 450/451/842 448/449/833
f 449/446/803 434/445/805 418/425/804
f 451/408/702 421/419/739 418/425/804
f 415/435/757 417/403/691 434/445/813
f 449/446/803 432/442/798 413/444/800
f 411/417/752 421/419/848 385/409/753
f 445/447/828 449/446/803 421/419/739
f 496/452/849 522/453/850 500/454/851
f 519/455/852 500/454/851 518/456/853
f 479/457/854 489/458/855 460/459/856
f 463/460/857 506/461/858 464/462/859
f 467/463/860 477/464/861 468/465/862
f 490/466/863 467/463/864 466/467/865
f 469/468/866 468/465/867 477/464/868
f 495/469/869 452/470/870 472/471/871
f 470/472/872 477/464/873 480/473/874
f 490/466/875 477/464/876 467/463/877
f 475/474/878 457/475/879 456/476/880
f 491/477/881 481/478/882 484/479/883
f 474/480/884 475/474/878 491/477/881
f 481/478/882 475/474/878 456/476/880
f 458/481/885 492/482/886 459/483/887
f 493/484/888 490/466/889 497/485/890
f 521/486/891 522/453/850 459/483/887
f 499/487/892 453/488/893 485/489/894
f 496/452/849 500/454/851 519/455/852
f 472/471/871 482/490/895 495/469/869
f 471/491/896 482/490/895 472/471/871
f 495/469/897 478/492/898 485/489/899
f 458/481/900 475/474/878 474/480/884
f 470/472/901 469/468/866 477/464/868
f 493/484/888 494/493/902 480/473/903
f 474/480/904 492/482/886 458/481/885
f 456/476/880 484/479/883 481/478/882
f 471/491/896 470/472/872 480/473/874
f 494/493/902 482/490/905 480/473/906
f 453/488/907 452/470/870 495/469/869
f 496/452/849 489/458/855 479/457/854
f 478/492/908 495/469/909 501/494/910
f 485/489/899 478/492/898 483/495/911
f 484/479/912 476/496/913 491/477/881
f 483/495/911 502/497/914 498/498/915
f 453/488/916 495/469/917 485/489/918
f 486/499/919 476/496/913 484/479/912
f 488/500/920 476/496/921 486/499/922
f 497/485/923 466/467/865 465/501/924
f 499/487/925 455/502/926 454/503/927
f 461/504/928 460/459/856 489/458/855
f 490/466/889 493/484/888 477/464/929
f 480/473/874 482/490/895 471/491/896
f 455/502/930 484/479/883 456/476/880
f 501/494/910 507/505/931 473/506/932
f 499/487/892 485/489/894 498/498/933
f 453/488/934 499/487/925 454/503/927
f 498/498/933 513/507/935 503/508/936
f 523/509/937 513/507/935 498/498/915
f 455/502/926 504/510/938 486/499/919
f 500/454/851 522/453/850 520/511/939
f 500/454/851 520/511/939 518/456/853
f 477/464/929 493/484/888 480/473/903
f 502/497/940 501/494/910 473/506/932
f 484/479/912 455/502/926 486/499/919
f 504/510/941 499/487/892 503/508/936
f 466/467/865 497/485/923 490/466/863
f 455/502/926 499/487/925 504/510/938
f 461/504/928 489/458/855 508/512/942
f 496/452/849 519/455/852 489/458/855
f 493/484/888 497/485/890 494/493/902
f 494/493/902 497/485/890 505/513/943
f 465/501/924 505/513/944 497/485/923
f 505/513/943 507/505/931 494/493/902
f 505/513/944 465/501/924 464/462/945
f 478/492/898 502/497/914 483/495/911
f 501/494/910 502/497/940 478/492/908
f 502/497/946 473/506/947 523/509/948
f 502/497/914 523/509/937 498/498/915
f 507/505/931 501/494/910 495/469/909
f 507/505/931 505/513/943 506/461/858
f 473/506/932 507/505/931 509/514/949
f 503/508/936 499/487/892 498/498/933
f 461/504/928 508/512/942 462/515/950
f 506/461/858 509/514/949 507/505/931
f 506/461/858 505/513/943 464/462/859
f 463/460/857 462/515/950 506/461/858
f 494/493/902 507/505/931 482/490/905
f 509/514/949 487/516/951 473/506/932
f 510/517/952 523/509/948 473/506/947
f 473/506/947 487/516/953 510/517/952
f 487/516/951 509/514/949 506/461/858
f 506/461/858 462/515/950 508/512/942
f 506/461/858 508/512/942 517/518/954
f 519/455/852 508/512/942 489/458/855
f 507/505/955 495/469/956 482/490/957
f 487/516/951 506/461/858 517/518/954
f 487/516/953 517/518/958 510/517/952
f 512/519/959 513/507/935 511/520/960
f 503/508/936 515/521/961 504/510/941
f 510/517/962 516/522/963 511/520/960
f 513/507/935 515/521/961 503/508/936
f 504/510/941 515/521/961 488/500/920
f 488/500/920 515/521/961 514/523/964
f 510/517/952 517/518/958 508/512/942
f 516/522/963 518/456/853 512/519/959
f 515/521/961 520/511/939 514/523/964
f 515/521/961 513/507/935 512/519/959
f 512/519/959 511/520/960 516/522/963
f 518/456/853 520/511/939 515/521/961
f 516/522/963 510/517/962 518/456/853
f 519/455/852 518/456/853 510/517/962
f 515/521/961 512/519/959 518/456/853
f 492/482/886 488/500/920 514/523/964
f 508/512/942 519/455/852 510/517/952
f 481/478/882 491/477/881 475/474/878
f 514/523/964 520/511/939 522/453/850
f 521/486/891 492/482/886 514/523/964
f 492/482/886 474/480/904 476/496/921
f 521/486/891 514/523/964 522/453/850
f 492/482/886 476/496/921 488/500/920
f 486/499/922 504/510/941 488/500/920
f 521/486/891 459/483/887 492/482/886
f 523/509/937 511/520/960 513/507/935
f 510/517/962 511/520/960 523/509/965
f 491/477/881 476/496/913 474/480/884
f 498/498/915 485/489/899 483/495/911
f 1167/1167/2119 1181/1168/2120 1182/1169/2121
f 1167/1167/2122 1182/1169/2123 1168/1170/2124
f 1168/1170/2125 1182/1169/2126 1169/1171/2127
f 1181/1168/2120 1180/1172/2128 1182/1169/2121
f 1182/1169/2129 1180/1172/2130 1179/1173/2131
f 1182/1169/2132 1179/1173/2133 1169/1171/2134
f 1179/1173/2135 1178/1174/2136 1170/1175/2137
f 1177/1176/2138 1176/1177/2139 1174/1178/2140
f 1177/1176/2141 1174/1178/2142 1173/1179/2143
f 1177/1176/2144 1173/1179/2145 1171/1180/2146
f 1175/1181/2147 1174/1178/2148 1176/1177/2149
f 1172/1182/2150 1171/1180/2151 1173/1179/2152
f 1184/1183/2153 1191/1184/2154 1185/1185/2155
f 1186/1186/2156 1185/1185/2157 1191/1184/2158
f 1186/1186/2159 1190/1187/2160 1192/1188/2161
f 1190/1187/2160 1189/1189/2162 1192/1188/2161
f 1193/1190/2163 1192/1188/2161 1189/1189/2162
f 1193/1190/2164 1187/1191/2165 1192/1188/2166
f 1189/1189/2167 1188/1192/2168 1193/1190/2169
f 1187/1191/2165 1193/1190/2164 1188/1192/2170
f 1195/1193/2171 1198/1194/2172 1197/1195/2173
f 1200/1196/2174 1209/1197/2175 1201/1198/2176
f 1209/1197/2177 1208/1199/2178 1202/1200/2179
f 1207/1201/2180 1206/1202/2181 1210/1203/2182
f 1206/1202/2183 1205/1204/2184 1204/1205/2185
f 1204/1205/2186 1210/1203/2187 1206/1202/2188
f 1204/1205/2189 1203/1206/2190 1210/1203/2191
f 1215/1207/2192 1214/1208/2193 1212/1209/2194
f 1216/1210/2195 1239/1211/2196 1217/1212/2197
f 1216/1210/2198 1238/1213/2199 1239/1211/2200
f 1219/1214/2201 1217/1212/2197 1239/1211/2196
f 1238/1213/2199 1237/1215/2202 1239/1211/2200
f 1239/1211/2200 1237/1215/2202 1240/1216/2203
f 1239/1211/2196 1240/1216/2204 1219/1214/2201
f 1217/1212/2205 1219/1214/2206 1218/1217/2207
f 1220/1218/2208 1219/1214/2201 1240/1216/2204
f 1237/1215/2202 1236/1219/2209 1240/1216/2203
f 1241/1220/2210 1240/1216/2211 1236/1219/2212
f 1241/1220/2213 1220/1218/2214 1240/1216/2215
f 1220/1218/2214 1241/1220/2213 1242/1221/2216
f 1220/1218/2217 1242/1221/2218 1221/1222/2219
f 1222/1223/2220 1221/1222/2221 1242/1221/2222
f 1235/1224/2223 1241/1220/2210 1236/1219/2212
f 1235/1224/2223 1223/1225/2224 1241/1220/2210
f 1241/1220/2225 1223/1225/2226 1242/1221/2227
f 1222/1223/2220 1242/1221/2222 1223/1225/2228
f 1233/1226/2229 1243/1227/2230 1224/1228/2231
f 1233/1226/2232 1232/1229/2233 1243/1227/2234
f 1232/1229/2233 1231/1230/2235 1243/1227/2234
f 1243/1227/2230 1244/1231/2236 1224/1228/2231
f 1231/1230/2237 1225/1232/2238 1243/1227/2239
f 1243/1227/2240 1225/1232/2241 1244/1231/2242
f 1230/1233/2243 1229/1234/2244 1245/1235/2245
f 1230/1233/2246 1245/1235/2247 1226/1236/2248
f 1226/1236/2249 1245/1235/2250 1227/1237/2251
f 1228/1238/2252 1227/1237/2253 1245/1235/2254
f 1229/1234/2244 1228/1238/2255 1245/1235/2245
f 1269/1239/2256 1246/1240/2257 1268/1241/2258
f 1246/1240/2259 1269/1239/2260 1247/1242/2261
f 1267/1243/2262 1269/1239/2263 1268/1241/2264
f 1247/1242/2265 1269/1239/2266 1248/1244/2267
f 1266/1245/2268 1269/1239/2263 1267/1243/2262
f 1269/1239/2266 1266/1245/2269 1248/1244/2267
f 1266/1245/2270 1265/1246/2271 1270/1247/2272
f 1270/1247/2273 1271/1248/2274 1249/1249/2275
f 1265/1246/2276 1271/1248/2277 1270/1247/2278
f 1264/1250/2279 1271/1248/2277 1265/1246/2276
f 1271/1248/2274 1272/1251/2280 1249/1249/2275
f 1249/1249/2275 1272/1251/2280 1250/1252/2281
f 1271/1248/2277 1264/1250/2279 1272/1251/2282
f 1264/1250/2279 1263/1253/2283 1272/1251/2282
f 1250/1252/2281 1272/1251/2280 1251/1254/2284
f 1263/1253/2283 1262/1255/2285 1272/1251/2282
f 1262/1255/2286 1251/1254/2287 1272/1251/2288
f 1253/1256/2289 1261/1257/2290 1273/1258/2291
f 1274/1259/2292 1273/1258/2291 1261/1257/2290
f 1273/1258/2293 1274/1259/2294 1275/1260/2295
f 1275/1260/2296 1254/1261/2297 1273/1258/2298
f 1260/1262/2299 1275/1260/2300 1274/1259/2301
f 1254/1261/2302 1275/1260/2303 1255/1263/2304
f 1275/1260/2303 1276/1264/2305 1255/1263/2304
f 1259/1265/2306 1275/1260/2307 1260/1262/2308
f 1275/1260/2309 1259/1265/2310 1276/1264/2311
f 1256/1266/2312 1255/1263/2304 1276/1264/2305
f 1276/1264/2313 1257/1267/2314 1256/1266/2315
f 1276/1264/2316 1259/1265/2317 1277/1268/2318
f 1276/1264/2319 1277/1268/2320 1257/1267/2321
f 1258/1269/2322 1257/1267/2323 1277/1268/2324
f 1282/1270/2325 1293/1271/2326 1283/1272/2327
f 1283/1272/2328 1293/1271/2329 1284/1273/2330
f 1282/1270/2325 1292/1274/2331 1293/1271/2326
f 1284/1273/2332 1293/1271/2333 1285/1275/2334
f 1293/1271/2335 1292/1274/2336 1286/1276/2337
f 1286/1276/2338 1285/1275/2334 1293/1271/2333
f 1286/1276/2339 1291/1277/2340 1294/1278/2341
f 1291/1277/2340 1290/1279/2342 1294/1278/2341
f 1290/1279/2343 1295/1280/2344 1294/1278/2345
f 1294/1278/2346 1295/1280/2347 1287/1281/2348
f 1288/1282/2349 1287/1281/2350 1295/1280/2351
f 1290/1279/2352 1289/1283/2353 1295/1280/2354
f 1289/1283/2355 1288/1282/2349 1295/1280/2351
f 1297/1284/2356 1300/1285/2357 1298/1286/2358
f 1300/1285/2357 1299/1287/2359 1298/1286/2358
usemtl Material3608
f 541/524/966 526/525/967 527/526/968
f 525/527/969 526/525/967 539/528/970
f 533/529/971 535/530/972 531/531/973
f 533/529/971 531/531/973 532/532/974
f 544/533/975 542/534/976 536/535/977
f 536/535/978 542/534/976 535/530/972
f 539/528/970 524/536/979 525/527/969
f 533/529/971 534/537/980 535/530/972
f 538/538/981 524/536/979 539/528/970
f 539/528/970 526/525/967 541/524/966
f 539/528/970 541/524/966 538/538/982
f 535/530/972 530/539/983 531/531/973
f 528/540/984 544/533/975 540/541/985
f 536/535/977 543/542/986 544/533/975
f 538/538/982 540/541/985 537/543/987
f 527/526/968 528/540/984 541/524/966
f 538/538/982 541/524/966 540/541/985
f 541/524/966 528/540/984 540/541/985
f 535/530/972 542/534/976 530/539/983
f 542/534/976 529/544/988 530/539/983
f 544/533/975 529/544/988 542/534/976
f 543/542/989 537/543/987 540/541/985
f 529/544/988 544/533/975 528/540/984
f 540/541/985 544/533/975 543/542/989
f 566/545/990 554/546/991 572/547/992
f 556/548/993 555/549/994 554/546/991
f 552/550/995 561/551/996 560/552/997
f 567/553/998 565/554/999 569/555/1000
f 557/556/1001 556/548/993 558/557/1002
f 546/558/1003 545/559/1004 567/553/998
f 567/553/998 547/560/1005 546/558/1003
f 553/561/1006 572/547/992 554/546/991
f 569/555/1000 568/562/1007 567/553/998
f 567/553/998 548/563/1008 547/560/1005
f 568/562/1007 549/564/1009 548/563/1008
f 570/565/1010 569/555/1011 571/566/1012
f 558/557/1002 556/548/993 566/545/990
f 570/565/1013 550/567/1014 569/555/1015
f 556/548/993 554/546/991 566/545/990
f 559/568/1016 558/557/1002 566/545/990
f 567/553/998 568/562/1007 548/563/1008
f 549/564/1009 568/562/1007 569/555/1000
f 545/559/1004 565/554/999 567/553/998
f 566/545/990 572/547/992 559/568/1016
f 560/552/997 572/547/992 552/550/995
f 550/567/1014 570/565/1013 573/569/1017
f 569/555/1000 550/567/1018 549/564/1009
f 571/566/1012 564/570/1019 570/565/1010
f 575/571/1020 551/572/1021 550/567/1022
f 573/569/1017 576/573/1023 575/571/1024
f 562/574/1025 561/551/996 576/573/1023
f 564/570/1026 563/575/1027 573/569/1028
f 569/555/1011 565/554/1029 571/566/1012
f 560/552/997 559/568/1030 572/547/992
f 552/550/995 572/547/992 553/561/1006
f 570/565/1010 564/570/1019 573/569/1031
f 575/571/1024 550/567/1014 573/569/1017
f 563/575/1032 562/574/1033 573/569/1034
f 576/573/1023 561/551/996 574/576/1035
f 552/550/995 574/576/1035 561/551/996
f 562/574/1025 576/573/1023 573/569/1017
f 575/571/1036 574/576/1037 551/572/1038
f 552/550/995 551/572/1039 574/576/1035
f 576/573/1023 574/576/1035 575/571/1024
usemtl Material3600
f 585/577/1040 579/578/1041 580/579/1042
f 585/577/1043 577/580/1044 578/581/1045
f 580/579/1046 581/582/1047 584/583/1048
f 585/577/1043 578/581/1045 579/578/1049
f 581/582/1050 582/584/1051 583/585/1052
f 585/577/1053 580/579/1054 584/583/1055
f 584/583/1056 581/582/1057 583/585/1058
f 592/586/1059 586/587/1060 588/588/1061
f 586/587/1060 587/589/1062 588/588/1061
f 592/586/1063 590/590/1064 591/591/1065
f 590/590/1066 592/586/1067 589/592/1068
f 591/591/1065 586/587/1069 592/586/1063
f 588/588/1061 589/592/1070 592/586/1059
f 598/593/1071 597/594/1072 599/595/1073
f 600/596/1074 596/597/1075 595/598/1076
f 600/596/1077 597/594/1078 596/597/1079
f 600/596/1074 595/598/1076 594/599/1080
f 600/596/1081 594/599/1082 593/600/1083
f 605/601/1084 604/602/1085 606/603/1086
f 604/602/1085 603/604/1087 606/603/1086
f 602/605/1088 607/606/1089 606/603/1086
f 607/606/1089 602/605/1088 601/607/1090
f 602/605/1088 606/603/1086 603/604/1087
f 611/608/1091 612/609/1092 625/610/1093
f 613/611/1094 614/612/1095 626/613/1096
f 622/614/1097 623/615/1098 612/609/1099
f 621/616/1100 622/614/1101 626/613/1102
f 625/610/1103 612/609/1099 623/615/1098
f 624/617/1104 625/610/1103 623/615/1098
f 625/610/1105 624/617/1106 608/618/1107
f 608/618/1108 610/619/1109 625/610/1093
f 610/619/1109 608/618/1108 609/620/1110
f 615/621/1111 616/622/1112 620/623/1113
f 612/609/1099 613/611/1114 626/613/1115
f 616/622/1112 618/624/1116 619/625/1117
f 618/624/1118 616/622/1119 617/626/1120
f 621/616/1121 626/613/1122 620/623/1123
f 614/612/1124 615/621/1125 626/613/1126
f 612/609/1099 626/613/1115 622/614/1097
f 620/623/1113 626/613/1127 615/621/1111
f 611/608/1091 625/610/1093 610/619/1109
f 619/625/1117 620/623/1113 616/622/1112
usemtl Material3604
f 640/627/1128 662/628/1129 641/629/1130
f 641/629/1130 671/630/1131 642/631/1132
f 687/632/1133 667/633/1134 657/634/1135
f 646/635/1136 664/636/1137 648/637/1138
f 663/638/1139 662/628/1129 640/627/1128
f 638/639/1140 667/633/1141 663/638/1139
f 676/640/1142 637/641/1143 636/642/1144
f 672/643/1145 698/644/1146 650/645/1147
f 649/646/1148 672/643/1149 650/645/1150
f 647/647/1151 646/635/1136 648/637/1138
f 664/636/1137 649/646/1148 648/637/1138
f 634/648/1152 678/649/1153 635/650/1154
f 663/638/1139 640/627/1128 639/651/1155
f 646/635/1156 645/652/1157 664/636/1137
f 679/653/1158 651/654/1159 650/645/1160
f 680/655/1161 629/656/1162 628/657/1163
f 665/658/1164 673/659/1165 683/660/1166
f 680/655/1167 628/657/1168 683/660/1166
f 666/661/1169 631/662/1170 630/663/1171
f 659/664/1172 653/665/1173 652/666/1174
f 652/666/1174 651/654/1159 679/653/1158
f 658/667/1175 694/668/1176 656/669/1177
f 692/670/1178 654/671/1179 691/672/1180
f 660/673/1181 659/664/1172 652/666/1174
f 658/667/1175 656/669/1177 655/674/1182
f 674/675/1183 666/661/1184 695/676/1185
f 630/663/1186 673/659/1187 666/661/1188
f 666/661/1188 673/659/1187 695/676/1189
f 636/642/1144 677/677/1190 676/640/1142
f 676/640/1191 677/677/1192 684/678/1193
f 681/679/1194 633/680/1195 674/675/1196
f 690/681/1197 679/653/1158 670/682/1198
f 671/630/1199 643/683/1200 642/631/1201
f 671/630/1131 662/628/1129 682/684/1202
f 662/628/1129 671/630/1131 641/629/1130
f 649/646/1148 664/636/1137 672/643/1149
f 644/685/1203 643/683/1204 671/630/1205
f 680/655/1167 683/660/1166 673/659/1187
f 631/662/1206 666/661/1207 632/686/1208
f 633/680/1209 632/686/1208 666/661/1207
f 637/641/1210 675/687/1211 638/639/1212
f 676/640/1213 675/687/1211 637/641/1210
f 638/639/1214 675/687/1215 667/633/1216
f 678/649/1153 636/642/1217 635/650/1154
f 636/642/1144 678/649/1218 677/677/1190
f 634/648/1219 633/680/1220 681/679/1221
f 678/649/1222 634/648/1223 681/679/1224
f 676/640/1191 684/678/1193 669/688/1225
f 671/630/1226 645/652/1227 644/685/1228
f 629/656/1162 680/655/1161 630/663/1229
f 633/680/1195 666/661/1230 674/675/1196
f 669/688/1231 675/687/1211 676/640/1213
f 675/687/1215 668/689/1232 667/633/1216
f 689/690/1233 678/649/1222 681/679/1224
f 689/690/1234 681/679/1194 674/675/1196
f 678/649/1222 689/690/1233 684/678/1193
f 669/688/1225 684/678/1193 685/691/1235
f 627/692/1236 683/660/1166 628/657/1168
f 689/690/1237 694/668/1176 658/667/1175
f 697/693/1238 685/691/1239 658/667/1240
f 672/643/1149 664/636/1137 645/652/1157
f 673/659/1187 630/663/1186 680/655/1167
f 683/660/1166 627/692/1236 656/669/1177
f 668/689/1241 657/634/1242 667/633/1243
f 675/687/1215 669/688/1244 668/689/1232
f 663/638/1245 687/632/1133 693/694/1246
f 684/678/1193 677/677/1192 678/649/1222
f 688/695/1247 659/664/1172 660/673/1181
f 657/634/1135 688/695/1248 687/632/1133
f 689/690/1249 665/658/1164 694/668/1176
f 684/678/1193 689/690/1233 685/691/1235
f 654/671/1250 653/665/1251 659/664/1252
f 659/664/1172 688/695/1247 691/672/1253
f 688/695/1248 690/681/1254 687/632/1133
f 697/693/1255 655/674/1256 692/670/1257
f 667/633/1134 687/632/1133 663/638/1245
f 661/696/1258 682/684/1202 693/694/1246
f 693/694/1246 687/632/1133 690/681/1254
f 690/681/1259 670/682/1260 661/696/1258
f 661/696/1258 693/694/1246 690/681/1254
f 660/673/1181 679/653/1158 690/681/1197
f 693/694/1246 682/684/1202 662/628/1129
f 645/652/1261 671/630/1262 686/697/1263
f 665/658/1264 674/675/1265 695/676/1266
f 674/675/1265 665/658/1264 689/690/1267
f 694/668/1176 683/660/1166 656/669/1177
f 665/658/1268 695/676/1269 673/659/1270
f 669/688/1271 696/698/1272 668/689/1273
f 696/698/1272 669/688/1271 697/693/1238
f 691/672/1274 668/689/1275 696/698/1276
f 698/644/1277 672/643/1149 686/697/1278
f 645/652/1157 686/697/1278 672/643/1149
f 660/673/1181 652/666/1174 679/653/1158
f 690/681/1197 688/695/1247 660/673/1181
f 692/670/1279 691/672/1280 696/698/1281
f 696/698/1272 697/693/1238 692/670/1282
f 669/688/1271 685/691/1239 697/693/1238
f 679/653/1158 650/645/1160 698/644/1277
f 679/653/1158 698/644/1277 670/682/1198
f 686/697/1278 670/682/1198 698/644/1277
f 671/630/1262 682/684/1202 661/696/1258
f 670/682/1260 686/697/1263 661/696/1258
f 661/696/1258 686/697/1263 671/630/1262
f 683/660/1166 694/668/1176 665/658/1164
f 658/667/1240 685/691/1239 689/690/1283
f 688/695/1248 657/634/1135 691/672/1284
f 691/672/1285 654/671/1286 659/664/1287
f 655/674/1288 654/671/1289 692/670/1290
f 639/651/1155 638/639/1140 663/638/1139
f 693/694/1246 662/628/1129 663/638/1245
f 668/689/1241 691/672/1291 657/634/1242
f 655/674/1182 697/693/1292 658/667/1175
f 712/699/1293 750/700/1294 729/701/1295
f 750/700/1294 714/702/1296 715/703/1297
f 705/704/1298 732/705/1299 704/706/1300
f 714/702/1296 750/700/1294 712/699/1293
f 750/700/1301 757/707/1302 733/708/1303
f 707/709/1304 737/710/1305 747/711/1306
f 700/712/1307 731/713/1308 766/714/1309
f 753/715/1310 746/716/1311 752/717/1312
f 725/718/1313 739/719/1314 724/720/1315
f 725/718/1316 752/717/1317 740/721/1318
f 707/709/1319 708/722/1320 748/723/1321
f 708/722/1322 709/724/1323 749/725/1324
f 718/726/1325 722/727/1326 738/728/1327
f 730/729/1328 754/730/1329 711/731/1330
f 714/702/1331 712/699/1332 713/732/1333
f 756/733/1334 743/734/1335 705/704/1336
f 722/727/1326 718/726/1325 721/735/1337
f 718/726/1325 738/728/1327 717/736/1338
f 712/699/1293 730/729/1339 711/731/1340
f 772/737/1341 765/738/1342 731/713/1343
f 720/739/1344 721/735/1337 719/740/1345
f 733/708/1346 723/741/1347 724/720/1348
f 749/725/1349 755/742/1350 759/743/1351
f 742/744/1352 761/745/1353 769/746/1354
f 702/747/1355 703/748/1356 731/713/1357
f 731/713/1308 700/712/1307 701/749/1358
f 735/750/1359 765/738/1360 772/737/1361
f 706/751/1362 747/711/1306 735/750/1359
f 700/712/1307 766/714/1309 699/752/1363
f 704/706/1364 732/705/1365 703/748/1366
f 737/710/1305 764/753/1367 758/754/1368
f 742/744/1369 759/743/1370 755/742/1371
f 723/741/1372 738/728/1327 722/727/1326
f 740/721/1318 752/717/1317 741/755/1373
f 752/717/1374 726/756/1375 727/757/1376
f 761/745/1377 709/724/1378 710/758/1379
f 705/704/1380 706/751/1381 756/733/1382
f 743/734/1383 732/705/1299 705/704/1298
f 706/751/1362 707/709/1304 747/711/1306
f 708/722/1384 749/725/1385 748/723/1386
f 755/742/1387 749/725/1324 709/724/1323
f 719/740/1345 721/735/1337 718/726/1325
f 723/741/1388 733/708/1389 738/728/1390
f 715/703/1391 716/759/1392 757/707/1302
f 750/700/1301 715/703/1391 757/707/1302
f 750/700/1393 751/760/1394 729/701/1395
f 739/719/1396 725/718/1316 740/721/1318
f 753/715/1310 752/717/1312 727/757/1397
f 746/716/1311 753/715/1310 764/753/1367
f 761/745/1377 710/758/1379 711/731/1330
f 735/750/1359 772/737/1361 743/734/1398
f 706/751/1399 735/750/1400 756/733/1401
f 765/738/1360 735/750/1359 763/761/1402
f 735/750/1359 737/710/1305 758/754/1368
f 747/711/1306 737/710/1305 735/750/1359
f 744/762/1403 753/715/1310 728/763/1404
f 701/749/1358 702/747/1405 731/713/1308
f 703/748/1356 732/705/1406 772/737/1407
f 707/709/1304 748/723/1408 737/710/1305
f 768/764/1409 764/753/1367 737/710/1305
f 768/764/1410 767/765/1411 770/766/1412
f 750/700/1413 733/708/1414 751/760/1415
f 757/707/1302 716/759/1392 738/728/1327
f 717/736/1338 738/728/1327 716/759/1392
f 699/752/1416 744/762/1417 728/763/1418
f 753/715/1310 744/762/1419 745/767/1420
f 751/760/1421 733/708/1346 760/768/1422
f 762/769/1423 760/768/1424 740/721/1425
f 749/725/1385 759/743/1426 748/723/1386
f 728/763/1404 753/715/1310 727/757/1397
f 741/755/1427 746/716/1428 734/770/1429
f 741/755/1430 734/770/1431 740/721/1432
f 734/770/1431 769/746/1433 740/721/1432
f 769/746/1434 729/701/1435 762/769/1423
f 711/731/1330 754/730/1329 761/745/1377
f 760/768/1422 733/708/1346 724/720/1348
f 757/707/1302 738/728/1327 733/708/1436
f 744/762/1419 736/771/1437 745/767/1420
f 763/761/1438 745/767/1420 736/771/1437
f 763/761/1438 764/753/1367 745/767/1420
f 758/754/1368 763/761/1402 735/750/1359
f 699/752/1439 766/714/1440 744/762/1441
f 764/753/1367 763/761/1402 758/754/1368
f 763/761/1402 736/771/1442 765/738/1360
f 731/713/1343 765/738/1342 766/714/1443
f 736/771/1444 744/762/1445 766/714/1446
f 765/738/1447 736/771/1448 766/714/1449
f 712/699/1293 729/701/1295 730/729/1339
f 760/768/1422 724/720/1348 739/719/1450
f 751/760/1421 760/768/1422 729/701/1451
f 762/769/1423 729/701/1435 760/768/1452
f 742/744/1369 755/742/1371 761/745/1453
f 753/715/1310 745/767/1420 764/753/1367
f 740/721/1318 760/768/1454 739/719/1396
f 752/717/1455 746/716/1456 741/755/1457
f 730/729/1339 769/746/1458 754/730/1459
f 746/716/1460 770/766/1412 767/765/1411
f 746/716/1311 764/753/1367 770/766/1461
f 734/770/1462 746/716/1463 771/772/1464
f 769/746/1458 730/729/1339 729/701/1295
f 740/721/1425 769/746/1434 762/769/1423
f 742/744/1465 771/772/1466 759/743/1467
f 769/746/1468 771/772/1469 742/744/1470
f 734/770/1471 771/772/1469 769/746/1468
f 769/746/1458 761/745/1472 754/730/1459
f 770/766/1461 764/753/1367 768/764/1409
f 768/764/1473 737/710/1305 748/723/1408
f 759/743/1474 771/772/1475 767/765/1476
f 746/716/1477 767/765/1476 771/772/1475
f 709/724/1323 761/745/1478 755/742/1387
f 735/750/1479 743/734/1335 756/733/1334
f 772/737/1407 731/713/1357 703/748/1356
f 772/737/1480 732/705/1481 743/734/1482
f 759/743/1426 768/764/1483 748/723/1386
f 767/765/1411 768/764/1410 759/743/1484
f 813/773/1485 807/774/1486 810/775/1487
f 805/776/1488 776/777/1489 775/778/1490
f 814/779/1491 782/780/1492 781/781/1493
f 821/782/1494 794/783/1495 793/784/1496
f 788/785/1497 790/786/1498 789/787/1499
f 797/788/1500 799/789/1501 798/790/1502
f 811/791/1503 797/788/1500 796/792/1504
f 804/793/1505 776/777/1489 805/776/1488
f 775/778/1490 774/794/1506 801/795/1507
f 805/776/1488 775/778/1490 801/795/1507
f 773/796/1508 801/795/1507 774/794/1506
f 806/797/1509 782/780/1492 814/779/1491
f 808/798/1510 778/799/1511 802/800/1512
f 824/801/1513 817/802/1514 822/803/1515
f 787/804/1516 819/805/1517 788/785/1518
f 777/806/1519 804/793/1505 778/799/1520
f 784/807/1521 786/808/1522 785/809/1523
f 779/810/1524 808/798/1525 780/811/1526
f 783/812/1527 806/797/1528 786/808/1529
f 781/781/1530 780/811/1526 814/779/1531
f 777/806/1519 776/777/1489 804/793/1505
f 786/808/1522 784/807/1521 783/812/1532
f 778/799/1511 804/793/1533 802/800/1512
f 778/799/1534 808/798/1525 779/810/1524
f 791/813/1535 790/786/1536 809/814/1537
f 815/815/1538 811/791/1539 823/816/1540
f 807/774/1486 822/803/1515 818/817/1541
f 806/797/1528 803/818/1542 786/808/1529
f 823/816/1540 811/791/1539 817/802/1543
f 806/797/1509 814/779/1491 810/775/1544
f 814/779/1531 780/811/1526 810/775/1487
f 803/818/1542 806/797/1528 810/775/1545
f 792/819/1546 791/813/1535 812/820/1547
f 811/791/1503 795/821/1548 816/822/1549
f 795/821/1548 794/783/1495 816/822/1549
f 818/817/1550 821/782/1494 793/784/1496
f 809/814/1537 812/820/1547 791/813/1535
f 810/775/1487 807/774/1486 803/818/1551
f 787/804/1516 803/818/1551 819/805/1517
f 812/820/1552 793/784/1553 792/819/1554
f 812/820/1555 818/817/1556 793/784/1557
f 811/791/1539 816/822/1558 817/802/1543
f 815/815/1559 797/788/1500 811/791/1503
f 800/823/1560 799/789/1501 815/815/1559
f 808/798/1525 802/800/1561 813/773/1485
f 810/775/1487 808/798/1525 813/773/1485
f 807/774/1486 818/817/1541 809/814/1537
f 807/774/1486 809/814/1537 819/805/1517
f 803/818/1551 807/774/1486 819/805/1517
f 795/821/1548 811/791/1503 796/792/1504
f 790/786/1536 819/805/1517 809/814/1537
f 788/785/1562 819/805/1517 790/786/1536
f 823/816/1540 805/776/1563 800/823/1564
f 782/780/1492 806/797/1509 783/812/1565
f 815/815/1559 799/789/1501 797/788/1500
f 817/802/1543 816/822/1558 822/803/1566
f 810/775/1487 780/811/1526 808/798/1525
f 809/814/1537 818/817/1541 812/820/1547
f 813/773/1485 802/800/1567 822/803/1515
f 821/782/1494 816/822/1549 794/783/1495
f 816/822/1549 821/782/1494 820/824/1568
f 820/824/1569 818/817/1570 822/803/1566
f 787/804/1571 786/808/1529 803/818/1542
f 823/816/1540 800/823/1564 815/815/1538
f 813/773/1485 822/803/1515 807/774/1486
f 820/824/1568 821/782/1494 818/817/1550
f 824/801/1513 805/776/1572 823/816/1573
f 800/823/1564 805/776/1563 801/795/1574
f 822/803/1515 802/800/1567 824/801/1513
f 805/776/1575 802/800/1512 804/793/1533
f 802/800/1567 805/776/1572 824/801/1513
f 817/802/1514 824/801/1513 823/816/1573
f 822/803/1566 816/822/1558 820/824/1569
f 860/825/1576 858/826/1577 868/827/1578
f 858/826/1579 860/825/1576 861/828/1580
f 837/829/1581 856/830/1582 836/831/1583
f 861/828/1580 827/832/1584 828/833/1585
f 871/834/1586 854/835/1587 863/836/1588
f 839/837/1589 872/838/1590 838/839/1591
f 856/830/1582 863/836/1588 834/840/1592
f 834/840/1592 863/836/1588 833/841/1593
f 830/842/1594 832/843/1595 855/844/1596
f 875/845/1597 848/846/1598 866/847/1599
f 843/848/1600 844/849/1601 864/850/1602
f 858/826/1603 861/828/1604 862/851/1605
f 858/826/1606 862/851/1607 852/852/1608
f 847/853/1609 875/845/1597 846/854/1610
f 865/855/1611 867/856/1612 877/857/1613
f 839/837/1614 859/858/1615 872/838/1616
f 875/845/1597 847/853/1609 848/846/1598
f 826/859/1617 861/828/1580 857/860/1618
f 835/861/1619 856/830/1582 834/840/1592
f 828/833/1585 829/862/1620 861/828/1580
f 826/859/1617 857/860/1618 851/863/1621
f 877/857/1622 850/864/1623 873/865/1624
f 860/825/1576 857/860/1618 861/828/1580
f 826/859/1617 851/863/1621 825/866/1625
f 857/860/1618 850/864/1623 851/863/1621
f 864/850/1602 842/867/1626 843/848/1600
f 829/862/1620 862/851/1627 861/828/1580
f 855/844/1596 832/843/1595 854/835/1587
f 865/855/1628 866/847/1599 848/846/1598
f 841/868/1629 839/837/1630 840/869/1631
f 827/832/1584 861/828/1580 826/859/1617
f 857/860/1618 860/825/1576 868/827/1578
f 830/842/1594 862/851/1627 829/862/1620
f 852/852/1632 862/851/1627 855/844/1596
f 859/858/1615 876/870/1633 869/871/1634
f 842/867/1635 864/850/1636 859/858/1615
f 830/842/1594 855/844/1596 862/851/1627
f 849/872/1637 867/856/1638 865/855/1628
f 876/870/1633 864/850/1636 844/849/1639
f 849/872/1637 865/855/1628 848/846/1598
f 856/830/1582 838/839/1591 871/834/1586
f 844/849/1639 845/873/1640 876/870/1633
f 838/839/1591 856/830/1582 837/829/1581
f 846/854/1610 875/845/1597 870/874/1641
f 858/826/1642 852/852/1643 868/827/1644
f 835/861/1619 836/831/1645 856/830/1582
f 863/836/1588 854/835/1587 832/843/1595
f 833/841/1593 863/836/1588 832/843/1595
f 831/875/1646 832/843/1595 830/842/1594
f 864/850/1636 876/870/1633 859/858/1615
f 856/830/1582 871/834/1586 863/836/1588
f 853/876/1647 872/838/1616 859/858/1615
f 871/834/1586 872/838/1590 853/876/1647
f 875/845/1648 874/877/1649 870/874/1650
f 870/874/1650 874/877/1649 868/827/1644
f 866/847/1651 874/877/1649 875/845/1648
f 877/857/1622 873/865/1624 865/855/1652
f 865/855/1652 873/865/1624 874/877/1649
f 874/877/1649 873/865/1624 857/860/1618
f 874/877/1649 857/860/1618 868/827/1644
f 869/871/1634 853/876/1647 859/858/1615
f 869/871/1634 876/870/1633 870/874/1653
f 846/854/1610 870/874/1641 876/870/1633
f 845/873/1640 846/854/1610 876/870/1633
f 866/847/1651 865/855/1652 874/877/1649
f 870/874/1650 868/827/1644 852/852/1643
f 855/844/1654 854/835/1587 869/871/1634
f 869/871/1634 852/852/1643 855/844/1654
f 870/874/1650 852/852/1643 869/871/1634
f 869/871/1634 854/835/1587 853/876/1647
f 871/834/1586 853/876/1647 854/835/1587
f 871/834/1586 838/839/1591 872/838/1590
f 839/837/1630 841/868/1629 859/858/1615
f 842/867/1635 859/858/1615 841/868/1629
f 857/860/1618 873/865/1624 850/864/1623
usemtl FABRIC_7_FRONT_725011
f 940/878/1655 899/879/1656 932/880/1657
f 890/881/1658 889/882/1659 921/883/1660
f 936/884/1661 882/885/1662 881/886/1663
f 940/878/1655 900/887/1664 899/879/1656
f 908/888/1665 922/889/1666 910/890/1667
f 914/891/1668 913/892/1669 885/893/1670
f 920/894/1671 885/893/1670 913/892/1669
f 886/895/1672 885/893/1670 920/894/1671
f 906/896/1673 927/897/1674 918/898/1675
f 901/899/1676 917/900/1677 938/901/1678
f 908/888/1665 910/890/1667 909/902/1679
f 900/887/1664 917/900/1677 901/899/1676
f 945/903/1680 891/904/1681 921/883/1660
f 890/881/1658 921/883/1660 891/904/1681
f 920/894/1682 913/892/1683 923/905/1684
f 884/906/1685 883/907/1686 914/891/1668
f 886/895/1672 920/894/1671 887/908/1687
f 914/891/1668 885/893/1670 884/906/1685
f 889/882/1659 939/909/1688 921/883/1660
f 919/910/1689 911/911/1690 910/890/1667
f 926/912/1691 916/913/1692 938/901/1693
f 889/882/1694 920/894/1682 939/909/1695
f 889/882/1696 888/914/1697 920/894/1698
f 917/900/1677 900/887/1664 940/878/1655
f 917/900/1677 924/915/1699 926/912/1700
f 887/908/1701 920/894/1702 888/914/1703
f 908/888/1665 907/916/1704 906/896/1673
f 923/905/1684 913/892/1683 912/917/1705
f 920/894/1682 923/905/1684 939/909/1695
f 925/918/1706 924/915/1707 915/919/1708
f 939/909/1688 924/915/1707 925/918/1706
f 921/883/1660 939/909/1688 925/918/1706
f 906/896/1673 922/889/1666 908/888/1665
f 905/920/1709 944/921/1710 906/896/1673
f 922/889/1666 906/896/1673 918/898/1675
f 928/922/1711 935/923/1712 943/924/1713
f 923/905/1714 928/922/1711 916/913/1692
f 923/905/1714 916/913/1692 939/909/1688
f 923/905/1714 912/917/1715 928/922/1711
f 915/919/1716 940/878/1717 933/925/1718
f 896/926/1719 929/927/1720 931/928/1721
f 931/928/1722 932/880/1723 897/929/1724
f 930/930/1725 894/931/1726 893/932/1727
f 894/931/1728 930/930/1729 929/927/1730
f 893/932/1727 892/933/1731 930/930/1725
f 895/934/1732 894/931/1728 929/927/1730
f 898/935/1733 932/880/1657 899/879/1656
f 930/930/1729 945/903/1734 934/936/1735
f 933/925/1718 932/880/1723 934/936/1736
f 932/880/1723 933/925/1718 940/878/1717
f 929/927/1730 930/930/1729 934/936/1735
f 931/928/1722 934/936/1736 932/880/1723
f 934/936/1737 931/928/1721 929/927/1720
f 942/937/1738 935/923/1739 912/917/1715
f 880/938/1740 946/939/1741 936/884/1661
f 880/938/1740 879/940/1742 950/941/1743
f 916/913/1692 928/922/1711 938/901/1693
f 902/942/1744 901/899/1676 938/901/1678
f 948/943/1745 913/892/1669 936/884/1661
f 892/933/1731 891/904/1681 945/903/1680
f 938/901/1678 917/900/1677 926/912/1700
f 924/915/1707 916/913/1692 926/912/1691
f 922/889/1666 919/910/1689 910/890/1667
f 941/944/1746 919/910/1689 918/898/1675
f 940/878/1717 924/915/1699 917/900/1677
f 921/883/1660 925/918/1706 945/903/1734
f 904/945/1747 935/923/1748 944/921/1710
f 903/946/1749 943/924/1750 904/945/1751
f 904/945/1752 943/924/1753 935/923/1754
f 913/892/1683 948/943/1755 949/947/1756
f 942/937/1738 944/921/1710 935/923/1748
f 916/913/1692 924/915/1707 939/909/1688
f 929/927/1757 896/926/1758 895/934/1759
f 897/929/1760 896/926/1761 931/928/1762
f 945/903/1680 930/930/1725 892/933/1731
f 898/935/1733 897/929/1763 932/880/1657
f 945/903/1734 915/919/1708 934/936/1735
f 880/938/1740 936/884/1661 881/886/1663
f 949/947/1756 948/943/1755 946/939/1764
f 947/948/1765 911/911/1690 919/910/1689
f 924/915/1699 940/878/1717 915/919/1716
f 938/901/1678 943/924/1750 903/946/1749
f 928/922/1711 943/924/1713 938/901/1693
f 945/903/1734 925/918/1706 915/919/1708
f 878/949/1766 947/948/1765 937/950/1767
f 878/949/1766 937/950/1767 879/940/1742
f 933/925/1718 934/936/1736 915/919/1716
f 882/885/1662 936/884/1661 914/891/1668
f 936/884/1661 913/892/1669 914/891/1668
f 946/939/1741 880/938/1740 950/941/1743
f 937/950/1767 947/948/1765 919/910/1689
f 938/901/1678 903/946/1749 902/942/1744
f 928/922/1711 912/917/1715 935/923/1739
f 941/944/1746 937/950/1767 919/910/1689
f 918/898/1675 919/910/1689 922/889/1666
f 904/945/1747 944/921/1710 905/920/1709
f 906/896/1673 944/921/1710 927/897/1674
f 948/943/1745 936/884/1661 946/939/1768
f 949/947/1769 942/937/1738 912/917/1715
f 913/892/1683 949/947/1756 912/917/1705
f 950/941/1770 949/947/1756 946/939/1764
f 937/950/1767 941/944/1746 950/941/1743
f 937/950/1767 950/941/1743 879/940/1742
f 918/898/1675 927/897/1674 941/944/1746
f 950/941/1743 941/944/1746 949/947/1769
f 882/885/1662 914/891/1668 883/907/1686
f 927/897/1674 942/937/1738 949/947/1769
f 941/944/1746 927/897/1674 949/947/1769
f 944/921/1710 942/937/1738 927/897/1674
f 972/951/1771 1021/952/1772 971/953/1773
f 993/954/1774 986/955/1775 987/956/1776
f 987/956/1776 986/955/1775 992/957/1777
f 964/958/1778 965/959/1779 966/960/1780
f 997/961/1781 973/962/1782 974/963/1783
f 996/964/1784 997/961/1781 995/965/1785
f 998/966/1786 960/967/1787 961/968/1788
f 985/969/1789 1003/970/1790 1011/971/1791
f 1001/972/1792 1014/973/1793 1019/974/1794
f 996/964/1784 973/962/1782 997/961/1781
f 985/969/1789 993/954/1774 987/956/1776
f 961/968/1788 962/975/1795 998/966/1786
f 957/976/1796 987/956/1776 956/977/1797
f 987/956/1798 955/978/1799 956/977/1800
f 958/979/1801 959/980/1802 994/981/1803
f 994/981/1803 985/969/1789 958/979/1801
f 957/976/1796 958/979/1801 985/969/1789
f 1006/982/1804 964/958/1778 966/960/1780
f 969/983/1805 970/984/1806 968/985/1807
f 995/965/1785 1021/952/1772 996/964/1784
f 1013/986/1808 962/975/1795 963/987/1809
f 995/965/1785 997/961/1781 1002/988/1810
f 1010/989/1811 1007/990/1812 1008/991/1813
f 972/951/1771 996/964/1784 1021/952/1772
f 1010/989/1814 985/969/1789 1011/971/1791
f 987/956/1776 957/976/1796 985/969/1789
f 999/992/1815 981/993/1816 982/994/1817
f 999/992/1815 980/995/1818 981/993/1816
f 986/955/1775 993/954/1774 1012/996/1819
f 978/997/1820 1018/998/1821 977/999/1822
f 955/978/1823 987/956/1824 954/1000/1825
f 994/981/1803 959/980/1802 960/967/1787
f 999/992/1815 1004/1001/1826 1000/1002/1827
f 977/999/1828 1018/998/1829 976/1003/1830
f 1001/972/1792 1004/1001/1826 984/1004/1831
f 994/981/1803 960/967/1787 998/966/1786
f 999/992/1815 1000/1002/1827 980/995/1818
f 999/992/1815 982/994/1817 983/1005/1832
f 985/969/1789 994/981/1803 1003/970/1790
f 1013/986/1808 998/966/1786 962/975/1795
f 991/1006/1833 1004/1001/1826 1001/972/1792
f 1003/970/1834 990/1007/1835 1002/988/1810
f 995/965/1785 1002/988/1810 990/1007/1835
f 988/1008/1836 1003/970/1837 1002/988/1838
f 1005/1009/1839 1017/1010/1840 1016/1011/1841
f 966/960/1842 1005/1009/1843 1006/982/1844
f 966/960/1842 967/1012/1845 1005/1009/1843
f 1017/1010/1840 1009/1013/1846 989/1014/1847
f 1005/1009/1843 967/1012/1845 1017/1010/1848
f 1016/1011/1849 1006/982/1844 1005/1009/1843
f 1015/1015/1850 968/985/1807 970/984/1806
f 1004/1001/1826 991/1006/1833 1000/1002/1827
f 997/961/1781 976/1003/1851 1018/998/1821
f 1019/974/1794 992/957/1777 986/955/1775
f 987/956/1776 992/957/1777 954/1000/1852
f 985/969/1789 1010/989/1814 993/954/1774
f 1011/971/1853 1007/990/1812 1010/989/1811
f 1008/991/1813 1012/996/1819 1010/989/1811
f 1018/998/1821 978/997/1820 1007/990/1854
f 993/954/1774 1010/989/1814 1012/996/1819
f 1012/996/1819 1008/991/1813 1022/1016/1855
f 973/962/1782 996/964/1784 972/951/1771
f 1004/1001/1826 999/992/1815 983/1005/1832
f 1000/1002/1827 979/1017/1856 980/995/1818
f 1020/1018/1857 1000/1002/1827 991/1006/1833
f 1020/1018/1858 991/1006/1833 1008/991/1813
f 989/1014/1859 998/966/1860 1013/986/1861
f 964/958/1778 1013/986/1808 963/987/1809
f 1003/970/1862 988/1008/1863 1011/971/1853
f 989/1014/1859 990/1007/1864 994/981/1803
f 1003/970/1790 994/981/1803 990/1007/1864
f 984/1004/1831 1004/1001/1826 983/1005/1832
f 968/985/1865 1015/1015/1866 967/1012/1867
f 989/1014/1847 1016/1011/1841 1017/1010/1840
f 964/958/1778 1006/982/1804 1013/986/1808
f 1013/986/1861 1016/1011/1849 989/1014/1859
f 970/984/1868 1021/952/1772 1017/1010/1869
f 967/1012/1867 1015/1015/1866 1017/1010/1870
f 1017/1010/1871 1015/1015/1850 970/984/1806
f 978/997/1872 979/1017/1856 1020/1018/1857
f 997/961/1781 974/963/1783 975/1019/1873
f 976/1003/1851 997/961/1781 975/1019/1873
f 997/961/1781 1018/998/1821 1007/990/1854
f 984/1004/1831 1014/973/1793 1001/972/1792
f 951/1020/1874 1014/973/1793 984/1004/1831
f 953/1021/1875 992/957/1777 1019/974/1876
f 1007/990/1877 988/1008/1878 997/961/1879
f 1020/1018/1857 979/1017/1856 1000/1002/1827
f 1021/952/1772 995/965/1785 1009/1013/1880
f 995/965/1785 990/1007/1835 989/1014/1847
f 995/965/1785 989/1014/1847 1009/1013/1846
f 998/966/1860 989/1014/1859 994/981/1803
f 1022/1016/1855 991/1006/1833 1001/972/1792
f 988/1008/1881 1002/988/1882 997/961/1883
f 951/1020/1874 952/1022/1884 1014/973/1793
f 953/1021/1885 1014/973/1793 952/1022/1884
f 1006/982/1844 1016/1011/1849 1013/986/1861
f 1021/952/1772 970/984/1868 971/953/1773
f 978/997/1886 1020/1018/1858 1008/991/1813
f 988/1008/1863 1007/990/1812 1011/971/1853
f 1008/991/1887 1007/990/1854 978/997/1820
f 1021/952/1772 1009/1013/1880 1017/1010/1869
f 992/957/1777 953/1021/1875 954/1000/1852
f 1014/973/1793 953/1021/1885 1019/974/1794
f 1022/1016/1855 1001/972/1792 1019/974/1794
f 991/1006/1833 1022/1016/1855 1008/991/1813
f 986/955/1775 1022/1016/1855 1019/974/1794
f 1022/1016/1855 986/955/1775 1012/996/1819
f 1038/1023/1888 1074/1024/1889 1039/1025/1890
f 1073/1026/1891 1072/1027/1892 1038/1023/1893
f 1059/1028/1894 1045/1029/1895 1044/1030/1896
f 1046/1031/1897 1045/1029/1898 1047/1032/1899
f 1068/1033/1900 1083/1034/1901 1026/1035/1902
f 1088/1036/1903 1090/1037/1904 1050/1038/1905
f 1066/1039/1906 1069/1040/1907 1059/1028/1894
f 1050/1038/1908 1090/1037/1909 1051/1041/1910
f 1047/1032/1911 1089/1042/1912 1048/1043/1913
f 1056/1044/1914 1024/1045/1915 1078/1046/1916
f 1030/1047/1917 1029/1048/1918 1085/1049/1919
f 1045/1029/1895 1059/1028/1894 1047/1032/1911
f 1073/1026/1920 1038/1023/1921 1037/1050/1922
f 1034/1051/1923 1062/1052/1924 1035/1053/1925
f 1062/1052/1924 1092/1054/1926 1035/1053/1925
f 1063/1055/1927 1064/1056/1928 1060/1057/1929
f 1071/1058/1930 1069/1040/1931 1070/1059/1932
f 1078/1046/1916 1057/1060/1933 1056/1044/1934
f 1033/1061/1935 1032/1062/1936 1063/1055/1927
f 1054/1063/1937 1053/1064/1938 1057/1060/1933
f 1057/1060/1933 1053/1064/1938 1052/1065/1939
f 1064/1056/1928 1058/1066/1940 1060/1057/1929
f 1064/1056/1941 1063/1055/1927 1032/1062/1936
f 1065/1067/1942 1031/1068/1943 1030/1047/1917
f 1024/1045/1915 1023/1069/1944 1055/1070/1945
f 1083/1034/1946 1027/1071/1947 1026/1035/1948
f 1034/1051/1923 1033/1061/1935 1063/1055/1927
f 1027/1071/1949 1083/1034/1950 1082/1072/1951
f 1055/1070/1945 1054/1063/1937 1078/1046/1916
f 1059/1028/1894 1044/1030/1896 1043/1073/1952
f 1058/1066/1940 1085/1049/1919 1086/1074/1953
f 1025/1075/1954 1068/1033/1900 1026/1035/1955
f 1062/1052/1924 1063/1055/1927 1061/1076/1956
f 1034/1051/1923 1063/1055/1927 1062/1052/1924
f 1047/1032/1911 1059/1028/1894 1091/1077/1957
f 1064/1056/1941 1032/1062/1936 1031/1068/1943
f 1084/1078/1958 1068/1033/1900 1025/1075/1954
f 1065/1067/1959 1058/1066/1940 1064/1056/1928
f 1062/1052/1924 1061/1076/1956 1070/1059/1932
f 1052/1065/1939 1051/1041/1910 1067/1079/1960
f 1078/1046/1916 1024/1045/1915 1055/1070/1945
f 1067/1079/1960 1057/1060/1933 1052/1065/1939
f 1065/1067/1959 1085/1049/1919 1058/1066/1940
f 1065/1067/1942 1064/1056/1941 1031/1068/1943
f 1071/1058/1930 1070/1059/1932 1061/1076/1956
f 1066/1039/1961 1070/1059/1932 1069/1040/1931
f 1074/1024/1889 1075/1080/1962 1039/1025/1890
f 1037/1050/1922 1036/1081/1963 1073/1026/1920
f 1040/1082/1964 1075/1080/1962 1041/1083/1965
f 1076/1084/1966 1075/1080/1962 1077/1085/1967
f 1041/1083/1965 1075/1080/1962 1042/1086/1968
f 1092/1054/1926 1073/1026/1920 1036/1081/1963
f 1072/1027/1969 1073/1026/1970 1077/1085/1971
f 1074/1024/1889 1077/1085/1967 1075/1080/1962
f 1077/1085/1972 1074/1024/1973 1072/1027/1974
f 1054/1063/1937 1057/1060/1933 1078/1046/1916
f 1066/1039/1961 1081/1087/1975 1070/1059/1932
f 1062/1052/1924 1081/1087/1976 1092/1054/1926
f 1092/1054/1926 1081/1087/1976 1073/1026/1920
f 1061/1076/1956 1060/1057/1929 1071/1058/1930
f 1063/1055/1927 1060/1057/1929 1061/1076/1956
f 1028/1088/1977 1027/1071/1978 1082/1072/1979
f 1024/1045/1915 1056/1044/1914 1025/1075/1980
f 1084/1078/1958 1083/1034/1901 1068/1033/1900
f 1085/1049/1919 1065/1067/1942 1030/1047/1917
f 1087/1089/1981 1086/1074/1982 1080/1090/1983
f 1096/1091/1984 1086/1074/1953 1085/1049/1919
f 1058/1066/1940 1086/1074/1953 1087/1089/1985
f 1088/1036/1903 1049/1092/1986 1089/1042/1987
f 1080/1090/1983 1097/1093/1988 1087/1089/1981
f 1080/1090/1983 1086/1074/1982 1095/1094/1989
f 1094/1095/1990 1080/1090/1983 1095/1094/1989
f 1049/1092/1986 1088/1036/1903 1050/1038/1905
f 1060/1057/1929 1058/1066/1991 1079/1096/1992
f 1047/1032/1911 1091/1077/1957 1079/1096/1993
f 1091/1077/1994 1060/1057/1929 1079/1096/1992
f 1091/1077/1994 1071/1058/1930 1060/1057/1929
f 1076/1084/1966 1066/1039/1906 1059/1028/1894
f 1062/1052/1924 1070/1059/1932 1081/1087/1976
f 1091/1077/1994 1069/1040/1931 1071/1058/1930
f 1072/1027/1974 1074/1024/1973 1038/1023/1995
f 1077/1085/1971 1073/1026/1970 1081/1087/1975
f 1035/1053/1925 1092/1054/1926 1036/1081/1963
f 1040/1082/1964 1039/1025/1996 1075/1080/1962
f 1081/1087/1975 1076/1084/1997 1077/1085/1971
f 1076/1084/1997 1081/1087/1975 1066/1039/1961
f 1089/1042/1912 1080/1090/1983 1088/1036/1903
f 1090/1037/1904 1094/1095/1990 1067/1079/1960
f 1067/1079/1960 1051/1041/1910 1090/1037/1909
f 1069/1040/1907 1091/1077/1957 1059/1028/1894
f 1059/1028/1894 1075/1080/1962 1076/1084/1966
f 1075/1080/1962 1043/1073/1952 1042/1086/1968
f 1059/1028/1894 1043/1073/1952 1075/1080/1962
f 1067/1079/1960 1093/1097/1998 1057/1060/1933
f 1028/1088/1999 1085/1049/1919 1029/1048/1918
f 1082/1072/2000 1096/1091/1984 1085/1049/1919
f 1089/1042/2001 1049/1092/2002 1048/1043/2003
f 1079/1096/1993 1097/1093/2004 1089/1042/1912
f 1094/1095/1990 1090/1037/1904 1088/1036/1903
f 1080/1090/1983 1094/1095/1990 1088/1036/1903
f 1093/1097/1998 1067/1079/1960 1094/1095/1990
f 1096/1091/1984 1095/1094/1989 1086/1074/1953
f 1083/1034/1950 1096/1091/2005 1082/1072/1951
f 1084/1078/1958 1096/1091/1984 1083/1034/1901
f 1095/1094/1989 1096/1091/1984 1084/1078/1958
f 1087/1089/2006 1079/1096/2007 1058/1066/2008
f 1085/1049/1919 1028/1088/1999 1082/1072/2000
f 1084/1078/1958 1093/1097/2009 1095/1094/1989
f 1093/1097/2009 1094/1095/1990 1095/1094/1989
f 1056/1044/1934 1057/1060/1933 1093/1097/1998
f 1025/1075/1980 1056/1044/1914 1084/1078/1958
f 1080/1090/1983 1089/1042/1912 1097/1093/2004
f 1047/1032/1911 1079/1096/1993 1089/1042/1912
f 1097/1093/1988 1079/1096/2010 1087/1089/1981
f 1084/1078/1958 1056/1044/1914 1093/1097/2009
f 1108/1098/2011 1137/1099/2012 1107/1100/2013
f 1138/1101/2014 1103/1102/2015 1104/1103/2016
f 1124/1104/2017 1139/1105/2018 1123/1106/2019
f 1104/1103/2016 1105/1107/2020 1138/1101/2014
f 1106/1108/2021 1143/1109/2022 1105/1107/2020
f 1109/1110/2023 1110/1111/2024 1152/1112/2025
f 1143/1109/2022 1137/1099/2012 1144/1113/2026
f 1143/1109/2022 1147/1114/2027 1138/1101/2028
f 1128/1115/2029 1130/1116/2030 1134/1117/2031
f 1147/1114/2027 1143/1109/2022 1144/1113/2026
f 1123/1106/2019 1139/1105/2018 1122/1118/2032
f 1108/1098/2011 1109/1110/2023 1145/1119/2033
f 1103/1102/2015 1161/1120/2034 1102/1121/2035
f 1153/1122/2036 1156/1123/2037 1155/1124/2038
f 1163/1125/2039 1164/1126/2040 1162/1127/2041
f 1152/1112/2025 1110/1111/2024 1111/1128/2042
f 1134/1117/2031 1135/1129/2043 1136/1130/2044
f 1125/1131/2045 1139/1105/2018 1124/1104/2017
f 1134/1117/2031 1130/1116/2030 1135/1129/2043
f 1098/1132/2046 1140/1133/2047 1129/1134/2048
f 1115/1135/2049 1136/1130/2044 1114/1136/2050
f 1137/1099/2012 1108/1098/2011 1145/1119/2033
f 1136/1130/2044 1115/1135/2049 1116/1137/2051
f 1161/1120/2034 1103/1102/2015 1138/1101/2014
f 1142/1138/2052 1165/1139/2053 1120/1140/2054
f 1142/1138/2052 1121/1141/2055 1122/1118/2032
f 1140/1133/2047 1141/1142/2056 1156/1123/2037
f 1143/1109/2022 1106/1108/2021 1107/1100/2013
f 1144/1113/2026 1137/1099/2012 1131/1143/2057
f 1136/1130/2044 1116/1137/2051 1134/1117/2031
f 1136/1130/2044 1157/1144/2058 1114/1136/2050
f 1143/1109/2022 1138/1101/2014 1105/1107/2020
f 1139/1105/2018 1142/1138/2052 1122/1118/2032
f 1139/1105/2018 1155/1124/2038 1142/1138/2052
f 1133/1145/2059 1139/1105/2018 1125/1131/2045
f 1137/1099/2012 1143/1109/2022 1107/1100/2013
f 1165/1139/2053 1148/1146/2060 1149/1147/2061
f 1162/1127/2041 1160/1148/2062 1156/1123/2037
f 1120/1140/2054 1121/1141/2055 1142/1138/2052
f 1144/1113/2063 1130/1116/2064 1128/1115/2065
f 1144/1113/2063 1128/1115/2065 1147/1114/2027
f 1146/1149/2066 1163/1125/2067 1138/1101/2068
f 1136/1130/2044 1135/1129/2043 1154/1150/2069
f 1134/1117/2031 1149/1147/2061 1128/1115/2029
f 1130/1116/2064 1144/1113/2063 1131/1143/2070
f 1148/1146/2071 1147/1114/2027 1128/1115/2065
f 1149/1147/2072 1134/1117/2031 1116/1137/2051
f 1117/1151/2073 1118/1152/2074 1149/1147/2072
f 1148/1146/2060 1128/1115/2029 1149/1147/2061
f 1137/1099/2012 1145/1119/2075 1131/1143/2057
f 1127/1153/2076 1131/1143/2057 1145/1119/2075
f 1145/1119/2075 1158/1154/2077 1127/1153/2076
f 1151/1155/2078 1152/1112/2025 1111/1128/2042
f 1159/1156/2079 1111/1128/2080 1112/1157/2081
f 1159/1156/2082 1151/1155/2083 1111/1128/2084
f 1156/1123/2037 1160/1148/2062 1155/1124/2038
f 1129/1134/2048 1126/1158/2085 1098/1132/2046
f 1153/1122/2036 1129/1134/2048 1140/1133/2047
f 1129/1134/2048 1153/1122/2036 1133/1145/2059
f 1131/1143/2070 1135/1129/2086 1130/1116/2064
f 1158/1154/2077 1145/1119/2075 1151/1155/2078
f 1100/1159/2087 1162/1127/2088 1099/1160/2089
f 1141/1142/2056 1099/1160/2090 1156/1123/2037
f 1162/1127/2041 1161/1120/2091 1163/1125/2039
f 1148/1146/2071 1138/1101/2028 1147/1114/2027
f 1131/1143/2070 1127/1153/2092 1135/1129/2086
f 1154/1150/2093 1135/1129/2086 1127/1153/2092
f 1116/1137/2051 1117/1151/2073 1149/1147/2072
f 1132/1161/2094 1165/1139/2053 1142/1138/2052
f 1149/1147/2072 1118/1152/2074 1165/1139/2053
f 1157/1144/2058 1136/1130/2044 1154/1150/2069
f 1157/1144/2058 1113/1162/2095 1114/1136/2050
f 1145/1119/2033 1109/1110/2023 1152/1112/2025
f 1150/1163/2096 1158/1154/2097 1159/1156/2082
f 1157/1144/2058 1159/1156/2079 1112/1157/2081
f 1151/1155/2078 1145/1119/2075 1152/1112/2025
f 1157/1144/2098 1112/1157/2099 1113/1162/2100
f 1162/1127/2041 1100/1159/2101 1161/1120/2091
f 1154/1150/2069 1150/1163/2102 1157/1144/2058
f 1127/1153/2092 1158/1154/2097 1150/1163/2096
f 1142/1138/2052 1155/1124/2038 1132/1161/2094
f 1153/1122/2036 1155/1124/2038 1133/1145/2059
f 1139/1105/2018 1133/1145/2059 1155/1124/2038
f 1161/1120/2103 1100/1159/2104 1101/1164/2105
f 1101/1164/2106 1102/1121/2035 1161/1120/2034
f 1156/1123/2037 1153/1122/2036 1140/1133/2047
f 1163/1125/2039 1161/1120/2091 1138/1101/2107
f 1163/1125/2039 1146/1149/2108 1148/1146/2109
f 1148/1146/2060 1165/1139/2053 1166/1165/2110
f 1164/1126/2111 1165/1139/2053 1132/1161/2094
f 1148/1146/2109 1166/1165/2112 1163/1125/2039
f 1165/1139/2053 1164/1126/2111 1166/1165/2110
f 1162/1127/2041 1164/1126/2040 1160/1148/2062
f 1120/1140/2054 1165/1139/2053 1119/1166/2113
f 1163/1125/2039 1166/1165/2112 1164/1126/2040
f 1118/1152/2074 1119/1166/2113 1165/1139/2053
f 1151/1155/2083 1159/1156/2082 1158/1154/2097
f 1125/1131/2045 1126/1158/2114 1129/1134/2048
f 1125/1131/2045 1129/1134/2048 1133/1145/2059
f 1127/1153/2092 1150/1163/2096 1154/1150/2093
f 1160/1148/2062 1164/1126/2111 1132/1161/2094
f 1160/1148/2062 1132/1161/2094 1155/1124/2038
f 1148/1146/2115 1146/1149/2116 1138/1101/2117
f 1150/1163/2102 1159/1156/2079 1157/1144/2058
f 1099/1160/2118 1162/1127/2041 1156/1123/2037
usemtl Material3449
f 1306/1288/2360 1308/1289/2361 1309/1290/2362
f 1306/1288/2360 1309/1290/2362 1307/1291/2363
f 1310/1292/2364 1312/1293/2365 1311/1294/2366
f 1310/1292/2364 1313/1295/2367 1312/1293/2365
f 1314/1296/2368 1316/1297/2369 1315/1298/2370
f 1316/1297/2369 1317/1299/2371 1315/1298/2370
f 1318/1300/2372 1321/1301/2373 1319/1302/2374
f 1318/1300/2372 1320/1303/2375 1321/1301/2373
f 1322/1304/2376 1323/1305/2377 1324/1306/2378
f 1322/1304/2376 1324/1306/2378 1325/1307/2379
f 1323/1305/2377 1326/1308/2380 1324/1306/2378
f 1328/1309/2381 1327/1310/2382 1330/1311/2383
f 1328/1309/2381 1330/1311/2383 1329/1312/2384
f 1331/1313/2385 1333/1314/2386 1334/1299/2387
f 1331/1313/2385 1334/1299/2387 1332/1315/2388
f 1338/1316/2389 1335/1317/2390 1336/1318/2391
f 1338/1316/2389 1336/1318/2391 1337/1319/2392
usemtl Material3475
f 1342/1320/2393 1341/1321/2394 1340/1322/2395
f 1342/1320/2393 1340/1322/2395 1390/1323/2396
f 1346/1324/2397 1345/1325/2398 1344/1326/2399
f 1345/1325/2398 1346/1324/2397 1347/1327/2400
f 1348/1328/2401 1347/1327/2400 1346/1324/2397
f 1346/1324/2397 1349/1329/2402 1348/1328/2401
f 1348/1328/2401 1349/1329/2402 1350/1330/2403
f 1350/1330/2403 1351/1331/2404 1348/1328/2401
f 1352/1332/2405 1353/1333/2406 1351/1331/2404
f 1350/1330/2403 1352/1332/2405 1351/1331/2404
f 1352/1332/2405 1354/1334/2407 1353/1333/2406
f 1354/1334/2407 1355/1335/2408 1353/1333/2406
f 1356/1336/2409 1355/1335/2408 1354/1334/2407
f 1356/1336/2409 1357/1337/2410 1355/1335/2408
f 1356/1336/2409 1358/1338/2411 1357/1337/2410
f 1356/1336/2409 1359/1339/2412 1358/1338/2411
f 1399/1340/2413 1359/1339/2412 1356/1336/2409
f 1399/1340/2413 1360/1341/2414 1359/1339/2412
f 1360/1341/2414 1361/1342/2415 1359/1339/2412
f 1360/1341/2414 1362/1343/2416 1361/1342/2415
f 1362/1343/2416 1363/1344/2417 1361/1342/2415
f 1363/1344/2417 1420/1345/2418 1364/1346/2419
f 1362/1343/2416 1420/1345/2418 1363/1344/2417
f 1420/1345/2418 1365/1347/2420 1364/1346/2419
f 1420/1345/2418 1366/1348/2421 1365/1347/2420
f 1420/1345/2418 1368/1349/2422 1366/1348/2421
f 1368/1349/2422 1367/1350/2423 1366/1348/2421
f 1367/1350/2424 1368/1349/2422 1369/1351/2425
f 1368/1349/2422 1370/1352/2426 1369/1351/2425
f 1369/1351/2425 1370/1352/2426 1371/1353/2427
f 1372/1354/2428 1371/1353/2427 1370/1352/2426
f 1373/1355/2429 1371/1353/2427 1374/1356/2430
f 1372/1354/2428 1374/1356/2430 1371/1353/2427
f 1374/1356/2430 1375/1357/2431 1373/1355/2429
f 1375/1357/2431 1374/1356/2430 1376/1358/2432
f 1380/1359/2433 1381/1360/2434 1379/1361/2435
f 1382/1362/2436 1381/1360/2434 1380/1359/2433
f 1383/1363/2437 1382/1362/2436 1385/1364/2438
f 1384/1365/2439 1383/1363/2437 1385/1364/2438
f 1390/1323/2396 1388/1366/2440 1389/1367/2441
f 1390/1323/2396 1340/1322/2395 1339/1368/2442
f 1343/1369/2443 1341/1321/2394 1391/1370/2444
f 1343/1369/2443 1391/1370/2444 1392/1371/2445
f 1392/1371/2445 1344/1326/2399 1343/1369/2443
f 1392/1371/2445 1346/1324/2397 1344/1326/2399
f 1346/1324/2397 1392/1371/2445 1349/1329/2402
f 1341/1321/2394 1393/1372/2446 1391/1370/2444
f 1342/1320/2393 1393/1372/2446 1341/1321/2394
f 1392/1371/2445 1391/1370/2444 1394/1373/2447
f 1394/1373/2447 1395/1374/2448 1392/1371/2445
f 1395/1374/2448 1349/1329/2402 1392/1371/2445
f 1349/1329/2402 1396/1375/2449 1350/1330/2403
f 1349/1329/2402 1395/1374/2448 1396/1375/2449
f 1350/1330/2403 1396/1375/2449 1352/1332/2405
f 1396/1375/2449 1354/1334/2407 1352/1332/2405
f 1396/1375/2449 1398/1376/2450 1397/1377/2451
f 1399/1340/2413 1398/1376/2450 1401/1378/2452
f 1401/1378/2452 1400/1379/2453 1399/1340/2413
f 1396/1375/2449 1402/1380/2454 1398/1376/2450
f 1395/1374/2448 1402/1380/2454 1396/1375/2449
f 1402/1380/2454 1403/1381/2455 1398/1376/2450
f 1403/1381/2455 1401/1378/2452 1398/1376/2450
f 1401/1378/2452 1404/1382/2456 1400/1379/2453
f 1360/1341/2414 1399/1340/2413 1400/1379/2453
f 1399/1340/2413 1397/1377/2451 1398/1376/2450
f 1396/1375/2449 1397/1377/2451 1356/1336/2409
f 1396/1375/2449 1356/1336/2409 1354/1334/2407
f 1397/1377/2451 1399/1340/2413 1356/1336/2409
f 1400/1379/2453 1405/1383/2457 1360/1341/2414
f 1400/1379/2453 1404/1382/2456 1405/1383/2457
f 1406/1384/2458 1405/1383/2457 1404/1382/2456
f 1404/1382/2456 1407/1385/2459 1406/1384/2458
f 1407/1385/2459 1404/1382/2456 1408/1386/2460
f 1409/1387/2461 1407/1385/2459 1408/1386/2460
f 1414/1388/2462 1407/1385/2459 1409/1387/2461
f 1409/1387/2461 1408/1386/2460 1410/1389/2463
f 1408/1386/2460 1404/1382/2456 1401/1378/2452
f 1410/1389/2463 1408/1386/2460 1401/1378/2452
f 1403/1381/2455 1410/1389/2463 1401/1378/2452
f 1395/1374/2448 1394/1373/2447 1402/1380/2454
f 1394/1373/2447 1411/1390/2464 1402/1380/2454
f 1402/1380/2454 1411/1390/2464 1412/1391/2465
f 1412/1391/2465 1403/1381/2455 1402/1380/2454
f 1403/1381/2455 1412/1391/2465 1410/1389/2463
f 1410/1389/2463 1413/1392/2466 1409/1387/2461
f 1412/1391/2465 1413/1392/2466 1410/1389/2463
f 1413/1392/2466 1414/1388/2462 1409/1387/2461
f 1407/1385/2459 1414/1388/2462 1415/1393/2467
f 1417/1394/2468 1416/1395/2469 1415/1393/2467
f 1407/1385/2459 1415/1393/2467 1418/1396/2470
f 1407/1385/2459 1418/1396/2470 1419/1397/2471
f 1421/1398/2472 1406/1384/2458 1419/1397/2471
f 1407/1385/2459 1419/1397/2471 1406/1384/2458
f 1415/1393/2467 1416/1395/2473 1418/1396/2470
f 1416/1395/2473 1372/1354/2428 1418/1396/2470
f 1418/1396/2470 1370/1352/2426 1419/1397/2471
f 1372/1354/2428 1370/1352/2426 1418/1396/2470
f 1370/1352/2426 1368/1349/2422 1420/1345/2418
f 1419/1397/2471 1370/1352/2426 1420/1345/2418
f 1421/1398/2472 1420/1345/2418 1362/1343/2416
f 1405/1383/2457 1362/1343/2416 1360/1341/2414
f 1405/1383/2457 1406/1384/2458 1362/1343/2416
f 1362/1343/2416 1406/1384/2458 1421/1398/2472
f 1421/1398/2472 1419/1397/2471 1420/1345/2418
f 1424/1399/2474 1423/1400/2475 1422/1401/2476
f 1424/1399/2474 1425/1402/2477 1423/1400/2475
f 1423/1400/2475 1426/1403/2478 1427/1404/2479
f 1426/1403/2478 1423/1400/2475 1425/1402/2477
f 1424/1399/2474 1428/1405/2480 1425/1402/2477
f 2441/1406/2481 1424/1399/2474 1429/1407/2482
f 2441/1406/2481 1429/1407/2482 1430/1408/2483
f 1431/1409/2484 1430/1408/2483 1432/1410/2485
f 2441/1406/2481 1430/1408/2483 1431/1409/2484
f 2440/1411/2486 1431/1409/2484 1432/1410/2485
f 1433/1412/2487 1434/1413/2488 1432/1410/2485
f 1434/1413/2488 2440/1411/2486 1432/1410/2485
f 1435/1414/2489 1436/1415/2490 1433/1412/2487
f 1434/1413/2488 1433/1412/2487 1436/1415/2490
f 1434/1413/2488 1436/1415/2490 1437/1416/2491
f 1436/1415/2490 1435/1414/2489 1438/1417/2492
f 1440/1418/2493 1436/1415/2490 1438/1417/2492
f 1436/1415/2490 1440/1418/2493 1437/1416/2491
f 1437/1416/2494 1440/1418/2495 1441/1419/2496
f 1441/1419/2496 1440/1418/2495 1443/1420/2497
f 1439/1421/2498 1444/1422/2499 1443/1420/2500
f 1443/1420/2500 1440/1418/2493 1439/1421/2498
f 1438/1417/2492 1439/1421/2498 1440/1418/2493
f 1448/1423/2501 1447/1424/2502 1449/1425/2503
f 1449/1425/2503 1447/1424/2502 1450/1426/2504
f 1447/1424/2502 1445/1427/2505 1450/1426/2504
f 1445/1427/2505 1446/1428/2506 1450/1426/2504
f 1452/1429/2507 1449/1425/2503 1450/1426/2504
f 1453/1430/2508 1449/1425/2503 1452/1429/2507
f 1446/1428/2506 1455/1431/2509 1450/1426/2504
f 1446/1428/2510 1451/1432/2511 1455/1431/2512
f 1455/1431/2513 1451/1432/2514 1456/1433/2515
f 1457/1434/2516 1455/1431/2517 1456/1433/2518
f 1456/1433/2518 1458/1435/2519 1457/1434/2516
f 1458/1435/2519 1459/1436/2520 1457/1434/2516
f 1459/1436/2520 1458/1435/2519 1460/1437/2521
f 1459/1436/2520 1460/1437/2521 1461/1438/2522
f 1460/1437/2523 1462/1439/2524 1461/1438/2525
f 1462/1439/2524 1460/1437/2523 1463/1440/2526
f 1463/1440/2527 1464/1441/2528 1462/1439/2529
f 1464/1441/2528 1465/1442/2530 1462/1439/2529
f 1464/1441/2531 1466/1443/2532 1465/1442/2533
f 1467/1444/2534 1461/1438/2535 1462/1439/2536
f 1462/1439/2536 1465/1442/2537 1467/1444/2534
f 1468/1445/2538 1465/1442/2533 1466/1443/2532
f 1466/1443/2532 1469/1446/2539 1468/1445/2538
f 1473/1447/2540 1470/1448/2541 1472/1449/2542
f 1473/1447/2540 1471/1450/2543 1470/1448/2541
f 1474/1451/2544 1473/1447/2545 1472/1449/2546
f 1473/1447/2545 1474/1451/2544 1475/1452/2547
f 1471/1450/2548 1469/1446/2549 1470/1448/2550
f 1471/1450/2551 1468/1445/2552 1469/1446/2553
f 1471/1450/2554 1473/1447/2555 2374/1453/2556
f 1473/1447/2555 1476/1454/2557 2374/1453/2556
f 1476/1454/2557 1473/1447/2555 1481/1455/2558
f 1478/1456/2559 1476/1454/2560 1477/1457/2561
f 2374/1453/2562 1476/1454/2563 1478/1456/2564
f 1479/1458/2565 1478/1456/2559 1477/1457/2561
f 1477/1457/2561 1476/1454/2560 1480/1459/2566
f 1481/1455/2567 1480/1459/2566 1476/1454/2560
f 1481/1455/2568 1474/1451/2569 1480/1459/2570
f 1474/1451/2571 1481/1455/2572 1475/1452/2573
f 1475/1452/2574 1481/1455/2575 1473/1447/2576
f 1484/1460/2577 1483/1461/2578 1482/1462/2579
f 1486/1463/2580 1485/1464/2581 1484/1460/2577
f 1485/1464/2581 1486/1463/2580 1487/1465/2582
f 1488/1466/2583 1487/1465/2582 1486/1463/2580
f 1487/1465/2582 1488/1466/2583 1489/1467/2584
f 1490/1468/2585 1487/1465/2582 1489/1467/2584
f 1490/1468/2585 1489/1467/2584 1491/1469/2586
f 1492/1470/2587 1490/1468/2585 1491/1469/2586
f 1493/1471/2588 1492/1470/2587 1491/1469/2586
f 1493/1471/2589 1494/1472/2590 1492/1470/2591
f 1493/1471/2589 1495/1473/2592 1494/1472/2590
f 1495/1473/2592 1496/1474/2593 1494/1472/2590
f 1494/1472/2590 1496/1474/2593 1497/1475/2594
f 1498/1476/2595 1496/1474/2593 1499/1477/2596
f 1498/1476/2597 1499/1477/2598 1500/1478/2599
f 1501/1479/2600 1500/1478/2599 1499/1477/2598
f 1502/1480/2601 1498/1476/2602 1500/1478/2603
f 1498/1476/2602 1502/1480/2601 1503/1481/2604
f 1497/1475/2594 1498/1476/2595 1503/1481/2605
f 1498/1476/2595 1497/1475/2594 1496/1474/2593
f 1505/1482/2606 1497/1475/2594 1504/1483/2607
f 1497/1475/2594 1505/1482/2606 1494/1472/2590
f 1504/1483/2607 1540/1484/2608 1505/1482/2609
f 1504/1483/2607 1497/1475/2594 1503/1481/2605
f 1504/1483/2607 1503/1481/2605 1507/1485/2610
f 1503/1481/2611 1502/1480/2612 1508/1486/2613
f 1507/1485/2614 1503/1481/2611 1508/1486/2613
f 1507/1485/2610 1508/1486/2615 1509/1487/2616
f 1507/1485/2610 1509/1487/2616 1511/1488/2617
f 1509/1487/2616 1510/1489/2618 1511/1488/2617
f 1510/1489/2618 1512/1490/2619 1511/1488/2617
f 1512/1490/2619 1510/1489/2618 1514/1491/2620
f 1513/1492/2621 1512/1490/2619 1514/1491/2620
f 1514/1491/2620 1510/1489/2618 1515/1493/2622
f 1516/1494/2623 1514/1491/2620 1515/1493/2622
f 1517/1495/2624 1514/1491/2620 1516/1494/2623
f 1514/1491/2620 1518/1496/2625 1519/1497/2626
f 1514/1491/2620 1517/1495/2624 1518/1496/2625
f 1518/1496/2625 1517/1495/2624 1520/1498/2627
f 1521/1499/2628 1522/1500/2629 1518/1496/2630
f 1522/1500/2629 1521/1499/2628 1523/1501/2631
f 1524/1502/2632 1526/1503/2633 1527/1504/2634
f 1522/1500/2629 1523/1501/2631 1525/1505/2635
f 1528/1506/2636 1524/1502/2632 1527/1504/2634
f 1524/1502/2632 1528/1506/2636 1523/1501/2631
f 1525/1505/2635 1523/1501/2631 1528/1506/2636
f 1527/1504/2634 1530/1507/2637 1528/1506/2636
f 1530/1507/2637 1527/1504/2634 1529/1508/2638
f 1529/1508/2639 1531/1509/2640 1530/1507/2637
f 1529/1508/2641 1532/1510/2642 1531/1509/2643
f 1535/1511/2644 1531/1509/2645 1532/1510/2646
f 1531/1509/2640 1587/1512/2647 1530/1507/2637
f 1587/1512/2648 1531/1509/2649 1533/1513/2650
f 1528/1506/2636 1530/1507/2637 1534/1514/2651
f 1535/1511/2652 1533/1513/2653 1531/1509/2654
f 1537/1515/2655 1535/1511/2644 1532/1510/2646
f 1536/1516/2656 1537/1515/2657 1532/1510/2658
f 1587/1512/2647 1589/1517/2659 1530/1507/2637
f 1530/1507/2637 1589/1517/2659 1534/1514/2651
f 1534/1514/2651 1559/1518/2660 1538/1519/2661
f 1538/1519/2661 1525/1505/2635 1534/1514/2651
f 1528/1506/2636 1534/1514/2651 1525/1505/2635
f 1525/1505/2635 1539/1520/2662 1522/1500/2629
f 1518/1496/2625 1522/1500/2663 1519/1497/2626
f 1539/1520/2664 1519/1497/2626 1522/1500/2663
f 1513/1492/2621 1514/1491/2620 1519/1497/2626
f 1540/1484/2608 1511/1488/2617 1543/1521/2665
f 1540/1484/2608 1507/1485/2610 1511/1488/2617
f 1507/1485/2610 1540/1484/2608 1504/1483/2607
f 1542/1522/2666 1541/1523/2667 1506/1524/2668
f 1543/1521/2665 1542/1522/2666 1506/1524/2668
f 1540/1484/2608 1543/1521/2665 1506/1524/2668
f 1544/1525/2669 1543/1521/2665 1512/1490/2619
f 1543/1521/2665 1511/1488/2617 1512/1490/2619
f 1538/1519/2670 1512/1490/2671 1513/1492/2621
f 1543/1521/2665 1544/1525/2669 1542/1522/2666
f 1544/1525/2669 1512/1490/2671 1558/1526/2672
f 1558/1526/2672 1542/1522/2666 1544/1525/2669
f 1505/1482/2609 1540/1484/2608 1506/1524/2668
f 1505/1482/2606 1545/1527/2673 1494/1472/2590
f 1494/1472/2590 1545/1527/2673 1492/1470/2587
f 1490/1468/2585 1492/1470/2587 1545/1527/2673
f 1546/1528/2674 1485/1464/2675 1487/1465/2676
f 1549/1529/2677 1485/1464/2675 1546/1528/2674
f 1483/1461/2578 1484/1460/2577 1485/1464/2581
f 1549/1529/2677 1483/1461/2678 1485/1464/2675
f 1483/1461/2678 1549/1529/2677 1547/1530/2679
f 1553/1531/2680 1549/1529/2677 1546/1528/2674
f 1553/1531/2680 1546/1528/2674 1550/1532/2681
f 1487/1465/2676 1490/1468/2585 1546/1528/2674
f 1546/1528/2674 1490/1468/2585 1551/1533/2682
f 1545/1527/2673 1551/1533/2682 1490/1468/2585
f 1546/1528/2674 1551/1533/2682 1550/1532/2681
f 1551/1533/2682 1552/1534/2683 1550/1532/2681
f 1553/1531/2680 1550/1532/2681 1555/1535/2684
f 1555/1535/2684 1554/1536/2685 1553/1531/2680
f 1552/1534/2683 1555/1535/2684 1550/1532/2681
f 1545/1527/2673 1506/1524/2668 1551/1533/2682
f 1545/1527/2673 1505/1482/2609 1506/1524/2668
f 1506/1524/2668 1541/1523/2667 1551/1533/2682
f 1552/1534/2683 1551/1533/2682 1541/1523/2667
f 1556/1537/2686 1541/1523/2667 1542/1522/2666
f 1556/1537/2686 1542/1522/2666 1558/1526/2672
f 1558/1526/2672 1557/1538/2687 1556/1537/2686
f 1512/1490/2671 1559/1518/2660 1558/1526/2672
f 1559/1518/2660 1589/1517/2659 1558/1526/2672
f 1538/1519/2670 1559/1518/2660 1512/1490/2671
f 1513/1492/2621 1539/1520/2664 1538/1519/2670
f 1525/1505/2635 1538/1519/2661 1539/1520/2662
f 1519/1497/2626 1539/1520/2664 1513/1492/2621
f 1536/1516/2656 1560/1539/2688 1537/1515/2657
f 1535/1511/2689 1537/1515/2690 1560/1539/2691
f 1561/1540/2692 1533/1513/2693 1535/1511/2694
f 1535/1511/2695 1560/1539/2696 1561/1540/2692
f 1562/1541/2697 1561/1540/2692 1560/1539/2696
f 1561/1540/2692 1562/1541/2697 1563/1542/2698
f 1562/1541/2697 1564/1543/2699 1563/1542/2698
f 1563/1542/2698 1564/1543/2699 1565/1544/2700
f 1565/1544/2700 1566/1545/2701 1563/1542/2698
f 1566/1545/2701 1565/1544/2700 1567/1546/2702
f 1567/1546/2702 1569/1547/2703 1566/1545/2701
f 1570/1548/2704 1569/1547/2703 1568/1549/2705
f 1570/1548/2704 1571/1550/2706 1572/1551/2707
f 1569/1547/2703 1570/1548/2704 1572/1551/2707
f 1572/1551/2707 1571/1550/2706 1573/1552/2708
f 1573/1552/2708 1574/1553/2709 1575/1554/2710
f 1576/1555/2711 1573/1552/2708 1575/1554/2710
f 1572/1551/2707 1573/1552/2708 1577/1556/2712
f 1578/1557/2713 1569/1547/2703 1572/1551/2707
f 1569/1547/2703 1578/1557/2713 1579/1558/2714
f 1569/1547/2703 1567/1546/2702 1568/1549/2705
f 1569/1547/2703 1579/1558/2714 1566/1545/2701
f 1566/1545/2715 1579/1558/2714 1580/1559/2716
f 1563/1542/2698 1581/1560/2717 1561/1540/2692
f 1581/1560/2717 1533/1513/2693 1561/1540/2692
f 1533/1513/2693 1581/1560/2717 1582/1561/2718
f 1563/1542/2698 1580/1559/2719 1581/1560/2717
f 1580/1559/2719 1563/1542/2698 1566/1545/2720
f 1580/1559/2716 1579/1558/2714 1583/1562/2721
f 1577/1556/2712 1578/1557/2713 1572/1551/2707
f 1577/1556/2712 1573/1552/2708 1576/1555/2711
f 1576/1555/2722 1584/1563/2723 1577/1556/2712
f 1578/1557/2713 1577/1556/2712 1584/1563/2723
f 1586/1564/2724 1585/1565/2725 1578/1557/2713
f 1579/1558/2714 1578/1557/2713 1585/1565/2725
f 1581/1560/2717 1580/1559/2719 1582/1561/2718
f 1588/1566/2726 1587/1512/2727 1582/1561/2718
f 1587/1512/2727 1533/1513/2693 1582/1561/2718
f 1603/1567/2728 1589/1517/2729 1588/1566/2726
f 1587/1512/2727 1588/1566/2726 1589/1517/2729
f 1534/1514/2651 1589/1517/2659 1559/1518/2660
f 1589/1517/2659 1603/1567/2730 1558/1526/2672
f 1557/1538/2687 1558/1526/2672 1592/1568/2731
f 1590/1569/2732 1541/1523/2667 1556/1537/2686
f 1541/1523/2667 1590/1569/2732 1552/1534/2683
f 1555/1535/2684 1552/1534/2683 1590/1569/2732
f 1590/1569/2732 1554/1536/2685 1555/1535/2684
f 1557/1538/2687 1554/1536/2685 1590/1569/2732
f 1554/1536/2685 1557/1538/2687 1591/1570/2733
f 1557/1538/2687 1592/1568/2731 1591/1570/2733
f 1590/1569/2732 1556/1537/2686 1557/1538/2687
f 1591/1570/2733 1592/1568/2731 1593/1571/2734
f 1553/1531/2680 1594/1572/2735 1549/1529/2677
f 1595/1573/2736 1549/1529/2677 1594/1572/2735
f 1549/1529/2677 1595/1573/2736 1547/1530/2679
f 1547/1530/2737 1595/1573/2738 1548/1574/2739
f 1548/1574/2740 1595/1573/2741 1596/1575/2742
f 1548/1574/2743 1596/1575/2744 1598/1576/2745
f 1554/1536/2685 1594/1572/2735 1553/1531/2680
f 1591/1570/2733 1599/1577/2746 1554/1536/2685
f 1594/1572/2735 1554/1536/2685 1599/1577/2746
f 1594/1572/2735 1599/1577/2746 1596/1575/2742
f 1596/1575/2742 1595/1573/2741 1594/1572/2735
f 1584/1563/2747 1597/1578/2748 1586/1564/2724
f 1586/1564/2724 1578/1557/2713 1584/1563/2747
f 1586/1564/2724 1597/1578/2748 1600/1579/2749
f 1601/1580/2750 1586/1564/2724 1600/1579/2749
f 1585/1565/2725 1586/1564/2724 1601/1580/2750
f 1585/1565/2725 1583/1562/2721 1579/1558/2714
f 1588/1566/2751 1580/1559/2716 1583/1562/2721
f 1588/1566/2726 1582/1561/2718 1580/1559/2719
f 1585/1565/2725 1601/1580/2750 1583/1562/2721
f 1603/1567/2730 1601/1580/2750 1602/1581/2752
f 1601/1580/2750 1603/1567/2730 1583/1562/2721
f 1583/1562/2753 1603/1567/2728 1588/1566/2726
f 1558/1526/2672 1603/1567/2730 1592/1568/2731
f 1593/1571/2734 1592/1568/2731 1603/1567/2730
f 1602/1581/2752 1593/1571/2734 1603/1567/2730
f 1600/1579/2749 1602/1581/2752 1601/1580/2750
f 1597/1578/2748 1598/1576/2754 1600/1579/2749
f 1600/1579/2749 1598/1576/2745 1599/1577/2746
f 1599/1577/2746 1602/1581/2752 1600/1579/2749
f 1602/1581/2752 1599/1577/2746 1593/1571/2734
f 1591/1570/2733 1593/1571/2734 1599/1577/2746
f 1596/1575/2744 1599/1577/2746 1598/1576/2745
f 1606/1582/2755 1605/1583/2756 1604/1584/2757
f 1604/1584/2757 1605/1583/2756 1607/1585/2758
f 1608/1586/2759 1609/1587/2760 1606/1582/2755
f 1608/1586/2759 1611/1588/2761 1609/1587/2760
f 1611/1588/2761 1608/1586/2759 1610/1589/2762
f 1612/1590/2763 1610/1589/2762 1613/1591/2764
f 1613/1591/2764 1614/1592/2765 1612/1590/2763
f 1614/1592/2765 1613/1591/2764 1615/1593/2766
f 1614/1592/2765 1616/1594/2767 1612/1590/2763
f 1618/1595/2768 1616/1594/2767 1617/1596/2769
f 1616/1594/2767 1618/1595/2768 1612/1590/2763
f 1618/1595/2768 1610/1589/2762 1612/1590/2763
f 1610/1589/2762 1618/1595/2768 1611/1588/2761
f 1606/1582/2755 1609/1587/2760 1605/1583/2756
f 1605/1583/2756 1619/1597/2770 1607/1585/2758
f 1619/1597/2770 1620/1598/2771 1607/1585/2758
f 1619/1597/2770 1621/1599/2772 1620/1598/2773
f 1619/1597/2770 1622/1600/2774 1621/1599/2772
f 1623/1601/2775 1624/1602/2776 1622/1600/2774
f 1625/1603/2777 1624/1602/2776 1623/1601/2775
f 1684/1604/2778 1626/1605/2779 1624/1602/2776
f 1626/1605/2779 1627/1606/2780 1624/1602/2776
f 1626/1605/2779 1628/1607/2781 1627/1606/2780
f 1628/1607/2782 1626/1605/2779 1629/1608/2783
f 1626/1605/2779 1630/1609/2784 1629/1608/2783
f 1630/1609/2784 1695/1610/2785 1629/1608/2786
f 1633/1611/2787 1631/1612/2788 1630/1609/2784
f 1632/1613/2789 1631/1612/2788 1633/1611/2787
f 1636/1614/2790 1634/1615/2791 1635/1616/2792
f 1637/1617/2793 1636/1614/2790 1635/1616/2792
f 1636/1614/2790 1637/1617/2793 1638/1618/2794
f 1639/1619/2795 1637/1617/2793 1635/1616/2792
f 1635/1616/2792 1634/1615/2791 1640/1620/2796
f 1641/1621/2797 1640/1620/2796 1642/1622/2798
f 1634/1615/2791 1632/1613/2789 1642/1622/2798
f 1640/1620/2796 1634/1615/2791 1642/1622/2798
f 1642/1622/2798 1632/1613/2789 1633/1611/2787
f 1633/1611/2787 1630/1609/2784 1626/1605/2779
f 1633/1611/2787 1643/1623/2799 1642/1622/2798
f 1642/1622/2798 1643/1623/2799 1641/1621/2797
f 1644/1624/2800 1641/1621/2797 1643/1623/2799
f 1640/1620/2796 1639/1619/2795 1635/1616/2792
f 1639/1619/2795 1640/1620/2796 1645/1625/2801
f 1641/1621/2797 1645/1625/2801 1640/1620/2796
f 1692/1626/2802 1646/1627/2803 1645/1625/2801
f 1646/1627/2803 1692/1626/2802 1647/1628/2804
f 1650/1629/2805 1648/1630/2806 1647/1628/2804
f 1648/1630/2806 1650/1629/2805 1649/1631/2807
f 1647/1628/2804 1692/1626/2802 1650/1629/2805
f 1691/1632/2808 1650/1629/2805 1692/1626/2802
f 1651/1633/2809 1650/1629/2805 1693/1634/2810
f 1651/1633/2809 1693/1634/2810 1652/1635/2811
f 1649/1631/2807 1650/1629/2805 1651/1633/2809
f 1649/1631/2807 1651/1633/2809 1653/1636/2812
f 1654/1637/2813 1655/1638/2814 1653/1636/2812
f 1651/1633/2809 1654/1637/2813 1653/1636/2812
f 1651/1633/2809 1652/1635/2811 1654/1637/2813
f 1652/1635/2811 1656/1639/2815 1654/1637/2813
f 1658/1640/2816 1656/1639/2815 1652/1635/2811
f 1656/1639/2815 1658/1640/2816 1657/1641/2817
f 1657/1641/2817 1658/1640/2816 1659/1642/2818
f 1660/1643/2819 1661/1644/2820 1662/1645/2821
f 1663/1646/2822 1662/1645/2821 1664/1647/2823
f 1664/1647/2823 1662/1645/2821 1666/1648/2824
f 1666/1648/2824 1665/1649/2825 1664/1647/2823
f 1661/1644/2820 1666/1648/2824 1662/1645/2821
f 1660/1643/2819 1667/1650/2826 1661/1644/2820
f 1667/1650/2826 1660/1643/2819 1659/1642/2818
f 1657/1641/2817 1659/1642/2818 1660/1643/2819
f 1666/1648/2824 1668/1651/2827 1665/1649/2825
f 1665/1649/2825 1668/1651/2827 1669/1652/2828
f 1668/1651/2827 1666/1648/2824 1670/1653/2829
f 1661/1644/2820 1670/1653/2829 1666/1648/2824
f 1667/1650/2826 1670/1653/2829 1661/1644/2820
f 1674/1654/2830 1671/1655/2831 1668/1651/2827
f 1669/1652/2828 1668/1651/2827 1672/1656/2832
f 1672/1656/2832 1668/1651/2827 1671/1655/2831
f 1673/1657/2833 1674/1654/2830 1617/1596/2769
f 1674/1654/2830 1673/1657/2833 1671/1655/2831
f 1675/1658/2834 1617/1596/2769 1674/1654/2830
f 1617/1596/2769 1675/1658/2834 1618/1595/2768
f 1611/1588/2761 1618/1595/2768 1675/1658/2834
f 1676/1659/2835 1609/1587/2836 1611/1588/2761
f 1619/1597/2770 1605/1583/2756 1609/1587/2836
f 1619/1597/2770 1623/1601/2775 1622/1600/2774
f 1619/1597/2770 1677/1660/2837 1623/1601/2775
f 1676/1659/2835 1677/1660/2837 1619/1597/2770
f 1609/1587/2836 1676/1659/2835 1619/1597/2770
f 1676/1659/2835 1681/1661/2838 1677/1660/2837
f 1676/1659/2835 1611/1588/2761 1675/1658/2834
f 1679/1662/2839 1676/1659/2835 1675/1658/2834
f 1680/1663/2840 1675/1658/2834 1674/1654/2830
f 1680/1663/2840 1679/1662/2839 1675/1658/2834
f 1680/1663/2840 1681/1661/2838 1679/1662/2839
f 1682/1664/2841 1681/1661/2838 1680/1663/2840
f 1679/1662/2839 1681/1661/2838 1676/1659/2835
f 1681/1661/2838 1683/1665/2842 1677/1660/2837
f 1682/1664/2841 1683/1665/2842 1681/1661/2838
f 1683/1665/2842 1689/1666/2843 1677/1660/2837
f 1677/1660/2837 1689/1666/2843 1678/1667/2844
f 1625/1603/2777 1678/1667/2844 1689/1666/2843
f 1623/1601/2775 1677/1660/2837 1678/1667/2844
f 1678/1667/2844 1625/1603/2777 1623/1601/2775
f 1684/1604/2778 1625/1603/2777 1689/1666/2843
f 1689/1666/2843 1685/1668/2845 1684/1604/2778
f 1684/1604/2778 1624/1602/2776 1625/1603/2777
f 1685/1668/2845 1686/1669/2846 1684/1604/2778
f 1686/1669/2846 1685/1668/2845 1643/1623/2799
f 1684/1604/2778 1686/1669/2846 1626/1605/2779
f 1633/1611/2787 1626/1605/2779 1686/1669/2846
f 1643/1623/2799 1633/1611/2787 1686/1669/2846
f 1687/1670/2847 1643/1623/2799 1685/1668/2845
f 1687/1670/2847 1644/1624/2800 1643/1623/2799
f 1688/1671/2848 1687/1670/2847 1685/1668/2845
f 1683/1665/2842 1690/1672/2849 1689/1666/2843
f 1689/1666/2843 1688/1671/2848 1685/1668/2845
f 1688/1671/2848 1689/1666/2843 1690/1672/2850
f 1687/1670/2847 1688/1671/2848 1644/1624/2800
f 1691/1632/2808 1644/1624/2800 1688/1671/2848
f 1644/1624/2800 1691/1632/2808 1641/1621/2797
f 1641/1621/2797 1691/1632/2808 1692/1626/2802
f 1645/1625/2801 1641/1621/2797 1692/1626/2802
f 1693/1634/2810 1691/1632/2808 1688/1671/2848
f 1693/1634/2810 1650/1629/2805 1691/1632/2808
f 1652/1635/2811 1693/1634/2810 1658/1640/2816
f 1667/1650/2826 1694/1673/2851 1670/1653/2829
f 1667/1650/2826 1659/1642/2818 1694/1673/2851
f 1670/1653/2829 1682/1664/2841 1680/1663/2840
f 1670/1653/2829 1683/1665/2842 1682/1664/2841
f 1670/1653/2829 1694/1673/2851 1683/1665/2842
f 1680/1663/2840 1668/1651/2827 1670/1653/2829
f 1680/1663/2840 1674/1654/2830 1668/1651/2827
f 1694/1673/2851 1690/1672/2849 1683/1665/2842
f 1688/1671/2848 1690/1672/2850 1694/1673/2852
f 1694/1673/2852 1693/1634/2810 1688/1671/2848
f 1659/1642/2818 1658/1640/2816 1694/1673/2852
f 1658/1640/2816 1693/1634/2810 1694/1673/2852
f 1631/1612/2788 1695/1610/2785 1630/1609/2784
f 1778/1674/2853 1696/1675/2854 1697/1676/2855
f 1696/1675/2854 1778/1674/2853 1698/1677/2856
f 1698/1677/2856 1778/1674/2853 1699/1678/2857
f 1699/1678/2858 1791/1679/2859 1698/1677/2860
f 1698/1677/2861 1791/1679/2862 1790/1680/2863
f 1698/1677/2861 1790/1680/2863 1700/1681/2864
f 1701/1682/2865 1702/1683/2866 1700/1681/2867
f 1702/1683/2868 1701/1682/2865 1703/1684/2869
f 1703/1684/2869 1704/1685/2870 1702/1683/2868
f 1703/1684/2871 1798/1686/2872 1704/1685/2873
f 1798/1686/2874 1705/1687/2875 1704/1685/2876
f 1798/1686/2874 1706/1688/2877 1705/1687/2875
f 1707/1689/2878 1706/1688/2877 1798/1686/2874
f 1708/1690/2879 1707/1689/2878 1798/1686/2874
f 1709/1691/2880 1708/1690/2879 1799/1692/2881
f 1710/1693/2882 1709/1691/2880 2554/1694/2883
f 2554/1694/2883 1712/1695/2884 1710/1693/2882
f 1711/1696/2885 1710/1693/2882 1712/1695/2884
f 1714/1697/2886 1713/1698/2887 1711/1696/2885
f 1714/1697/2886 1715/1699/2888 1713/1698/2887
f 1713/1698/2887 1715/1699/2888 1716/1700/2889
f 1716/1700/2889 1717/1701/2890 1713/1698/2887
f 1717/1701/2890 1716/1700/2889 1718/1702/2891
f 1718/1702/2891 1716/1700/2889 1719/1703/2892
f 1719/1703/2892 1720/1704/2893 1718/1702/2891
f 1720/1704/2893 1719/1703/2892 1721/1705/2894
f 1721/1705/2894 1722/1706/2895 1720/1704/2893
f 1722/1706/2896 1721/1705/2897 1723/1707/2898
f 1723/1707/2898 1721/1705/2897 2508/1708/2899
f 1725/1709/2900 1724/1710/2901 1723/1707/2902
f 2508/1708/2903 1725/1709/2900 1723/1707/2902
f 1726/1711/2904 1725/1709/2905 1727/1712/2906
f 1728/1713/2907 1726/1711/2908 1729/1714/2909
f 1729/1714/2909 1730/1715/2910 1728/1713/2907
f 1730/1715/2910 1729/1714/2909 1731/1716/2911
f 1734/1717/2912 1731/1716/2911 1729/1714/2909
f 1732/1718/2913 1731/1716/2911 1734/1717/2912
f 1733/1719/2914 1731/1716/2911 1732/1718/2913
f 1735/1720/2915 1736/1721/2916 1733/1719/2914
f 1737/1722/2917 1738/1723/2918 1739/1724/2919
f 1738/1723/2918 1740/1725/2920 1739/1724/2919
f 1739/1724/2919 1747/1726/2921 1742/1727/2922
f 1739/1724/2919 1740/1725/2920 1747/1726/2921
f 1741/1728/2923 1742/1727/2922 1746/1729/2924
f 1746/1729/2924 1743/1730/2925 1741/1728/2923
f 1744/1731/2926 1741/1728/2923 1743/1730/2925
f 1743/1730/2925 1745/1732/2927 1744/1731/2926
f 1748/1733/2928 1738/1723/2918 1737/1722/2917
f 1748/1733/2928 1737/1722/2917 1749/1734/2929
f 1736/1721/2916 1749/1734/2929 1737/1722/2917
f 1736/1721/2916 1735/1720/2915 1749/1734/2929
f 1732/1718/2913 1735/1720/2915 1733/1719/2914
f 1738/1723/2918 1748/1733/2928 1750/1735/2930
f 1738/1723/2918 1750/1735/2930 1740/1725/2920
f 1746/1729/2924 1742/1727/2922 1752/1736/2931
f 1742/1727/2922 1747/1726/2921 1752/1736/2931
f 1751/1737/2932 1752/1736/2931 1747/1726/2921
f 1743/1730/2925 1746/1729/2924 1745/1732/2927
f 1746/1729/2924 2516/1738/2933 1745/1732/2927
f 1745/1732/2927 2516/1738/2933 1753/1739/2934
f 1754/1740/2935 2521/1741/2936 1755/1742/2937
f 1757/1743/2938 1755/1742/2937 2521/1741/2936
f 1755/1742/2937 1757/1743/2938 1756/1744/2939
f 1758/1745/2940 1760/1746/2941 1759/1747/2942
f 1758/1745/2943 1756/1744/2939 1757/1743/2938
f 1761/1748/2944 1760/1746/2941 1758/1745/2940
f 1762/1749/2945 1760/1746/2946 1763/1750/2947
f 1760/1746/2946 1761/1748/2948 1763/1750/2947
f 1763/1750/2947 1764/1751/2949 1762/1749/2945
f 1764/1751/2949 1763/1750/2947 1765/1752/2950
f 1763/1750/2947 2532/1753/2951 1765/1752/2950
f 1764/1751/2949 1765/1752/2950 1767/1754/2952
f 1766/1755/2953 1764/1751/2949 1767/1754/2952
f 1768/1756/2954 1767/1754/2952 1765/1752/2950
f 1767/1754/2952 1769/1757/2955 1766/1755/2953
f 1769/1757/2955 1767/1754/2952 1770/1758/2956
f 1770/1758/2956 1771/1759/2957 1769/1757/2955
f 1771/1759/2958 1770/1758/2959 1772/1760/2960
f 1772/1760/2960 1773/1761/2961 1771/1759/2958
f 1773/1761/2961 1772/1760/2960 1774/1762/2962
f 1774/1762/2962 1775/1763/2963 1773/1761/2961
f 1775/1763/2963 1774/1762/2962 1776/1764/2964
f 1776/1764/2964 1777/1765/2965 1775/1763/2963
f 1777/1765/2965 1776/1764/2964 1778/1674/2853
f 1778/1674/2853 1697/1676/2855 1777/1765/2965
f 1776/1764/2964 1699/1678/2857 1778/1674/2853
f 1779/1766/2966 1780/1767/2967 1699/1678/2858
f 1776/1764/2964 1779/1766/2966 1699/1678/2857
f 1774/1762/2962 1781/1768/2968 1776/1764/2964
f 1781/1768/2968 1779/1766/2966 1776/1764/2964
f 1779/1766/2966 1781/1768/2968 1782/1769/2969
f 1782/1769/2969 1780/1767/2967 1779/1766/2966
f 1784/1770/2970 1781/1768/2968 1774/1762/2962
f 1781/1768/2968 1784/1770/2970 1785/1771/2971
f 1785/1771/2971 1782/1769/2969 1781/1768/2968
f 1782/1769/2969 1785/1771/2972 1786/1772/2973
f 1786/1772/2973 1787/1773/2974 1782/1769/2969
f 1780/1767/2967 1782/1769/2969 1787/1773/2974
f 1787/1773/2974 1783/1774/2975 1780/1767/2967
f 1788/1775/2976 1789/1776/2977 1792/1777/2978
f 1788/1775/2976 1792/1777/2978 1790/1680/2863
f 1788/1775/2976 1790/1680/2863 1783/1774/2979
f 1783/1774/2979 1790/1680/2863 1791/1679/2862
f 1780/1767/2967 1783/1774/2975 1791/1679/2859
f 1780/1767/2967 1791/1679/2859 1699/1678/2858
f 1790/1680/2863 1792/1777/2978 1700/1681/2864
f 1792/1777/2978 1793/1778/2980 1700/1681/2867
f 1700/1681/2867 1793/1778/2980 1701/1682/2865
f 1794/1779/2981 1701/1682/2865 1793/1778/2980
f 1794/1779/2981 1703/1684/2869 1701/1682/2865
f 1703/1684/2869 1794/1779/2981 1795/1780/2982
f 1795/1780/2983 1798/1686/2874 1703/1684/2984
f 1796/1781/2985 1793/1778/2980 1792/1777/2978
f 1792/1777/2978 1789/1776/2977 1796/1781/2985
f 1797/1782/2986 1795/1780/2982 1794/1779/2981
f 1799/1692/2881 1798/1686/2874 1795/1780/2983
f 1795/1780/2983 1797/1782/2987 1799/1692/2881
f 1799/1692/2881 1708/1690/2879 1798/1686/2874
f 1801/1783/2988 1802/1784/2989 1800/1785/2990
f 1801/1783/2988 1803/1786/2991 1802/1784/2989
f 1805/1787/2992 1801/1783/2988 1804/1788/2993
f 1801/1783/2988 1805/1787/2992 1803/1786/2991
f 1805/1787/2992 1804/1788/2993 1806/1789/2994
f 1807/1790/2995 1805/1787/2992 1806/1789/2994
f 1805/1787/2996 1808/1791/2997 1803/1786/2998
f 1803/1786/2991 1809/1792/2999 1802/1784/2989
f 1802/1784/2989 1810/1793/3000 1811/1794/3001
f 1810/1793/3000 1812/1795/3002 1811/1794/3001
f 1812/1795/3002 1813/1796/3003 1814/1797/3004
f 1813/1796/3003 1812/1795/3002 1810/1793/3000
f 1813/1796/3003 1815/1798/3005 1814/1797/3004
f 1817/1799/3006 1816/1800/3007 1814/1797/3004
f 1815/1798/3005 1817/1799/3006 1814/1797/3004
f 1819/1801/3008 1818/1802/3009 1816/1800/3007
f 1816/1800/3007 1817/1799/3006 1819/1801/3008
f 1819/1801/3008 1817/1799/3006 1826/1803/3010
f 1818/1802/3009 1819/1801/3008 1820/1804/3011
f 1822/1805/3012 1821/1806/3013 1823/1807/3014
f 1824/1808/3015 1823/1807/3014 1821/1806/3013
f 1820/1804/3011 1824/1808/3015 1821/1806/3013
f 1824/1808/3016 1825/1809/3017 1823/1807/3018
f 1824/1808/3016 1826/1803/3019 1825/1809/3017
f 1829/1810/3020 1828/1811/3021 1827/1812/3022
f 1817/1799/3023 1829/1810/3024 1827/1812/3025
f 1828/1811/3026 1829/1810/3027 1830/1813/3028
f 1828/1811/3026 1830/1813/3028 1831/1814/3029
f 1830/1813/3028 1837/1815/3030 1831/1814/3029
f 1831/1814/3029 1837/1815/3030 1832/1816/3031
f 1832/1816/3031 1837/1815/3030 1833/1817/3032
f 1833/1817/3033 1835/1818/3034 1834/1819/3035
f 1835/1818/3036 1836/1820/3037 1834/1819/3038
f 1837/1815/3030 1835/1818/3039 1833/1817/3032
f 1837/1815/3040 1836/1820/3041 1835/1818/3042
f 1837/1815/3040 1838/1821/3043 1836/1820/3041
f 1838/1821/3043 1837/1815/3040 1830/1813/3044
f 1829/1810/3045 1838/1821/3043 1830/1813/3044
f 1838/1821/3043 1829/1810/3045 1839/1822/3046
f 1839/1822/3047 1829/1810/3048 1840/1823/3049
f 1839/1822/3050 1841/1824/3051 1842/1825/3052
f 1844/1826/3053 1845/1827/3054 1843/1828/3055
f 1844/1826/3056 1846/1829/3057 1845/1827/3058
f 1844/1826/3059 1847/1830/3060 1846/1829/3061
f 1844/1826/3062 1843/1828/3063 1848/1831/3064
f 1848/1831/3065 1847/1830/3060 1844/1826/3059
f 1842/1825/3052 1849/1832/3066 1843/1828/3063
f 1850/1833/3067 1848/1831/3065 1849/1832/3068
f 1849/1832/3066 1848/1831/3064 1843/1828/3063
f 1848/1831/3065 1850/1833/3067 1847/1830/3060
f 1851/1834/3069 1850/1833/3067 1841/1824/3070
f 1841/1824/3071 1852/1835/3072 1851/1834/3073
f 1852/1835/3074 1841/1824/3075 1853/1836/3076
f 1852/1835/3077 1853/1836/3078 1854/1837/3079
f 1852/1835/3080 1854/1837/3081 1855/1838/3082
f 1854/1837/3081 1856/1839/3083 1855/1838/3082
f 1856/1839/3083 1854/1837/3081 1857/1840/3084
f 1856/1839/3083 1857/1840/3084 1858/1841/3085
f 1858/1841/3085 1857/1840/3084 1859/1842/3086
f 1858/1841/3087 1859/1842/3088 1860/1843/3089
f 1861/1844/3090 1860/1843/3091 1859/1842/3092
f 1859/1842/3092 1857/1840/3093 1861/1844/3090
f 1863/1845/3094 1862/1846/3095 1861/1844/3096
f 1863/1845/3094 1864/1847/3097 1862/1846/3095
f 1863/1845/3098 1857/1840/3099 1854/1837/3100
f 1857/1840/3099 1863/1845/3098 1861/1844/3101
f 1866/1848/3102 1867/1849/3103 1865/1850/3104
f 1867/1849/3103 1866/1848/3102 1869/1851/3105
f 1869/1851/3105 1868/1852/3106 1867/1849/3103
f 1875/1853/3107 1866/1848/3102 1870/1854/3108
f 1871/1855/3109 1875/1853/3110 1870/1854/3111
f 1873/1856/3112 1871/1855/3113 1872/1857/3114
f 1893/1858/3115 1871/1855/3113 1873/1856/3112
f 1871/1855/3109 1893/1858/3115 1874/1859/3116
f 1875/1853/3110 1871/1855/3109 1874/1859/3116
f 1866/1848/3102 1875/1853/3107 1869/1851/3105
f 1869/1851/3105 1876/1860/3117 1868/1852/3106
f 1878/1861/3118 1876/1860/3117 1869/1851/3105
f 1877/1862/3119 1876/1860/3120 1878/1861/3121
f 1877/1862/3122 1878/1861/3123 1879/1863/3124
f 1878/1861/3125 1880/1864/3126 1879/1863/3127
f 1881/1865/3128 1879/1863/3127 1880/1864/3126
f 1882/1866/3129 1881/1865/3128 1880/1864/3126
f 1881/1865/3128 1882/1866/3129 1883/1867/3130
f 1884/1868/3131 1883/1867/3130 1882/1866/3129
f 1885/1869/3132 1883/1867/3133 1884/1868/3134
f 1883/1867/3133 1885/1869/3132 1886/1870/3135
f 1886/1870/3136 1888/1871/3137 1887/1872/3138
f 1888/1871/3137 1886/1870/3136 1885/1869/3139
f 1888/1871/3140 1889/1873/3141 1887/1872/3142
f 1888/1871/3140 1890/1874/3143 1889/1873/3141
f 1888/1871/3144 1885/1869/3145 1890/1874/3146
f 1884/1868/3147 1890/1874/3146 1885/1869/3145
f 1890/1874/3148 1884/1868/3149 1891/1875/3150
f 1891/1875/3151 1884/1868/3152 1882/1866/3129
f 1882/1866/3129 1880/1864/3126 1891/1875/3151
f 1880/1864/3126 1875/1853/3153 1891/1875/3151
f 1878/1861/3125 1892/1876/3154 1880/1864/3126
f 1869/1851/3155 1892/1876/3154 1878/1861/3125
f 1892/1876/3154 1869/1851/3155 1875/1853/3153
f 1880/1864/3126 1892/1876/3154 1875/1853/3153
f 1875/1853/3110 1874/1859/3116 1893/1858/3115
f 1897/1877/3156 1873/1856/3112 1872/1857/3114
f 1896/1878/3157 1895/1879/3158 1894/1880/3159
f 1895/1879/3158 1872/1857/3114 1894/1880/3160
f 1898/1881/3161 1899/1882/3162 1895/1879/3158
f 1897/1877/3156 1895/1879/3158 1899/1882/3162
f 1872/1857/3114 1895/1879/3158 1897/1877/3156
f 1897/1877/3156 1899/1882/3162 1900/1883/3163
f 1900/1883/3163 1901/1884/3164 1897/1877/3156
f 1902/1885/3165 1893/1858/3115 1873/1856/3112
f 1873/1856/3112 2426/1886/3166 1902/1885/3165
f 2426/1886/3166 1897/1877/3156 1901/1884/3164
f 1901/1884/3167 1900/1883/3168 1903/1887/3169
f 1903/1887/3169 1904/1888/3170 1901/1884/3167
f 2426/1886/3166 1901/1884/3164 1904/1888/3171
f 1905/1889/3172 1904/1888/3173 1906/1890/3174
f 1907/1891/3175 1906/1890/3176 1904/1888/3177
f 1907/1891/3178 1908/1892/3179 1906/1890/3180
f 1906/1890/3181 1908/1892/3182 1910/1893/3183
f 1908/1892/3184 1909/1894/3185 1910/1893/3186
f 1911/1895/3187 1910/1893/3186 1909/1894/3185
f 1912/1896/3188 1910/1893/3189 1911/1895/3190
f 1913/1897/3191 1910/1893/3189 1912/1896/3188
f 1906/1890/3192 1910/1893/3193 1913/1897/3194
f 1905/1889/3195 1906/1890/3196 1913/1897/3197
f 1914/1898/3198 1916/1899/3199 1919/1900/3200
f 1914/1898/3198 1919/1900/3200 1915/1901/3201
f 1917/1902/3202 1915/1901/3201 1919/1900/3200
f 1917/1902/3202 1918/1903/3203 1915/1901/3201
f 1919/1900/3200 1920/1904/3204 1917/1902/3202
f 1921/1905/3205 1922/1906/3206 1923/1907/3207
f 1926/1908/3208 1927/1909/3209 1959/1910/3210
f 1925/1911/3211 1928/1912/3212 1924/1913/3213
f 1922/1906/3214 1924/1913/3213 1923/1907/3215
f 1923/1907/3215 1924/1913/3213 1928/1912/3212
f 1916/1899/3216 1921/1905/3217 1929/1914/3218
f 1923/1907/3207 1929/1914/3218 1921/1905/3205
f 1929/1914/3218 1919/1900/3200 1916/1899/3216
f 1920/1904/3204 1919/1900/3200 1929/1914/3218
f 1929/1914/3218 2026/1915/3219 1920/1904/3204
f 1930/1916/3220 2026/1915/3219 1929/1914/3218
f 1929/1914/3218 1931/1917/3221 1930/1916/3220
f 1929/1914/3218 1923/1907/3207 1931/1917/3221
f 1923/1907/3215 1928/1912/3212 1931/1917/3222
f 1934/1918/3223 1927/1909/3224 1933/1919/3225
f 1934/1918/3226 1933/1919/3227 1935/1920/3228
f 1936/1921/3229 1934/1918/3226 1935/1920/3228
f 1937/1922/3230 1939/1923/3231 1934/1918/3232
f 1937/1922/3230 1940/1924/3233 1939/1923/3231
f 1940/1924/3233 1941/1925/3234 1939/1923/3231
f 1941/1925/3234 1940/1924/3233 1942/1926/3235
f 1944/1927/3236 1943/1928/3237 1941/1925/3234
f 1942/1926/3235 1944/1927/3236 1941/1925/3234
f 1943/1928/3237 1944/1927/3236 1945/1929/3238
f 1946/1930/3239 1945/1929/3238 1944/1927/3236
f 1945/1929/3238 1946/1930/3239 1948/1931/3240
f 1947/1932/3241 1948/1931/3240 1946/1930/3239
f 1949/1933/3242 1950/1934/3243 1947/1932/3241
f 1951/1935/3244 1950/1934/3243 1949/1933/3242
f 1950/1934/3243 1951/1935/3244 1952/1936/3245
f 1953/1937/3246 2001/1938/3247 1951/1935/3244
f 1952/1936/3245 1951/1935/3244 2001/1938/3247
f 1950/1934/3243 1948/1931/3240 1947/1932/3241
f 1948/1931/3240 1954/1939/3248 1945/1929/3249
f 1941/1925/3234 1943/1928/3237 1939/1923/3231
f 1934/1918/3232 1939/1923/3231 1938/1940/3250
f 1934/1918/3232 1938/1940/3250 1927/1909/3251
f 1927/1909/3209 1938/1940/3250 1959/1910/3210
f 1938/1940/3250 1939/1923/3231 1955/1941/3252
f 1943/1928/3237 1955/1941/3252 1939/1923/3231
f 1945/1929/3249 1956/1942/3253 1943/1928/3237
f 1955/1941/3252 1943/1928/3237 1956/1942/3253
f 1950/1934/3243 1954/1939/3248 1948/1931/3240
f 1954/1939/3248 1950/1934/3243 1957/1943/3254
f 1945/1929/3249 1954/1939/3248 1956/1942/3253
f 1955/1941/3252 1959/1910/3210 1938/1940/3250
f 1959/1910/3210 1932/1944/3255 1926/1908/3208
f 1925/1911/3211 1926/1908/3256 1932/1944/3257
f 1928/1912/3212 1925/1911/3211 1960/1945/3258
f 1932/1944/3257 1960/1945/3258 1925/1911/3211
f 1962/1946/3259 1961/1947/3260 1960/1945/3258
f 1960/1945/3258 1963/1948/3261 1962/1946/3259
f 1932/1944/3257 1963/1948/3262 1960/1945/3258
f 1963/1948/3262 1932/1944/3257 1964/1949/3263
f 1930/1916/3220 1931/1917/3222 1961/1947/3260
f 1931/1917/3222 1928/1912/3212 1961/1947/3260
f 1928/1912/3212 1960/1945/3258 1961/1947/3260
f 1953/1937/3264 1965/1950/3265 1966/1951/3266
f 1966/1951/3267 1967/1952/3268 1953/1937/3269
f 1953/1937/3246 1967/1952/3270 2001/1938/3247
f 1968/1953/3271 1967/1952/3272 1966/1951/3273
f 1968/1953/3274 2001/1938/3247 1967/1952/3270
f 1968/1953/3275 1966/1951/3276 1969/1954/3277
f 1968/1953/3278 1969/1954/3279 1971/1955/3280
f 1970/1956/3281 1971/1955/3282 1969/1954/3283
f 1971/1955/3282 1970/1956/3281 1972/1957/3284
f 1974/1958/3285 1973/1959/3286 1970/1956/3281
f 1970/1956/3281 1973/1959/3286 1972/1957/3284
f 1972/1957/3284 1973/1959/3286 1975/1960/3287
f 1975/1960/3287 1977/1961/3288 1972/1957/3284
f 1976/1962/3289 1978/1963/3290 1975/1960/3287
f 1978/1963/3290 1976/1962/3289 1979/1964/3291
f 1981/1965/3292 1979/1964/3293 1980/1966/3294
f 1981/1965/3292 1982/1967/3295 1979/1964/3293
f 1982/1967/3295 1981/1965/3292 1983/1968/3296
f 1982/1967/3295 1983/1968/3296 1984/1969/3297
f 1982/1967/3295 1984/1969/3297 1985/1970/3298
f 1986/1971/3299 1979/1964/3293 1982/1967/3295
f 1978/1963/3300 1979/1964/3293 1986/1971/3299
f 1986/1971/3299 1991/1972/3301 1978/1963/3300
f 1977/1961/3288 1975/1960/3287 1978/1963/3290
f 1977/1961/3288 1978/1963/3290 1989/1973/3302
f 1978/1963/3290 1991/1972/3301 1989/1973/3302
f 1987/1974/3303 1968/1953/3278 1971/1955/3280
f 1971/1955/3282 1972/1957/3284 1977/1961/3288
f 1968/1953/3274 1987/1974/3304 2000/1975/3305
f 1988/1976/3306 1971/1955/3282 1977/1961/3288
f 1999/1977/3307 1977/1961/3288 1989/1973/3302
f 1992/1978/3308 1990/1979/3309 1991/1972/3301
f 1986/1971/3299 1992/1978/3308 1991/1972/3301
f 1990/1979/3309 1989/1973/3302 1991/1972/3301
f 1982/1967/3295 1992/1978/3308 1986/1971/3299
f 1982/1967/3295 1985/1970/3298 1993/1980/3310
f 1993/1980/3310 1994/1981/3311 1995/1982/3312
f 1994/1981/3311 1996/1983/3313 1997/1984/3314
f 1998/1985/3315 1997/1984/3316 1996/1983/3317
f 1997/1984/3314 1995/1982/3312 1994/1981/3311
f 2007/1986/3318 1993/1980/3310 1995/1982/3312
f 1982/1967/3295 1993/1980/3310 2007/1986/3318
f 2007/1986/3318 1992/1978/3308 1982/1967/3295
f 1990/1979/3309 1992/1978/3308 2006/1987/3319
f 2007/1986/3318 2006/1987/3319 1992/1978/3308
f 1989/1973/3302 1990/1979/3309 1999/1977/3307
f 1999/1977/3307 1988/1976/3306 1977/1961/3288
f 1987/1974/3303 1971/1955/3280 1988/1976/3306
f 2001/1938/3320 2000/1975/3321 1952/1936/3322
f 2000/1975/3305 2001/1938/3247 1968/1953/3274
f 1950/1934/3243 1952/1936/3322 2000/1975/3321
f 1950/1934/3243 2000/1975/3321 1957/1943/3254
f 1958/1988/3323 1957/1943/3254 1987/1974/3303
f 2000/1975/3321 1987/1974/3303 1957/1943/3254
f 1957/1943/3254 1958/1988/3323 1954/1939/3324
f 1999/1977/3307 2003/1989/3325 1958/1988/3323
f 1958/1988/3323 2003/1989/3325 2002/1990/3326
f 1954/1939/3324 1958/1988/3323 2002/1990/3327
f 2002/1990/3328 2004/1991/3329 1954/1939/3248
f 1954/1939/3248 2004/1991/3329 1956/1942/3253
f 1955/1941/3252 1932/1944/3255 1959/1910/3210
f 1932/1944/3255 1955/1941/3252 1964/1949/3263
f 1964/1949/3263 1955/1941/3252 2004/1991/3330
f 1955/1941/3252 1956/1942/3253 2004/1991/3330
f 2002/1990/3326 2003/1989/3325 2027/1992/3331
f 1988/1976/3306 1999/1977/3307 1958/1988/3323
f 1958/1988/3323 1987/1974/3303 1988/1976/3306
f 1990/1979/3309 2006/1987/3319 1999/1977/3307
f 1999/1977/3307 2006/1987/3319 2005/1993/3332
f 2008/1994/3333 2007/1986/3318 1995/1982/3312
f 2010/1995/3334 2008/1994/3333 1995/1982/3312
f 2009/1996/3335 2010/1995/3334 1995/1982/3312
f 1995/1982/3312 1997/1984/3314 2009/1996/3335
f 1997/1984/3336 2011/1997/3337 2009/1996/3338
f 2009/1996/3339 2011/1997/3340 2012/1998/3341
f 2011/1997/3342 1997/1984/3316 1998/1985/3315
f 2011/1997/3342 1998/1985/3315 2013/1999/3343
f 2013/1999/3344 2014/2000/3345 2015/2001/3346
f 2015/2001/3346 2011/1997/3347 2013/1999/3344
f 2016/2002/3348 2011/1997/3340 2015/2001/3349
f 2012/1998/3350 2010/1995/3334 2009/1996/3335
f 2012/1998/3341 2011/1997/3340 2017/2003/3351
f 2016/2002/3348 2017/2003/3351 2011/1997/3340
f 2018/2004/3352 2017/2003/3351 2016/2002/3348
f 2017/2003/3351 2018/2004/3352 2019/2005/3353
f 2037/2006/3354 2017/2003/3351 2019/2005/3353
f 2020/2007/3355 2019/2005/3353 2018/2004/3352
f 2021/2008/3356 2019/2005/3353 2020/2007/3355
f 2019/2005/3353 2021/2008/3357 2022/2009/3358
f 2022/2009/3358 2021/2008/3357 2023/2010/3359
f 2023/2010/3359 2021/2008/3357 2024/2011/3360
f 2024/2011/3360 1917/1902/3202 2023/2010/3359
f 1917/1902/3202 2024/2011/3360 1918/1903/3203
f 2025/2012/3361 1917/1902/3202 1920/1904/3204
f 2027/1992/3331 1964/1949/3263 2004/1991/3330
f 2027/1992/3331 2004/1991/3330 2002/1990/3362
f 2003/1989/3325 1963/1948/3262 2027/1992/3331
f 1963/1948/3262 1964/1949/3263 2027/1992/3331
f 1963/1948/3261 2003/1989/3363 1962/1946/3259
f 2003/1989/3363 2028/2013/3364 1962/1946/3259
f 2028/2013/3364 1961/1947/3260 1962/1946/3259
f 2028/2013/3364 2030/2014/3365 2029/2015/3366
f 2029/2015/3366 1961/1947/3260 2028/2013/3364
f 2029/2015/3366 2032/2016/3367 2031/2017/3368
f 1930/1916/3220 2029/2015/3366 2031/2017/3368
f 1930/1916/3220 1961/1947/3260 2029/2015/3366
f 2026/1915/3219 1930/1916/3220 2031/2017/3368
f 2026/1915/3219 2033/2018/3369 1920/1904/3204
f 2026/1915/3219 2032/2016/3367 2033/2018/3369
f 2031/2017/3368 2032/2016/3367 2026/1915/3219
f 2029/2015/3366 2030/2014/3365 2032/2016/3367
f 2030/2014/3365 2033/2018/3369 2032/2016/3367
f 2023/2010/3359 2033/2018/3369 2022/2009/3370
f 2030/2014/3365 2028/2013/3364 2034/2019/3371
f 2028/2013/3364 2003/1989/3363 2034/2019/3372
f 1999/1977/3307 2034/2019/3372 2003/1989/3363
f 1999/1977/3307 2005/1993/3332 2034/2019/3372
f 2007/1986/3318 2005/1993/3373 2006/1987/3319
f 2005/1993/3373 2007/1986/3318 2035/2020/3374
f 2008/1994/3333 2035/2020/3374 2007/1986/3318
f 2035/2020/3374 2034/2019/3371 2005/1993/3373
f 2034/2019/3371 2035/2020/3374 2030/2014/3365
f 2036/2021/3375 2030/2014/3365 2035/2020/3374
f 2030/2014/3365 2036/2021/3375 2033/2018/3369
f 1920/1904/3204 2033/2018/3369 2025/2012/3361
f 2023/2010/3359 2025/2012/3361 2033/2018/3369
f 1917/1902/3202 2025/2012/3361 2023/2010/3359
f 2019/2005/3353 2022/2009/3358 2037/2006/3354
f 2037/2006/3376 2022/2009/3370 2033/2018/3369
f 2017/2003/3351 2037/2006/3354 2012/1998/3341
f 2010/1995/3334 2036/2021/3375 2008/1994/3333
f 2035/2020/3374 2008/1994/3333 2036/2021/3375
f 2036/2021/3375 2010/1995/3334 2037/2006/3376
f 2012/1998/3350 2037/2006/3376 2010/1995/3334
f 2037/2006/3376 2033/2018/3369 2036/2021/3375
f 2041/2022/3377 2039/2023/3378 2038/2024/3379
f 2041/2022/3377 2042/2025/3380 2039/2023/3378
f 2041/2022/3381 2043/2026/3382 2044/2027/3383
f 2042/2025/3384 2041/2022/3381 2044/2027/3383
f 2045/2028/3385 2044/2027/3383 2043/2026/3382
f 2044/2027/3383 2045/2028/3385 2047/2029/3386
f 2046/2030/3387 2044/2027/3383 2047/2029/3386
f 2047/2029/3386 2045/2028/3385 2049/2031/3388
f 2045/2028/3385 2048/2032/3389 2049/2031/3388
f 2049/2031/3388 2050/2033/3390 2047/2029/3386
f 2051/2034/3391 2049/2031/3388 2048/2032/3389
f 2049/2031/3388 2051/2034/3391 2052/2035/3392
f 2053/2036/3393 2052/2035/3392 2051/2034/3391
f 2052/2035/3394 2053/2036/3395 2054/2037/3396
f 2055/2038/3397 2054/2037/3396 2053/2036/3395
f 2054/2037/3396 2055/2038/3397 2056/2039/3398
f 2057/2040/3399 2056/2039/3398 2055/2038/3397
f 2056/2039/3398 2057/2040/3399 2058/2041/3400
f 2059/2042/3401 2058/2041/3400 2057/2040/3399
f 2058/2041/3400 2059/2042/3401 2060/2043/3402
f 2061/2044/3403 2060/2043/3402 2059/2042/3401
f 2058/2041/3400 2060/2043/3402 2142/2045/3404
f 2063/2046/3405 2058/2041/3400 2142/2045/3404
f 2062/2047/3406 2056/2039/3398 2058/2041/3400
f 2064/2048/3407 2142/2045/3408 2141/2049/3409
f 2064/2048/3407 2063/2046/3405 2142/2045/3408
f 2161/2050/3410 2064/2048/3407 2141/2049/3409
f 2062/2047/3406 2063/2046/3405 2065/2051/3411
f 2063/2046/3405 2062/2047/3406 2058/2041/3400
f 2056/2039/3398 2062/2047/3406 2066/2052/3412
f 2067/2053/3413 2062/2047/3406 2065/2051/3411
f 2066/2052/3412 2062/2047/3406 2067/2053/3413
f 2054/2037/3396 2056/2039/3398 2066/2052/3412
f 2052/2035/3394 2054/2037/3396 2068/2054/3414
f 2068/2054/3415 2049/2031/3388 2052/2035/3416
f 2049/2031/3388 2068/2054/3415 2069/2055/3417
f 2066/2052/3412 2068/2054/3414 2054/2037/3396
f 2067/2053/3413 2068/2054/3414 2066/2052/3412
f 2068/2054/3414 2067/2053/3413 2162/2056/3418
f 2162/2056/3418 2070/2057/3419 2068/2054/3414
f 2070/2057/3419 2069/2055/3417 2068/2054/3414
f 2050/2033/3390 2049/2031/3388 2069/2055/3417
f 2071/2058/3420 2050/2033/3390 2069/2055/3417
f 2050/2033/3390 2071/2058/3420 2046/2030/3387
f 2050/2033/3390 2046/2030/3387 2047/2029/3386
f 2046/2030/3387 2042/2025/3384 2044/2027/3383
f 2072/2059/3421 2039/2023/3422 2042/2025/3423
f 2072/2059/3421 2040/2060/3424 2039/2023/3422
f 2072/2059/3421 2073/2061/3425 2040/2060/3424
f 2073/2061/3425 2072/2059/3421 2075/2062/3426
f 2073/2061/3425 2075/2062/3426 2074/2063/3427
f 2075/2062/3426 2076/2064/3428 2074/2063/3427
f 2076/2064/3428 2075/2062/3426 2190/2065/3429
f 2079/2066/3430 2077/2067/3431 2076/2064/3428
f 2079/2066/3430 2078/2068/3432 2077/2067/3431
f 2077/2067/3431 2080/2069/3433 2081/2070/3434
f 2082/2071/3435 2081/2070/3434 2080/2069/3433
f 2080/2069/3433 2077/2067/3431 2078/2068/3432
f 2083/2072/3436 2078/2068/3432 2079/2066/3430
f 2076/2064/3428 2084/2073/3437 2079/2066/3430
f 2190/2065/3429 2084/2073/3437 2076/2064/3428
f 2080/2069/3433 2078/2068/3432 2082/2071/3435
f 2085/2074/3438 2082/2071/3435 2078/2068/3432
f 2087/2075/3439 2086/2076/3440 2085/2074/3438
f 2085/2074/3438 2078/2068/3432 2083/2072/3436
f 2087/2075/3439 2085/2074/3438 2083/2072/3436
f 2087/2075/3439 2088/2077/3441 2086/2076/3440
f 2088/2077/3441 2089/2078/3442 2086/2076/3440
f 2089/2078/3442 2090/2079/3443 2086/2076/3440
f 2091/2080/3444 2090/2079/3443 2607/2081/3445
f 2091/2080/3444 2094/2082/3446 2092/2083/3447
f 2093/2084/3448 2092/2083/3447 2095/2085/3449
f 2098/2086/3450 2096/2087/3451 2093/2084/3448
f 2096/2087/3451 2098/2086/3450 2097/2088/3452
f 2098/2086/3450 2099/2089/3453 2097/2088/3452
f 2100/2090/3454 2099/2089/3455 2604/2091/3456
f 2100/2090/3454 2604/2091/3456 2101/2092/3457
f 2103/2093/3458 2102/2094/3459 2100/2090/3460
f 2100/2090/3460 2101/2092/3461 2103/2093/3458
f 2103/2093/3462 2101/2092/3463 2105/2095/3464
f 2104/2096/3465 2103/2093/3462 2105/2095/3464
f 2104/2096/3466 2105/2095/3467 2106/2097/3468
f 2107/2098/3469 2106/2097/3468 2105/2095/3467
f 2106/2097/3468 2107/2098/3469 2108/2099/3470
f 2109/2100/3471 2108/2099/3470 2107/2098/3469
f 2108/2099/3470 2109/2100/3471 2110/2101/3472
f 2110/2101/3472 2109/2100/3471 2111/2102/3473
f 2112/2103/3474 2111/2102/3473 2109/2100/3471
f 2112/2103/3474 2113/2104/3475 2111/2102/3473
f 2111/2102/3473 2113/2104/3475 2114/2105/3476
f 2113/2104/3475 2115/2106/3477 2114/2105/3476
f 2116/2107/3478 2112/2103/3474 2109/2100/3471
f 2107/2098/3469 2116/2107/3478 2109/2100/3471
f 2117/2108/3479 2107/2098/3469 2105/2095/3467
f 2117/2108/3479 2118/2109/3480 2107/2098/3469
f 2107/2098/3469 2118/2109/3480 2119/2110/3481
f 2107/2098/3469 2119/2110/3481 2116/2107/3478
f 2116/2107/3478 2119/2110/3481 2120/2111/3482
f 2120/2111/3482 2112/2103/3474 2116/2107/3478
f 2120/2111/3482 2113/2104/3475 2112/2103/3474
f 2121/2112/3483 2113/2104/3475 2120/2111/3482
f 2122/2113/3484 2114/2105/3476 2115/2106/3477
f 2115/2106/3477 2127/2114/3485 2122/2113/3484
f 2127/2114/3485 2123/2115/3486 2122/2113/3484
f 2124/2116/3487 2126/2117/3488 2125/2118/3489
f 2129/2119/3490 2126/2117/3488 2124/2116/3487
f 2129/2119/3490 2124/2116/3487 2123/2115/3486
f 2123/2115/3486 2127/2114/3485 2129/2119/3490
f 2128/2120/3491 2129/2119/3490 2127/2114/3485
f 2143/2121/3492 2126/2117/3488 2129/2119/3490
f 2132/2122/3493 2131/2123/3494 2125/2118/3489
f 2125/2118/3489 2126/2117/3488 2132/2122/3493
f 2131/2123/3494 2132/2122/3493 2133/2124/3495
f 2133/2124/3495 2132/2122/3493 2134/2125/3496
f 2132/2122/3493 2135/2126/3497 2134/2125/3496
f 2134/2125/3498 2135/2126/3499 2136/2127/3500
f 2137/2128/3501 2136/2127/3500 2135/2126/3499
f 2138/2129/3502 2136/2127/3503 2137/2128/3501
f 2146/2130/3504 2138/2129/3502 2137/2128/3501
f 2146/2130/3504 2148/2131/3505 2138/2129/3502
f 2148/2131/3505 2139/2132/3506 2138/2129/3507
f 2139/2132/3506 2140/2133/3508 2138/2129/3507
f 2141/2049/3509 2140/2133/3508 2139/2132/3506
f 2141/2049/3409 2142/2045/3408 2140/2133/3510
f 2060/2043/3402 2193/2134/3511 2140/2133/3512
f 2060/2043/3402 2140/2133/3512 2142/2045/3404
f 2135/2126/3499 2144/2135/3513 2137/2128/3501
f 2144/2135/3513 2135/2126/3499 2143/2121/3514
f 2132/2122/3515 2143/2121/3492 2135/2126/3516
f 2143/2121/3492 2132/2122/3515 2126/2117/3488
f 2130/2136/3517 2143/2121/3492 2129/2119/3490
f 2152/2137/3518 2144/2135/3513 2130/2136/3517
f 2144/2135/3513 2145/2138/3519 2146/2130/3504
f 2130/2136/3517 2144/2135/3513 2143/2121/3514
f 2146/2130/3504 2145/2138/3519 2148/2131/3505
f 2147/2139/3520 2148/2131/3505 2145/2138/3519
f 2150/2140/3521 2147/2139/3520 2149/2141/3522
f 2145/2138/3519 2149/2141/3522 2147/2139/3520
f 2151/2142/3523 2145/2138/3519 2144/2135/3513
f 2152/2137/3518 2151/2142/3523 2144/2135/3513
f 2149/2141/3522 2145/2138/3519 2151/2142/3523
f 2152/2137/3518 2130/2136/3517 2128/2120/3491
f 2128/2120/3491 2153/2143/3524 2152/2137/3518
f 2129/2119/3490 2128/2120/3491 2130/2136/3517
f 2153/2143/3525 2128/2120/3526 2154/2144/3527
f 2115/2106/3477 2128/2120/3491 2127/2114/3485
f 2115/2106/3477 2154/2144/3527 2128/2120/3491
f 2153/2143/3524 2151/2142/3523 2152/2137/3518
f 2150/2140/3521 2149/2141/3522 2155/2145/3528
f 2150/2140/3521 2157/2146/3529 2156/2147/3530
f 2156/2147/3530 2159/2148/3531 2158/2149/3532
f 2157/2146/3529 2150/2140/3521 2155/2145/3528
f 2156/2147/3530 2157/2146/3529 2163/2150/3533
f 2159/2148/3531 2156/2147/3530 2163/2150/3533
f 2156/2147/3530 2158/2149/3532 2160/2151/3534
f 2150/2140/3521 2156/2147/3530 2160/2151/3534
f 2147/2139/3520 2150/2140/3521 2160/2151/3534
f 2147/2139/3520 2160/2151/3534 2148/2131/3505
f 2139/2132/3506 2148/2131/3505 2160/2151/3534
f 2161/2050/3535 2160/2151/3534 2158/2149/3532
f 2161/2050/3410 2158/2149/3532 2064/2048/3407
f 2064/2048/3407 2065/2051/3411 2063/2046/3405
f 2065/2051/3411 2064/2048/3407 2158/2149/3532
f 2159/2148/3531 2065/2051/3411 2158/2149/3532
f 2067/2053/3536 2065/2051/3411 2159/2148/3531
f 2159/2148/3531 2162/2056/3418 2067/2053/3536
f 2163/2150/3533 2162/2056/3418 2159/2148/3531
f 2071/2058/3420 2069/2055/3417 2164/2152/3537
f 2046/2030/3387 2071/2058/3420 2165/2153/3538
f 2046/2030/3387 2165/2153/3538 2192/2154/3539
f 2042/2025/3384 2046/2030/3387 2192/2154/3539
f 2166/2155/3540 2192/2154/3539 2167/2156/3541
f 2167/2156/3541 2192/2154/3539 2165/2153/3538
f 2167/2156/3541 2165/2153/3538 2071/2058/3420
f 2167/2156/3541 2071/2058/3420 2164/2152/3537
f 2169/2157/3542 2166/2155/3540 2167/2156/3541
f 2168/2158/3543 2169/2157/3542 2167/2156/3541
f 2170/2159/3544 2169/2157/3542 2168/2158/3543
f 2173/2160/3545 2170/2159/3544 2168/2158/3543
f 2168/2158/3543 2167/2156/3541 2164/2152/3537
f 2164/2152/3537 2171/2161/3546 2168/2158/3543
f 2171/2161/3546 2164/2152/3537 2070/2057/3419
f 2172/2162/3547 2168/2158/3543 2171/2161/3546
f 2168/2158/3543 2172/2162/3547 2173/2160/3545
f 2069/2055/3417 2070/2057/3419 2164/2152/3537
f 2171/2161/3546 2070/2057/3419 2162/2056/3418
f 2172/2162/3547 2157/2146/3529 2174/2163/3548
f 2174/2163/3548 2175/2164/3549 2172/2162/3547
f 2173/2160/3545 2172/2162/3547 2175/2164/3549
f 2155/2145/3528 2174/2163/3548 2157/2146/3529
f 2173/2160/3545 2175/2164/3549 2176/2165/3550
f 2177/2166/3551 2175/2164/3549 2174/2163/3548
f 2174/2163/3548 2155/2145/3528 2178/2167/3552
f 2172/2162/3547 2171/2161/3546 2163/2150/3533
f 2171/2161/3546 2162/2056/3418 2163/2150/3533
f 2157/2146/3529 2172/2162/3547 2163/2150/3533
f 2179/2168/3553 2178/2167/3552 2155/2145/3528
f 2178/2167/3552 2179/2168/3553 2181/2169/3554
f 2179/2168/3553 2180/2170/3555 2181/2169/3554
f 2180/2170/3556 2153/2143/3525 2154/2144/3527
f 2180/2170/3556 2154/2144/3527 2121/2112/3483
f 2115/2106/3477 2121/2112/3483 2154/2144/3527
f 2121/2112/3483 2115/2106/3477 2113/2104/3475
f 2121/2112/3483 2120/2111/3482 2180/2170/3556
f 2181/2169/3554 2180/2170/3556 2120/2111/3482
f 2119/2110/3481 2182/2171/3557 2120/2111/3482
f 2182/2171/3557 2181/2169/3554 2120/2111/3482
f 2178/2167/3552 2181/2169/3554 2183/2172/3558
f 2174/2163/3548 2178/2167/3552 2184/2173/3559
f 2184/2173/3559 2177/2166/3551 2174/2163/3548
f 2178/2167/3552 2183/2172/3558 2184/2173/3559
f 2182/2171/3557 2183/2172/3558 2181/2169/3554
f 2182/2171/3557 2185/2174/3560 2183/2172/3558
f 2184/2173/3559 2183/2172/3558 2185/2174/3560
f 2118/2109/3480 2182/2171/3557 2119/2110/3481
f 2186/2175/3561 2118/2109/3480 2117/2108/3479
f 2186/2175/3561 2187/2176/3562 2118/2109/3480
f 2118/2109/3480 2187/2176/3562 2182/2171/3557
f 2187/2176/3562 2185/2174/3560 2182/2171/3557
f 2176/2165/3550 2175/2164/3549 2188/2177/3563
f 2170/2159/3544 2173/2160/3545 2176/2165/3550
f 2166/2155/3540 2169/2157/3542 2170/2159/3544
f 2600/2178/3564 2176/2165/3550 2188/2177/3563
f 2189/2179/3565 2170/2159/3544 2176/2165/3550
f 2166/2155/3566 2170/2159/3567 2189/2179/3565
f 2190/2065/3429 2166/2155/3566 2189/2179/3565
f 2190/2065/3429 2192/2154/3568 2166/2155/3566
f 2176/2165/3550 2191/2180/3569 2189/2179/3565
f 2600/2178/3564 2191/2180/3569 2176/2165/3550
f 2079/2066/3430 2191/2180/3569 2083/2072/3436
f 2191/2180/3569 2079/2066/3430 2084/2073/3437
f 2084/2073/3437 2189/2179/3565 2191/2180/3569
f 2084/2073/3437 2190/2065/3429 2189/2179/3565
f 2075/2062/3426 2072/2059/3421 2192/2154/3568
f 2072/2059/3421 2042/2025/3423 2192/2154/3568
f 2192/2154/3568 2190/2065/3429 2075/2062/3426
f 2061/2044/3403 2193/2134/3511 2060/2043/3402
f 2194/2181/3570 2195/2182/3571 2196/2183/3572
f 2198/2184/3573 2199/2185/3574 2197/2186/3575
f 2195/2182/3576 2197/2186/3577 2199/2185/3578
f 2200/2187/3579 2196/2183/3572 2195/2182/3571
f 2196/2183/3572 2200/2187/3579 2202/2188/3580
f 2271/2189/3581 2202/2188/3580 2200/2187/3579
f 2201/2190/3582 2196/2183/3583 2202/2188/3584
f 2202/2188/3584 2203/2191/3585 2201/2190/3582
f 2205/2192/3586 2203/2191/3585 2202/2188/3584
f 2204/2193/3587 2203/2191/3585 2205/2192/3586
f 2205/2192/3586 2206/2194/3588 2204/2193/3587
f 2207/2195/3589 2205/2192/3590 2214/2196/3591
f 2207/2195/3592 2206/2194/3588 2205/2192/3586
f 2206/2194/3593 2207/2195/3594 2208/2197/3595
f 2208/2197/3596 2207/2195/3597 2215/2198/3598
f 2209/2199/3599 2208/2197/3600 2215/2198/3601
f 2211/2200/3602 2209/2199/3603 2215/2198/3604
f 2210/2201/3605 2209/2199/3603 2211/2200/3602
f 2211/2200/3602 2212/2202/3606 2210/2201/3605
f 2212/2202/3606 2211/2200/3602 2213/2203/3607
f 2214/2196/3608 2213/2203/3609 2211/2200/3610
f 2214/2196/3611 2215/2198/3612 2207/2195/3613
f 2215/2198/3612 2214/2196/3611 2211/2200/3614
f 2214/2196/3591 2205/2192/3590 2271/2189/3581
f 2205/2192/3590 2202/2188/3580 2271/2189/3581
f 2213/2203/3609 2214/2196/3608 2271/2189/3615
f 2216/2204/3616 2212/2202/3617 2213/2203/3618
f 2216/2204/3616 2217/2205/3619 2212/2202/3617
f 2218/2206/3620 2217/2205/3619 2216/2204/3616
f 2217/2205/3619 2218/2206/3620 2219/2207/3621
f 2219/2207/3621 2218/2206/3620 2220/2208/3622
f 2222/2209/3623 2220/2208/3624 2218/2206/3625
f 2222/2209/3626 2221/2210/3627 2220/2208/3628
f 2223/2211/3629 2221/2210/3630 2276/2212/3631
f 2223/2211/3629 2276/2212/3631 2224/2213/3632
f 2224/2213/3632 2225/2214/3633 2223/2211/3629
f 2224/2213/3632 2226/2215/3634 2225/2214/3633
f 2226/2215/3634 2224/2213/3632 2227/2216/3635
f 2228/2217/3636 2226/2215/3637 2227/2216/3638
f 2230/2218/3639 2229/2219/3640 2228/2217/3641
f 2231/2220/3642 2229/2219/3640 2230/2218/3639
f 2229/2219/3643 2231/2220/3644 2232/2221/3645
f 2232/2221/3646 2231/2220/3647 2233/2222/3648
f 2235/2223/3649 2234/2224/3650 2233/2222/3651
f 2234/2224/3652 2235/2223/3653 2236/2225/3654
f 2236/2225/3654 2235/2223/3653 2237/2226/3655
f 2237/2226/3655 2238/2227/3656 2236/2225/3654
f 2239/2228/3657 2237/2226/3655 2235/2223/3653
f 2238/2227/3656 2237/2226/3655 2240/2229/3658
f 2241/2230/3659 2238/2227/3656 2240/2229/3658
f 2243/2231/3660 2242/2232/3661 2241/2230/3662
f 2242/2232/3663 2243/2231/3664 2244/2233/3665
f 2245/2234/3666 2244/2233/3665 2243/2231/3664
f 2244/2233/3665 2245/2234/3666 2246/2235/3667
f 2252/2236/3668 2246/2235/3667 2245/2234/3666
f 2246/2235/3667 2252/2236/3668 2247/2237/3669
f 2248/2238/3670 2247/2237/3671 2253/2239/3672
f 2249/2240/3673 2248/2238/3674 2253/2239/3675
f 2249/2240/3676 2253/2239/3677 2250/2241/3678
f 2435/2242/3679 2251/2243/3680 2250/2241/3678
f 2249/2240/3676 2250/2241/3678 2251/2243/3680
f 2250/2241/3681 2253/2239/3682 2252/2236/3683
f 2252/2236/3683 2245/2234/3684 2250/2241/3681
f 2253/2239/3685 2247/2237/3686 2252/2236/3687
f 2256/2244/3688 2255/2245/3689 2254/2246/3690
f 2255/2245/3689 2257/2247/3691 2254/2246/3690
f 2255/2245/3689 2256/2244/3688 2258/2248/3692
f 2255/2245/3689 2258/2248/3692 2259/2249/3693
f 2260/2250/3694 2259/2249/3693 2258/2248/3692
f 2613/2251/3695 2259/2249/3693 2260/2250/3694
f 2262/2252/3696 2259/2249/3697 2261/2253/3698
f 2262/2252/3699 2264/2254/3700 2259/2249/3701
f 2255/2245/3702 2259/2249/3703 2264/2254/3704
f 2265/2255/3705 2257/2247/3706 2255/2245/3702
f 2265/2255/3705 2266/2256/3707 2257/2247/3706
f 2266/2256/3708 2265/2255/3709 2267/2257/3710
f 2265/2255/3709 2268/2258/3711 2267/2257/3710
f 2264/2254/3704 2265/2255/3705 2255/2245/3702
f 2262/2252/3712 2263/2259/3713 2264/2254/3714
f 2265/2255/3709 2264/2254/3715 2268/2258/3711
f 2267/2257/3710 2269/2260/3716 2266/2256/3717
f 2269/2260/3716 2198/2184/3573 2266/2256/3717
f 2200/2187/3718 2195/2182/3719 2199/2185/3574
f 2199/2185/3574 2198/2184/3573 2270/2261/3720
f 2198/2184/3573 2269/2260/3716 2270/2261/3720
f 2271/2189/3615 2200/2187/3718 2199/2185/3574
f 2271/2189/3615 2199/2185/3574 2272/2262/3721
f 2275/2263/3722 2272/2262/3721 2199/2185/3574
f 2199/2185/3574 2270/2261/3720 2275/2263/3722
f 2267/2257/3710 2274/2264/3723 2269/2260/3716
f 2268/2258/3711 2274/2264/3723 2267/2257/3710
f 2263/2259/3713 2268/2258/3711 2264/2254/3714
f 2263/2259/3713 2273/2265/3724 2268/2258/3711
f 2268/2258/3711 2273/2265/3724 2438/2266/3725
f 2438/2266/3725 2274/2264/3723 2268/2258/3711
f 2274/2264/3723 2279/2267/3726 2269/2260/3716
f 2270/2261/3720 2269/2260/3716 2279/2267/3726
f 2272/2262/3721 2213/2203/3609 2271/2189/3615
f 2213/2203/3609 2275/2263/3722 2216/2204/3727
f 2216/2204/3727 2275/2263/3722 2278/2268/3728
f 2277/2269/3729 2218/2206/3730 2216/2204/3727
f 2276/2212/3731 2222/2209/3732 2218/2206/3733
f 2222/2209/3734 2276/2212/3735 2221/2210/3736
f 2276/2212/3737 2277/2269/3738 2224/2213/3739
f 2277/2269/3738 2278/2268/3740 2224/2213/3739
f 2275/2263/3741 2227/2216/3742 2224/2213/3739
f 2278/2268/3740 2275/2263/3741 2224/2213/3739
f 2275/2263/3722 2213/2203/3609 2272/2262/3721
f 2227/2216/3742 2275/2263/3741 2270/2261/3743
f 2227/2216/3638 2279/2267/3744 2228/2217/3636
f 2230/2218/3745 2228/2217/3746 2279/2267/3747
f 2279/2267/3747 2280/2270/3748 2230/2218/3745
f 2279/2267/3749 2227/2216/3750 2270/2261/3751
f 2279/2267/3726 2240/2229/3752 2237/2226/3753
f 2279/2267/3726 2237/2226/3753 2280/2270/3754
f 2239/2228/3755 2280/2270/3754 2237/2226/3753
f 2281/2271/3756 2239/2228/3757 2231/2220/3758
f 2280/2270/3754 2239/2228/3755 2281/2271/3759
f 2280/2270/3748 2231/2220/3760 2230/2218/3745
f 2231/2220/3760 2280/2270/3748 2281/2271/3761
f 2235/2223/3762 2231/2220/3758 2239/2228/3757
f 2235/2223/3649 2233/2222/3651 2231/2220/3763
f 2283/2272/3764 2284/2273/3765 2282/2274/3766
f 2285/2275/3767 2283/2272/3764 2282/2274/3766
f 2284/2273/3765 2283/2272/3764 2286/2276/3768
f 2286/2276/3768 2283/2272/3764 2287/2277/3769
f 2287/2277/3769 2288/2278/3770 2286/2276/3768
f 2287/2277/3769 2289/2279/3771 2288/2278/3770
f 2291/2280/3772 2290/2281/3773 2289/2279/3774
f 2293/2282/3775 2292/2283/3776 2294/2284/3777
f 2295/2285/3778 2293/2282/3779 2296/2286/3780
f 2370/2287/3781 2295/2285/3782 2287/2277/3783
f 2297/2288/3784 2295/2285/3785 2370/2287/3786
f 2299/2289/3787 2297/2288/3784 2298/2290/3788
f 2299/2289/3787 2298/2290/3788 2301/2291/3789
f 2300/2292/3790 2301/2291/3789 2298/2290/3788
f 2300/2292/3790 2302/2293/3791 2301/2291/3789
f 2303/2294/3792 2301/2291/3793 2302/2293/3794
f 2304/2295/3795 2303/2294/3792 2302/2293/3794
f 2304/2295/3795 2302/2293/3794 2305/2296/3796
f 2305/2296/3796 2306/2297/3797 2304/2295/3795
f 2307/2298/3798 2308/2299/3799 2306/2297/3797
f 2306/2297/3800 2308/2299/3801 2309/2300/3802
f 2310/2301/3803 2309/2300/3804 2308/2299/3805
f 2311/2302/3806 2312/2303/3807 2310/2301/3808
f 2312/2303/3807 2311/2302/3806 2313/2304/3809
f 2313/2304/3809 2314/2305/3810 2312/2303/3807
f 2313/2304/3809 2315/2306/3811 2314/2305/3810
f 2315/2306/3812 2313/2304/3813 2316/2307/3814
f 2317/2308/3815 2318/2309/3816 2316/2307/3817
f 2316/2307/3817 2318/2309/3816 2319/2310/3818
f 2320/2311/3819 2319/2310/3818 2318/2309/3816
f 2319/2310/3818 2320/2311/3819 2321/2312/3820
f 2320/2311/3819 2322/2313/3821 2321/2312/3820
f 2322/2313/3821 2323/2314/3822 2321/2312/3820
f 2323/2314/3823 2322/2313/3824 2324/2315/3825
f 2326/2316/3826 2325/2317/3827 2324/2315/3828
f 2326/2316/3829 2327/2318/3830 2325/2317/3831
f 2327/2318/3830 2326/2316/3829 2328/2319/3832
f 2327/2318/3830 2328/2319/3832 2329/2320/3833
f 2329/2320/3834 2328/2319/3835 2330/2321/3836
f 2331/2322/3837 2332/2323/3838 2333/2324/3839
f 2333/2324/3839 2332/2323/3838 2334/2325/3840
f 2332/2323/3838 2335/2326/3841 2334/2325/3840
f 2336/2327/3842 2334/2325/3840 2335/2326/3841
f 2336/2327/3843 2337/2328/3844 2338/2329/3845
f 2338/2329/3846 2337/2328/3847 2339/2330/3848
f 2339/2330/3849 2340/2331/3850 2338/2329/3851
f 2339/2330/3849 2341/2332/3852 2340/2331/3850
f 2341/2332/3852 2339/2330/3849 2342/2333/3853
f 2339/2330/3854 2566/2334/3855 2342/2333/3856
f 2341/2332/3852 2342/2333/3853 2343/2335/3857
f 2343/2335/3857 2342/2333/3853 2344/2336/3858
f 2345/2337/3859 2344/2336/3860 2342/2333/3856
f 2345/2337/3859 2342/2333/3856 2565/2338/3861
f 2344/2336/3860 2345/2337/3859 2346/2339/3862
f 2343/2335/3863 2347/2340/3864 2348/2341/3865
f 2347/2340/3864 2349/2342/3866 2348/2341/3865
f 2349/2342/3866 2347/2340/3864 2358/2343/3867
f 2349/2342/3868 2358/2343/3869 2350/2344/3870
f 2357/2345/3871 2350/2344/3872 2358/2343/3873
f 2357/2345/3874 2351/2346/3875 2350/2344/3876
f 2351/2346/3877 2357/2345/3878 2352/2347/3879
f 2353/2348/3880 2351/2346/3877 2352/2347/3879
f 2354/2349/3881 2353/2348/3880 2352/2347/3879
f 2354/2349/3881 2352/2347/3879 2355/2350/3882
f 2352/2347/3883 2357/2345/3884 2356/2351/3885
f 2356/2351/3886 2357/2345/3887 2358/2343/3888
f 2356/2351/3886 2358/2343/3888 2347/2340/3889
f 2344/2336/3890 2347/2340/3864 2343/2335/3863
f 2344/2336/3860 2356/2351/3891 2347/2340/3892
f 2361/2352/3893 2356/2351/3891 2344/2336/3860
f 2344/2336/3860 2346/2339/3862 2361/2352/3893
f 2352/2347/3883 2356/2351/3885 2361/2352/3894
f 2355/2350/3882 2352/2347/3883 2361/2352/3894
f 2354/2349/3881 2355/2350/3882 2360/2353/3895
f 2346/2339/3896 2345/2337/3897 2359/2354/3898
f 2346/2339/3896 2359/2354/3898 2567/2355/3899
f 2355/2350/3882 2361/2352/3894 2362/2356/3900
f 2362/2356/3900 2360/2353/3895 2355/2350/3882
f 2360/2353/3895 2362/2356/3900 2366/2357/3901
f 2366/2357/3901 2363/2358/3902 2360/2353/3895
f 2366/2357/3901 2365/2359/3903 2363/2358/3902
f 2365/2359/3903 2364/2360/3904 2363/2358/3902
f 2369/2361/3905 2368/2362/3906 2568/2363/3907
f 2285/2275/3908 2368/2362/3909 2369/2361/3910
f 2283/2272/3911 2285/2275/3908 2369/2361/3910
f 2287/2277/3912 2283/2272/3911 2370/2287/3913
f 2287/2277/3914 2295/2285/3915 2296/2286/3916
f 2287/2277/3917 2296/2286/3918 2289/2279/3774
f 2296/2286/3918 2293/2282/3919 2291/2280/3772
f 2291/2280/3772 2289/2279/3774 2296/2286/3918
f 2294/2284/3920 2292/2283/3921 2290/2281/3773
f 2291/2280/3772 2294/2284/3920 2290/2281/3773
f 2291/2280/3922 2293/2282/3923 2294/2284/3924
f 1467/1444/2534 1465/1442/2537 1468/1445/3925
f 1467/1444/3926 1468/1445/3927 2371/2364/3928
f 1467/1444/2534 2371/2364/3929 1461/1438/2535
f 1461/1438/2535 2371/2364/3929 1459/1436/2520
f 1452/1429/3930 2371/2364/3928 1468/1445/3927
f 1452/1429/3930 1468/1445/3927 1471/1450/2554
f 1457/1434/2516 1459/1436/2520 2371/2364/3929
f 1452/1429/3931 1457/1434/2516 2371/2364/3929
f 2372/2365/3932 1455/1431/2517 1457/1434/2516
f 2372/2365/3932 1450/1426/3933 1455/1431/2517
f 2372/2365/3932 1452/1429/3931 1450/1426/3934
f 1452/1429/3930 1454/2366/3935 1453/1430/3936
f 1454/2366/3935 1452/1429/3930 2373/2367/3937
f 2372/2365/3932 1457/1434/2516 1452/1429/3931
f 2373/2367/3937 1452/1429/3930 2374/1453/2556
f 1454/2366/3935 2373/2367/3937 2375/2368/3938
f 1454/2366/3935 2375/2368/3938 2376/2369/3939
f 2375/2368/3938 2377/2370/3940 2376/2369/3939
f 2379/2371/3941 2380/2372/3942 2378/2373/3943
f 2376/2369/3939 2379/2371/3941 2378/2373/3944
f 2382/2374/3945 2381/2375/3946 2379/2371/3941
f 2385/2376/3947 2384/2377/3948 2383/2378/3949
f 2384/2377/3948 2385/2376/3947 2388/2379/3950
f 2387/2380/3951 2385/2376/3947 2386/2381/3952
f 2388/2379/3950 2385/2376/3947 2387/2380/3951
f 2389/2382/3953 2390/2383/3954 2387/2380/3951
f 2390/2383/3954 2388/2379/3950 2387/2380/3951
f 2388/2379/3950 2390/2383/3954 2391/2384/3955
f 2388/2379/3950 2391/2384/3955 2384/2377/3948
f 2391/2384/3956 2383/2378/3957 2384/2377/3958
f 2391/2384/3959 2380/2372/3960 2383/2378/3961
f 2380/2372/3960 2381/2375/3962 2383/2378/3961
f 2380/2372/3942 2379/2371/3941 2381/2375/3946
f 1890/1874/3963 2392/2385/3964 1889/1873/3965
f 2393/2386/3966 2392/2385/3964 1890/1874/3963
f 2396/2387/3967 2394/2388/3968 2398/2389/3969
f 2398/2389/3969 2394/2388/3968 2397/2390/3970
f 2398/2389/3971 2399/2391/3972 2396/2387/3973
f 2400/2392/3974 2399/2391/3975 2398/2389/3976
f 2397/2390/3977 2401/2393/3978 2398/2389/3979
f 2395/2394/3980 2397/2390/3970 2394/2388/3968
f 2397/2390/3977 2402/2395/3981 2401/2393/3978
f 2402/2395/3981 2397/2390/3977 2403/2396/3982
f 2395/2394/3983 2403/2396/3982 2397/2390/3977
f 2392/2385/3984 2395/2394/3985 2394/2388/3986
f 2402/2395/3987 2403/2396/3988 2404/2397/3989
f 2402/2395/3987 2404/2397/3989 2405/2398/3990
f 2406/2399/3991 2405/2398/3992 2404/2397/3993
f 2404/2397/3994 2407/2400/3995 2406/2399/3996
f 2404/2397/3997 2408/2401/3998 2407/2400/3999
f 2409/2402/4000 2410/2403/4001 2408/2401/4002
f 2411/2404/4003 2410/2403/4001 2409/2402/4000
f 2411/2404/4004 2418/2405/4005 2410/2403/4006
f 2409/2402/4007 2408/2401/4008 2404/2397/4009
f 2404/2397/4010 2412/2406/4011 2409/2402/4012
f 2413/2407/4013 2412/2406/4011 2404/2397/4010
f 2403/2396/4014 2413/2407/4015 2404/2397/4016
f 1893/1858/3115 2413/2407/4017 2403/2396/3982
f 2393/2386/4018 2395/2394/4019 2392/2385/4020
f 1891/1875/4021 2393/2386/4022 1890/1874/4023
f 1875/1853/4024 2395/2394/4025 2393/2386/4026
f 1891/1875/4021 1875/1853/4027 2393/2386/4022
f 2395/2394/3983 1875/1853/3110 2403/2396/3982
f 1893/1858/3115 2403/2396/3982 1875/1853/3110
f 2413/2407/4017 1893/1858/3115 1902/1885/3165
f 1912/1896/4028 2414/2408/4029 1902/1885/3165
f 1912/1896/4028 1902/1885/3165 2426/1886/3166
f 1902/1885/4030 2414/2408/4031 2415/2409/4032
f 2413/2407/4033 1902/1885/4030 2415/2409/4032
f 2413/2407/4033 2415/2409/4032 2418/2405/4034
f 2418/2405/4034 2412/2406/4035 2413/2407/4033
f 2416/2410/4036 2417/2411/4037 2415/2409/4038
f 2418/2405/4039 2415/2409/4038 2417/2411/4037
f 2410/2403/4040 2418/2405/4041 2417/2411/4042
f 2418/2405/4043 2411/2404/4044 2409/2402/4045
f 2409/2402/4046 2412/2406/4047 2418/2405/4048
f 2415/2409/4049 2419/2412/4050 2416/2410/4051
f 2420/2413/4052 2416/2410/4051 2419/2412/4050
f 2422/2414/4053 2420/2413/4054 2421/2415/4055
f 2423/2416/4056 2422/2414/4057 2421/2415/4058
f 2422/2414/4059 2423/2416/4060 2424/2417/4061
f 1912/1896/4062 1909/2418/4063 2414/2408/4064
f 1912/1896/3188 2426/1886/4065 1913/1897/3191
f 1913/1897/3197 2426/1886/4066 1905/1889/3195
f 2426/1886/3166 1904/1888/3171 1905/1889/4067
f 1873/1856/3112 1897/1877/3156 2426/1886/3166
f 2414/2408/4068 1909/2418/4069 2425/2419/4070
f 2427/2420/4071 2414/2408/4068 2425/2419/4070
f 2427/2420/4071 2425/2419/4070 2424/2417/4072
f 2427/2420/4071 2424/2417/4072 2423/2416/4073
f 2419/2412/4050 2421/2415/4074 2420/2413/4052
f 2423/2416/4075 2419/2412/4076 2427/2420/4077
f 2415/2409/4078 2427/2420/4079 2419/2412/4080
f 2427/2420/4079 2415/2409/4078 2414/2408/4081
f 2419/2412/4082 2423/2416/4083 2421/2415/4084
f 1388/1366/2440 1387/2421/4085 2428/2422/4086
f 1386/2423/4087 2428/2422/4086 1387/2421/4085
f 2431/2424/4088 1386/2423/4087 1384/1365/2439
f 1382/1362/2436 1380/1359/2433 2429/2425/4089
f 1380/1359/2433 1379/1361/2435 2429/2425/4089
f 1378/2426/4090 1377/2427/4091 1416/1395/2469
f 1376/1358/4092 1416/1395/2469 1377/2427/4091
f 1374/1356/2430 1416/1395/2473 1376/1358/2432
f 1374/1356/2430 1372/1354/2428 1416/1395/2473
f 1379/1361/2435 1378/2426/4090 1417/1394/2468
f 1417/1394/2468 2429/2425/4089 1379/1361/2435
f 1417/1394/2468 1378/2426/4090 1416/1395/2469
f 2429/2425/4089 1417/1394/2468 2430/2428/4093
f 2430/2428/4093 1417/1394/2468 1415/1393/2467
f 1385/1364/2438 1382/1362/2436 2429/2425/4089
f 1385/1364/2438 2429/2425/4089 2430/2428/4093
f 1384/1365/2439 1385/1364/2438 2431/2424/4088
f 1385/1364/2438 2430/2428/4093 2432/2429/4094
f 1385/1364/2438 2432/2429/4094 2431/2424/4088
f 1386/2423/4087 2431/2424/4088 2428/2422/4086
f 1389/1367/2441 1388/1366/2440 2428/2422/4086
f 1390/1323/2396 1389/1367/2441 1342/1320/2393
f 2433/2430/4095 1412/1391/2465 1411/1390/2464
f 1394/1373/2447 2433/2430/4095 1411/1390/2464
f 2433/2430/4095 1394/1373/2447 1391/1370/2444
f 1393/1372/2446 2433/2430/4095 1391/1370/2444
f 1342/1320/2393 1389/1367/2441 1393/1372/2446
f 2428/2422/4086 2431/2424/4088 1413/1392/2466
f 2431/2424/4088 2432/2429/4094 1413/1392/2466
f 1389/1367/2441 2428/2422/4086 2433/2430/4095
f 1389/1367/2441 2433/2430/4095 1393/1372/2446
f 2433/2430/4095 2428/2422/4086 1412/1391/2465
f 1413/1392/2466 1412/1391/2465 2428/2422/4086
f 1413/1392/2466 2432/2429/4094 1414/1388/2462
f 2432/2429/4094 2430/2428/4093 1414/1388/2462
f 2430/2428/4093 1415/1393/2467 1414/1388/2462
f 2245/2234/3684 2435/2242/4096 2250/2241/3681
f 2435/2242/4096 2245/2234/3684 2243/2231/4097
f 2243/2231/4097 2434/2431/4098 2435/2242/4096
f 2243/2231/4097 2241/2230/4099 2434/2431/4098
f 2434/2431/4100 2241/2230/4101 2240/2229/4102
f 2274/2264/3723 2240/2229/3752 2279/2267/3726
f 2436/2432/4103 2251/2243/4104 2437/2433/4105
f 2435/2242/3679 2437/2433/4106 2251/2243/3680
f 2437/2433/4106 2435/2242/3679 2434/2431/4107
f 2274/2264/3723 2437/2433/4106 2434/2431/4107
f 2438/2266/4108 2436/2432/4103 2437/2433/4105
f 2437/2433/4106 2274/2264/3723 2438/2266/3725
f 2240/2229/4109 2274/2264/4110 2434/2431/4111
f 2216/2204/3727 2278/2268/3728 2277/2269/3729
f 2277/2269/4112 2276/2212/4113 2218/2206/4114
f 1437/1416/2494 1441/1419/2496 1442/2434/4115
f 1442/2434/4115 1434/1413/4116 1437/1416/2494
f 2440/1411/4117 2442/2435/4118 1431/1409/4119
f 1434/1413/4120 2439/2436/4121 2440/1411/4117
f 2440/1411/4117 2439/2436/4121 2442/2435/4118
f 2442/2435/4118 2443/2437/4122 1431/1409/4119
f 2439/2436/4121 1434/1413/4120 2473/2438/4123
f 2442/2435/4118 2439/2436/4121 2471/2439/4124
f 2471/2439/4124 2448/2440/4125 2442/2435/4118
f 2442/2435/4118 2448/2440/4126 2443/2437/4122
f 2444/2441/4127 2443/2437/4122 2448/2440/4126
f 2445/2442/4128 2443/2437/4122 2444/2441/4127
f 1428/1405/4129 2443/2437/4122 1425/1402/4130
f 1428/1405/2480 1431/1409/4119 2443/2437/4122
f 1428/1405/2480 2441/1406/2481 1431/1409/4119
f 1428/1405/2480 1424/1399/2474 2441/1406/2481
f 2447/2443/4131 1434/1413/4132 1442/2434/4133
f 2446/2444/4134 2447/2443/4135 1442/2434/4136
f 2447/2443/4137 2473/2438/4123 1434/1413/4120
f 1426/1403/4138 2443/2437/4122 2445/2442/4128
f 2450/2445/4139 2444/2441/4127 2448/2440/4126
f 2444/2441/4140 2450/2445/4141 2445/2442/4142
f 2443/2437/4122 1426/1403/4138 1425/1402/4130
f 2451/2446/4143 1427/1404/2479 1426/1403/2478
f 2453/2447/4144 2452/2448/4145 2459/2449/4146
f 2453/2447/4147 2459/2449/4148 2455/2450/4149
f 2454/2451/4150 2453/2447/4147 2455/2450/4149
f 2454/2451/4151 2455/2450/4152 2456/2452/4153
f 2458/2453/4154 2457/2454/4155 2456/2452/4156
f 2456/2452/4157 2459/2449/4158 2458/2453/4159
f 2459/2449/4158 2456/2452/4157 2455/2450/4160
f 2459/2449/4146 2452/2448/4145 2451/2446/4143
f 2451/2446/4143 1426/1403/2478 2459/2449/4146
f 2445/2442/4161 2458/2453/4159 2459/2449/4158
f 1426/1403/4162 2445/2442/4163 2459/2449/4164
f 2445/2442/4161 2450/2445/4165 2458/2453/4159
f 2457/2454/4155 2458/2453/4154 2460/2455/4166
f 2450/2445/4167 2460/2455/4168 2458/2453/4169
f 2460/2455/4170 2450/2445/4171 2461/2456/4172
f 2450/2445/4173 2448/2440/4174 2449/2457/4175
f 2461/2456/4176 2450/2445/4177 2449/2457/4178
f 2448/2440/4179 2462/2458/4180 2449/2457/4181
f 2463/2459/4182 2462/2458/4180 2448/2440/4179
f 2463/2459/4182 2464/2460/4183 2462/2458/4180
f 2462/2458/4180 2464/2460/4183 2465/2461/4184
f 2465/2461/4184 2464/2460/4183 2466/2462/4185
f 2464/2460/4186 2467/2463/4187 2466/2462/4188
f 2468/2464/4189 2467/2463/4187 2464/2460/4186
f 2468/2464/4190 2469/2465/4191 2467/2463/4192
f 2469/2465/4191 2468/2464/4190 2470/2466/4193
f 2468/2464/4190 2495/2467/4194 2470/2466/4193
f 2468/2464/4189 2464/2460/4186 2463/2459/4195
f 2448/2440/4125 2471/2439/4124 2463/2459/4196
f 2463/2459/4196 2471/2439/4124 2472/2468/4197
f 2472/2468/4197 2471/2439/4124 2473/2438/4123
f 2471/2439/4124 2439/2436/4121 2473/2438/4123
f 2474/2469/4198 2473/2438/4199 2484/2470/4200
f 2447/2443/4201 2446/2444/4202 2475/2471/4203
f 2475/2471/4203 2446/2444/4202 2476/2472/4204
f 2476/2472/4204 2482/2473/4205 2475/2471/4203
f 2482/2473/4205 2476/2472/4204 2477/2474/4206
f 2482/2473/4205 2477/2474/4206 2478/2475/4207
f 2480/2476/4208 2478/2475/4209 2479/2477/4210
f 2481/2478/4211 2480/2476/4212 2479/2477/4213
f 2480/2476/4214 2482/2473/4205 2478/2475/4207
f 2482/2473/4215 2480/2476/4216 2481/2478/4217
f 2483/2479/4218 2482/2473/4215 2481/2478/4217
f 2475/2471/4219 2482/2473/4215 2483/2479/4218
f 2475/2471/4220 2483/2479/4221 2447/2443/4222
f 2447/2443/4222 2483/2479/4221 2484/2470/4223
f 2447/2443/4224 2484/2470/4225 2473/2438/4226
f 2474/2469/4227 2484/2470/4228 2485/2480/4229
f 2485/2480/4229 2493/2481/4230 2474/2469/4227
f 2488/2482/4231 2487/2483/4232 2486/2484/4233
f 2489/2485/4234 2487/2483/4235 2488/2482/4236
f 2490/2486/4237 2487/2483/4238 2489/2485/4239
f 2487/2483/4238 2490/2486/4237 2491/2487/4240
f 2492/2488/4241 2491/2487/4240 2490/2486/4237
f 2486/2484/4242 2487/2483/4243 2491/2487/4244
f 2493/2481/4230 2486/2484/4242 2491/2487/4244
f 2493/2481/4230 2485/2480/4229 2486/2484/4242
f 2493/2481/4245 2491/2487/4240 2492/2488/4241
f 2492/2488/4241 2494/2489/4246 2474/2469/4247
f 2474/2469/4248 2494/2489/4249 2495/2467/4250
f 2474/2469/4251 2495/2467/4252 2472/2468/4253
f 2473/2438/4123 2474/2469/4254 2472/2468/4197
f 2492/2488/4241 2474/2469/4247 2493/2481/4245
f 2472/2468/4255 2468/2464/4189 2463/2459/4195
f 2472/2468/4256 2495/2467/4257 2468/2464/4258
f 2374/1453/4259 2375/2368/3938 2373/2367/3937
f 2374/1453/4259 2496/2490/4260 2375/2368/3938
f 2374/1453/4259 2497/2491/4261 2496/2490/4260
f 1452/1429/3930 1471/1450/2554 2374/1453/2556
f 2497/2491/4262 2374/1453/4263 1478/1456/4264
f 2499/2492/4265 1478/1456/4266 1479/1458/4267
f 2498/2493/4268 1478/1456/4269 2499/2492/4270
f 1478/1456/4271 2498/2493/4272 2497/2491/4273
f 2500/2494/4274 2497/2491/4273 2498/2493/4272
f 2498/2493/4275 2499/2492/4276 2501/2495/4277
f 2506/2496/4278 2498/2493/4279 2501/2495/4280
f 2506/2496/4281 2501/2495/4282 2502/2497/4283
f 2503/2498/4284 2502/2497/4283 2501/2495/4282
f 2502/2497/4285 2503/2498/4286 2500/2494/4287
f 2503/2498/4286 2504/2499/4288 2505/2500/4289
f 2505/2500/4289 2500/2494/4287 2503/2498/4286
f 2500/2494/4287 2505/2500/4289 2497/2491/4290
f 2500/2494/4274 2498/2493/4272 2502/2497/4291
f 2502/2497/4292 2498/2493/4293 2506/2496/4294
f 2508/1708/4295 1727/1712/2906 1725/1709/2905
f 1729/1714/2909 1726/1711/2908 1727/1712/2906
f 1734/1717/2912 1729/1714/2909 1727/1712/2906
f 1734/1717/2912 1727/1712/2906 2507/2501/4296
f 2507/2501/4297 2508/1708/4298 1734/1717/4299
f 1734/1717/2912 2558/2502/4300 2509/2503/4301
f 2509/2503/4301 1732/1718/2913 1734/1717/2912
f 1735/1720/2915 1732/1718/2913 2509/2503/4301
f 1748/1733/2928 1749/1734/2929 2510/2504/4302
f 1735/1720/2915 2509/2503/4301 2512/2505/4303
f 1735/1720/2915 2512/2505/4303 1749/1734/2929
f 2512/2505/4303 2513/2506/4304 1749/1734/2929
f 1748/1733/2928 2510/2504/4302 2514/2507/4305
f 2514/2507/4305 1750/1735/2930 1748/1733/2928
f 1740/1725/2920 1750/1735/2930 2515/2508/4306
f 2515/2508/4306 1747/1726/2921 1740/1725/2920
f 1747/1726/2921 2515/2508/4306 1751/1737/2932
f 1751/1737/2932 2516/1738/2933 1752/1736/2931
f 1751/1737/2932 2515/2508/4306 2524/2509/4307
f 1751/1737/2932 2524/2509/4307 2517/2510/4308
f 2518/2511/4309 2517/2510/4308 2524/2509/4307
f 2516/1738/2933 1751/1737/2932 2519/2512/4310
f 2517/2510/4308 2519/2512/4310 1751/1737/2932
f 1746/1729/2924 1752/1736/2931 2516/1738/2933
f 2519/2512/4310 1753/1739/2934 2516/1738/2933
f 2519/2512/4310 2520/2513/4311 1753/1739/2934
f 2521/1741/2936 1753/1739/2934 2520/2513/4311
f 1753/1739/2934 2521/1741/2936 1754/1740/2935
f 2520/2513/4311 2519/2512/4310 2517/2510/4308
f 2520/2513/4311 2522/2514/4312 2521/1741/2936
f 1758/1745/2943 1757/1743/2938 1761/1748/4313
f 1757/1743/2938 2521/1741/2936 2522/2514/4312
f 1761/1748/4313 1757/1743/2938 2522/2514/4312
f 2522/2514/4312 2520/2513/4311 2523/2515/4314
f 2523/2515/4314 2520/2513/4311 2517/2510/4308
f 2518/2511/4315 2523/2515/4314 2517/2510/4308
f 2532/1753/2951 1761/1748/2948 2522/2514/4316
f 2525/2516/4317 2523/2515/4318 2518/2511/4309
f 2524/2509/4307 2526/2517/4319 2518/2511/4309
f 2515/2508/4306 2514/2507/4305 2524/2509/4307
f 2514/2507/4305 2515/2508/4306 1750/1735/2930
f 2514/2507/4305 2528/2518/4320 2527/2519/4321
f 2514/2507/4305 2510/2504/4302 2528/2518/4320
f 2510/2504/4302 2529/2520/4322 2528/2518/4320
f 2529/2520/4322 2510/2504/4302 1749/1734/2929
f 1749/1734/2929 2513/2506/4304 2529/2520/4322
f 2511/2521/4323 2512/2505/4303 2509/2503/4301
f 2558/2502/4300 2511/2521/4323 2509/2503/4301
f 2513/2506/4304 2512/2505/4303 2530/2522/4324
f 2527/2519/4321 2524/2509/4307 2514/2507/4305
f 2527/2519/4321 2526/2517/4319 2524/2509/4307
f 2530/2522/4324 2529/2520/4322 2513/2506/4304
f 2512/2505/4303 2560/2523/4325 2530/2522/4324
f 2523/2515/4318 2525/2516/4317 2533/2524/4326
f 1761/1748/2948 2532/1753/2951 1763/1750/2947
f 2532/1753/2951 1768/1756/2954 1765/1752/2950
f 2531/2525/4327 1768/1756/2954 2532/1753/2951
f 2531/2525/4327 2532/1753/2951 2533/2524/4326
f 2533/2524/4326 2532/1753/2951 2522/2514/4316
f 2522/2514/4316 2523/2515/4318 2533/2524/4326
f 2525/2516/4317 2518/2511/4309 2534/2526/4328
f 2526/2517/4319 2534/2526/4328 2518/2511/4309
f 2533/2524/4326 2537/2527/4329 2531/2525/4327
f 2533/2524/4326 2534/2526/4328 2537/2527/4329
f 2534/2526/4328 2533/2524/4326 2525/2516/4317
f 2527/2519/4321 2528/2518/4320 2545/2528/4330
f 2527/2519/4321 2545/2528/4330 2535/2529/4331
f 2535/2529/4331 2526/2517/4319 2527/2519/4321
f 2534/2526/4328 2526/2517/4319 2541/2530/4332
f 2541/2530/4332 2537/2527/4329 2534/2526/4328
f 2526/2517/4319 2535/2529/4331 2541/2530/4332
f 1768/1756/2954 2536/2531/4333 1767/1754/2952
f 2531/2525/4327 2536/2531/4333 1768/1756/2954
f 2536/2531/4333 2531/2525/4327 2537/2527/4329
f 1767/1754/2952 2538/2532/4334 1770/1758/4335
f 2538/2532/4334 1767/1754/2952 2536/2531/4333
f 2538/2532/4336 1772/1760/2960 1770/1758/2959
f 1774/1762/2962 1772/1760/2960 1784/1770/2970
f 2538/2532/4336 1784/1770/2970 1772/1760/2960
f 2538/2532/4336 1785/1771/2971 1784/1770/2970
f 1785/1771/2971 2538/2532/4336 2539/2533/4337
f 2539/2533/4337 1786/1772/2973 1785/1771/2972
f 2540/2534/4338 1786/1772/2973 2539/2533/4337
f 2541/2530/4332 2535/2529/4331 2540/2534/4338
f 2541/2530/4332 2540/2534/4338 2539/2533/4337
f 2541/2530/4332 2539/2533/4337 2542/2535/4339
f 2542/2535/4339 2539/2533/4337 2538/2532/4336
f 2536/2531/4333 2542/2535/4339 2538/2532/4336
f 2542/2535/4339 2536/2531/4333 2537/2527/4329
f 2537/2527/4329 2541/2530/4332 2542/2535/4339
f 2543/2536/4340 2535/2529/4331 2545/2528/4330
f 2535/2529/4331 2543/2536/4340 2540/2534/4338
f 2545/2528/4330 2544/2537/4341 2543/2536/4340
f 2544/2537/4341 2545/2528/4330 2562/2538/4342
f 2540/2534/4338 2546/2539/4343 1786/1772/2973
f 1786/1772/2973 2546/2539/4343 1787/1773/2974
f 1788/1775/2976 1783/1774/2979 1787/1773/2974
f 2546/2539/4343 1788/1775/2976 1787/1773/2974
f 2546/2539/4343 2547/2540/4344 1788/1775/2976
f 2547/2540/4344 1789/1776/2977 1788/1775/2976
f 1789/1776/2977 2547/2540/4344 2548/2541/4345
f 2543/2536/4340 2547/2540/4344 2546/2539/4343
f 2543/2536/4340 2546/2539/4343 2540/2534/4338
f 2548/2541/4345 1796/1781/2985 1789/1776/2977
f 2547/2540/4344 2543/2536/4340 2544/2537/4341
f 2548/2541/4345 2547/2540/4344 2544/2537/4341
f 2544/2537/4341 2552/2542/4346 2548/2541/4345
f 2549/2543/4347 2548/2541/4345 2552/2542/4346
f 2551/2544/4348 2550/2545/4349 2549/2543/4347
f 2551/2544/4348 2549/2543/4347 2552/2542/4346
f 2552/2542/4346 2544/2537/4341 2562/2538/4342
f 2552/2542/4346 2562/2538/4342 2563/2546/4350
f 2553/2547/4351 2551/2544/4348 2552/2542/4346
f 2553/2547/4351 2554/1694/4352 2551/2544/4348
f 2549/2543/4347 2550/2545/4349 1796/1781/2985
f 1796/1781/2985 2548/2541/4345 2549/2543/4347
f 2550/2545/4349 1794/1779/2981 1796/1781/2985
f 2550/2545/4349 1797/1782/2986 1794/1779/2981
f 1796/1781/2985 1794/1779/2981 1793/1778/2980
f 2554/1694/2883 1709/1691/2880 1799/1692/2881
f 2553/2547/4353 1712/1695/2884 2554/1694/4354
f 2553/2547/4353 2563/2546/4355 2555/2548/4356
f 2555/2548/4356 1712/1695/2884 2553/2547/4353
f 1712/1695/2884 2555/2548/4356 1714/1697/2886
f 1712/1695/2884 1714/1697/2886 1711/1696/2885
f 1714/1697/2886 2556/2549/4357 1715/1699/2888
f 1716/1700/2889 1715/1699/2888 2557/2550/4358
f 1715/1699/2888 2556/2549/4357 2557/2550/4358
f 1719/1703/2892 1716/1700/2889 2557/2550/4358
f 1721/1705/2894 1719/1703/2892 2558/2502/4300
f 2558/2502/4300 1734/1717/2912 2508/1708/4359
f 2558/2502/4300 2508/1708/4359 1721/1705/4360
f 1727/1712/2906 2508/1708/4295 2507/2501/4296
f 2512/2505/4303 2511/2521/4323 2560/2523/4325
f 2558/2502/4300 1719/1703/2892 2511/2521/4323
f 2511/2521/4323 1719/1703/2892 2559/2551/4361
f 1719/1703/2892 2557/2550/4358 2559/2551/4361
f 2511/2521/4323 2559/2551/4361 2560/2523/4325
f 2561/2552/4362 2529/2520/4322 2530/2522/4324
f 2530/2522/4324 2560/2523/4325 2561/2552/4362
f 2561/2552/4362 2562/2538/4342 2529/2520/4322
f 2528/2518/4320 2529/2520/4322 2545/2528/4330
f 2562/2538/4342 2545/2528/4330 2529/2520/4322
f 2563/2546/4350 2553/2547/4351 2552/2542/4346
f 1714/1697/2886 2555/2548/4356 2556/2549/4357
f 2556/2549/4357 2555/2548/4356 2563/2546/4355
f 2559/2551/4361 2557/2550/4358 2556/2549/4357
f 2559/2551/4361 2556/2549/4357 2560/2523/4325
f 2563/2546/4355 2564/2553/4363 2556/2549/4357
f 2563/2546/4350 2562/2538/4342 2564/2553/4363
f 2564/2553/4363 2562/2538/4342 2561/2552/4362
f 2560/2523/4325 2564/2553/4363 2561/2552/4362
f 2560/2523/4325 2556/2549/4357 2564/2553/4363
f 2551/2544/4364 2554/1694/2883 2550/2545/4365
f 2550/2545/4365 2554/1694/2883 1797/1782/2987
f 2554/1694/2883 1799/1692/2881 1797/1782/2987
f 2565/2338/3861 2342/2333/3856 2566/2334/3855
f 2565/2338/4366 2566/2334/4367 2332/2323/4368
f 2335/2326/4369 2566/2334/4370 2339/2330/4371
f 2566/2334/4367 2335/2326/4372 2332/2323/4368
f 2569/2554/4373 2332/2323/3838 2331/2322/3837
f 2565/2338/4366 2332/2323/4368 2569/2554/4374
f 2569/2554/4374 2345/2337/4375 2565/2338/4366
f 2345/2337/4375 2569/2554/4374 2359/2354/4376
f 2359/2354/3898 2330/2321/4377 2567/2355/3899
f 2346/2339/3896 2567/2355/3899 2367/2555/4378
f 2362/2356/4379 2361/2352/4380 2346/2339/4381
f 2366/2357/4382 2362/2356/4379 2367/2555/4383
f 2346/2339/4381 2367/2555/4383 2362/2356/4379
f 2368/2362/4384 2367/2555/4378 2567/2355/3899
f 2368/2362/4384 2567/2355/3899 2568/2363/3907
f 2369/2361/3910 2370/2287/3913 2283/2272/3911
f 2298/2290/3788 2369/2361/3905 2568/2363/3907
f 2300/2292/3790 2568/2363/3907 2567/2355/3899
f 2298/2290/3788 2568/2363/3907 2300/2292/3790
f 2370/2287/4385 2369/2361/3905 2298/2290/3788
f 2370/2287/3786 2298/2290/3788 2297/2288/3784
f 2567/2355/3899 2330/2321/4377 2300/2292/3790
f 2569/2554/4386 2331/2322/4387 2329/2320/4388
f 2330/2321/4389 2569/2554/4386 2329/2320/4388
f 2330/2321/3836 2328/2319/3835 2570/2556/4390
f 2328/2319/3835 2326/2316/4391 2571/2557/4392
f 2572/2558/4393 2571/2557/4394 2326/2316/4395
f 2570/2556/4390 2328/2319/3835 2571/2557/4392
f 2570/2556/4396 2572/2558/4397 2320/2311/4398
f 2572/2558/4397 2570/2556/4396 2571/2557/4399
f 2320/2311/3819 2572/2558/4400 2322/2313/3821
f 2320/2311/4398 2330/2321/4377 2570/2556/4396
f 2318/2309/4401 2330/2321/4377 2320/2311/4398
f 2330/2321/4377 2318/2309/4401 2317/2308/4402
f 2569/2554/4403 2330/2321/4377 2359/2354/3898
f 2317/2308/4402 2300/2292/3790 2330/2321/4377
f 2300/2292/4404 2317/2308/4405 2573/2559/4406
f 2302/2293/3791 2300/2292/3790 2573/2559/4407
f 2573/2559/4407 2305/2296/4408 2302/2293/3791
f 2305/2296/3796 2307/2298/3798 2306/2297/3797
f 2308/2299/4409 2307/2298/4410 2311/2302/4411
f 2310/2301/4412 2308/2299/4413 2311/2302/4414
f 2313/2304/4415 2311/2302/4411 2307/2298/4410
f 2574/2560/4416 2313/2304/4415 2307/2298/4410
f 2305/2296/4408 2574/2560/4417 2307/2298/4418
f 2574/2560/4417 2305/2296/4408 2573/2559/4407
f 2573/2559/4406 2317/2308/4405 2574/2560/4416
f 2574/2560/4416 2317/2308/4405 2313/2304/4415
f 2316/2307/4419 2313/2304/4420 2317/2308/4421
f 2324/2315/3825 2322/2313/3824 2326/2316/4422
f 2326/2316/4395 2322/2313/4423 2572/2558/4393
f 1819/1801/3008 1824/1808/3015 1820/1804/3011
f 1826/1803/3010 1824/1808/3015 1819/1801/3008
f 1826/1803/3019 1827/1812/4424 1825/1809/3017
f 1817/1799/4425 1827/1812/4424 1826/1803/3019
f 2575/2561/4426 1817/1799/4427 1815/1798/4428
f 1840/1823/4429 1829/1810/4430 1817/1799/4427
f 1841/1824/4431 1839/1822/4432 1840/1823/4433
f 1817/1799/4427 2575/2561/4426 1840/1823/4429
f 2575/2561/4426 2576/2562/4434 1840/1823/4429
f 1849/1832/3066 1842/1825/3052 1841/1824/3051
f 1841/1824/3070 1850/1833/3067 1849/1832/3068
f 1841/1824/4435 1840/1823/4429 1853/1836/4436
f 2576/2562/4434 1853/1836/4436 1840/1823/4429
f 2576/2562/4434 2577/2563/4437 1853/1836/4436
f 2577/2563/4438 1854/1837/3100 1853/1836/4439
f 2577/2563/4440 1864/1847/3097 1863/1845/3094
f 1863/1845/3098 1854/1837/3100 2577/2563/4438
f 1864/1847/3097 2577/2563/4440 2579/2564/4441
f 1864/1847/3097 2579/2564/4441 2578/2565/4442
f 2580/2566/4443 2578/2565/4444 2581/2567/4445
f 2581/2567/4446 2582/2568/4447 2580/2566/4448
f 2579/2564/4449 2581/2567/4450 2578/2565/4451
f 2581/2567/4452 2583/2569/4453 2582/2568/4454
f 2584/2570/4455 2583/2569/4453 2581/2567/4452
f 2584/2570/4455 2585/2571/4456 2583/2569/4453
f 2585/2571/4456 2584/2570/4455 2586/2572/4457
f 2586/2572/4458 2708/2573/4459 2585/2571/4460
f 2584/2570/4461 2587/2574/4462 2586/2572/4463
f 2588/2575/4464 2584/2570/4465 2581/2567/4466
f 1805/1787/2996 2588/2575/4467 1808/1791/2997
f 1808/1791/2997 2588/2575/4467 2589/2576/4468
f 2589/2576/4468 2581/2567/4469 2579/2564/4470
f 2581/2567/4471 2589/2576/4472 2588/2575/4473
f 2576/2562/4434 2579/2564/4474 2577/2563/4437
f 2575/2561/4426 2590/2577/4475 2576/2562/4434
f 2579/2564/4474 2576/2562/4434 2590/2577/4475
f 1808/1791/2997 2589/2576/4468 2579/2564/4470
f 2579/2564/4470 2590/2577/4475 1808/1791/2997
f 1808/1791/2997 1809/1792/4476 1803/1786/2998
f 1802/1784/2989 1809/1792/2999 1810/1793/3000
f 2590/2577/4475 2575/2561/4426 1815/1798/4428
f 2590/2577/4475 1815/1798/4428 1813/1796/4477
f 1810/1793/3000 1809/1792/2999 1813/1796/4477
f 1813/1796/4477 1809/1792/2999 1808/1791/2997
f 1808/1791/2997 2590/2577/4475 1813/1796/4477
f 2401/2393/3978 2402/2395/3981 2400/2392/4478
f 2405/2398/3990 2400/2392/4479 2402/2395/3987
f 2399/2391/4480 2400/2392/4481 2405/2398/4482
f 2401/2393/3978 2400/2392/4478 2398/2389/3979
f 1896/1878/4483 2591/2578/4484 1898/1881/4485
f 1895/1879/3158 1896/1878/3157 1898/1881/3161
f 1896/1878/4483 2592/2579/4486 2591/2578/4484
f 2591/2578/4487 2592/2579/4488 2593/2580/4489
f 2593/2580/4490 2594/2581/4491 2591/2578/4492
f 2594/2581/4491 2593/2580/4490 2597/2582/4493
f 2596/2583/4494 2595/2584/4495 2594/2581/4491
f 2594/2581/4491 2597/2582/4493 2596/2583/4494
f 2599/2585/4496 2598/2586/4497 2596/2583/4494
f 2597/2582/4493 2599/2585/4496 2596/2583/4494
f 2599/2585/4496 2597/2582/4493 2592/2579/4498
f 2592/2579/4498 2597/2582/4493 2593/2580/4490
f 2180/2170/3555 2179/2168/3553 2153/2143/3524
f 2151/2142/3523 2153/2143/3524 2179/2168/3553
f 2149/2141/3522 2151/2142/3523 2179/2168/3553
f 2179/2168/3553 2155/2145/3528 2149/2141/3522
f 2083/2072/3436 2191/2180/3569 2087/2075/3439
f 2600/2178/3564 2087/2075/3439 2191/2180/3569
f 2087/2075/3439 2600/2178/3564 2088/2077/3441
f 2600/2178/3564 2188/2177/3563 2601/2587/4499
f 2601/2587/4499 2088/2077/3441 2600/2178/3564
f 2088/2077/3441 2601/2587/4499 2089/2078/3442
f 2601/2587/4499 2188/2177/3563 2602/2588/4500
f 2177/2166/3551 2188/2177/3563 2175/2164/3549
f 2188/2177/3563 2177/2166/3551 2603/2589/4501
f 2603/2589/4501 2602/2588/4500 2188/2177/3563
f 2602/2588/4500 2089/2078/3442 2601/2587/4499
f 2089/2078/3442 2602/2588/4500 2090/2079/3443
f 2090/2079/3443 2602/2588/4500 2607/2081/3445
f 2091/2080/3444 2607/2081/3445 2094/2082/3446
f 2094/2082/3446 2095/2085/3449 2092/2083/3447
f 2095/2085/3449 2606/2590/4502 2093/2084/3448
f 2093/2084/3448 2606/2590/4502 2098/2086/3450
f 2098/2086/3450 2606/2590/4502 2604/2091/3456
f 2098/2086/3450 2604/2091/3456 2099/2089/3453
f 2101/2092/3457 2604/2091/3456 2605/2591/4503
f 2105/2095/4504 2101/2092/4505 2117/2108/3479
f 2101/2092/4506 2605/2591/4507 2606/2590/4508
f 2606/2590/4502 2117/2108/3479 2101/2092/4505
f 2605/2591/4503 2604/2091/3456 2606/2590/4502
f 2606/2590/4502 2186/2175/3561 2117/2108/3479
f 2095/2085/3449 2186/2175/3561 2606/2590/4502
f 2095/2085/3449 2094/2082/3446 2186/2175/3561
f 2607/2081/3445 2602/2588/4500 2603/2589/4501
f 2603/2589/4501 2184/2173/3559 2607/2081/3445
f 2608/2592/4509 2607/2081/3445 2184/2173/3559
f 2094/2082/3446 2607/2081/3445 2187/2176/3562
f 2186/2175/3561 2094/2082/3446 2187/2176/3562
f 2607/2081/3445 2608/2592/4509 2187/2176/3562
f 2187/2176/3562 2608/2592/4509 2185/2174/3560
f 2184/2173/3559 2185/2174/3560 2608/2592/4509
f 2184/2173/3559 2603/2589/4501 2177/2166/3551
f 2144/2135/3513 2146/2130/3504 2137/2128/3501
f 2609/2593/4510 2262/2252/4511 2261/2253/4512
f 2611/2594/4513 2612/2595/4514 2613/2251/4515
f 2261/2253/4516 2259/2249/4517 2613/2251/4515
f 2609/2593/4518 2261/2253/4516 2612/2595/4514
f 2613/2251/4515 2612/2595/4514 2261/2253/4516
f 2609/2593/4519 2612/2595/4520 2614/2596/4521
f 2610/2597/4522 2609/2593/4523 2614/2596/4524
f 2614/2596/4525 2612/2595/4514 2611/2594/4513
f 2610/2597/4526 2614/2596/4525 2611/2594/4513
f 2496/2490/4260 2497/2491/4290 2505/2500/4289
f 2615/2598/4527 2496/2490/4260 2505/2500/4289
f 2615/2598/4527 2637/2599/4528 2496/2490/4260
f 2616/2600/4529 2505/2500/4530 2504/2499/4531
f 2626/2601/4532 2505/2500/4533 2616/2600/4534
f 2616/2600/4529 2504/2499/4531 2617/2602/4535
f 2617/2602/4536 2618/2603/4537 2616/2600/4538
f 2618/2603/4537 2619/2604/4539 2616/2600/4538
f 2619/2604/4540 2618/2603/4541 2620/2605/4542
f 2621/2606/4543 2620/2605/4544 2618/2603/4545
f 2620/2605/4546 2621/2606/4547 2622/2607/4548
f 2622/2607/4548 2623/2608/4549 2620/2605/4546
f 2624/2609/4550 2623/2608/4549 2622/2607/4548
f 2615/2598/4551 2624/2609/4550 2625/2610/4552
f 2615/2598/4551 2623/2608/4549 2624/2609/4550
f 2639/2611/4553 2637/2599/4554 2625/2610/4555
f 2625/2610/4552 2637/2599/4556 2615/2598/4551
f 2505/2500/4557 2626/2601/4558 2615/2598/4559
f 2626/2601/4558 2623/2608/4560 2615/2598/4559
f 2620/2605/4561 2623/2608/4562 2626/2601/4563
f 2616/2600/4564 2620/2605/4561 2626/2601/4563
f 2620/2605/4565 2616/2600/4566 2619/2604/4567
f 2467/2463/4192 2469/2465/4191 2627/2612/4568
f 2467/2463/4192 2627/2612/4568 2629/2613/4569
f 2629/2613/4570 2627/2612/4571 2628/2614/4572
f 2466/2462/4573 2629/2613/4574 2628/2614/4575
f 2467/2463/4576 2629/2613/4574 2466/2462/4573
f 2139/2132/3506 2161/2050/3535 2141/2049/3509
f 2161/2050/3535 2139/2132/3506 2160/2151/3534
f 2379/2371/3941 2630/2615/4577 2382/2374/3945
f 2379/2371/3941 2376/2369/3939 2630/2615/4577
f 2630/2615/4577 2376/2369/3939 2377/2370/3940
f 2377/2370/3940 2631/2616/4578 2630/2615/4577
f 2631/2616/4578 2633/2617/4579 2632/2618/4580
f 2635/2619/4581 2632/2618/4580 2633/2617/4579
f 2635/2619/4582 2634/2620/4583 2632/2618/4584
f 2634/2620/4583 2635/2619/4582 2636/2621/4585
f 2636/2621/4585 2640/2622/4586 2634/2620/4583
f 2633/2617/4579 2631/2616/4578 2637/2599/4528
f 2637/2599/4528 2631/2616/4578 2377/2370/3940
f 2377/2370/3940 2375/2368/3938 2637/2599/4528
f 2637/2599/4528 2375/2368/3938 2496/2490/4260
f 2633/2617/4587 2638/2623/4588 2635/2619/4589
f 2633/2617/4590 2639/2611/4591 2638/2623/4592
f 2636/2621/4593 2635/2619/4589 2638/2623/4588
f 2637/2599/4594 2639/2611/4595 2633/2617/4596
f 2638/2623/4597 2639/2611/4598 2641/2624/4599
f 2638/2623/4588 2641/2624/4600 2636/2621/4593
f 2625/2610/4555 2641/2624/4601 2639/2611/4553
f 2641/2624/4602 2625/2610/4603 2640/2622/4604
f 2636/2621/4605 2641/2624/4606 2640/2622/4607
f 2643/2625/4608 2644/2626/4609 2642/2627/4610
f 2644/2626/4611 2643/2625/4612 2645/2628/4613
f 2645/2628/4614 2658/2629/4615 2644/2626/4616
f 2646/2630/4617 2658/2629/4615 2645/2628/4614
f 2658/2629/4618 2646/2630/4619 2647/2631/4620
f 2646/2630/4621 2649/2632/4622 2648/2633/4623
f 2646/2630/4624 2648/2633/4625 2647/2631/4626
f 2650/2634/4627 2651/2635/4628 2649/2632/4622
f 2650/2634/4629 2655/2636/4630 2651/2635/4631
f 2649/2632/4622 2651/2635/4628 2648/2633/4623
f 2658/2629/4632 2647/2631/4633 2660/2637/4634
f 2648/2633/4635 2653/2638/4636 2647/2631/4637
f 2648/2633/4638 2654/2639/4639 2653/2638/4640
f 2648/2633/4638 2651/2635/4641 2654/2639/4639
f 2654/2639/4642 2651/2635/4643 2655/2636/4644
f 2656/2640/4645 2642/2627/4646 2644/2626/4647
f 2657/2641/4648 2656/2640/4645 2658/2629/4649
f 2657/2641/4650 2658/2629/4651 2659/2642/4652
f 2660/2637/4653 2659/2642/4654 2658/2629/4655
f 2665/2643/4656 2659/2642/4657 2660/2637/4658
f 2661/2644/4659 2665/2643/4656 2660/2637/4658
f 2661/2644/4660 2660/2637/4661 2662/2645/4662
f 2663/2646/4663 2661/2644/4664 2662/2645/4665
f 2663/2646/4663 2664/2647/4666 2661/2644/4664
f 2665/2643/4667 2661/2644/4668 2664/2647/4669
f 2666/2648/4670 2662/2645/4671 2667/2649/4672
f 2668/2650/4673 2666/2648/4670 2667/2649/4672
f 2666/2648/4674 2668/2650/4675 2669/2651/4676
f 2668/2650/4677 2671/2652/4678 2669/2651/4679
f 2671/2652/4678 2670/2653/4680 2669/2651/4679
f 2669/2651/4679 2670/2653/4680 2672/2654/4681
f 2672/2654/4682 2670/2653/4683 2673/2655/4684
f 2673/2655/4684 2670/2653/4683 2674/2656/4685
f 2671/2652/4678 2675/2657/4686 2674/2656/4687
f 2674/2656/4687 2670/2653/4680 2671/2652/4678
f 2674/2656/4688 2676/2658/4689 2673/2655/4690
f 2675/2657/4691 2677/2659/4692 2674/2656/4693
f 2676/2658/4694 2674/2656/4693 2677/2659/4692
f 2678/2660/4695 2676/2658/4696 2677/2659/4697
f 2680/2661/4698 2679/2662/4699 2678/2660/4700
f 2678/2660/4700 2677/2659/4701 2680/2661/4698
f 2680/2661/4698 2681/2663/4702 2679/2662/4699
f 2683/2664/4703 2682/2665/4704 2681/2663/4705
f 2682/2665/4706 2683/2664/4707 2684/2666/4708
f 2684/2666/4709 2685/2667/4710 2682/2665/4711
f 2652/2668/4712 2685/2667/4713 2684/2666/4708
f 2652/2668/4712 2686/2669/4714 2685/2667/4713
f 2686/2669/4715 2688/2670/4716 2687/2671/4717
f 2687/2671/4717 2688/2670/4716 2689/2672/4718
f 2690/2673/4719 2689/2672/4720 2691/2674/4721
f 2691/2674/4722 2692/2675/4723 2690/2673/4724
f 2691/2674/4725 2689/2672/4726 2693/2676/4727
f 2689/2672/4726 2688/2670/4728 2693/2676/4727
f 2692/2675/4729 2691/2674/4730 2693/2676/4731
f 2694/2677/4732 2692/2675/4729 2693/2676/4731
f 2692/2675/4729 2694/2677/4732 2695/2678/4733
f 2694/2677/4732 2693/2676/4731 2652/2668/4734
f 2693/2676/4727 2688/2670/4728 2652/2668/4735
f 2688/2670/4736 2686/2669/4737 2652/2668/4738
f 2694/2677/4739 2696/2679/4740 2695/2678/4741
f 2652/2668/4742 2696/2679/4743 2694/2677/4744
f 2697/2680/4745 2701/2681/4746 2696/2679/4747
f 2701/2681/4746 2698/2682/4748 2696/2679/4747
f 2699/2683/4749 2698/2682/4750 2700/2684/4751
f 2700/2684/4752 2698/2682/4753 2701/2681/4754
f 2701/2681/4755 2702/2685/4756 2700/2684/4757
f 2703/2686/4758 2702/2685/4756 2701/2681/4755
f 2703/2686/4758 2701/2681/4755 2697/2680/4759
f 2697/2680/4760 2696/2679/4743 2652/2668/4742
f 2647/2631/4633 2703/2686/4761 2697/2680/4762
f 2647/2631/4763 2653/2638/4764 2703/2686/4765
f 2647/2631/4633 2697/2680/4762 2652/2668/4712
f 2647/2631/4633 2652/2668/4712 2667/2649/4672
f 2705/2687/4766 2667/2649/4672 2652/2668/4712
f 2660/2637/4634 2647/2631/4633 2667/2649/4672
f 2658/2629/4649 2656/2640/4645 2644/2626/4647
f 2667/2649/4672 2662/2645/4767 2660/2637/4634
f 2667/2649/4672 2705/2687/4766 2671/2652/4768
f 2668/2650/4673 2667/2649/4672 2671/2652/4768
f 2704/2688/4769 2675/2657/4770 2671/2652/4768
f 2681/2663/4771 2704/2688/4769 2671/2652/4768
f 2705/2687/4766 2681/2663/4771 2671/2652/4768
f 2681/2663/4772 2705/2687/4766 2683/2664/4707
f 2704/2688/4769 2681/2663/4771 2680/2661/4773
f 2677/2659/4774 2675/2657/4770 2680/2661/4773
f 2704/2688/4769 2680/2661/4773 2675/2657/4770
f 2684/2666/4708 2705/2687/4766 2652/2668/4712
f 2684/2666/4708 2683/2664/4707 2705/2687/4766
f 2335/2326/4775 2337/2328/4776 2336/2327/4777
f 2339/2330/4778 2337/2328/4779 2335/2326/4780
f 1805/1787/4781 1807/1790/4782 2588/2575/4783
f 2584/2570/4461 2588/2575/4783 1807/1790/4782
f 2584/2570/4461 1807/1790/4782 2587/2574/4462
f 2706/2689/4784 2587/2574/4785 1807/1790/2995
f 2706/2689/4784 1807/1790/2995 1806/1789/2994
f 2587/2574/4785 2706/2689/4784 2707/2690/4786
f 2707/2690/4787 2708/2573/4788 2587/2574/4789
f 2587/2574/4789 2708/2573/4788 2586/2572/4790
f 2709/2691/4791 2710/2692/4792 2711/2693/4793
f 2712/2694/4794 2711/2693/4795 2713/2695/4796
f 2713/2695/4796 2711/2693/4795 2710/2692/4797
f 2712/2694/4798 2713/2695/4799 2714/2696/4800
f 2714/2696/4800 2713/2695/4799 2715/2697/4801
f 2715/2697/4801 2716/2698/4802 2714/2696/4800
f 2716/2698/4803 2715/2697/4804 2718/2699/4805
f 2715/2697/4804 2717/2700/4806 2718/2699/4805
f 2718/2699/4805 2724/2701/4807 2716/2698/4803
f 2724/2701/4807 2719/2702/4808 2716/2698/4803
f 2721/2703/4809 2722/2704/4810 2723/2705/4811
f 2723/2705/4811 2722/2704/4810 2724/2701/4812
f 2723/2705/4813 2726/2706/4814 2725/2707/4815
f 2719/2702/4808 2724/2701/4807 2722/2704/4816
f 2720/2708/4817 2719/2702/4808 2722/2704/4816
f 2721/2703/4818 2720/2708/4819 2722/2704/4820
f 2726/2706/4821 2723/2705/4822 2724/2701/4823
f 2718/2699/4824 2726/2706/4825 2724/2701/4826
f 2727/2709/4827 2725/2707/4828 2728/2710/4829
f 2729/2711/4830 2727/2709/4827 2728/2710/4829
f 2730/2712/4831 2729/2711/4832 2728/2710/4833
f 2730/2712/4834 2728/2710/4835 2731/2713/4836
f 2731/2713/4836 2728/2710/4835 2726/2706/4837
f 2731/2713/4838 2726/2706/4839 2732/2714/4840
f 2726/2706/4841 2728/2710/4842 2725/2707/4843
f 2732/2714/4844 2726/2706/4825 2718/2699/4824
f 2715/2697/4804 2713/2695/4796 2717/2700/4806
f 2718/2699/4805 2717/2700/4806 2735/2715/4845
f 2735/2715/4845 2733/2716/4846 2734/2717/4847
f 2718/2699/4805 2735/2715/4845 2734/2717/4847
f 2734/2717/4847 2732/2714/4848 2718/2699/4805
f 2713/2695/4796 2710/2692/4797 2717/2700/4806
f 2737/2718/4849 2736/2719/4850 2735/2715/4845
f 2735/2715/4845 2717/2700/4806 2737/2718/4849
f 2737/2718/4851 2717/2700/4806 2710/2692/4797
f 2737/2718/4852 2739/2720/4853 2738/2721/4854
f 2739/2720/4853 2737/2718/4852 2710/2692/4855
f 2710/2692/4855 2709/2691/4856 2739/2720/4853
f 2709/2691/4857 2740/2722/4858 2739/2720/4859
f 2740/2722/4860 2744/2723/4861 2739/2720/4862
f 2744/2723/4861 2738/2721/4863 2739/2720/4862
f 2736/2719/4850 2737/2718/4849 2738/2721/4863
f 2741/2724/4864 2733/2716/4846 2735/2715/4845
f 2735/2715/4845 2742/2725/4865 2741/2724/4864
f 2736/2719/4866 2742/2725/4865 2735/2715/4845
f 2742/2725/4865 2736/2719/4866 2743/2726/4867
f 2736/2719/4866 2744/2723/4868 2743/2726/4867
f 2740/2722/4869 2743/2726/4870 2744/2723/4871
f 2744/2723/4861 2736/2719/4850 2738/2721/4863
f 2733/2716/4846 2741/2724/4864 2745/2727/4872
f 2746/2728/4873 2745/2727/4874 2741/2724/4875
f 2746/2728/4876 2749/2729/4877 2745/2727/4878
f 2747/2730/4879 2749/2729/4880 2746/2728/4881
f 2749/2729/4880 2747/2730/4879 2748/2731/4882
f 2749/2729/4883 2748/2731/4884 2750/2732/4885
f 2750/2732/4886 2751/2733/4887 2752/2734/4888
f 2753/2735/4889 2752/2734/4890 2751/2733/4891
f 2750/2732/4885 2752/2734/4892 2754/2736/4893
f 2754/2736/4893 2749/2729/4883 2750/2732/4885
f 2752/2734/4894 2753/2735/4895 2754/2736/4896
f 2754/2736/4897 2755/2737/4898 2749/2729/4899
f 2753/2735/4895 2755/2737/4900 2754/2736/4896
f 2755/2737/4900 2753/2735/4895 2756/2738/4901
f 2757/2739/4902 2755/2737/4903 2756/2738/4904
f 2732/2714/4905 2749/2729/4906 2755/2737/4903
f 2759/2740/4907 2757/2739/4908 2758/2741/4909
f 2759/2740/4907 2758/2741/4909 2760/2742/4910
f 2761/2743/4911 2759/2740/4912 2760/2742/4913
f 2759/2740/4914 2761/2743/4915 2762/2744/4916
f 2763/2745/4917 2764/2746/4918 2762/2744/4916
f 2765/2747/4919 2764/2746/4920 2763/2745/4921
f 2763/2745/4922 2770/2748/4923 2765/2747/4924
f 2765/2747/4924 2770/2748/4923 2766/2749/4925
f 2765/2747/4926 2766/2749/4927 2768/2750/4928
f 2766/2749/4927 2767/2751/4929 2768/2750/4928
f 2768/2750/4930 2731/2713/4931 2732/2714/4932
f 2765/2747/4933 2768/2750/4930 2732/2714/4932
f 2734/2717/4847 2733/2716/4846 2745/2727/4878
f 2745/2727/4878 2732/2714/4848 2734/2717/4847
f 2757/2739/4902 2732/2714/4905 2755/2737/4903
f 2732/2714/4932 2764/2746/4934 2765/2747/4933
f 2732/2714/4935 2757/2739/4936 2764/2746/4937
f 2764/2746/4918 2759/2740/4914 2762/2744/4916
f 2757/2739/4938 2759/2740/4939 2764/2746/4940
f 2745/2727/4878 2749/2729/4877 2732/2714/4848
f 2766/2749/4927 2769/2752/4941 2767/2751/4929
f 2770/2748/4942 2769/2752/4943 2766/2749/4944
f 2775/2753/4945 2777/2754/4946 2776/2755/4947
f 2778/2756/4948 2776/2755/4949 2777/2754/4950
f 2779/2757/4951 2778/2756/4948 2777/2754/4950
f 2779/2757/4952 2777/2754/4953 2781/2758/4954
f 2781/2758/4954 2777/2754/4953 2780/2759/4955
f 2780/2759/4955 2782/2760/4956 2781/2758/4954
f 2779/2757/4957 2783/2761/4958 2778/2756/4959
f 2784/2761/4960 2779/2757/4961 2781/2758/4962
f 2785/2762/4963 2784/2761/4960 2781/2758/4962
f 2785/2762/4963 2781/2758/4962 2793/2763/4964
f 2789/2764/4965 2788/2765/4966 2782/2760/4956
f 2773/2766/4967 2791/2767/4968 2774/2768/4969
f 2774/2768/4969 2791/2767/4968 2775/2753/4970
f 2792/2769/4971 2775/2753/4970 2791/2767/4968
f 2777/2754/4946 2775/2753/4945 2792/2769/4972
f 2777/2754/4946 2792/2769/4972 2780/2759/4973
f 2792/2769/4974 2791/2767/4975 2790/2770/4976
f 2792/2769/4974 2790/2770/4976 2780/2759/4955
f 2780/2759/4955 2790/2770/4976 2789/2764/4965
f 2789/2764/4965 2782/2760/4956 2780/2759/4955
f 2793/2763/4964 2781/2758/4962 2782/2760/4977
f 2788/2765/4966 2793/2763/4978 2782/2760/4956
f 2793/2763/4978 2788/2765/4966 2787/2771/4979
f 2785/2762/4980 2793/2763/4978 2787/2771/4979
f 2794/2772/4981 2795/2773/4982 2796/2774/4981
f 2795/2773/4983 2797/2772/4984 2798/2775/4985
f 2798/2775/4985 2799/2776/4986 2795/2773/4983
f 2800/2777/4987 2799/2776/4986 2798/2775/4985
f 2804/2778/4988 2805/2779/4989 2803/2780/4990
f 2804/2778/4988 2963/2781/4991 2805/2779/4989
f 2807/2782/4992 2962/2783/4993 2808/2784/4994
f 2808/2784/4994 2810/2785/4995 2809/2786/4996
f 2811/2787/4997 2810/2785/4995 2812/2788/4998
f 2815/2789/4999 2813/2790/5000 2811/2787/4997
f 2811/2787/4997 2812/2788/4998 2815/2789/4999
f 2814/2791/5001 2812/2788/4998 2810/2785/4995
f 2814/2791/5001 2810/2785/4995 2808/2784/4994
f 2808/2784/4994 2962/2783/4993 2814/2791/5001
f 2962/2783/4993 2807/2782/4992 2806/2792/5002
f 2812/2788/4998 2960/2793/5003 2815/2789/4999
f 2960/2793/5003 3526/2794/5004 2815/2789/4999
f 2815/2789/4999 2816/2795/5005 2813/2790/5000
f 2813/2790/5000 2816/2795/5005 2817/2796/5006
f 2818/2797/5007 2817/2796/5006 2816/2795/5005
f 2818/2797/5007 2819/2798/5008 2817/2796/5006
f 2818/2797/5007 2820/2799/5009 2819/2798/5008
f 2820/2799/5009 2823/2800/5010 2821/2801/5011
f 2820/2799/5009 2818/2797/5007 2823/2800/5010
f 2816/2795/5005 2822/2802/5012 2818/2797/5007
f 2823/2800/5010 2818/2797/5007 2822/2802/5012
f 2823/2800/5010 2822/2802/5012 2824/2803/5013
f 2824/2803/5013 2849/2804/5014 2823/2800/5010
f 2822/2802/5012 2830/2805/5015 2824/2803/5013
f 2830/2805/5015 2825/2806/5016 2824/2803/5013
f 2824/2803/5013 2825/2806/5016 2826/2807/5017
f 2825/2806/5016 2828/2808/5018 2827/2809/5019
f 2830/2805/5015 2828/2808/5018 2825/2806/5016
f 2828/2808/5018 2832/2810/5020 2827/2809/5019
f 2829/2811/5021 2828/2808/5018 2831/2812/5022
f 2828/2808/5018 2829/2811/5021 2832/2810/5020
f 2833/2813/5023 2829/2811/5024 2834/2814/5025
f 2829/2811/5026 2831/2812/5022 2834/2814/5027
f 2833/2813/5028 2834/2814/5029 2835/2815/5030
f 2952/2816/5031 2835/2815/5032 2834/2814/5027
f 2833/2813/5023 2836/2817/5033 2832/2810/5034
f 2832/2810/5034 2829/2811/5024 2833/2813/5023
f 2827/2809/5019 2832/2810/5020 2837/2818/5035
f 2825/2806/5016 2827/2809/5036 2826/2807/5017
f 2826/2807/5017 2827/2809/5036 2840/2819/5037
f 2827/2809/5019 2837/2818/5035 3344/2820/5038
f 3344/2820/5039 2840/2819/5037 2827/2809/5036
f 2826/2807/5017 3349/2821/5040 2839/2822/5041
f 2838/2823/5042 2826/2807/5017 2839/2822/5041
f 2826/2807/5017 2838/2823/5042 2824/2803/5013
f 2845/2824/5043 2838/2823/5042 2839/2822/5041
f 2838/2823/5042 2845/2824/5043 2841/2825/5044
f 2843/2826/5045 2845/2824/5043 2839/2822/5046
f 2839/2822/5046 2842/2827/5047 2843/2826/5045
f 2841/2825/5044 2824/2803/5013 2838/2823/5042
f 2824/2803/5013 2844/2828/5048 2849/2804/5014
f 2824/2803/5013 2841/2825/5044 2844/2828/5048
f 2848/2829/5049 2844/2828/5048 2841/2825/5044
f 2841/2825/5044 2845/2824/5043 2848/2829/5049
f 2843/2826/5045 2846/2830/5050 2847/2831/5051
f 2847/2831/5051 2845/2824/5043 2843/2826/5045
f 2845/2824/5043 2847/2831/5051 2848/2829/5049
f 2821/2801/5011 2823/2800/5010 2849/2804/5014
f 2850/2832/5052 2852/2833/5053 2854/2834/5054
f 2854/2834/5054 2853/2835/5055 2850/2832/5052
f 2855/2836/5056 2854/2834/5057 2856/2837/5058
f 2861/2838/5059 2864/2839/5060 2863/2840/5061
f 2860/2841/5062 2864/2839/5060 2861/2838/5059
f 2858/2842/5063 2854/2834/5057 2859/2843/5064
f 2859/2843/5064 2855/2836/5056 2864/2839/5065
f 2854/2834/5057 2858/2842/5063 2857/2844/5066
f 2854/2834/5057 2855/2836/5056 2859/2843/5064
f 2855/2836/5067 2867/2845/5068 2872/2846/5069
f 2855/2836/5067 2866/2847/5070 2864/2839/5071
f 2855/2836/5067 2872/2846/5069 2866/2847/5070
f 2867/2845/5068 2868/2848/5072 2872/2846/5069
f 2869/2849/5073 2868/2848/5074 2867/2845/5075
f 2871/2850/5076 2868/2848/5077 2869/2849/5078
f 2871/2850/5076 2869/2849/5078 2870/2851/5079
f 2871/2850/5080 2872/2846/5081 2868/2848/5082
f 2870/2851/5083 2873/2852/5084 2871/2850/5085
f 2875/2853/5086 2871/2850/5087 2873/2852/5088
f 2874/2854/5089 2891/2855/5090 2875/2853/5091
f 2874/2854/5089 2875/2853/5091 2873/2852/5092
f 2891/2855/5090 2876/2856/5093 2875/2853/5091
f 2871/2850/5087 2875/2853/5086 2876/2856/5094
f 2871/2850/5087 2876/2856/5094 2877/2857/5095
f 2877/2857/5096 2872/2846/5081 2871/2850/5080
f 2878/2858/5097 2866/2847/5070 2872/2846/5069
f 2878/2858/5098 2872/2846/5081 2877/2857/5096
f 2879/2859/5099 2880/2860/5100 2878/2858/5101
f 2879/2859/5102 2882/2861/5103 2880/2860/5104
f 2877/2857/5105 2879/2859/5106 2878/2858/5107
f 2883/2862/5108 2879/2859/5109 2884/2863/5110
f 2886/2864/5111 2884/2863/5110 2877/2857/5112
f 2877/2857/5112 2887/2865/5113 2886/2864/5111
f 2876/2856/5114 2891/2855/5115 2890/2866/5116
f 2877/2857/5117 2876/2856/5118 2888/2867/5119
f 2876/2856/5118 2889/2868/5120 2888/2867/5119
f 2877/2857/5112 2884/2863/5110 2879/2859/5109
f 2895/2869/5121 2892/2870/5122 2911/2871/5123
f 2896/2872/5124 2892/2870/5125 2895/2869/5126
f 2892/2870/5127 2897/2873/5128 2911/2871/5129
f 2897/2873/5130 2910/2874/5131 2911/2871/5132
f 2898/2875/5133 2902/2876/5134 2897/2873/5135
f 2902/2876/5136 2898/2875/5137 2900/2877/5138
f 2897/2873/5139 2902/2876/5140 2910/2874/5141
f 2904/2878/5142 2895/2869/5121 2911/2871/5123
f 2908/2879/5143 2904/2878/5144 2909/2880/5145
f 2904/2878/5144 2911/2871/5146 2909/2880/5145
f 2910/2874/5131 2913/2881/5147 2911/2871/5132
f 2910/2874/5148 2902/2876/5149 2930/2882/5150
f 2909/2880/5145 2915/2883/5151 2908/2879/5143
f 2911/2871/5152 2912/2884/5153 2909/2880/5154
f 2923/2885/5155 2908/2879/5143 2915/2883/5151
f 2915/2883/5156 2922/2886/5157 2923/2885/5158
f 2922/2886/5157 2915/2883/5156 2916/2887/5159
f 2912/2884/5160 2915/2883/5161 2909/2880/5162
f 2915/2883/5161 2912/2884/5160 2917/2888/5163
f 2913/2881/5164 2912/2884/5165 2911/2871/5166
f 2917/2888/5167 2918/2889/5168 2915/2883/5169
f 3586/2890/5170 2915/2883/5169 2918/2889/5168
f 2915/2883/5169 3586/2890/5170 2928/2891/5171
f 2915/2883/5172 2928/2891/5173 2919/2892/5174
f 2928/2891/5173 2920/2893/5175 2919/2892/5174
f 2915/2883/5156 2919/2892/5176 2916/2887/5159
f 2916/2887/5177 2919/2892/5178 2921/2894/5179
f 2925/2895/5180 2920/2893/5181 2928/2891/5182
f 2925/2895/5183 2927/2896/5184 2926/2897/5185
f 2901/2898/5186 2927/2896/5187 2900/2877/5188
f 2900/2877/5138 2927/2896/5189 2902/2876/5136
f 2927/2896/5184 2925/2895/5183 2928/2891/5190
f 2902/2876/5191 2927/2896/5192 2929/2899/5193
f 3587/2900/5194 2929/2899/5193 2927/2896/5192
f 2929/2899/5195 2930/2882/5196 2902/2876/5197
f 2910/2874/5131 2930/2882/5198 2913/2881/5147
f 2932/2901/5199 2913/2881/5147 2930/2882/5198
f 2932/2901/5199 2930/2882/5198 2931/2902/5200
f 2914/2903/5201 2913/2881/5164 2932/2901/5202
f 2933/2904/5203 2914/2903/5204 2932/2901/5205
f 2933/2904/5206 2934/2905/5207 2914/2903/5208
f 2935/2906/5209 2933/2904/5203 2932/2901/5205
f 2933/2904/5210 3300/2907/5211 3299/2908/5212
f 2913/2881/5164 2914/2903/5201 2936/2909/5213
f 2936/2909/5213 2912/2884/5165 2913/2881/5164
f 2941/2910/5214 2918/2889/5168 2917/2888/5215
f 2918/2889/5168 2941/2910/5214 2937/2911/5216
f 3558/2912/5217 2939/2913/5218 2938/2914/5219
f 3558/2912/5220 3559/2915/5221 2944/2916/5222
f 2944/2916/5222 3559/2915/5221 2940/2917/5223
f 2937/2911/5216 2940/2917/5223 3559/2915/5221
f 2937/2911/5216 2941/2910/5214 2942/2918/5224
f 2942/2918/5224 2940/2917/5223 2937/2911/5216
f 2944/2916/5222 2940/2917/5223 2943/2919/5225
f 2944/2916/5222 2945/2920/5226 3558/2912/5220
f 2939/2913/5227 3558/2912/5220 2945/2920/5226
f 2945/2920/5226 2944/2916/5222 2946/2921/5228
f 2945/2920/5226 2946/2921/5228 2947/2922/5229
f 3273/2923/5230 2947/2922/5231 2946/2921/5232
f 2946/2921/5228 2944/2916/5222 2948/2924/5233
f 2943/2919/5225 2948/2924/5233 2944/2916/5222
f 2943/2919/5225 2940/2917/5223 2950/2925/5234
f 2942/2918/5224 2950/2925/5234 2940/2917/5223
f 2948/2924/5233 2943/2919/5225 2949/2926/5235
f 2949/2926/5235 2943/2919/5225 2950/2925/5234
f 3337/2927/5236 3338/2928/5237 2942/2918/5224
f 2950/2925/5234 2942/2918/5224 2951/2929/5238
f 2952/2816/5031 2948/2924/5233 2949/2926/5235
f 2952/2816/5031 2953/2930/5239 2948/2924/5233
f 3340/2931/5240 2954/2932/5241 2949/2926/5235
f 2949/2926/5235 2950/2925/5234 3340/2931/5240
f 2835/2815/5032 2952/2816/5031 2954/2932/5242
f 2954/2932/5242 2952/2816/5031 2949/2926/5235
f 2952/2816/5031 2955/2933/5243 2953/2930/5239
f 2952/2816/5031 2834/2814/5027 2955/2933/5243
f 2828/2808/5018 2830/2805/5015 2831/2812/5022
f 2953/2930/5239 2955/2933/5243 2961/2934/5244
f 2953/2930/5245 2961/2934/5244 2956/2935/5246
f 2946/2921/5247 2948/2924/5248 2953/2930/5245
f 2953/2930/5245 2957/2936/5249 2946/2921/5247
f 2958/2937/5250 2946/2921/5251 2957/2936/5252
f 2953/2930/5245 2956/2935/5246 2957/2936/5249
f 2957/2936/5252 2978/2938/5253 2958/2937/5250
f 2955/2933/5243 2959/2939/5254 2961/2934/5244
f 2834/2814/5027 2831/2812/5022 2960/2793/5003
f 2834/2814/5027 2960/2793/5003 2955/2933/5243
f 2955/2933/5243 2960/2793/5003 2959/2939/5254
f 2961/2934/5244 2959/2939/5254 2962/2783/4993
f 2960/2793/5003 2812/2788/4998 2814/2791/5001
f 2960/2793/5003 2814/2791/5001 2959/2939/5254
f 2959/2939/5254 2814/2791/5001 2962/2783/4993
f 2961/2934/5244 2962/2783/4993 2976/2940/5255
f 2976/2940/5255 2962/2783/4993 2963/2781/4991
f 2806/2792/5002 2963/2781/4991 2962/2783/4993
f 2963/2781/4991 2806/2792/5002 2805/2779/4989
f 2963/2781/4991 2804/2778/4988 2964/2941/5256
f 2802/2942/5257 2964/2941/5256 2803/2780/4990
f 2804/2778/4988 2803/2780/4990 2964/2941/5256
f 3270/2943/5258 2801/2944/5259 2799/2776/4986
f 3270/2943/5258 2802/2942/5257 2801/2944/5259
f 2965/2945/5260 3270/2943/5258 2799/2776/4986
f 2965/2945/5260 2799/2776/4986 2800/2777/4987
f 2800/2777/4987 2798/2775/4985 2966/2772/5261
f 2967/2946/5262 2800/2777/4987 2966/2772/5261
f 2965/2945/5260 2800/2777/4987 2968/2947/5263
f 2969/2948/5264 2968/2947/5263 2800/2777/4987
f 2968/2947/5263 2969/2948/5264 2970/2949/5265
f 2971/2949/5266 2965/2945/5260 2968/2947/5263
f 2965/2945/5260 2971/2949/5266 2972/2950/5267
f 2974/2950/5268 2973/2951/5269 2965/2945/5260
f 2973/2951/5269 2974/2950/5268 2975/2952/5270
f 2973/2951/5269 3261/2953/5271 2965/2945/5260
f 3261/2953/5271 3270/2943/5258 2965/2945/5260
f 2964/2941/5256 2802/2942/5257 3270/2943/5258
f 2964/2941/5256 2976/2940/5255 2963/2781/4991
f 2964/2941/5256 2977/2954/5272 2976/2940/5255
f 2964/2941/5256 3270/2943/5258 2978/2938/5273
f 2977/2954/5272 2964/2941/5256 2978/2938/5274
f 3271/2955/5275 2958/2937/5250 2978/2938/5253
f 2957/2936/5276 2977/2954/5272 2978/2938/5274
f 2977/2954/5277 2961/2934/5244 2976/2940/5255
f 2961/2934/5244 2977/2954/5277 2956/2935/5246
f 2957/2936/5249 2956/2935/5246 2977/2954/5277
f 2846/2830/5050 2979/2956/5278 2980/2957/5279
f 2979/2956/5278 2846/2830/5050 2981/2958/5280
f 2983/2959/5281 2982/2956/5282 2981/2958/5280
f 2846/2830/5050 2983/2959/5281 2981/2958/5280
f 2842/2827/5047 2983/2959/5281 2846/2830/5050
f 2842/2827/5047 2846/2830/5050 2843/2826/5045
f 2984/2956/5283 2983/2959/5281 2985/2960/5284
f 2986/2961/5285 2985/2960/5284 2983/2959/5281
f 2986/2961/5285 2983/2959/5281 2842/2827/5047
f 2987/2962/5286 2986/2961/5285 2988/2963/5287
f 2989/2964/5288 2988/2963/5287 2986/2961/5285
f 2990/2963/5289 2989/2964/5288 2991/2965/5290
f 2992/2966/5291 2991/2965/5290 2989/2964/5288
f 2989/2964/5288 2986/2961/5285 2992/2966/5291
f 2993/2965/5292 2992/2966/5291 2994/2967/5293
f 2842/2827/5047 2994/2967/5293 2992/2966/5291
f 2842/2827/5047 2992/2966/5291 2986/2961/5285
f 2842/2827/5294 2995/2968/5295 2996/2967/5295
f 2997/2969/5296 2995/2968/5297 2842/2827/5047
f 2997/2969/5296 2998/2970/5298 2999/2968/5299
f 3000/2971/5300 2998/2970/5298 2997/2969/5296
f 3000/2971/5300 3001/2972/5301 3002/2970/5302
f 3003/2973/5303 3001/2972/5301 3000/2971/5300
f 3003/2973/5303 3004/2974/5304 3005/2972/5305
f 3006/2975/5306 3004/2974/5304 3003/2973/5303
f 3007/2974/5307 3006/2975/5306 3008/2976/5308
f 3033/2977/5309 3008/2976/5308 3006/2975/5306
f 3009/2976/5310 3033/2977/5311 3010/2978/5312
f 3011/2979/5313 3010/2978/5312 3033/2977/5311
f 3012/2978/5314 3011/2979/5315 3013/2980/5316
f 3014/2981/5317 3013/2980/5316 3011/2979/5315
f 3016/2982/5318 3015/2983/5319 3014/2981/5317
f 3017/2984/5320 3016/2982/5318 3014/2981/5317
f 3018/2985/5321 3019/2982/5322 3017/2984/5323
f 3020/2986/5324 3018/2985/5321 3017/2984/5323
f 3020/2986/5325 3022/2987/5326 3021/2988/5327
f 3020/2986/5324 3023/2989/5328 3024/2987/5329
f 3023/2989/5328 3020/2986/5324 3017/2984/5323
f 3017/2984/5320 3025/2990/5330 3026/2989/5331
f 3025/2990/5330 3017/2984/5320 3027/2991/5332
f 3027/2991/5332 3028/2992/5333 3029/2990/5334
f 3028/2992/5333 3027/2991/5332 3030/2993/5335
f 3030/2993/5335 3031/2994/5336 3032/2992/5337
f 3031/2994/5336 3030/2993/5335 3034/2995/5338
f 3017/2984/5320 3030/2993/5335 3027/2991/5332
f 3017/2984/5320 3014/2981/5317 3011/2979/5315
f 3030/2993/5335 3017/2984/5320 3034/2995/5338
f 3035/2996/5339 3036/2994/5340 3034/2995/5338
f 3037/2997/5341 3038/2994/5342 3035/2996/5339
f 3039/2998/5343 3037/2997/5341 3035/2996/5339
f 3039/2998/5343 3035/2996/5339 3034/2995/5338
f 3040/2999/5344 3041/2997/5345 3039/2998/5346
f 3042/3000/5347 3040/2999/5348 3039/2998/5349
f 3043/3001/5350 3042/3000/5351 3044/3002/5352
f 3045/3003/5353 3046/3004/5354 3042/3000/5347
f 3047/3005/5355 3045/3003/5353 3042/3000/5347
f 3048/3006/5356 3049/3003/5357 3047/3005/5355
f 3039/2998/5349 3048/3006/5356 3047/3005/5355
f 3050/3007/5358 3051/3006/5358 3039/2998/5359
f 3052/3008/5360 3050/3007/5361 3039/2998/5362
f 3053/3009/5363 3054/3007/5364 3052/3008/5365
f 3055/3010/5366 3053/3009/5363 3052/3008/5365
f 3056/3011/5367 3057/3009/5368 3055/3010/5366
f 3058/3012/5369 3056/3011/5367 3055/3010/5366
f 3059/3013/5370 3060/3011/5371 3058/3012/5369
f 3061/3014/5372 3059/3013/5370 3058/3012/5369
f 3062/3015/5373 3063/3013/5374 3061/3014/5372
f 3064/3016/5375 3062/3015/5373 3061/3014/5372
f 3061/3014/5372 3058/3012/5369 3055/3010/5366
f 3065/3017/5376 3066/3015/5377 3064/3016/5375
f 3067/3015/5378 3065/3017/5376 3068/3018/5379
f 3069/3019/5380 3068/3018/5379 3065/3017/5376
f 3070/3018/5381 3069/3019/5380 3071/3020/5382
f 3072/3021/5383 3071/3020/5382 3069/3019/5380
f 3073/3020/5384 3072/3021/5383 3074/3022/5385
f 3075/3023/5386 3074/3022/5385 3072/3021/5383
f 3076/3022/5387 3075/3023/5386 3077/3024/5388
f 3078/3025/5389 3077/3024/5388 3075/3023/5386
f 3079/3024/5390 3078/3025/5389 3080/3026/5391
f 3081/3027/5392 3080/3026/5391 3078/3025/5389
f 3082/3026/5393 3081/3027/5392 3083/3028/5394
f 3084/3029/5395 3083/3028/5394 3081/3027/5392
f 3085/3030/5396 3086/3028/5397 3084/3029/5395
f 3087/3031/5398 3085/3030/5396 3084/3029/5395
f 3088/3032/5399 3089/3030/5400 3087/3031/5398
f 3090/3033/5401 3088/3032/5399 3087/3031/5398
f 3091/3032/5402 3090/3033/5401 3092/3034/5403
f 3093/3035/5404 3092/3034/5403 3090/3033/5401
f 3093/3036/5405 3095/3037/5406 3094/3038/5407
f 3093/3035/5404 3096/3039/5408 3097/3037/5409
f 3096/3039/5408 3093/3035/5404 3098/3040/5410
f 3098/3040/5410 3099/3041/5411 3100/3039/5412
f 3099/3041/5411 3098/3040/5410 3547/3042/5413
f 3547/3042/5413 3101/3043/5414 3102/3041/5415
f 3101/3043/5414 3547/3042/5413 3103/3044/5416
f 3103/3044/5416 3104/3045/5417 3105/3043/5418
f 3104/3045/5417 3103/3044/5416 3106/3046/5419
f 3106/3046/5419 3107/3047/5420 3108/3045/5421
f 3109/3048/5422 3107/3047/5420 3110/3049/5423
f 3110/3049/5423 3111/3050/5424 3112/3048/5425
f 3111/3050/5424 3110/3049/5423 3113/3051/5426
f 3113/3051/5426 3114/3052/5427 3115/3050/5428
f 3114/3052/5427 3113/3051/5426 3116/3053/5429
f 3116/3053/5429 3117/3054/5430 3118/3052/5431
f 3107/3047/5420 3113/3051/5426 3110/3049/5423
f 3117/3054/5430 3116/3053/5429 3119/3055/5432
f 3113/3051/5426 3119/3055/5432 3116/3053/5429
f 3120/3054/5433 3119/3055/5432 3121/3056/5434
f 3122/3057/5435 3121/3056/5434 3119/3055/5432
f 3123/3056/5436 3122/3057/5437 3124/3058/5438
f 3125/3059/5439 3126/3060/5440 3122/3057/5435
f 3128/3060/5441 3125/3059/5439 3127/3061/5442
f 3129/3062/5443 3130/3060/5444 3127/3061/5442
f 3131/3060/5445 3129/3062/5443 3132/3063/5446
f 3132/3063/5446 3133/3064/5447 3134/3060/5448
f 3135/3065/5449 3133/3064/5447 3132/3063/5446
f 3135/3065/5449 3136/3066/5450 3137/3064/5451
f 3138/3067/5452 3136/3066/5450 3135/3065/5449
f 3139/3068/5453 3140/3069/5454 3138/3067/5452
f 3141/3070/5455 3139/3068/5453 3138/3067/5452
f 3142/3071/5456 3141/3070/5455 3143/3072/5457
f 3144/3073/5458 3143/3072/5457 3141/3070/5455
f 3144/3073/5458 3145/3074/5459 3146/3072/5460
f 3147/3075/5461 3145/3074/5459 3144/3073/5458
f 3147/3075/5461 3148/3076/5462 3149/3074/5463
f 3150/3077/5464 3148/3076/5462 3147/3075/5461
f 3151/3076/5465 3150/3077/5464 3152/3078/5466
f 3153/3079/5467 3152/3078/5466 3150/3077/5464
f 3154/3078/5468 3153/3079/5467 3155/3080/5469
f 3156/3081/5470 3155/3080/5469 3153/3079/5467
f 3157/3080/5471 3156/3081/5470 3158/3082/5472
f 3188/3083/5473 3158/3082/5472 3156/3081/5470
f 3159/3082/5474 3188/3083/5473 3160/3084/5475
f 3161/3085/5476 3160/3084/5475 3188/3083/5473
f 3161/3085/5476 3162/3086/5477 3163/3084/5478
f 3164/3087/5479 3162/3086/5477 3161/3085/5476
f 3164/3087/5480 3166/3088/5481 3165/3089/5482
f 3164/3087/5479 3167/3090/5483 3168/3088/5484
f 3167/3090/5483 3164/3087/5479 3169/3091/5485
f 3170/3090/5486 3169/3091/5485 3171/3092/5487
f 3169/3091/5485 3172/3093/5488 3171/3092/5487
f 3173/3092/5489 3172/3093/5488 3174/3094/5490
f 3172/3093/5488 3175/3095/5491 3174/3094/5490
f 3175/3095/5491 3176/3096/5492 3177/3094/5493
f 3176/3096/5492 3175/3095/5491 3178/3097/5494
f 3178/3097/5494 3179/3098/5495 3180/3096/5496
f 3179/3098/5495 3178/3097/5494 3181/3099/5497
f 3181/3099/5497 3182/3100/5498 3183/3098/5499
f 3182/3100/5498 3181/3099/5497 3184/3101/5500
f 3184/3101/5500 3185/3102/5501 3186/3100/5502
f 3185/3102/5501 3184/3101/5500 3187/3103/5503
f 3175/3095/5491 3181/3099/5497 3178/3097/5494
f 3181/3099/5497 3187/3103/5503 3184/3101/5500
f 3172/3093/5488 3169/3091/5485 3175/3095/5491
f 3175/3095/5491 3169/3091/5485 3181/3099/5497
f 3188/3083/5473 3169/3091/5485 3164/3087/5479
f 3164/3087/5479 3161/3085/5476 3188/3083/5473
f 3188/3083/5473 3156/3081/5470 3153/3079/5467
f 3150/3077/5464 3147/3075/5461 3153/3079/5467
f 3144/3073/5458 3141/3070/5455 3138/3067/5452
f 3138/3067/5452 3189/3104/5504 3144/3073/5458
f 3135/3065/5449 3190/3105/5505 3138/3067/5452
f 3189/3104/5504 3138/3067/5452 3190/3105/5505
f 3190/3105/5505 3135/3065/5449 3132/3063/5446
f 3147/3075/5461 3144/3073/5458 3189/3104/5504
f 3147/3075/5461 3189/3104/5504 3153/3079/5467
f 3188/3083/5473 3153/3079/5467 3189/3104/5504
f 3191/3106/5506 3188/3083/5473 3189/3104/5504
f 3169/3091/5485 3188/3083/5473 3191/3106/5506
f 3192/3107/5507 3169/3091/5485 3191/3106/5506
f 3181/3099/5497 3169/3091/5485 3192/3107/5507
f 3191/3106/5506 3189/3104/5504 3193/3108/5508
f 3190/3105/5505 3193/3108/5508 3189/3104/5504
f 3193/3108/5508 3194/3109/5509 3191/3106/5506
f 3191/3106/5506 3194/3109/5509 3285/3110/5510
f 3191/3106/5506 3285/3110/5510 3192/3107/5507
f 3192/3107/5507 3285/3110/5510 3195/3111/5511
f 3196/3112/5512 3181/3099/5497 3192/3107/5507
f 3187/3103/5503 3181/3099/5497 3196/3112/5512
f 3196/3112/5512 3197/3102/5513 3187/3103/5503
f 3198/3102/5514 3196/3112/5512 3199/3113/5515
f 3200/3114/5516 3199/3113/5515 3196/3112/5512
f 3201/3113/5517 3200/3114/5516 3202/3115/5518
f 3203/3116/5519 3202/3115/5518 3200/3114/5516
f 3204/3115/5520 3203/3116/5519 3205/3117/5521
f 3206/3118/5522 3205/3117/5521 3203/3116/5519
f 3207/3117/5523 3206/3118/5522 3208/3119/5524
f 3209/3120/5525 3208/3119/5524 3206/3118/5522
f 3203/3116/5519 3200/3114/5516 3196/3112/5512
f 3209/3120/5526 3211/3121/5527 3210/3122/5528
f 3196/3112/5512 3206/3118/5522 3203/3116/5519
f 3192/3107/5507 3206/3118/5522 3196/3112/5512
f 3209/3120/5525 3212/3123/5529 3213/3121/5530
f 3212/3123/5529 3209/3120/5525 3214/3124/5531
f 3214/3124/5531 3215/3125/5532 3216/3123/5533
f 3215/3125/5532 3214/3124/5531 3217/3126/5534
f 3217/3126/5534 3218/3127/5535 3219/3125/5536
f 3218/3127/5535 3217/3126/5534 3220/3128/5537
f 3214/3124/5531 3220/3128/5537 3217/3126/5534
f 3221/3129/5538 3222/3127/5539 3220/3128/5540
f 3223/3127/5541 3221/3129/5542 3224/3130/5543
f 3225/3131/5544 3224/3130/5543 3221/3129/5542
f 3226/3130/5545 3225/3131/5544 3227/3132/5546
f 3228/3133/5547 3227/3132/5546 3225/3131/5544
f 3229/3132/5548 3228/3133/5547 3230/3134/5549
f 3238/3135/5550 3230/3134/5549 3228/3133/5547
f 3231/3136/5551 3238/3135/5552 3232/3137/5553
f 3233/3138/5554 3232/3137/5553 3238/3135/5552
f 3234/3137/5555 3233/3138/5556 3235/3139/5557
f 3236/3140/5558 3237/3141/5559 3233/3138/5554
f 3233/3138/5554 3238/3135/5552 3236/3140/5558
f 3239/3140/5560 3238/3135/5550 3240/3142/5561
f 3238/3135/5550 3241/3143/5562 3240/3142/5561
f 3242/3142/5563 3241/3143/5564 3243/3144/5565
f 3241/3143/5566 3244/3145/5567 3243/3144/5568
f 3246/3144/5569 3244/3145/5570 3247/3146/5571
f 3248/3147/5572 3247/3146/5573 3244/3145/5574
f 3249/3148/5575 3248/3147/5576 3250/3149/5577
f 3248/3147/5578 3251/3150/5579 3252/3151/5580
f 3251/3150/5579 3248/3147/5578 3253/3152/5581
f 3253/3152/5581 3254/3153/5582 3255/3150/5583
f 3254/3153/5582 3253/3152/5581 3256/3154/5584
f 3256/3154/5584 3257/3155/5585 3258/3153/5586
f 3257/3155/5585 3256/3154/5584 3270/2943/5258
f 3270/2943/5587 3259/3156/5588 3260/3155/5589
f 3259/3156/5590 3270/2943/5258 3261/2953/5271
f 3261/2953/5271 3262/3157/5591 3263/3156/5592
f 3262/3157/5591 3261/2953/5271 3264/3158/5593
f 3264/3158/5593 3265/3159/5594 3266/3157/5595
f 3265/3159/5594 3264/3158/5593 3267/3160/5596
f 3267/3160/5596 3268/2952/5597 3269/3159/5598
f 3268/2952/5597 3267/3160/5596 2973/2951/5269
f 3261/2953/5271 3267/3160/5596 3264/3158/5593
f 3267/3160/5596 3261/2953/5271 2973/2951/5269
f 3270/2943/5258 3256/3154/5584 3253/3152/5581
f 3253/3152/5581 3248/3147/5578 3270/2943/5258
f 3244/3145/5599 3241/3143/5600 3271/2955/5601
f 3271/2955/5602 3248/3147/5578 3244/3145/5603
f 2978/2938/5273 3270/2943/5258 3248/3147/5578
f 3248/3147/5578 3271/2955/5602 2978/2938/5273
f 3271/2955/5275 3272/3161/5604 2958/2937/5250
f 2958/2937/5250 3272/3161/5605 3273/2923/5606
f 2958/2937/5250 3273/2923/5606 2946/2921/5251
f 2939/2913/5607 2945/2920/5608 3274/3162/5609
f 3275/3163/5610 3274/3162/5609 2945/2920/5608
f 2945/2920/5611 2947/2922/5612 3275/3163/5613
f 2947/2922/5614 3273/2923/5615 3281/3164/5616
f 3276/3165/5617 3275/3163/5618 2947/2922/5619
f 2947/2922/5614 3281/3164/5616 3276/3165/5620
f 3276/3165/5621 3277/3166/5622 3275/3163/5623
f 3275/3163/5610 3277/3166/5624 3278/3167/5625
f 3275/3163/5610 3278/3167/5625 3274/3162/5609
f 3278/3167/5625 3277/3166/5624 3279/3168/5626
f 2939/2913/5627 3274/3162/5628 3280/3169/5629
f 3278/3167/5630 3280/3169/5629 3274/3162/5628
f 3570/3170/5631 3279/3168/5626 3277/3166/5624
f 3570/3170/5631 3567/3171/5632 3279/3168/5626
f 3277/3166/5633 3276/3165/5634 3573/3172/5635
f 3572/3173/5636 3276/3165/5620 3281/3164/5616
f 3272/3161/5637 3281/3164/5638 3273/2923/5639
f 3272/3161/5640 3282/3174/5641 3281/3164/5642
f 3283/3175/5643 3282/3174/5644 3272/3161/5604
f 3283/3175/5643 3272/3161/5604 3271/2955/5275
f 3281/3164/5645 3282/3174/5646 3284/3176/5647
f 3284/3176/5648 3282/3174/5644 3283/3175/5643
f 3285/3110/5510 3284/3176/5648 3283/3175/5643
f 3285/3110/5510 3283/3175/5643 3195/3111/5511
f 3206/3118/5522 3192/3107/5507 3220/3128/5537
f 3195/3111/5511 3220/3128/5537 3192/3107/5507
f 3220/3128/5537 3214/3124/5531 3209/3120/5525
f 3220/3128/5537 3209/3120/5525 3206/3118/5522
f 3220/3128/5537 3195/3111/5511 3283/3175/5643
f 3283/3175/5643 3221/3129/5649 3220/3128/5537
f 3283/3175/5643 3271/2955/5650 3221/3129/5649
f 3241/3143/5651 3221/3129/5649 3271/2955/5650
f 3225/3131/5544 3221/3129/5542 3228/3133/5547
f 3228/3133/5547 3221/3129/5542 3238/3135/5550
f 3221/3129/5542 3241/3143/5562 3238/3135/5550
f 3290/3177/5652 3289/3178/5653 3287/3179/5654
f 3294/3180/5655 3287/3179/5654 3289/3178/5653
f 3288/3181/5656 3294/3180/5657 3292/3182/5658
f 3294/3180/5659 3295/3183/5660 3296/3184/5661
f 3295/3183/5660 3294/3180/5659 3289/3178/5662
f 3294/3180/5655 3288/3181/5663 3287/3179/5654
f 3296/3184/5664 3297/3185/5665 3298/3186/5666
f 3298/3186/5667 3294/3180/5668 3296/3184/5669
f 3299/2908/5670 3300/2907/5671 3294/3180/5672
f 3294/3180/5673 3300/2907/5674 3301/3187/5675
f 3302/3188/5676 3294/3180/5673 3301/3187/5675
f 3294/3180/5677 3302/3188/5678 3292/3182/5679
f 3292/3182/5679 3302/3188/5678 3293/3189/5680
f 3302/3188/5681 3303/3190/5682 3293/3189/5683
f 3302/3188/5684 3305/3191/5685 3303/3190/5686
f 3315/3192/5687 3314/3193/5688 3298/3186/5689
f 3294/3180/5690 3298/3186/5691 3299/2908/5692
f 3300/2907/5693 2933/2904/5694 2935/2906/5695
f 3300/2907/5674 2935/2906/5696 3301/3187/5675
f 3316/3194/5697 3320/3195/5698 2935/2906/5209
f 2935/2906/5696 3317/3196/5699 3301/3187/5675
f 3317/3196/5700 2935/2906/5209 3320/3195/5698
f 3320/3195/5698 3318/3197/5701 3317/3196/5700
f 3320/3195/5702 3319/3198/5703 3318/3197/5704
f 3319/3198/5703 3320/3195/5702 3551/3199/5705
f 3551/3199/5705 3321/3200/5706 3319/3198/5703
f 3320/3195/5702 3553/3201/5707 3551/3199/5705
f 3551/3199/5705 3550/3202/5708 3321/3200/5706
f 3318/3197/5704 3319/3198/5703 3321/3200/5706
f 3318/3197/5701 3321/3200/5706 3322/3203/5709
f 3318/3197/5701 3322/3203/5709 3323/3204/5710
f 3324/3205/5711 3317/3196/5700 3318/3197/5701
f 3325/3206/5712 3318/3197/5701 3323/3204/5710
f 3318/3197/5701 3325/3206/5712 3324/3205/5711
f 3325/3206/5712 3323/3204/5710 3326/3207/5713
f 3323/3204/5710 3322/3203/5709 3327/3208/5714
f 3323/3204/5710 3327/3208/5714 3326/3207/5713
f 3321/3200/5706 3328/3209/5715 3322/3203/5709
f 3480/3210/5716 3322/3203/5709 3328/3209/5715
f 3330/3211/5717 3324/3205/5711 3325/3206/5712
f 3329/3212/5718 3324/3205/5711 3330/3211/5717
f 3326/3207/5713 3327/3208/5714 3331/3213/5719
f 3331/3213/5719 3325/3206/5720 3326/3207/5713
f 3325/3206/5720 3331/3213/5719 3330/3211/5721
f 3314/3193/5722 3329/3212/5718 3330/3211/5717
f 3314/3193/5722 3330/3211/5717 3332/3214/5723
f 3314/3193/5722 3332/3214/5723 3298/3186/5724
f 3299/2908/5725 3298/3186/5724 3332/3214/5723
f 3329/3212/5726 3308/3215/5727 3324/3205/5728
f 3314/3193/5729 3313/3216/5730 3329/3212/5731
f 3308/3215/5727 3329/3212/5726 3310/3217/5732
f 3310/3217/5733 3329/3212/5734 3312/3218/5735
f 2914/2903/5208 2934/2905/5207 3333/3219/5736
f 2936/2909/5213 2914/2903/5201 3333/3219/5737
f 3336/3220/5738 2936/2909/5213 3333/3219/5737
f 3333/3219/5736 2934/2905/5207 3334/3221/5739
f 3539/3222/5740 3334/3221/5741 2934/2905/5742
f 3575/3223/5743 3336/3220/5738 3333/3219/5737
f 3336/3220/5738 2912/2884/5165 2936/2909/5213
f 2912/2884/5165 2941/2910/5214 2917/2888/5744
f 2942/2918/5224 2941/2910/5214 3337/2927/5236
f 2941/2910/5214 3336/3220/5738 3337/2927/5236
f 3338/2928/5237 3415/3224/5745 2942/2918/5224
f 2951/2929/5238 3340/2931/5746 2950/2925/5234
f 3341/3225/5747 2835/2815/5748 2954/2932/5241
f 3340/2931/5240 3341/3225/5747 2954/2932/5241
f 2835/2815/5748 3341/3225/5747 3475/3226/5749
f 2833/2813/5023 2835/2815/5748 3475/3226/5749
f 2836/2817/5033 2833/2813/5023 3475/3226/5749
f 3342/3227/5750 2832/2810/5034 2836/2817/5033
f 2836/2817/5033 3499/3228/5751 3342/3227/5750
f 3342/3227/5750 3499/3228/5751 3343/3229/5752
f 3342/3227/5750 2837/2818/5753 2832/2810/5034
f 2837/2818/5753 3342/3227/5750 3343/3229/5752
f 3343/3229/5752 3344/2820/5039 2837/2818/5753
f 2840/2819/5037 3344/2820/5039 3346/3230/5754
f 3347/3231/5755 3344/2820/5039 3343/3229/5752
f 3346/3230/5754 3344/2820/5039 3347/3231/5755
f 3346/3230/5754 3348/3232/5756 2840/2819/5037
f 3348/3232/5757 3345/3233/5758 2840/2819/5759
f 3348/3232/5757 3543/3234/5760 3345/3233/5758
f 3543/3234/5760 3017/2984/5320 3345/3233/5758
f 3345/3233/5758 3017/2984/5320 3349/2821/5040
f 3011/2979/5315 3033/2977/5761 3349/2821/5040
f 3003/2973/5303 3033/2977/5309 3006/2975/5306
f 3033/2977/5309 3003/2973/5303 3000/2971/5300
f 3000/2971/5300 2842/2827/5047 3033/2977/5309
f 2997/2969/5296 2842/2827/5047 3000/2971/5300
f 3349/2821/5762 3033/2977/5309 2842/2827/5047
f 3349/2821/5762 2842/2827/5047 2839/2822/5046
f 2840/2819/5759 3349/2821/5040 2826/2807/5017
f 3349/2821/5040 2840/2819/5759 3345/3233/5758
f 3017/2984/5320 3011/2979/5315 3349/2821/5040
f 3353/3235/5763 3351/3236/5764 3354/3237/5765
f 3355/3238/5766 3354/3237/5765 3351/3236/5764
f 3358/3239/5767 3357/3240/5768 3355/3238/5769
f 3360/3241/5770 3359/3242/5771 3358/3243/5772
f 3358/3239/5773 3355/3238/5774 3362/3244/5775
f 3351/3236/5776 3362/3244/5777 3355/3238/5778
f 3362/3244/5777 3351/3236/5776 3356/3245/5779
f 3363/3246/5780 3362/3244/5781 3364/3247/5782
f 3356/3245/5783 3364/3247/5782 3362/3244/5781
f 3364/3247/5782 3365/3248/5784 3363/3246/5780
f 3365/3248/5784 3364/3247/5782 3366/3249/5785
f 3366/3249/5785 3364/3247/5782 3367/3250/5786
f 3367/3250/5787 3368/3251/5788 3366/3249/5789
f 3365/3248/5790 3366/3249/5791 3369/3252/5792
f 3369/3252/5792 3370/3253/5793 3365/3248/5790
f 3377/3254/5794 3373/3255/5795 3376/3256/5796
f 3379/3257/5797 3380/3258/5798 3377/3254/5799
f 3381/3259/5800 3382/3260/5801 3383/3261/5802
f 3386/3262/5803 3383/3261/5804 3385/3263/5805
f 3391/3264/5806 3392/3265/5807 3390/3266/5808
f 3377/3254/5809 3381/3259/5810 3373/3255/5811
f 3381/3259/5812 3377/3254/5799 3380/3258/5798
f 3373/3255/5813 3381/3259/5814 3394/3267/5815
f 3381/3259/5814 3383/3261/5816 3394/3267/5815
f 3386/3262/5817 3394/3267/5815 3383/3261/5816
f 3387/3268/5818 3394/3267/5819 3386/3262/5820
f 3388/3269/5821 3392/3265/5822 3387/3268/5823
f 3392/3265/5807 3388/3269/5824 3389/3270/5825
f 3394/3267/5826 3387/3268/5823 3392/3265/5822
f 3389/3270/5825 3390/3266/5808 3392/3265/5807
f 3397/3271/5827 2878/2858/5101 2880/2860/5100
f 3395/3272/5828 2878/2858/5829 3396/3273/5830
f 2878/2858/5829 3395/3272/5828 2866/2847/5831
f 2866/2847/5832 2865/3274/5833 2864/2839/5834
f 2866/2847/5832 3398/3275/5835 2865/3274/5833
f 3405/3276/5836 3407/3277/5837 3406/3278/5838
f 3404/3279/5839 3407/3277/5840 3405/3276/5841
f 3409/3280/5842 3408/3281/5843 3407/3277/5844
f 3409/3280/5845 3410/3282/5846 3411/3283/5847
f 3407/3277/5844 3410/3282/5848 3409/3280/5842
f 3407/3277/5849 3404/3279/5850 3402/3284/5851
f 3402/3284/5852 3413/3285/5853 3407/3277/5854
f 3413/3285/5853 3414/3286/5855 3407/3277/5854
f 3415/3224/5856 3407/3277/5854 3414/3286/5855
f 3415/3224/5856 3410/3282/5857 3407/3277/5854
f 3411/3283/5858 3416/3287/5859 3412/3288/5860
f 3416/3287/5859 3411/3283/5858 3417/3289/5861
f 3417/3289/5862 3418/3290/5863 3416/3287/5864
f 3420/3291/5865 3419/3292/5866 3421/3293/5867
f 3465/3294/5868 3421/3293/5867 3419/3292/5866
f 3422/3295/5869 3465/3294/5870 3423/3296/5871
f 3427/3297/5872 3432/3298/5873 3430/3299/5874
f 3429/3300/5875 3427/3297/5876 3430/3299/5877
f 3434/3301/5878 3433/3302/5879 3427/3303/5880
f 3436/3304/5881 3434/3301/5878 3437/3305/5882
f 3427/3303/5880 3465/3294/5883 3434/3301/5878
f 3439/3306/5884 3437/3305/5885 3440/3307/5886
f 3443/3308/5887 3440/3307/5886 3445/3309/5888
f 3452/3310/5889 3454/3311/5890 3453/3312/5891
f 3399/3313/5892 3456/3314/5893 3454/3311/5894
f 3454/3311/5895 3452/3310/5896 3399/3313/5897
f 3399/3313/5898 3452/3310/5899 3402/3284/5900
f 3399/3313/5898 3402/3284/5900 3400/3315/5901
f 3402/3284/5900 3401/3316/5902 3400/3315/5901
f 3402/3284/5851 3404/3279/5850 3403/3317/5903
f 3402/3284/5852 3452/3310/5904 3413/3285/5853
f 3450/3318/5905 3452/3310/5906 3451/3319/5907
f 3450/3318/5905 3447/3320/5908 3452/3310/5906
f 3449/3321/5909 3447/3320/5908 3450/3318/5905
f 3447/3320/5910 3446/3322/5911 3445/3309/5888
f 3440/3307/5886 3437/3305/5885 3445/3309/5888
f 3445/3309/5888 3437/3305/5885 3465/3294/5912
f 3434/3301/5878 3465/3294/5883 3437/3305/5882
f 3465/3294/5912 3447/3320/5910 3445/3309/5888
f 3452/3310/5904 3447/3320/5913 3465/3294/5914
f 3452/3310/5904 3464/3323/5915 3413/3285/5853
f 3414/3286/5916 3413/3285/5917 3470/3324/5918
f 3414/3286/5916 3470/3324/5918 3457/3325/5919
f 3458/3326/5920 3414/3286/5916 3457/3325/5919
f 3414/3286/5921 3458/3326/5922 3415/3224/5923
f 3417/3289/5924 3411/3283/5925 3410/3282/5926
f 3417/3289/5862 3419/3292/5927 3418/3290/5863
f 3417/3289/5924 3459/3327/5928 3419/3292/5929
f 3417/3289/5924 3460/3328/5930 3459/3327/5928
f 3459/3327/5928 3461/3329/5931 3419/3292/5929
f 3459/3327/5932 3463/3330/5933 3461/3329/5934
f 3462/3331/5935 3463/3330/5933 3459/3327/5932
f 3461/3329/5931 3464/3323/5936 3419/3292/5929
f 3419/3292/5929 3464/3323/5936 3465/3294/5937
f 3466/3332/5938 3423/3296/5939 3465/3294/5940
f 3426/3333/5941 3425/3334/5942 3466/3332/5943
f 3427/3303/5880 3426/3333/5941 3466/3332/5943
f 3466/3332/5943 3465/3294/5883 3427/3303/5880
f 3467/3335/5944 3463/3330/5945 3468/3336/5946
f 3463/3330/5945 3467/3335/5944 3461/3329/5947
f 3464/3323/5948 3461/3329/5947 3467/3335/5944
f 3469/3337/5949 3464/3323/5948 3467/3335/5944
f 3470/3324/5918 3464/3323/5948 3477/3338/5950
f 3413/3285/5917 3464/3323/5948 3470/3324/5918
f 3471/3339/5951 3470/3324/5918 3477/3338/5950
f 3472/3340/5952 3473/3341/5953 3471/3339/5954
f 3470/3324/5918 3471/3339/5951 3473/3341/5955
f 3473/3341/5953 3472/3340/5952 3474/3342/5956
f 3472/3340/5957 3341/3225/5958 3474/3342/5956
f 3457/3325/5959 3470/3324/5960 3473/3341/5961
f 3457/3325/5962 3473/3341/5963 3458/3326/5964
f 2951/2929/5238 3473/3341/5953 3474/3342/5956
f 3340/2931/5746 2951/2929/5238 3474/3342/5956
f 3340/2931/5746 3474/3342/5956 3341/3225/5958
f 3341/3225/5958 3472/3340/5957 3476/3343/5965
f 3476/3343/5965 3475/3226/5966 3341/3225/5958
f 3476/3343/5967 3472/3340/5968 3471/3339/5969
f 3471/3339/5969 3477/3338/5970 3476/3343/5967
f 3475/3226/5749 3476/3343/5971 2836/2817/5033
f 2836/2817/5033 3476/3343/5971 3477/3338/5972
f 2836/2817/5033 3469/3337/5949 3499/3228/5751
f 3469/3337/5949 2836/2817/5033 3477/3338/5972
f 3469/3337/5949 3477/3338/5950 3464/3323/5948
f 3327/3208/5714 3478/3344/5973 3331/3213/5719
f 3478/3344/5973 3327/3208/5714 3479/3345/5974
f 3327/3208/5714 3322/3203/5709 3482/3346/5975
f 3480/3210/5716 3482/3346/5975 3322/3203/5709
f 3482/3346/5975 3480/3210/5716 3481/3347/5976
f 3481/3347/5976 3483/3348/5977 3482/3346/5975
f 3480/3210/5716 3548/3349/5978 3546/3350/5979
f 3546/3350/5979 3481/3347/5976 3480/3210/5716
f 3482/3346/5975 3479/3345/5974 3327/3208/5714
f 3479/3345/5974 3482/3346/5975 3483/3348/5977
f 3479/3345/5974 3483/3348/5977 3488/3351/5980
f 3483/3348/5977 3481/3347/5976 3484/3352/5981
f 3485/3353/5982 3484/3352/5981 3544/3354/5983
f 3483/3348/5977 3484/3352/5981 3348/3232/5757
f 3348/3232/5756 3486/3355/5984 3483/3348/5977
f 3483/3348/5977 3486/3355/5984 3487/3356/5985
f 3483/3348/5977 3487/3356/5985 3488/3351/5980
f 3479/3345/5974 3488/3351/5980 3489/3357/5986
f 3489/3357/5987 3492/3358/5988 3490/3359/5989
f 3489/3357/5990 3488/3351/5991 3492/3358/5992
f 3492/3358/5993 3506/3360/5994 3490/3359/5995
f 3490/3359/5996 3506/3360/5997 3493/3361/5998
f 3494/3362/5999 3490/3359/6000 3493/3361/6001
f 3493/3361/6001 3495/3363/6002 3494/3362/5999
f 3491/3364/6003 3490/3359/6004 3494/3362/6005
f 3491/3364/6003 3494/3362/6005 3497/3365/6006
f 3495/3363/6007 3497/3365/6008 3494/3362/6009
f 3497/3365/6010 3495/3363/6011 3496/3366/6012
f 3490/3359/6013 3491/3364/6014 3489/3357/5986
f 3491/3364/6014 3478/3344/5973 3489/3357/5986
f 3498/3367/6015 3491/3364/6016 3497/3365/6017
f 3498/3367/6018 3478/3344/5973 3491/3364/6014
f 3479/3345/5974 3489/3357/5986 3478/3344/5973
f 3478/3344/5973 3499/3228/5751 3331/3213/5719
f 3499/3228/5751 3478/3344/5973 3343/3229/5752
f 3331/3213/5719 3500/3368/6019 3330/3211/5721
f 3333/3219/5736 3334/3221/5739 3335/3369/6020
f 3336/3220/6021 3575/3223/6022 3501/3370/6023
f 3336/3220/5738 2941/2910/5214 2912/2884/5165
f 3501/3370/6024 3337/2927/5236 3336/3220/5738
f 3339/3371/6025 3337/2927/5236 3501/3370/6026
f 3502/3372/6027 3337/2927/5236 3339/3371/6025
f 3337/2927/5236 3502/3372/6027 3338/2928/5237
f 3415/3224/5745 2951/2929/5238 2942/2918/5224
f 3415/3224/5745 3473/3341/5953 2951/2929/5238
f 3458/3326/6028 3473/3341/5953 3415/3224/5745
f 3410/3282/5926 3415/3224/6029 3417/3289/5924
f 3417/3289/5924 3415/3224/6029 3460/3328/5930
f 3459/3327/5932 3460/3328/6030 3462/3331/5935
f 3462/3331/6031 3468/3336/5946 3463/3330/5945
f 3467/3335/5944 3468/3336/5946 3504/3373/6032
f 3468/3336/5946 3538/3374/6033 3504/3373/6032
f 3537/3375/6034 3538/3374/6033 3468/3336/5946
f 3468/3336/5946 3462/3331/6031 3502/3372/6035
f 3502/3372/6027 3462/3331/6036 3338/2928/5237
f 3415/3224/5745 3338/2928/5237 3460/3328/6037
f 3338/2928/5237 3462/3331/6036 3460/3328/6037
f 3478/3344/5973 3498/3367/6018 3343/3229/5752
f 3499/3228/5751 3500/3368/6019 3331/3213/5719
f 3332/3214/6038 3330/3211/5721 3500/3368/6019
f 3500/3368/6019 3504/3373/6032 3332/3214/6038
f 3542/3376/6039 3332/3214/6038 3504/3373/6032
f 3467/3335/5944 3504/3373/6032 3500/3368/6019
f 3343/3229/5752 3498/3367/6018 3347/3231/5755
f 3498/3367/6040 3522/3377/6041 3347/3231/6042
f 3497/3365/6043 3521/3378/6044 3498/3367/6045
f 3498/3367/6045 3521/3378/6044 3522/3377/6046
f 3521/3378/6044 3497/3365/6043 3505/3379/6047
f 3493/3361/6048 3508/3380/6049 3507/3381/6050
f 3495/3363/6002 3493/3361/6001 3507/3381/6051
f 3496/3366/6052 3495/3363/6053 3507/3381/6054
f 3511/3382/6055 3507/3381/6056 3508/3380/6057
f 3493/3361/5998 3506/3360/5997 3508/3380/6058
f 3492/3358/5992 3488/3351/5991 3515/3383/6059
f 3509/3384/6060 3492/3358/6061 3513/3385/6062
f 3506/3360/5994 3492/3358/5993 3509/3384/6063
f 3509/3384/6064 3511/3382/6065 3506/3360/6066
f 3509/3384/6064 3510/3386/6067 3511/3382/6065
f 3506/3360/6068 3511/3382/6069 3508/3380/6070
f 3512/3387/6071 3497/3365/6072 3496/3366/6073
f 3512/3387/6071 3505/3379/6074 3497/3365/6072
f 3507/3381/6075 3512/3387/6076 3496/3366/6077
f 3512/3387/6076 3507/3381/6075 3511/3382/6078
f 3509/3384/6079 3513/3385/6080 3510/3386/6081
f 3514/3388/6082 3492/3358/5992 3515/3383/6059
f 3492/3358/6083 3514/3388/6084 3519/3389/6085
f 3492/3358/6086 3519/3389/6087 3513/3385/6088
f 3514/3388/6089 3515/3383/6090 3519/3389/6091
f 3515/3383/6090 3516/3390/6092 3519/3389/6091
f 3487/3356/6093 3515/3383/6094 3488/3351/6095
f 3516/3390/6096 3515/3383/6097 3487/3356/6098
f 3486/3355/6099 3517/3391/6100 3487/3356/6101
f 3487/3356/6098 3517/3391/6102 3516/3390/6096
f 3518/3392/6103 3516/3390/6096 3517/3391/6102
f 3518/3392/6103 3517/3391/6102 3525/3393/6104
f 3519/3389/6105 3516/3390/6106 3518/3392/6107
f 3518/3392/6108 3522/3377/6109 3519/3389/6110
f 3513/3385/6111 3519/3389/6112 3520/3394/6113
f 3510/3386/6114 3513/3385/6115 3520/3394/6116
f 3510/3386/6067 3520/3394/6117 3511/3382/6065
f 3505/3379/6118 3512/3387/6119 3521/3378/6120
f 3523/3395/6121 3347/3231/6122 3522/3377/6123
f 3346/3230/6124 3347/3231/6125 3524/3396/6126
f 3484/3352/5981 3543/3234/5760 3348/3232/5757
f 3348/3232/5756 3346/3230/5754 3486/3355/5984
f 3346/3230/6127 3524/3396/6128 3525/3393/6129
f 3347/3231/6130 3523/3395/6131 3524/3396/6132
f 3523/3395/6131 3525/3393/6104 3524/3396/6132
f 3518/3392/6103 3525/3393/6104 3523/3395/6131
f 3523/3395/6133 3522/3377/6134 3518/3392/6135
f 3517/3391/6136 3486/3355/6137 3525/3393/6138
f 3486/3355/6137 3346/3230/6139 3525/3393/6138
f 3519/3389/6140 3522/3377/6141 3520/3394/6142
f 3521/3378/6143 3520/3394/6144 3522/3377/6145
f 3520/3394/6117 3521/3378/6120 3511/3382/6065
f 3512/3387/6119 3511/3382/6065 3521/3378/6120
f 2830/2805/5015 2822/2802/5012 2831/2812/5022
f 2822/2802/5012 2816/2795/5005 2815/2789/4999
f 2822/2802/5012 2815/2789/4999 3526/2794/5004
f 2831/2812/5022 3526/2794/5004 2960/2793/5003
f 2831/2812/5022 2822/2802/5012 3526/2794/5004
f 3339/3371/6146 3501/3370/6147 3575/3223/6148
f 3502/3372/6149 3339/3371/6150 3528/3397/6151
f 3339/3371/6150 3503/3398/6152 3528/3397/6151
f 3527/3399/6153 3502/3372/6154 3528/3397/6155
f 3528/3397/6156 3577/3400/6157 3527/3399/6158
f 3527/3399/6159 3577/3400/6160 3529/3401/6161
f 3335/3369/6162 3530/3402/6163 3527/3399/6164
f 3530/3402/6165 3531/3403/6166 3527/3399/6167
f 3531/3403/6166 3502/3372/6168 3527/3399/6167
f 3531/3403/6166 3468/3336/6169 3502/3372/6168
f 3531/3403/6170 3532/3404/6171 3468/3336/6172
f 3531/3403/6173 3533/3405/6174 3532/3404/6175
f 3532/3404/6176 3537/3375/6034 3468/3336/5946
f 3533/3405/6177 3534/3406/6178 3532/3404/6179
f 3536/3407/6180 3533/3405/6181 3535/3408/6182
f 3536/3407/6180 3534/3406/6183 3533/3405/6181
f 3533/3405/6184 3531/3403/6185 3535/3408/6186
f 3536/3407/6187 3537/3375/6188 3534/3406/6189
f 3537/3375/6034 3532/3404/6176 3534/3406/6190
f 3538/3374/6191 3537/3375/6192 3536/3407/6193
f 3536/3407/6193 3540/3409/6194 3538/3374/6191
f 3536/3407/6193 3535/3408/6195 3540/3409/6194
f 3535/3408/6196 3531/3403/6166 3530/3402/6165
f 3530/3402/6165 3539/3222/6197 3535/3408/6196
f 3535/3408/6196 3539/3222/6197 3540/3409/6198
f 3540/3409/6199 3541/3410/6200 3538/3374/6201
f 3539/3222/5740 3541/3410/6202 3540/3409/6203
f 3539/3222/5740 2934/2905/5742 3541/3410/6202
f 2933/2904/5210 3299/2908/5212 2934/2905/5742
f 3299/2908/5212 3541/3410/6202 2934/2905/5742
f 3504/3373/6032 3538/3374/6033 3542/3376/6039
f 3299/2908/5212 3542/3376/6039 3541/3410/6202
f 3541/3410/6202 3542/3376/6039 3538/3374/6204
f 3332/3214/6038 3542/3376/6039 3299/2908/5212
f 3469/3337/5949 3467/3335/5944 3500/3368/6019
f 3500/3368/6019 3499/3228/5751 3469/3337/5949
f 3543/3234/5760 3034/2995/5338 3017/2984/5320
f 3034/2995/5338 3543/3234/5760 3039/2998/5343
f 3047/3005/5355 3042/3000/5347 3039/2998/5349
f 3055/3010/5366 3052/3008/5365 3039/2998/5343
f 3061/3014/5372 3055/3010/5366 3039/2998/5343
f 3039/2998/5343 3485/3353/5982 3061/3014/5372
f 3544/3354/5983 3061/3014/5372 3485/3353/5982
f 3065/3017/5376 3064/3016/5375 3061/3014/5372
f 3544/3354/5983 3065/3017/5376 3061/3014/5372
f 3072/3021/5383 3069/3019/5380 3065/3017/5376
f 3078/3025/5389 3075/3023/5386 3072/3021/5383
f 3078/3025/5389 3072/3021/5383 3065/3017/5376
f 3065/3017/5376 3544/3354/5983 3078/3025/5389
f 3084/3029/5395 3081/3027/5392 3078/3025/5389
f 3084/3029/5395 3078/3025/5389 3544/3354/5983
f 3090/3033/5401 3087/3031/5398 3084/3029/5395
f 3084/3029/5395 3093/3035/5404 3090/3033/5401
f 3093/3035/5404 3547/3042/5413 3098/3040/5410
f 3545/3411/6205 3084/3029/5395 3544/3354/5983
f 3545/3411/6205 3544/3354/5983 3484/3352/5981
f 3484/3352/5981 3481/3347/5976 3545/3411/6205
f 3084/3029/5395 3545/3411/6205 3546/3350/5979
f 3093/3035/5404 3084/3029/5395 3547/3042/5413
f 3546/3350/5979 3547/3042/5413 3084/3029/5395
f 3103/3044/5416 3547/3042/5413 3106/3046/5419
f 3107/3047/5420 3106/3046/5419 3113/3051/5426
f 3548/3349/5978 3119/3055/5432 3113/3051/5426
f 3548/3349/5978 3122/3057/5435 3119/3055/5432
f 3106/3046/5419 3548/3349/5978 3113/3051/5426
f 3106/3046/5419 3547/3042/5413 3546/3350/5979
f 3481/3347/5976 3546/3350/5979 3545/3411/6205
f 3548/3349/5978 3106/3046/5419 3546/3350/5979
f 3125/3059/5439 3122/3057/5435 3548/3349/5978
f 3549/3412/6206 3129/3062/5443 3127/3061/5442
f 3132/3063/5446 3129/3062/5443 3190/3105/5505
f 3583/3413/6207 3190/3105/5505 3129/3062/5443
f 3125/3059/5439 3552/3414/6208 3127/3061/5442
f 3552/3414/6208 3125/3059/5439 3550/3202/5708
f 3550/3202/5708 3125/3059/5439 3328/3209/5715
f 3480/3210/5716 3328/3209/5715 3548/3349/5978
f 3548/3349/5978 3328/3209/5715 3125/3059/5439
f 3321/3200/5706 3550/3202/5708 3328/3209/5715
f 3552/3414/6208 3550/3202/5708 3551/3199/5705
f 3552/3414/6208 3551/3199/5705 3553/3201/5707
f 3552/3414/6208 3553/3201/5707 3554/3415/6209
f 3316/3194/6210 3553/3201/5707 3320/3195/5702
f 3581/3416/6211 3127/3061/5442 3552/3414/6208
f 3127/3061/5442 3581/3416/6211 3549/3412/6206
f 3129/3062/5443 3549/3412/6206 3583/3413/6207
f 3193/3108/5508 3190/3105/5505 3583/3413/6207
f 3555/3417/6212 3285/3110/5510 3559/2915/5221
f 3555/3417/6212 3284/3176/5648 3285/3110/5510
f 3563/3418/6213 3284/3176/6214 3555/3417/6215
f 3284/3176/6214 3563/3418/6213 3556/3419/6216
f 3571/3420/6217 3555/3417/6218 3557/3421/6219
f 3557/3421/6220 3558/2912/6221 3561/3422/6222
f 3557/3421/6219 3555/3417/6218 3558/2912/6223
f 3555/3417/6212 3559/2915/5221 3558/2912/5220
f 3559/2915/5221 3285/3110/5510 3584/3423/6224
f 3285/3110/5510 3194/3109/5509 3584/3423/6224
f 3559/2915/5221 3560/3424/6225 3585/3425/6226
f 3561/3422/6227 3558/2912/6228 2938/2914/6229
f 3562/3426/6230 3561/3422/6231 2938/2914/6232
f 3562/3426/6230 2938/2914/6232 2939/2913/6233
f 3563/3418/6234 3555/3417/6235 3571/3420/6236
f 3571/3420/6237 3573/3172/6238 3563/3418/6239
f 3557/3421/6240 3564/3427/6241 3571/3420/6242
f 3561/3422/6243 3565/3428/6244 3557/3421/6245
f 3565/3428/6244 3564/3427/6246 3557/3421/6245
f 3564/3427/6247 3565/3428/6248 3566/3429/6249
f 3566/3429/6250 3565/3428/6251 3567/3171/5632
f 3565/3428/6252 3561/3422/6253 3568/3430/6254
f 3567/3171/6255 3565/3428/6256 3569/3431/6257
f 3568/3430/6258 3569/3431/6259 3565/3428/6260
f 3280/3169/6261 3568/3430/6258 3562/3426/6262
f 3280/3169/6261 3569/3431/6259 3568/3430/6258
f 3566/3429/6250 3567/3171/5632 3570/3170/5631
f 3570/3170/6263 3564/3427/6264 3566/3429/6265
f 3571/3420/6266 3564/3427/6264 3570/3170/6263
f 3573/3172/6267 3570/3170/6268 3277/3166/6269
f 3573/3172/5635 3276/3165/5634 3572/3173/6270
f 3556/3419/6271 3572/3173/6272 3281/3164/6273
f 3284/3176/6274 3556/3419/6271 3281/3164/6273
f 3556/3419/6275 3573/3172/6276 3572/3173/6277
f 3571/3420/6278 3570/3170/6279 3573/3172/6280
f 3573/3172/6276 3556/3419/6275 3563/3418/6281
f 3543/3234/5760 3485/3353/5982 3039/2998/5343
f 3543/3234/5760 3484/3352/5981 3485/3353/5982
f 3324/3205/6282 3574/3432/6283 3317/3196/6284
f 3574/3432/6285 3324/3205/6286 3307/3433/6287
f 3307/3433/6288 3324/3205/6289 3308/3215/6290
f 3305/3191/6291 3574/3432/6292 3306/3434/6293
f 3305/3191/6294 3302/3188/6295 3574/3432/6296
f 3301/3187/6297 3317/3196/6298 3302/3188/6299
f 3302/3188/6300 3317/3196/6301 3574/3432/6302
f 3333/3219/6303 3335/3369/6304 3575/3223/6305
f 3334/3221/5739 3530/3402/6306 3335/3369/6020
f 3539/3222/6197 3530/3402/6165 3334/3221/6307
f 3527/3399/6164 3529/3401/6308 3335/3369/6162
f 3335/3369/6162 3529/3401/6308 3575/3223/6309
f 3575/3223/6310 3503/3398/6152 3339/3371/6150
f 3503/3398/6311 3529/3401/6312 3576/3435/6313
f 3575/3223/6309 3529/3401/6308 3503/3398/6314
f 3577/3400/6160 3576/3435/6315 3529/3401/6161
f 3576/3435/6316 3577/3400/6317 3578/3436/6318
f 3503/3398/6319 3576/3435/6320 3578/3436/6321
f 3528/3397/6156 3578/3436/6322 3577/3400/6157
f 3528/3397/6323 3503/3398/6324 3578/3436/6325
f 3567/3171/6326 3569/3431/6327 3279/3168/6328
f 3569/3431/6329 3278/3167/6330 3279/3168/6331
f 3278/3167/6330 3569/3431/6329 3280/3169/6332
f 3568/3430/6333 3561/3422/6334 3562/3426/6335
f 3562/3426/6336 2939/2913/6337 3280/3169/6338
f 2931/2902/6339 3579/3437/6340 2932/2901/5205
f 3579/3437/6341 2931/2902/6342 3580/3438/6343
f 3579/3437/6340 3316/3194/5697 2932/2901/5205
f 2935/2906/5209 2932/2901/5205 3316/3194/5697
f 3580/3438/6343 3553/3201/5707 3316/3194/6210
f 3579/3437/6341 3580/3438/6343 3316/3194/6210
f 3580/3438/6343 3554/3415/6209 3553/3201/5707
f 3554/3415/6209 3581/3416/6211 3552/3414/6208
f 3554/3415/6209 3580/3438/6343 3581/3416/6211
f 3582/3439/6344 3581/3416/6211 3580/3438/6343
f 2931/2902/6345 2930/2882/6346 2929/2899/6347
f 3580/3438/6343 2931/2902/6342 3582/3439/6344
f 3582/3439/6344 3588/3440/6348 3581/3416/6211
f 3588/3440/6348 3549/3412/6206 3581/3416/6211
f 3194/3109/5509 3193/3108/5508 3584/3423/6224
f 3560/3424/6225 3559/2915/5221 3584/3423/6224
f 3559/2915/5221 3585/3425/6226 2937/2911/5216
f 2928/2891/5171 3587/2900/6349 2927/2896/6350
f 2928/2891/5171 3586/2890/5170 3587/2900/6349
f 2918/2889/5168 2937/2911/5216 3585/3425/6226
f 3586/2890/5170 2918/2889/5168 3585/3425/6226
f 3560/3424/6225 3586/2890/5170 3585/3425/6226
f 3587/2900/6351 2931/2902/6352 2929/2899/6353
f 3560/3424/6225 2931/2902/6342 3587/2900/6349
f 3193/3108/5508 3583/3413/6207 3588/3440/6348
f 3588/3440/6348 3584/3423/6224 3193/3108/5508
f 3588/3440/6348 3583/3413/6207 3549/3412/6206
f 3560/3424/6225 3588/3440/6348 3582/3439/6344
f 3584/3423/6224 3588/3440/6348 3560/3424/6225
f 3586/2890/5170 3560/3424/6225 3587/2900/6349
f 2931/2902/6342 3560/3424/6225 3582/3439/6344
f 3452/3310/5904 3465/3294/5914 3464/3323/5915
f 3590/3441/6354 3592/3442/6355 3589/3443/6356
f 3606/3444/6357 3591/3445/6358 3593/3446/6359
f 3590/3447/6360 3591/3445/6358 3606/3444/6357
f 3590/3447/6361 3597/3448/6362 3594/3449/6363
f 3595/3450/6364 3594/3449/6365 3597/3448/6366
f 3604/3451/6367 3595/3450/6364 3597/3448/6366
f 3598/3452/6368 3599/3453/6369 3593/3446/6370
f 3599/3453/6371 3606/3444/6357 3593/3446/6359
f 3600/3454/6372 3602/3455/6373 3603/3456/6374
f 3600/3454/6372 3603/3456/6374 3599/3453/6375
f 3603/3456/6376 3602/3455/6377 3596/3457/6378
f 3603/3456/6376 3596/3457/6378 3604/3451/6379
f 3596/3457/6380 3595/3450/6381 3604/3451/6382
f 3603/3456/6383 3606/3444/6384 3599/3453/6385
f 3606/3444/6384 3603/3456/6383 3605/3458/6386
f 3603/3456/6387 3604/3451/6388 3605/3458/6389
f 3597/3448/6390 3605/3458/6391 3604/3451/6392
f 3605/3458/6393 3597/3448/6394 3606/3444/6395
f 3597/3448/6394 3590/3447/6396 3606/3444/6395
f 3608/3459/6397 3611/3460/6398 3610/3461/6399
f 3612/3462/6400 3611/3460/6401 3613/3463/6402
f 3613/3463/6403 3614/3464/6404 3612/3462/6405
f 3608/3459/6406 3613/3463/6402 3611/3460/6401
f 3615/3465/6407 3608/3459/6408 3607/3466/6409
f 3608/3459/6406 3615/3465/6410 3613/3463/6402
f 3614/3464/6411 3613/3463/6412 3616/3467/6413
f 3616/3467/6414 3613/3463/6415 3617/3468/6416
f 3621/3469/6417 3620/3470/6418 3618/3471/6419
f 3623/3472/6420 3622/3473/6421 3621/3469/6422
f 3625/3474/6423 3623/3472/6424 3621/3469/6425
f 3621/3469/6426 3607/3466/6427 3626/3475/6428
f 3621/3469/6429 3615/3465/6407 3607/3466/6409
f 3615/3465/6407 3621/3469/6429 3618/3471/6430
f 3615/3465/6431 3618/3471/6432 3617/3468/6416
f 3617/3468/6416 3613/3463/6415 3615/3465/6431
f 3630/3476/6433 3629/3477/6434 3631/3478/6435
f 3634/3479/6436 3632/3480/6437 3633/3481/6438
f 3635/3482/6439 3634/3479/6436 3633/3481/6438
f 3637/3483/6440 3634/3479/6441 3636/3484/6442
f 3637/3485/6443 3638/3486/6444 3639/3487/6445
f 3643/3488/6446 3642/3489/6447 3644/3490/6448
f 3649/3491/6449 3648/3492/6450 3647/3493/6451
f 3651/3494/6452 3653/3495/6453 3652/3496/6454
f 3634/3479/6441 3654/3497/6455 3636/3484/6442
f 3634/3479/6456 3635/3482/6457 3654/3497/6458
f 3666/3498/6459 3664/3499/6460 3665/3500/6461
f 3666/3498/6462 3667/3501/6463 3664/3499/6464
f 3666/3498/6465 3669/3502/6466 3670/3503/6467
f 3670/3503/6468 3667/3501/6469 3666/3498/6470
f 3673/3504/6471 3671/3505/6472 3672/3506/6473
f 3672/3506/6474 3674/3507/6475 3673/3504/6476
f 3675/3508/6477 3672/3506/6478 3678/3509/6479
f 3677/3510/6480 3666/3498/6465 3676/3511/6481
f 3666/3498/6465 3677/3510/6480 3669/3502/6466
f 3678/3509/6482 3677/3510/6483 3676/3511/6484
f 3678/3509/6485 3672/3506/6473 3671/3505/6472
f 3677/3510/6483 3678/3509/6482 3671/3505/6486
f 3679/3512/6487 3682/3513/6488 3681/3514/6489
f 3679/3512/6490 3684/3515/6491 3682/3513/6492
f 3684/3515/6493 3683/3516/6494 3682/3513/6495
f 3683/3516/6496 3684/3515/6497 3685/3517/6498
f 3686/3518/6499 3688/3519/6500 3687/3520/6501
f 3688/3519/6500 3690/3521/6502 3687/3520/6501
f 3686/3518/6503 3692/3522/6504 3688/3519/6505
f 3686/3518/6506 3693/3523/6507 3692/3522/6508
f 3693/3523/6507 3686/3518/6506 3695/3524/6509
f 3693/3523/6510 3695/3524/6511 3694/3525/6512
f 3685/3517/6513 3695/3524/6509 3686/3518/6506
f 3695/3524/6514 3685/3517/6515 3684/3515/6516
f 3684/3515/6516 3681/3526/6517 3695/3524/6514
usemtl Material3477
f 3698/3527/6518 3697/3528/6519 3696/3529/6520
f 3698/3527/6518 3699/3530/6521 3697/3528/6519
f 3699/3530/6521 3698/3527/6518 3700/3531/6522
f 3701/3532/6523 3700/3531/6522 3698/3527/6518
f 3701/3532/6523 3698/3527/6518 3702/3533/6524
f 3702/3533/6524 3703/3534/6525 3704/3535/6526
f 3704/3535/6526 3701/3532/6523 3702/3533/6524
f 3705/3536/6527 3704/3535/6526 3703/3534/6525
f 3705/3536/6528 3706/3537/6529 3707/3538/6530
f 3707/3538/6531 3704/3535/6526 3705/3536/6527
f 3709/3539/6532 3707/3538/6533 3706/3537/6534
f 3707/3538/6535 3709/3539/6536 3708/3540/6537
f 3708/3540/6537 3709/3539/6536 3711/3541/6538
f 3709/3539/6536 3710/3542/6539 3711/3541/6538
f 3712/3543/6540 3711/3541/6538 3710/3542/6539
f 3712/3543/6540 3710/3542/6539 3713/3544/6541
f 3714/3545/6542 3712/3543/6540 3713/3544/6541
f 3712/3543/6540 3714/3545/6542 3715/3546/6543
f 3715/3546/6544 3716/3547/6545 3712/3543/6546
f 3714/3545/6542 3717/3548/6547 3715/3546/6543
f 3718/3549/6548 3715/3546/6543 3717/3548/6547
f 3715/3546/6549 3718/3549/6550 3720/3550/6551
f 3719/3551/6552 3715/3546/6553 3720/3550/6554
f 3722/3552/6555 3721/3553/6556 3720/3550/6557
f 3722/3552/6555 3723/3554/6558 3721/3553/6556
f 3722/3552/6555 3724/3555/6559 3723/3554/6558
f 3725/3556/6560 3726/3557/6561 3724/3555/6559
f 3724/3555/6559 3726/3557/6561 3723/3554/6558
f 3728/3558/6562 3726/3557/6561 3725/3556/6560
f 3727/3559/6563 3726/3557/6561 3728/3558/6562
f 3728/3558/6562 3730/3560/6564 3727/3559/6563
f 3729/3561/6565 3730/3560/6564 3728/3558/6562
f 3731/3562/6566 3730/3560/6564 3732/3563/6567
f 3729/3561/6565 3732/3563/6567 3730/3560/6564
f 3733/3564/6568 3731/3562/6566 3732/3563/6567
f 3731/3562/6569 3735/3565/6570 3734/3566/6571
f 3733/3564/6572 3736/3567/6573 3731/3562/6574
f 3735/3565/6575 3731/3562/6576 3736/3567/6577
f 3737/3568/6578 3735/3565/6575 3736/3567/6577
f 3738/3569/6579 3737/3568/6580 3739/3570/6581
f 3738/3569/6579 3739/3570/6581 3741/3571/6582
f 3741/3571/6582 3740/3572/6583 3738/3569/6579
f 3741/3571/6582 3742/3573/6584 3740/3572/6583
f 3742/3573/6584 3741/3571/6582 3743/3574/6585
f 3744/3575/6586 3746/3576/6587 3747/3577/6588
f 3745/3578/6589 3744/3575/6590 3747/3577/6591
f 3745/3578/6589 3747/3577/6591 3748/3579/6592
f 3749/3580/6593 3745/3578/6589 3748/3579/6592
f 3749/3580/6593 3748/3579/6592 3750/3581/6594
f 3749/3580/6593 3750/3581/6594 3751/3582/6595
f 3751/3582/6595 3750/3581/6594 3753/3583/6596
f 3753/3583/6596 3750/3581/6594 3752/3584/6597
f 3753/3583/6596 3754/3585/6598 3751/3582/6595
f 3756/3586/6599 3754/3585/6600 3753/3583/6601
f 3753/3583/6602 3755/3587/6603 3756/3586/6604
f 3755/3587/6603 3758/3588/6605 3756/3586/6604
f 3758/3588/6605 3757/3589/6606 3756/3586/6604
f 3757/3589/6606 3758/3588/6605 3760/3590/6607
f 3758/3588/6605 3759/3591/6608 3760/3590/6607
f 3761/3592/6609 3760/3590/6607 3762/3593/6610
f 3759/3591/6608 3762/3593/6610 3760/3590/6607
f 3761/3592/6611 3762/3593/6612 3763/3594/6613
f 3765/3595/6614 3764/3596/6615 3763/3594/6616
f 3766/3597/6617 3764/3596/6618 3765/3595/6619
f 3767/3598/6620 3766/3597/6621 3768/3599/6622
f 3767/3598/6623 3768/3599/6624 3769/3600/6625
f 3770/3601/6626 3769/3600/6627 3771/3602/6628
f 3771/3602/6629 3772/3603/6630 3773/3604/6631
f 3773/3604/6631 3770/3601/6632 3771/3602/6629
f 3774/3605/6633 3775/3606/6634 3773/3604/6631
f 3772/3603/6630 3774/3605/6633 3773/3604/6631
f 3774/3605/6633 3777/3607/6635 3775/3606/6634
f 3776/3608/6636 3777/3607/6635 3774/3605/6633
f 3778/3609/6637 3777/3607/6638 3779/3610/6639
f 3776/3608/6636 3779/3610/6640 3777/3607/6635
f 3779/3610/6641 3780/3611/6642 3778/3609/6643
f 3779/3610/6641 3781/3612/6644 3780/3611/6642
f 3779/3610/6645 3782/3613/6646 3781/3612/6647
f 3783/3614/6648 3781/3612/6649 3785/3615/6650
f 3781/3612/6649 3784/3616/6651 3785/3615/6650
f 3783/3614/6652 3785/3615/6653 3786/3617/6654
f 3785/3615/6653 3788/3618/6655 3786/3617/6654
f 3787/3619/6656 3788/3618/6657 3785/3615/6658
f 3791/3620/6659 3792/3621/6660 3793/3622/6661
f 3797/3623/6662 3798/3624/6663 3796/3625/6664
f 3796/3625/6664 3798/3624/6663 3799/3626/6665
f 3802/3627/6666 3800/3628/6667 3801/3629/6668
f 3800/3628/6667 3802/3627/6666 3803/3630/6669
f 3806/3631/6670 3807/3632/6671 3808/3633/6672
f 3806/3631/6670 3808/3633/6672 3809/3634/6673
f 3812/3635/6674 3810/3636/6675 3811/3637/6676
f 3810/3636/6675 3812/3635/6674 3813/3638/6677
f 3814/3639/6678 3815/3640/6679 3816/3641/6680
f 3816/3641/6680 3815/3640/6679 3817/3642/6681
f 3820/3643/6682 3818/3644/6683 3819/3645/6684
f 3818/3644/6683 3820/3643/6682 3821/3646/6685
f 3825/3647/6686 3826/3648/6687 3824/3649/6688
f 3826/3648/6687 3825/3647/6686 3827/3650/6689
f 3830/3651/6690 3831/3652/6691 3832/3653/6692
f 3837/3654/6693 3838/3655/6694 3839/3656/6695
f 3837/3654/6693 3839/3656/6695 3840/3657/6696
f 3841/3658/6697 3842/3659/6698 3843/3660/6699
f 3851/3661/6700 3852/3662/6701 3850/3663/6702
f 3850/3663/6702 3852/3662/6701 3853/3664/6703
f 3856/3665/6704 3857/3666/6705 3858/3667/6706
f 3859/3668/6707 3856/3665/6704 3858/3667/6706
f 3861/3669/6708 3860/3670/6709 3862/3671/6710
f 3866/3672/6711 3867/3673/6712 3865/3674/6713
f 3867/3673/6712 3868/3675/6714 3865/3674/6713
f 3869/3676/6715 3870/3677/6716 3871/3678/6717
f 3872/3679/6718 3873/3680/6719 3874/3681/6720
f 3877/3682/6721 3878/3683/6722 3879/3684/6723
f 3879/3684/6723 3880/3685/6724 3877/3682/6721
f 3885/3686/6725 3886/3687/6726 3887/3688/6727
f 3888/3689/6728 3889/3690/6729 3890/3691/6730
f 3890/3691/6730 3891/3692/6731 3888/3689/6728
f 3900/3693/6732 3898/3694/6733 3899/3695/6734
f 3905/3696/6735 3904/3697/6736 3903/3698/6737
f 3907/3699/6738 3906/3700/6739 3908/3701/6740
f 3909/3702/6741 3910/3703/6742 3911/3704/6743
f 3916/3705/6744 3915/3706/6745 3914/3707/6746
f 3944/3708/6747 3943/3709/6748 3945/3710/6749
f 3948/3711/6750 3947/3712/6751 3946/3713/6752
f 3947/3712/6751 3948/3711/6750 3949/3714/6753
f 3951/3715/6754 3950/3716/6755 3952/3717/6756
f 3955/3718/6757 3954/3719/6758 3953/3720/6759
f 3957/3721/6760 3956/3722/6761 3958/3723/6762
f 3960/3724/6763 3959/3725/6764 3961/3726/6765
f 3962/3727/6766 3963/3728/6767 3964/3729/6768
f 3962/3727/6766 3965/3730/6769 3963/3728/6767
f 3972/3731/6770 3971/3732/6771 3970/3733/6772
f 3973/3734/6773 3975/3735/6774 3974/3736/6775
f 3975/3735/6774 3973/3734/6773 3976/3737/6776
f 3977/3738/6777 3979/3739/6778 3978/3740/6779
f 3982/3741/6780 3981/3742/6781 3980/3743/6782
f 3983/3744/6783 3984/3745/6784 3985/3746/6785
f 3983/3744/6783 3986/3747/6786 3984/3745/6784
f 3987/3748/6787 3989/3749/6788 3988/3750/6789
f 3989/3749/6788 3987/3748/6787 3990/3751/6790
f 3995/3752/6791 3994/3753/6792 3993/3754/6793
f 3994/3753/6792 3995/3752/6791 3996/3755/6794
f 3999/3756/6795 3998/3757/6796 3997/3758/6797
f 3998/3757/6796 3999/3756/6795 4000/3759/6798
f 4001/3760/6799 4003/3761/6800 4002/3762/6801
f 4004/3763/6802 4006/3764/6803 4005/3765/6804
f 4006/3764/6803 4004/3763/6802 4007/3766/6805
f 4008/3767/6806 4009/3768/6807 4010/3769/6808
f 4011/3770/6809 4009/3768/6807 4008/3767/6806
f 4012/3771/6810 4014/3772/6811 4013/3773/6812
f 4014/3772/6811 4012/3771/6810 4015/3774/6813
f 4018/3775/6814 4020/3776/6815 4019/3777/6816
f 4020/3776/6815 4018/3775/6814 4021/3778/6817
f 4025/3779/6818 4024/3780/6819 4026/3781/6820
f 4032/3782/6821 4031/3783/6822 4033/3784/6823
f 4035/3785/6824 4034/3786/6825 4036/3787/6826
f 4041/3788/6827 4043/3789/6828 4042/3790/6829
f 4043/3789/6828 4041/3788/6827 4044/3791/6830
f 4047/3792/6831 4046/3793/6832 4045/3794/6833
f 4050/3795/6834 4049/3796/6835 4048/3797/6836
f 4049/3796/6835 4050/3795/6834 4051/3798/6837
f 4053/3799/6838 4052/3800/6839 4054/3801/6840
f 4055/3802/6841 4054/3801/6840 4052/3800/6839
f 4057/3803/6842 4056/3804/6843 4058/3805/6844
f 4059/3806/6845 4058/3805/6844 4056/3804/6843
f 4060/3807/6846 4062/3808/6847 4061/3809/6848
f 4063/3810/6849 4062/3808/6847 4060/3807/6846
f 4067/3811/6850 4066/3812/6851 4068/3813/6852
f 4070/3814/6853 4069/3815/6854 4071/3816/6855
f 4075/3817/6856 4074/3818/6857 4076/3819/6858
f 4082/3820/6859 4081/3821/6860 4083/3822/6861
f 4084/3823/6862 4083/3822/6861 4081/3821/6860
f 4087/3824/6863 4086/3825/6864 4085/3826/6865
f 4100/3827/6866 4098/3828/6867 4099/3829/6868
f 4105/3830/6869 4104/3831/6870 4103/3832/6871
f 4106/3833/6872 4108/3834/6873 4107/3835/6874
f 4108/3834/6873 4106/3833/6872 4109/3836/6875
f 4110/3837/6876 4112/3838/6877 4111/3839/6878
f 4119/3840/6879 4121/3841/6880 4120/3842/6881
f 4146/3843/6882 4145/3844/6883 4144/3845/6884
f 4147/3846/6885 4149/3847/6886 4148/3848/6887
f 4149/3847/6886 4150/3849/6888 4148/3848/6887
f 4152/3850/6889 4153/3851/6890 4151/3852/6891
f 4154/3853/6892 4156/3854/6893 4155/3855/6894
f 4156/3854/6893 4154/3853/6892 4157/3856/6895
f 4161/3857/6896 4160/3858/6897 4162/3859/6898
f 4161/3857/6896 4162/3859/6898 4163/3860/6899
f 4164/3861/6900 4166/3862/6901 4165/3863/6902
f 4167/3864/6903 4169/3865/6904 4168/3866/6905
f 4169/3865/6904 4167/3864/6903 4170/3867/6906
f 4173/3868/6907 4175/3869/6908 4174/3870/6909
f 4176/3871/6910 4178/3872/6911 4177/3873/6912
f 4179/3874/6913 4181/3875/6914 4180/3876/6915
f 4181/3875/6914 4179/3874/6913 4182/3877/6916
f 4184/3878/6917 4183/3879/6918 4185/3880/6919
f 4185/3880/6919 4186/3881/6920 4184/3878/6917
f 4188/3882/6921 4187/3883/6922 4189/3884/6923
f 4191/3885/6924 4190/3886/6925 4192/3887/6926
f 4194/3888/6927 4193/3889/6928 4195/3890/6929
f 4198/3891/6930 4200/3892/6931 4199/3893/6932
f 4200/3892/6931 4198/3891/6930 4201/3894/6933
f 4202/3895/6934 4204/3896/6935 4203/3897/6936
f 4204/3896/6935 4205/3898/6937 4203/3897/6936
f 4206/3899/6938 4208/3900/6939 4207/3901/6940
f 4208/3900/6939 4206/3899/6938 4209/3902/6941
f 4210/3903/6942 4212/3904/6943 4211/3905/6944
f 4212/3904/6943 4210/3903/6942 4213/3906/6945
f 4225/3907/6946 4224/3908/6947 4226/3909/6948
f 4225/3907/6946 4226/3909/6948 4227/3910/6949
f 4228/3911/6950 4230/3912/6951 4229/3913/6952
f 4230/3912/6951 4231/3914/6953 4229/3913/6952
f 4232/3915/6954 4234/3916/6955 4233/3917/6956
f 4234/3916/6955 4232/3915/6954 4235/3918/6957
f 4239/3919/6958 4240/3920/6959 4238/3921/6960
f 4244/3922/6961 4245/3923/6962 4243/3924/6963
f 4247/3925/6964 4246/3926/6965 4248/3927/6966
f 4250/3928/6967 4249/3929/6968 4251/3930/6969
f 4253/3931/6970 4252/3932/6971 4254/3933/6972
f 4254/3933/6972 4255/3934/6973 4253/3931/6970
f 4256/3935/6974 4258/3936/6975 4257/3937/6976
f 4258/3936/6975 4256/3935/6974 4259/3938/6977
f 4264/3939/6978 4266/3940/6979 4265/3941/6980
f 4266/3940/6979 4267/3942/6981 4265/3941/6980
f 4269/3943/6982 4268/3944/6983 4270/3945/6984
f 4271/3946/6985 4273/3947/6986 4272/3948/6987
f 4275/3949/6988 4274/3950/6989 4276/3951/6990
f 4276/3951/6990 4277/3952/6991 4275/3949/6988
f 4279/3953/6992 4278/3954/6993 4280/3955/6994
f 4280/3955/6994 4278/3954/6993 4281/3956/6995
f 4286/3957/6996 4285/3958/6997 4284/3959/6998
f 4288/3960/6999 4287/3961/7000 4289/3962/7001
f 4291/3963/7002 4290/3964/7003 4292/3965/7004
f 4293/3966/7005 4292/3965/7004 4290/3964/7003
f 4296/3967/7006 4295/3968/7007 4294/3969/7008
f 4297/3970/7009 4299/3971/7010 4298/3972/7011
f 4329/3973/7012 4328/3974/7013 4330/3975/7014
f 4331/3976/7015 4333/3977/7016 4332/3978/7017
f 4345/3979/7018 4344/3980/7019 4346/3981/7020
f 4347/3982/7021 4349/3983/7022 4348/3984/7023
f 4349/3983/7022 4347/3982/7021 4350/3985/7024
f 4351/3986/7025 4352/3987/7026 4353/3988/7027
f 4352/3987/7026 4351/3986/7025 4354/3989/7028
f 4360/3990/7029 4361/3991/7030 4359/3992/7031
f 4363/3993/7032 4364/3994/7033 4362/3995/7034
f 4366/3996/7035 4365/3997/7036 4367/3998/7037
f 4373/3999/7038 4374/4000/7039 4372/4001/7040
f 4376/4002/7041 4374/4000/7042 4375/4003/7043
f 4374/4000/7044 4379/4004/7045 4391/4005/7046
f 4391/4005/7046 4372/4001/7047 4374/4000/7044
f 4379/4004/7048 4374/4000/7049 4377/4006/7050
f 4377/4006/7051 4378/4007/7052 4379/4004/7053
f 4383/4008/7054 4384/4009/7055 4381/4010/7056
f 4386/4011/7057 4384/4009/7058 4385/4012/7059
f 4388/4013/7060 4386/4011/7061 4387/4014/7062
f 4387/4014/7063 4389/4015/7064 4390/4016/7065
f 4393/4017/7066 4372/4001/7067 4391/4005/7068
f 4379/4004/7053 4378/4007/7052 4381/4010/7069
f 4379/4004/7070 4381/4010/7071 4384/4009/7072
f 4388/4013/7060 4384/4009/7072 4386/4011/7061
f 4379/4004/7070 4384/4009/7072 4388/4013/7060
f 4388/4013/7073 4387/4014/7063 4391/4005/7074
f 4391/4005/7074 4387/4014/7063 4390/4016/7065
f 4379/4004/7070 4388/4013/7060 4391/4005/7075
f 4400/4018/7076 4401/4019/7077 4402/4020/7078
f 4403/4021/7079 4402/4020/7080 4404/4022/7081
f 4403/4021/7082 4404/4022/7083 4406/4023/7084
f 4408/4024/7085 4409/4025/7086 4406/4023/7087
f 4406/4023/7087 4409/4025/7086 4410/4026/7088
f 4395/4027/7089 4396/4028/7090 4394/4029/7091
f 4410/4026/7092 4394/4029/7091 4411/4030/7093
f 4394/4029/7091 4396/4028/7090 4411/4030/7093
f 4398/4031/7094 4399/4032/7095 4396/4028/7096
f 4411/4030/7097 4396/4028/7096 4399/4032/7095
f 4411/4030/7097 4399/4032/7095 4412/4033/7098
f 4399/4032/7099 4400/4018/7100 4412/4033/7101
f 4402/4020/7102 4412/4033/7103 4400/4018/7104
f 4410/4026/7105 4411/4030/7106 4414/4034/7107
f 4410/4026/7108 4413/4035/7109 4406/4023/7110
f 4403/4021/7111 4406/4023/7110 4413/4035/7109
f 4413/4035/7112 4410/4026/7105 4414/4034/7107
f 4414/4034/7113 4402/4020/7114 4413/4035/7115
f 4402/4020/7114 4403/4021/7116 4413/4035/7115
f 4411/4030/7097 4412/4033/7098 4414/4034/7117
f 4402/4020/7114 4414/4034/7113 4412/4033/7118
f 4417/4036/7119 4416/4037/7120 4415/4038/7121
f 4419/4039/7122 4417/4036/7123 4415/4038/7124
f 4419/4039/7125 4415/4038/7126 4418/4040/7127
f 4419/4039/7128 4418/4040/7129 4420/4041/7130
f 4419/4039/7128 4420/4041/7130 4421/4042/7131
f 4422/4043/7132 4419/4039/7133 4421/4042/7134
f 4422/4043/7135 4423/4044/7136 4424/4045/7137
f 4422/4043/7138 4424/4045/7139 4425/4046/7140
f 4426/4047/7141 4425/4046/7142 4424/4045/7143
f 4425/4046/7144 4426/4047/7145 4416/4048/7146
f 4416/4048/7147 4427/4049/7148 4425/4046/7149
f 4429/4050/7150 4428/4051/7151 4430/4052/7152
f 4429/4050/7153 4430/4052/7154 4431/4053/7155
f 4432/4054/7156 4430/4052/7157 4428/4051/7158
f 4432/4054/7159 4433/4055/7160 4430/4052/7161
f 4434/4056/7162 4430/4052/7163 4433/4055/7164
f 4433/4055/7164 4436/4057/7165 4434/4056/7162
f 4433/4055/7164 4435/4058/7166 4436/4057/7165
f 4436/4057/7165 4435/4058/7166 4437/4059/7167
f 4438/4060/7168 4437/4059/7169 4435/4058/7170
f 4439/4061/7171 4437/4059/7169 4438/4060/7168
f 4438/4060/7172 4440/4062/7173 4439/4061/7174
f 4440/4062/7173 4429/4050/7175 4439/4061/7174
f 4441/4063/7176 4429/4050/7175 4440/4062/7173
f 4441/4063/7177 4428/4051/7178 4429/4050/7179
f 4478/4064/7180 4479/4065/7181 4480/4066/7182
f 4480/4066/7183 4479/4065/7184 4481/4067/7185
f 4479/4065/7186 4486/4068/7187 4481/4067/7188
f 4485/4069/7189 4479/4065/7190 4482/4070/7191
f 4479/4065/7192 4485/4069/7193 4486/4068/7194
f 4482/4070/7195 4484/4071/7196 4485/4069/7197
f 4487/4072/7198 4481/4067/7199 4486/4068/7200
f 4486/4068/7201 4485/4069/7202 4487/4072/7203
f 4488/4073/7204 4487/4072/7203 4485/4069/7202
f 4489/4074/7205 4487/4072/7206 4490/4075/7207
f 4491/4076/7208 4481/4067/7209 4487/4072/7210
f 4487/4072/7210 4489/4074/7211 4491/4076/7208
f 4491/4076/7212 4492/4077/7213 4481/4067/7214
f 4489/4074/7215 4492/4077/7216 4491/4076/7217
f 4492/4077/7218 4494/4078/7219 4481/4067/7220
f 4494/4078/7221 4493/4079/7222 4588/4080/7223
f 4481/4067/7224 4494/4078/7221 4588/4080/7223
f 4493/4079/7225 4494/4078/7226 4495/4081/7227
f 4496/4082/7228 4493/4079/7225 4495/4081/7227
f 4496/4082/7229 4495/4081/7230 4497/4083/7231
f 4496/4082/7229 4497/4083/7231 4498/4084/7232
f 4501/4085/7233 4497/4083/7234 4495/4081/7235
f 4494/4078/7226 4502/4086/7236 4495/4081/7227
f 4495/4081/7237 4502/4086/7238 4503/4087/7239
f 4503/4087/7240 4504/4088/7241 4495/4081/7242
f 4503/4087/7243 4502/4086/7244 4494/4078/7245
f 4506/4089/7246 4495/4081/7247 4504/4088/7248
f 4510/4090/7249 4507/4091/7250 4503/4087/7251
f 4507/4091/7252 4510/4090/7253 4509/4092/7254
f 4507/4091/7252 4509/4092/7254 4508/4093/7255
f 4509/4092/7256 4494/4078/7257 4492/4077/7258
f 4503/4087/7259 4494/4078/7260 4510/4090/7261
f 4494/4078/7262 4509/4092/7263 4510/4090/7264
f 4517/4094/7265 4513/4095/7266 4514/4096/7267
f 4514/4096/7268 4515/4097/7269 4516/4098/7270
f 4517/4094/7271 4514/4096/7268 4516/4098/7270
f 4519/4099/7272 4513/4095/7266 4517/4094/7265
f 4516/4098/7273 4518/4100/7274 4519/4099/7275
f 4521/4101/7276 4522/4102/7277 4518/4100/7278
f 4519/4099/7279 4518/4100/7280 4522/4102/7281
f 4519/4099/7282 4517/4094/7283 4516/4098/7284
f 4518/4100/7285 4520/4103/7286 4521/4101/7287
f 4521/4101/7288 4907/4104/7289 4522/4102/7290
f 4523/4105/7291 4522/4102/7292 4524/4106/7293
f 4522/4102/7294 4523/4105/7295 4519/4099/7296
f 4519/4099/7296 4523/4105/7295 4525/4107/7297
f 4525/4107/7297 4523/4105/7295 4526/4108/7298
f 4525/4107/7299 4526/4108/7300 4527/4109/7301
f 4526/4108/7300 4528/4110/7302 4527/4109/7301
f 4528/4110/7302 4526/4108/7300 4529/4111/7303
f 4529/4111/7304 4530/4112/7305 4528/4110/7306
f 4528/4110/7307 4531/4113/7308 4533/4114/7309
f 4536/4115/7310 4535/4116/7311 4537/4117/7312
f 4538/4118/7313 4535/4116/7314 4536/4115/7315
f 4536/4115/7315 4534/4119/7316 4538/4118/7313
f 4534/4119/7317 4525/4107/7318 4527/4109/7319
f 4525/4107/7320 4534/4119/7321 4536/4115/7322
f 4536/4115/7323 4537/4117/7324 4525/4107/7325
f 4539/4120/7326 4525/4107/7327 4537/4117/7328
f 4525/4107/7329 4539/4120/7330 4549/4121/7331
f 4549/4121/7332 4542/4122/7333 4525/4107/7334
f 4543/4123/7335 4525/4107/7336 4542/4122/7337
f 4525/4107/7338 4543/4123/7339 4544/4124/7340
f 4525/4107/7341 4544/4124/7342 4519/4099/7343
f 4543/4123/7344 4545/4125/7345 4544/4124/7346
f 4543/4123/7347 4549/4121/7348 4547/4126/7349
f 4547/4126/7349 4549/4121/7348 4548/4127/7350
f 4543/4123/7347 4542/4122/7351 4549/4121/7348
f 4559/4128/7352 4558/4129/7353 4560/4130/7354
f 4558/4129/7355 4556/4131/7356 4561/4132/7357
f 4553/4133/7358 4561/4132/7357 4556/4131/7356
f 4554/4134/7359 4561/4132/7357 4553/4133/7358
f 4562/4135/7360 4561/4132/7361 4554/4134/7362
f 4561/4132/7363 4562/4135/7364 4560/4130/7365
f 4561/4132/7363 4560/4130/7365 4558/4129/7366
f 4560/4130/7367 4564/4136/7368 4563/4137/7369
f 4564/4136/7370 4569/4138/7371 4563/4137/7372
f 4560/4130/7373 4563/4137/7374 4565/4139/7375
f 4565/4139/7376 4563/4137/7377 4569/4138/7378
f 4567/4140/7379 4565/4139/7380 4568/4141/7381
f 4568/4141/7382 4565/4139/7383 4569/4138/7384
f 4569/4138/7385 4564/4136/7386 4568/4141/7387
f 4564/4136/7388 4576/4142/7389 4568/4141/7390
f 4573/4143/7391 4571/4144/7392 4575/4145/7393
f 4571/4144/7394 4570/4146/7395 4568/4141/7396
f 4571/4144/7397 4568/4141/7398 4574/4147/7399
f 4571/4144/7400 4574/4147/7401 4575/4145/7402
f 4575/4145/7402 4574/4147/7401 4576/4142/7403
f 4574/4147/7404 4568/4141/7405 4576/4142/7406
f 4564/4136/7407 4577/4148/7408 4576/4142/7409
f 4579/4149/7410 4578/4150/7411 4581/4151/7412
f 4582/4152/7413 4581/4151/7412 4578/4150/7411
f 4578/4150/7414 4576/4142/7415 4937/4153/7416
f 4585/4154/7417 4577/4148/7408 4586/4155/7418
f 4577/4148/7408 4564/4136/7407 4586/4155/7418
f 4560/4130/7367 4586/4155/7419 4564/4136/7368
f 4586/4155/7420 4560/4130/7421 4562/4135/7422
f 4586/4155/7420 4611/4156/7423 4587/4157/7424
f 4611/4156/7423 4586/4155/7420 4562/4135/7422
f 4587/4157/7425 4594/4158/7426 4588/4080/7427
f 4588/4080/7223 4589/4159/7428 4481/4067/7224
f 4589/4159/7429 4480/4066/7430 4481/4067/7431
f 4591/4160/7432 4590/4161/7433 4480/4066/7434
f 4592/4162/7435 4590/4161/7433 4591/4160/7432
f 4480/4066/7430 4589/4159/7429 4591/4160/7436
f 4591/4160/7437 4589/4159/7438 4594/4158/7426
f 4588/4080/7427 4594/4158/7426 4589/4159/7438
f 4593/4163/7439 4591/4160/7440 4594/4158/7441
f 4593/4163/7442 4592/4162/7443 4591/4160/7444
f 4596/4164/7445 4597/4165/7446 4595/4166/7447
f 4595/4167/7448 4598/4168/7449 4599/4169/7450
f 4600/4170/7451 4596/4164/7452 4595/4166/7453
f 4594/4158/7454 4598/4168/7455 4595/4167/7456
f 4598/4168/7455 4594/4158/7454 4599/4169/7457
f 4594/4158/7426 4587/4157/7425 4599/4169/7458
f 4611/4156/7423 4562/4135/7422 4605/4171/7459
f 4603/4172/7460 4605/4171/7461 4562/4135/7462
f 4605/4171/7461 4603/4172/7460 4606/4173/7463
f 4605/4171/7464 4606/4173/7465 4607/4174/7466
f 4608/4175/7467 4609/4176/7468 4607/4174/7469
f 4609/4176/7468 4610/4177/7470 4607/4174/7469
f 4607/4174/7469 4610/4177/7470 4605/4171/7471
f 4611/4156/7423 4605/4171/7459 4610/4177/7472
f 4612/4178/7473 4613/4179/7474 4611/4156/7475
f 4587/4157/7424 4611/4156/7423 4602/4180/7476
f 4602/4180/7477 4599/4169/7478 4587/4157/7479
f 4611/4156/7423 4615/4181/7480 4602/4180/7476
f 4613/4179/7481 4615/4181/7482 4611/4156/7483
f 4615/4181/7482 4613/4179/7481 4616/4182/7484
f 4618/4183/7485 4602/4180/7486 4615/4181/7487
f 4618/4183/7485 4615/4181/7487 4617/4184/7488
f 4618/4183/7485 4619/4185/7489 4602/4180/7486
f 4602/4180/7490 4619/4185/7491 4599/4169/7492
f 4625/4186/7493 4626/4187/7494 4624/4188/7495
f 4631/4189/7496 4626/4190/7497 4636/4191/7498
f 4665/4192/7499 4636/4191/7500 4626/4190/7501
f 4627/4193/7502 4665/4192/7503 4626/4190/7504
f 4636/4191/7505 4632/4194/7506 4631/4189/7507
f 4637/4195/7508 4636/4191/7500 4665/4192/7499
f 4638/4196/7509 4636/4191/7500 4637/4195/7508
f 4641/4197/7510 4638/4198/7511 4640/4199/7512
f 4644/4200/7513 4643/4201/7514 4637/4195/7515
f 4646/4202/7516 4644/4200/7517 4649/4203/7518
f 4649/4203/7519 4650/4204/7520 4646/4202/7521
f 4649/4203/7522 4644/4200/7513 4637/4195/7515
f 4658/4205/7523 4649/4203/7522 4637/4195/7515
f 4658/4205/7524 4637/4195/7525 4651/4206/7526
f 4649/4203/7527 4658/4205/7528 4652/4207/7529
f 4652/4207/7530 4658/4205/7531 4653/4208/7532
f 4653/4208/7532 4654/4209/7533 4652/4207/7530
f 4658/4205/7531 4657/4210/7534 4653/4208/7532
f 4660/4211/7535 4659/4212/7536 4661/4213/7537
f 4659/4212/7538 4658/4205/7539 4915/4214/7540
f 4915/4214/7541 4661/4213/7537 4659/4212/7536
f 4651/4206/7542 4915/4214/7543 4658/4205/7544
f 4662/4215/7545 4651/4206/7546 4663/4216/7547
f 4651/4206/7548 4637/4195/7508 4664/4217/7549
f 4664/4217/7549 4637/4195/7508 4665/4192/7499
f 4666/4218/7550 4665/4192/7551 4667/4219/7552
f 4667/4219/7552 4668/4220/7553 4666/4218/7550
f 4668/4220/7553 4669/4221/7554 4666/4218/7550
f 4669/4221/7554 4668/4220/7553 4670/4222/7555
f 4672/4223/7556 4673/4224/7557 4671/4225/7558
f 4672/4226/7559 4676/4227/7560 4675/4228/7561
f 4671/4225/7562 4678/4229/7563 4672/4223/7564
f 4680/4230/7565 4679/4231/7566 4671/4225/7567
f 4671/4225/7567 4681/4232/7568 4680/4230/7565
f 4671/4225/7567 4683/4233/7569 4681/4232/7568
f 4683/4233/7570 4671/4225/7571 4668/4220/7572
f 4671/4225/7573 4670/4222/7574 4668/4220/7575
f 4668/4220/7553 4688/4234/7576 4684/4235/7577
f 4688/4234/7576 4668/4220/7553 4667/4219/7552
f 4667/4219/7552 4695/4236/7578 4688/4234/7576
f 4689/4237/7579 4690/4238/7580 4691/4239/7581
f 4689/4237/7579 4688/4234/7582 4690/4238/7580
f 4688/4234/7582 4695/4236/7583 4690/4238/7580
f 4695/4236/7584 4697/4240/7585 4696/4241/7586
f 4627/4193/7502 4667/4219/7587 4665/4192/7503
f 4627/4193/7502 4702/4242/7588 4667/4219/7587
f 4627/4193/7589 4703/4243/7590 4702/4242/7591
f 4703/4243/7592 4705/4244/7593 4707/4245/7594
f 4713/4246/7595 4711/4247/7596 4714/4248/7597
f 4714/4248/7597 4757/4249/7598 4713/4246/7595
f 4757/4249/7599 4715/4250/7600 4713/4246/7601
f 4717/4251/7602 4716/4252/7603 4715/4250/7604
f 4718/4253/7605 4717/4254/7606 4719/4255/7607
f 4721/4256/7608 4720/4257/7609 4722/4258/7610
f 4723/4259/7611 4724/4256/7612 4722/4258/7613
f 4723/4259/7614 4722/4258/7615 4729/4260/7616
f 4720/4257/7617 4717/4251/7618 4722/4258/7619
f 4715/4250/7620 4722/4258/7621 4717/4251/7622
f 4722/4258/7623 4715/4250/7600 4734/4261/7624
f 4734/4261/7624 4715/4250/7600 4733/4262/7625
f 4733/4262/7625 4715/4250/7600 4757/4249/7599
f 4722/4258/7623 4734/4261/7624 4736/4263/7626
f 4722/4258/7615 4732/4264/7627 4729/4260/7616
f 4729/4260/7616 4732/4264/7627 4730/4265/7628
f 4732/4264/7629 4738/4266/7630 4739/4267/7631
f 4732/4264/7629 4739/4267/7631 4730/4265/7632
f 4738/4266/7630 4732/4264/7629 4740/4268/7633
f 4741/4269/7634 4732/4264/7635 4742/4270/7636
f 4732/4264/7637 4722/4258/7638 4742/4270/7639
f 4722/4258/7638 4737/4271/7640 4742/4270/7639
f 4742/4270/7641 4743/4272/7642 4744/4273/7643
f 4742/4270/7641 4744/4273/7643 4764/4274/7644
f 4746/4275/7645 4743/4272/7642 4742/4270/7641
f 4748/4276/7646 4746/4275/7647 4742/4270/7648
f 4742/4270/7649 4749/4277/7650 4750/4278/7651
f 4752/4279/7652 4749/4280/7653 4751/4281/7654
f 4753/4282/7655 4749/4277/7656 4754/4283/7657
f 4742/4270/7658 4754/4283/7657 4749/4277/7656
f 4754/4283/7657 4742/4270/7658 4737/4271/7659
f 4755/4284/7660 4754/4283/7657 4737/4271/7659
f 4737/4271/7659 4756/4285/7661 4755/4284/7660
f 4756/4285/7661 4757/4249/7662 4758/4286/7663
f 4757/4249/7664 4714/4248/7665 4759/4286/7666
f 4756/4285/7661 4737/4271/7659 4757/4249/7662
f 4733/4262/7625 4757/4249/7599 4737/4271/7667
f 4763/4287/7668 4762/4288/7669 4764/4274/7670
f 4744/4273/7671 4763/4287/7672 4764/4274/7673
f 4763/4287/7672 4744/4273/7671 4765/4289/7674
f 4764/4274/7644 4766/4290/7675 4742/4270/7641
f 4732/4264/7635 4741/4269/7634 4740/4268/7676
f 4742/4270/7677 4766/4290/7678 4741/4269/7679
f 4767/4291/7680 4738/4266/7630 4740/4268/7633
f 4767/4291/7681 4768/4292/7682 4738/4266/7683
f 4770/4293/7684 4730/4265/7685 4739/4267/7686
f 4769/4294/7687 4767/4291/7688 4772/4295/7689
f 4767/4291/7690 4769/4294/7691 4768/4292/7692
f 4779/4296/7693 4778/4297/7694 4782/4298/7695
f 4778/4297/7694 4777/4299/7696 4782/4298/7695
f 4767/4291/7697 4777/4300/7698 4774/4301/7699
f 4767/4291/7697 4740/4268/7700 4777/4300/7698
f 4740/4268/7701 4784/4302/7702 4777/4300/7703
f 4786/4303/7704 4784/4304/7705 4785/4305/7706
f 4791/4306/7707 4792/4307/7708 4790/4308/7709
f 4740/4309/7710 4790/4308/7709 4792/4307/7708
f 4741/4269/7711 4766/4290/7712 4794/4310/7713
f 4766/4290/7714 4764/4274/7715 4796/4311/7716
f 4799/4312/7717 4800/4313/7718 4801/4314/7719
f 4802/4315/7720 4801/4314/7721 4803/4316/7722
f 4801/4314/7719 4800/4313/7718 4803/4316/7723
f 4803/4316/7724 4805/4317/7725 4804/4318/7726
f 4803/4316/7727 4800/4313/7728 4808/4319/7729
f 4809/4320/7730 4808/4319/7729 4800/4313/7728
f 4808/4319/7729 4809/4320/7730 4810/4321/7731
f 4812/4322/7732 4808/4319/7733 4813/4323/7734
f 4814/4324/7735 4813/4323/7736 4808/4319/7737
f 4812/4322/7732 4813/4323/7734 4815/4325/7738
f 4812/4322/7739 4816/4326/7740 4817/4327/7741
f 4820/4328/7742 4812/4322/7743 4817/4327/7744
f 4818/4329/7745 4808/4319/7746 4812/4322/7747
f 4808/4319/7746 4818/4329/7745 4803/4316/7748
f 4806/4330/7749 4803/4316/7748 4818/4329/7745
f 4803/4316/7750 4806/4330/7751 4805/4317/7752
f 4819/4331/7753 4806/4330/7754 4818/4329/7755
f 4819/4331/7756 4818/4329/7757 4820/4328/7742
f 4806/4330/7758 4819/4331/7759 4807/4332/7760
f 4807/4332/7761 4819/4331/7762 4822/4333/7763
f 4821/4334/7764 4807/4332/7765 4822/4333/7766
f 4822/4333/7767 4819/4331/7768 4820/4328/7769
f 4820/4328/7769 4829/4335/7770 4822/4333/7767
f 4823/4336/7771 4822/4333/7772 4824/4337/7773
f 4822/4333/7772 4823/4336/7771 4821/4334/7774
f 4807/4332/7775 4821/4334/7776 4825/4338/7777
f 4824/4337/7773 4822/4333/7772 4827/4339/7778
f 4828/4340/7779 4827/4339/7780 4822/4333/7781
f 4822/4333/7781 4829/4335/7782 4828/4340/7779
f 4830/4341/7783 4831/4342/7784 4828/4340/7785
f 4831/4342/7784 4827/4339/7786 4828/4340/7785
f 4833/4343/7787 4835/4344/7788 4834/4345/7789
f 4837/4346/7790 4835/4344/7791 4833/4343/7792
f 4836/4347/7793 4835/4344/7794 4837/4346/7795
f 4837/4346/7796 4848/4348/7797 4836/4347/7798
f 4836/4347/7798 4848/4348/7797 4840/4349/7799
f 4840/4349/7799 4839/4350/7800 4836/4347/7798
f 4844/4351/7801 4843/4352/7802 4848/4348/7803
f 4847/4353/7804 4845/4354/7805 4817/4327/7806
f 4845/4354/7807 4844/4351/7808 4848/4348/7809
f 4841/4355/7810 4848/4348/7811 4842/4356/7812
f 4848/4348/7813 4841/4355/7814 4840/4349/7815
f 4848/4348/7797 4837/4346/7796 4838/4357/7816
f 4838/4357/7817 4845/4354/7818 4848/4348/7819
f 4845/4354/7820 4838/4357/7821 4829/4335/7822
f 4845/4354/7823 4829/4335/7824 4817/4327/7825
f 4829/4335/7824 4820/4328/7826 4817/4327/7825
f 4818/4329/7757 4812/4322/7743 4820/4328/7742
f 4828/4340/7779 4829/4335/7782 4838/4357/7827
f 4828/4340/7828 4838/4357/7816 4837/4346/7796
f 4850/4358/7829 4851/4359/7830 4544/4124/7831
f 4850/4358/7829 4852/4360/7832 4851/4359/7830
f 4852/4360/7833 4855/4361/7834 4851/4359/7835
f 4855/4361/7834 4852/4360/7833 4853/4362/7836
f 4855/4361/7837 4853/4362/7838 4854/4363/7839
f 4851/4359/7840 4519/4099/7841 4544/4124/7842
f 4855/4361/7843 4856/4364/7844 4857/4365/7845
f 4851/4359/7846 4857/4365/7847 4519/4099/7848
f 4851/4359/7846 4855/4361/7849 4857/4365/7847
f 4864/4366/7850 4869/4367/7851 4862/4368/7852
f 4861/4369/7853 4863/4370/7854 4865/4371/7855
f 4991/4372/7856 4861/4369/7857 4865/4371/7858
f 4869/4373/7859 4866/4374/7860 4867/4375/7861
f 4869/4373/7862 4868/4376/7863 4866/4374/7864
f 4994/4377/7865 4869/4367/7866 4864/4366/7867
f 4994/4377/7868 4864/4366/7869 4908/4378/7870
f 4864/4366/7871 4861/4369/7872 4908/4378/7873
f 4861/4369/7872 4991/4372/7874 4908/4378/7873
f 4524/4106/7875 4908/4378/7876 4983/4379/7877
f 4983/4379/7877 4873/4380/7878 4524/4106/7875
f 4873/4380/7879 4983/4379/7880 4875/4381/7881
f 4874/4382/7882 4873/4380/7879 4875/4381/7881
f 4874/4382/7882 4875/4381/7881 4876/4383/7883
f 4875/4381/7881 4892/4384/7884 4876/4383/7883
f 4876/4383/7883 4877/4385/7885 4874/4382/7882
f 4876/4383/7883 4878/4386/7886 4877/4385/7885
f 4877/4385/7885 4878/4386/7886 4879/4387/7887
f 4878/4386/7888 4880/4388/7889 4881/4389/7890
f 4881/4389/7891 4879/4387/7887 4878/4386/7886
f 4879/4387/7887 4881/4389/7891 4882/4390/7892
f 4883/4391/7893 4881/4389/7890 4880/4388/7889
f 4883/4391/7893 4880/4388/7889 4884/4392/7894
f 4885/4393/7895 4886/4394/7896 4878/4386/7897
f 4886/4394/7898 4885/4393/7899 4887/4395/7900
f 4885/4393/7901 4878/4386/7886 4876/4383/7883
f 4876/4383/7902 4888/4396/7903 4885/4393/7904
f 4887/4395/7905 4885/4393/7904 4888/4396/7903
f 4876/4383/7902 4890/4397/7906 4888/4396/7903
f 4891/4398/7907 4876/4383/7908 4893/4399/7909
f 4892/4384/7910 4893/4399/7911 4876/4383/7912
f 4892/4384/7913 4977/4400/7914 4893/4399/7915
f 4970/4401/7916 4977/4400/7917 4892/4384/7918
f 4891/4398/7919 4890/4397/7920 4876/4383/7921
f 4891/4398/7922 4893/4399/7923 4894/4402/7924
f 4891/4398/7925 4894/4402/7926 4890/4397/7927
f 4897/4403/7928 4896/4404/7929 4894/4402/7924
f 4893/4399/7923 4897/4403/7928 4894/4402/7924
f 4903/4405/7930 4907/4104/7931 4901/4406/7932
f 4907/4104/7931 4900/4407/7933 4901/4406/7932
f 4905/4408/7934 4903/4405/7930 4904/4409/7935
f 4907/4104/7931 4903/4405/7930 4905/4408/7934
f 4907/4104/7936 4905/4408/7937 4904/4409/7938
f 4904/4409/7939 4908/4378/7940 4907/4104/7941
f 4907/4104/7942 4908/4378/7943 4524/4106/7944
f 4909/4410/7945 4908/4378/7946 4904/4409/7947
f 4908/4378/7948 4909/4410/7949 4994/4377/7950
f 4522/4102/7951 4907/4104/7942 4524/4106/7944
f 4521/4101/7952 4910/4411/7953 4907/4104/7954
f 4910/4411/7955 4521/4101/7956 4911/4412/7957
f 4916/4413/7958 4915/4414/7959 4917/4415/7960
f 4915/4214/7961 4914/4416/7962 4913/4417/7963
f 4914/4416/7962 4912/4418/7964 4913/4417/7963
f 4918/4419/7965 4919/4420/7966 4915/4214/7967
f 4915/4214/7541 4913/4417/7968 4920/4421/7969
f 4915/4214/7967 4651/4206/7970 4918/4419/7965
f 4651/4206/7546 4662/4215/7545 4922/4422/7971
f 4915/4214/7541 4920/4421/7969 4661/4213/7537
f 4661/4213/7972 4920/4421/7973 4923/4423/7974
f 4925/4424/7975 4928/4425/7976 4927/4426/7977
f 4738/4266/7978 4927/4426/7979 4928/4425/7980
f 4928/4425/7980 4929/4427/7981 4738/4266/7978
f 4932/4428/7982 4934/4429/7983 4931/4430/7984
f 4932/4428/7985 4933/4431/7986 4935/4432/7987
f 4936/4433/7988 4932/4428/7989 4935/4432/7990
f 4936/4433/7991 4934/4429/7992 4932/4428/7993
f 4578/4150/7994 4584/4434/7995 4582/4152/7996
f 4937/4153/7997 4584/4434/7998 4578/4150/7999
f 4937/4153/8000 4576/4142/8001 4584/4434/8002
f 4577/4148/8003 4584/4434/8004 4576/4142/8005
f 4584/4434/8006 4577/4148/8007 4936/4433/8008
f 4585/4154/7417 4944/4435/8009 4577/4148/7408
f 4938/4436/8010 4939/4437/8011 4585/4154/8012
f 4938/4436/8013 4940/4438/8014 4939/4437/8015
f 4585/4154/8016 4939/4437/8017 4944/4435/8018
f 4942/4439/8019 4939/4437/8020 4941/4440/8021
f 4944/4435/8022 4939/4437/8020 4942/4439/8019
f 4942/4439/8023 4943/4441/8024 4944/4435/8025
f 4945/4442/8026 4943/4441/8027 4942/4439/8028
f 4946/4443/8029 4944/4435/8030 4943/4441/8031
f 4943/4441/8032 4948/4444/8033 4946/4443/8034
f 4944/4435/8035 4946/4443/8036 4949/4445/8037
f 4944/4435/8038 4949/4445/8039 4577/4148/8040
f 4949/4445/8041 4934/4429/8042 4577/4148/8043
f 4936/4433/8044 4577/4148/8045 4934/4429/8046
f 4951/4446/8047 4953/4447/8048 4954/4448/8049
f 4951/4446/8050 4954/4448/8051 4950/4449/8052
f 4954/4448/8051 4956/4450/8053 4950/4449/8052
f 4957/4451/8054 4954/4448/8055 4955/4452/8056
f 4957/4451/8057 4958/4453/8058 4959/4454/8059
f 4958/4453/8058 4957/4451/8057 4955/4452/8060
f 4958/4453/8061 4955/4452/8062 4960/4455/8063
f 4965/4456/8064 4966/4457/8065 4963/4458/8066
f 4963/4458/8067 4962/4459/8068 4967/4460/8069
f 4968/4461/8070 4892/4384/8071 4967/4460/8072
f 4967/4460/8073 4892/4384/8074 4972/4462/8075
f 4967/4460/8076 4972/4462/8077 4963/4458/8078
f 4963/4458/8066 4875/4381/8079 4965/4456/8064
f 4972/4462/8080 4875/4381/8081 4963/4458/8082
f 4875/4381/7881 4972/4462/8083 4892/4384/7884
f 4875/4381/8084 4974/4463/8085 4965/4456/8086
f 4965/4456/8086 4974/4463/8085 4975/4464/8087
f 4968/4461/8070 4970/4401/8088 4892/4384/8071
f 4971/4465/8089 4976/4466/8090 4977/4400/8091
f 4893/4399/8092 4977/4400/8091 4976/4466/8090
f 4970/4401/8093 4971/4465/8089 4977/4400/8091
f 4982/4467/8094 4978/4468/8095 4980/4469/8096
f 4980/4469/8097 4978/4468/8098 4981/4470/8099
f 4983/4379/8100 4981/4470/8101 4985/4471/8102
f 4985/4471/8103 4875/4381/7881 4983/4379/7880
f 4974/4463/8104 4875/4381/7881 4985/4471/8103
f 4986/4472/8105 4975/4464/8106 4987/4473/8107
f 4987/4473/8107 4975/4464/8106 4974/4463/8108
f 4985/4471/8109 4987/4473/8107 4974/4463/8108
f 4987/4473/8110 4985/4471/8111 4988/4474/8112
f 4990/4475/8113 4980/4469/8114 4992/4476/8115
f 4980/4469/8116 4983/4379/8117 4992/4476/8118
f 4980/4469/8119 4981/4470/8120 4983/4379/8121
f 4991/4372/8122 4983/4379/8123 4908/4378/8124
f 4992/4476/8125 4983/4379/8126 4991/4372/8127
f 4994/4377/8128 4996/4477/8129 4995/4478/8130
f 4996/4477/8131 4909/4410/8132 4904/4409/8133
f 4996/4477/8129 4994/4377/8128 4909/4410/8134
l 1195 1196
l 1252 1253
l 2904 2905
l 3286 3287
l 3310 3311
l 3350 3351
l 3392 3393
l 3639 3640
l 3641 3642
l 4314 4315
l 4316 4317
l 4324 4325
l 4391 4392
l 4456 4457
l 4472 4473
l 4476 4478
l 4504 4505
l 4579 4580
l 4603 4604
l 4630 4633
l 4646 4647
l 4680 4682
l 4667 4700
l 4705 4706
l 4730 4731
l 4772 4773
l 4782 4783
l 4825 4826
l 4845 4846
l 4849 4850
l 4888 4889
l 4894 4895
l 1304 1305
l 3427 3428
l 3445 3444
l 3454 3455
l 3667 3668
l 3674 3675
l 3688 3691
l 3789 3790
l 3833 3834
l 3844 3845
l 3846 3847
l 3854 3855
l 3912 3913
l 3917 3918
l 3919 3920
l 3921 3922
l 3923 3924
l 3925 3926
l 3968 3969
l 4079 4080
l 4122 4123
l 4216 4217
l 4222 4223
l 4306 4307
l 4340 4341
l 4342 4343
l 4370 4371
l 4372 4380
l 4446 4447
l 4462 4463
l 4500 4497
l 4557 4558
l 4582 4583
l 4621 4622
l 4632 4634
l 4655 4656
l 4672 4677
l 4689 4692
l 4693 4694
l 4697 4698
l 4774 4775
l 4779 4780
l 4808 4811
l 4831 4832
l 4994 4871
l 4901 4902
l 4661 4924
l 4981 4984
l 4987 4989
l 1207 1208
l 1233 1234
l 2898 2899
l 3308 3309
l 3365 3371
l 3608 3609
l 3630 3632
l 3645 3646
l 3650 3651
l 3659 3660
l 3663 3664
l 3896 3897
l 4142 4143
l 4312 4313
l 4452 4453
l 4468 4469
l 4498 4499
l 4551 4553
l 4628 4629
l 4634 4635
l 4690 4693
l 4711 4712
l 4725 4726
l 4794 4795
l 4798 4799
l 4857 4858
l 4871 4872
l 4897 4898
l 4925 4926
l 4960 4961
l 4968 4969
l 1198 1199
l 1280 1281
l 2884 2885
l 2895 2903
l 2919 2924
l 3351 3352
l 3360 3361
l 3466 3424
l 3430 3431
l 3440 3442
l 3644 3645
l 3679 3680
l 3835 3836
l 3848 3849
l 3881 3882
l 3883 3884
l 3966 3967
l 4027 4028
l 4037 4038
l 4039 4040
l 4064 4065
l 4090 4091
l 4092 4093
l 4094 4095
l 4124 4125
l 4126 4127
l 4128 4129
l 4158 4159
l 4236 4237
l 4260 4261
l 4262 4263
l 4308 4309
l 4396 4397
l 4442 4443
l 4458 4459
l 4474 4475
l 4482 4483
l 4531 4532
l 4545 4546
l 4596 4601
l 4628 4631
l 4685 4686
l 4697 4699
l 4869 4870
l 4965 4973
l 1170 1177
l 1183 1184
l 1212 1211
l 1213 1214
l 1225 1230
l 1278 1279
l 2785 2786
l 2892 2893
l 2892 2894
l 2905 2907
l 3244 3245
l 3365 3372
l 3373 3374
l 3383 3384
l 3434 3435
l 3437 3438
l 3618 3619
l 3655 3656
l 3894 3895
l 3933 3934
l 4022 4023
l 4117 4118
l 4381 4382
l 4405 4406
l 4448 4449
l 4464 4465
l 4565 4566
l 4613 4614
l 4623 4624
l 4638 4639
l 4646 4648
l 4700 4701
l 4760 4761
l 4769 4771
l 4780 4781
l 4784 4788
l 4796 4797
l 4859 4860
l 4859 4861
l 4899 4900
l 4904 4906
l 1194 1199
l 1223 1234
l 1301 1305
l 2850 2851
l 2905 2906
l 3627 3628
l 3627 3629
l 3687 3689
l 3794 3795
l 3822 3823
l 3875 3876
l 3892 3893
l 3901 3902
l 3927 3928
l 3991 3992
l 4029 4030
l 4072 4073
l 4077 4078
l 4096 4097
l 4101 4102
l 4130 4131
l 4132 4133
l 4134 4135
l 4171 4172
l 4196 4197
l 4218 4219
l 4220 4221
l 4241 4242
l 4300 4301
l 4302 4303
l 4310 4311
l 4318 4319
l 4320 4321
l 4322 4323
l 4326 4327
l 4355 4356
l 4357 4358
l 4406 4407
l 4454 4455
l 4470 4471
l 4511 4512
l 4511 4513
l 4629 4630
l 4644 4645
l 4653 4655
l 4672 4674
l 4703 4704
l 4708 4709
l 4726 4727
l 4726 4728
l 4761 4762
l 4775 4776
l 4786 4787
l 4920 4921
l 4928 4930
l 4963 4964
l 1252 1262
l 1304 1302
l 2771 2772
l 2771 2773
l 2880 2881
l 3303 3304
l 3377 3378
l 3447 3448
l 3623 3624
l 3646 3647
l 3649 3650
l 3661 3662
l 4444 4445
l 4460 4461
l 4476 4477
l 4539 4540
l 4539 4541
l 4550 4551
l 4554 4555
l 4571 4572
l 4684 4685
l 4684 4687
l 4734 4735
l 4744 4745
l 4746 4747
l 4792 4793
l 4978 4979
l 1296 1297
l 1302 1303
l 2861 2862
l 3289 3291
l 3373 3375
l 3440 3441
l 3599 3601
l 3657 3658
l 3804 3805
l 3828 3829
l 3863 3864
l 3929 3930
l 3931 3932
l 3935 3936
l 3937 3938
l 3939 3940
l 3941 3942
l 4016 4017
l 4088 4089
l 4113 4114
l 4115 4116
l 4136 4137
l 4138 4139
l 4140 4141
l 4214 4215
l 4282 4283
l 4304 4305
l 4334 4335
l 4336 4337
l 4338 4339
l 4368 4369
l 4450 4451
l 4466 4467
l 4551 4552
l 4620 4621
l 4641 4642
l 4709 4710
l 4723 4725
l 4788 4789
l 4863 4866
l 4943 4947
l 4951 4952
l 4865 4993
