# Wavefront Obj file
# 
# verts: 1024 uv-s: 1870
mtllib sword stand (textured).mtl

g Cube
#pivot 0.000000 0.000000 0.000000

v 0.930793 0.877792 1.489607
v 0.930793 0.877792 1.152734
v 0.000000 1.114003 1.411707
v 0.000000 0.777130 1.489607
v 0.000000 1.114003 1.152734
v 0.000000 0.777130 1.152734
v 0.386212 0.707068 1.489607
v 0.180407 1.114003 1.152734
v 0.397466 0.717965 1.176209
v 0.348346 1.114003 1.411707
v 1.096957 0.780603 1.152734
v 1.096957 0.780603 1.489607
v 1.445168 0.496736 1.152734
v 1.445168 0.496736 1.489607
v 1.073000 0.069843 1.152734
v 1.578035 0.069843 1.152734
v 1.578035 0.069843 1.489607
v 1.073000 0.069843 1.489607
v -0.930793 0.877792 1.489607
v -0.930793 0.877792 1.152734
v -0.386212 0.707068 1.489607
v -0.180407 1.114003 1.152734
v -0.397466 0.717965 1.176209
v -0.348346 1.114003 1.411707
v -1.096957 0.780603 1.152734
v -1.096957 0.780603 1.489607
v -1.445168 0.496736 1.152734
v -1.445168 0.496736 1.489607
v -1.073000 0.069843 1.152734
v -1.578035 0.069843 1.152734
v -1.578035 0.069843 1.489607
v -1.073000 0.069843 1.489607
v 0.125567 1.114003 1.230634
v 0.000000 1.114003 1.230634
v 0.500484 1.114003 1.489607
v 0.000000 1.114003 1.489607
v -0.125567 1.114003 1.230634
v -0.500484 1.114003 1.489607
v 0.000000 2.729343 1.230634
v 0.000000 2.729343 1.411707
v -0.125567 2.729343 1.230634
v -0.348346 2.729343 1.411707
v 0.077727 1.246001 0.000000
v 0.000000 1.246001 0.000000
v -0.077727 1.246001 0.000000
v 0.348346 1.246001 1.411707
v 0.348346 1.694113 1.411707
v 0.000000 1.694113 1.411707
v 0.000000 1.246001 1.411707
v -0.348346 1.246001 1.411707
v -0.348346 1.694113 1.411707
v 0.000000 1.694113 1.230634
v 0.000000 1.246001 1.230634
v 0.077727 1.246001 1.230634
v 0.077727 1.694113 1.230634
v -0.077727 1.246001 1.230634
v -0.077727 1.694113 1.230634
v 0.348346 2.202797 1.411707
v 0.000000 2.202797 1.411707
v -0.348346 2.202797 1.411707
v 0.000000 2.202797 1.230634
v -0.109473 2.202797 1.230634
v 1.076606 2.574778 1.411707
v 0.965993 2.621383 1.411707
v 0.965993 2.621383 1.230634
v 1.076606 2.574778 1.230634
v 0.842374 2.500728 1.411707
v 0.689262 2.505999 1.411707
v 0.814253 2.480854 1.411707
v 0.781661 2.471018 1.411707
v 0.747788 2.472184 1.411707
v 0.715949 2.484238 1.411707
v 0.688558 2.505365 1.230634
v 0.842374 2.500728 1.230634
v 0.715463 2.483800 1.230634
v 0.747498 2.471923 1.230634
v 0.781527 2.470897 1.230634
v 0.814219 2.480823 1.230634
v 1.072417 2.584745 1.411707
v 0.965993 2.621383 1.411707
v 1.065556 2.593822 1.411707
v 1.049928 2.609452 1.411707
v 1.030789 2.620602 1.411707
v 1.009441 2.626511 1.411707
v 0.987341 2.626778 1.411707
v 0.965993 2.621383 1.230634
v 1.072417 2.584745 1.230634
v 0.987341 2.626778 1.230634
v 1.009441 2.626511 1.230634
v 1.030789 2.620602 1.230634
v 1.049928 2.609452 1.230634
v 1.065556 2.593822 1.230634
v 1.074829 2.535442 1.230634
v 0.723654 2.202797 1.230634
v 1.071244 2.494460 1.230634
v 1.055321 2.435033 1.230634
v 1.029320 2.379273 1.230634
v 0.994031 2.328876 1.230634
v 0.950527 2.285372 1.230634
v 0.900130 2.250084 1.230634
v 0.844371 2.224083 1.230634
v 0.784944 2.208159 1.230634
v 0.723654 2.202797 1.411707
v 1.074829 2.535442 1.411707
v 0.784944 2.208159 1.411707
v 0.844371 2.224083 1.411707
v 0.900130 2.250084 1.411707
v 0.950527 2.285372 1.411707
v 0.994031 2.328876 1.411707
v 1.029320 2.379273 1.411707
v 1.055321 2.435033 1.411707
v 1.071244 2.494460 1.411707
v 0.820397 1.045139 1.489607
v 0.692471 1.114003 1.467431
v 0.692471 1.114003 1.489607
v 0.796733 1.071492 1.487919
v 0.764111 1.093833 1.483112
v 0.727499 1.108761 1.475917
v 0.692471 1.114003 1.174910
v 0.820397 1.045139 1.152734
v 0.692471 1.114003 1.152734
v 0.727499 1.108761 1.166424
v 0.764111 1.093833 1.159229
v 0.796733 1.071492 1.154422
v -0.697668 1.114003 1.468828
v -0.817535 1.049477 1.489607
v -0.697668 1.114003 1.489607
v -0.730490 1.109091 1.476779
v -0.764795 1.095104 1.483521
v -0.795362 1.074170 1.488025
v -0.817535 1.049477 1.152734
v -0.697668 1.114003 1.173513
v -0.697668 1.114003 1.152734
v -0.795362 1.074170 1.154315
v -0.764795 1.095104 1.158820
v -0.730490 1.109091 1.165561
v 0.838643 0.487189 1.152734
v 0.559198 0.602731 1.163031
v 0.815608 0.597371 1.152734
v 0.555429 0.597193 1.489607
v 0.838643 0.487189 1.489607
v 0.815608 0.597371 1.489607
v -0.559198 0.602731 1.163031
v -0.838643 0.487189 1.152734
v -0.815608 0.597371 1.152734
v 0.568059 0.591095 1.162309
v -0.838643 0.487189 1.489607
v -0.555429 0.597193 1.489607
v -0.815608 0.597371 1.489607
v 0.781522 0.486636 1.153640
v -0.568059 0.591095 1.162309
v -0.781522 0.486636 1.153640
v -0.758976 0.559387 1.153756
v -0.608995 0.550726 1.159639
v -0.663937 0.516699 1.157053
v -0.724521 0.494193 1.154947
v -0.780467 0.486135 1.489607
v -0.563766 0.586926 1.489607
v -0.757674 0.558193 1.489607
v -0.723227 0.493069 1.489607
v -0.661944 0.514659 1.489607
v -0.605948 0.547617 1.489607
v 0.758976 0.559387 1.153756
v 0.724521 0.494193 1.154947
v 0.663937 0.516699 1.157053
v 0.608995 0.550726 1.159639
v 0.563766 0.586926 1.489607
v 0.780467 0.486135 1.489607
v 0.757674 0.558193 1.489607
v 0.605948 0.547617 1.489607
v 0.661944 0.514659 1.489607
v 0.723227 0.493069 1.489607
v 1.046402 0.352969 1.152734
v 0.936635 0.470866 1.152734
v 1.137989 0.464706 1.152734
v 1.028216 0.405805 1.152734
v 0.988039 0.448958 1.152734
v 0.936635 0.470866 1.489607
v 1.046402 0.352969 1.489607
v 1.137989 0.464706 1.489607
v 0.988039 0.448958 1.489607
v 1.028216 0.405805 1.489607
v -0.936635 0.470866 1.152734
v -1.046402 0.352969 1.152734
v -1.137989 0.464706 1.152734
v -0.988039 0.448958 1.152734
v -1.028216 0.405805 1.152734
v -1.046402 0.352969 1.489607
v -0.936635 0.470866 1.489607
v -1.137989 0.464706 1.489607
v -1.028216 0.405805 1.489607
v -0.988039 0.448958 1.489607
v -0.008341 3.906896 1.230634
v 0.000000 3.963707 1.411707
v -0.117226 3.906896 1.230634
v -0.348346 3.963707 1.411707
v 0.485173 1.114003 1.340105
v 0.413571 1.114003 1.411707
v 0.554321 1.114003 1.430295
v 0.475580 1.114003 1.375906
v 0.449372 1.114003 1.402114
v 0.413571 1.114003 1.230634
v 0.485173 1.114003 1.302236
v 0.554321 1.114003 1.212046
v 0.449372 1.114003 1.240227
v 0.475580 1.114003 1.266435
v 0.485173 1.694113 1.340105
v 0.413571 1.694113 1.411707
v 0.475580 1.694113 1.375906
v 0.449372 1.694113 1.402114
v 0.413571 1.246001 1.411707
v 0.485173 1.246001 1.340105
v 0.449372 1.246001 1.402114
v 0.475580 1.246001 1.375906
v 0.485173 1.246001 1.302236
v 0.413571 1.246001 1.230634
v 0.475580 1.246001 1.266435
v 0.449372 1.246001 1.240227
v 0.413571 1.694113 1.230634
v 0.485173 1.694113 1.302236
v 0.449372 1.694113 1.240227
v 0.475580 1.694113 1.266435
v 0.413571 2.202797 1.411707
v 0.485173 2.202797 1.340105
v 0.556775 2.202797 1.411707
v 0.485817 2.274397 1.411707
v 0.413571 2.202797 1.411707
v 0.449372 2.202797 1.402114
v 0.475580 2.202797 1.375906
v 0.485173 2.202797 1.302236
v 0.413571 2.202797 1.230634
v 0.485173 2.274400 1.230634
v 0.556775 2.202797 1.230634
v 0.475580 2.202797 1.266435
v 0.449372 2.202797 1.240227
v 0.000000 3.486528 1.411707
v -0.117226 3.543339 1.230634
v -0.008341 3.543339 1.230634
v -0.348346 3.486528 1.411707
v 0.788370 3.486528 1.222704
v 0.793105 3.486528 1.403778
v 1.096302 3.756610 1.395849
v 0.941625 3.826056 1.399894
v 1.093330 3.794368 1.395926
v 1.084528 3.825385 1.396156
v 1.070234 3.848469 1.396530
v 1.050998 3.862732 1.397033
v 1.027559 3.867629 1.397646
v 1.000817 3.862968 1.398346
v 0.971801 3.848931 1.399104
v 0.936890 3.826056 1.218820
v 1.091566 3.756610 1.214775
v 0.967066 3.848931 1.218031
v 0.996082 3.862968 1.217272
v 1.022823 3.867629 1.216573
v 1.046263 3.862732 1.215960
v 1.065499 3.848469 1.215457
v 1.079792 3.825385 1.215083
v 1.088594 3.794368 1.214853
v 0.863803 3.486528 1.401929
v 1.096302 3.719106 1.395849
v 0.909161 3.490996 1.400743
v 0.952776 3.504231 1.399602
v 0.992972 3.525724 1.398551
v 1.028204 3.554648 1.397629
v 1.057119 3.589892 1.396873
v 1.078604 3.630102 1.396311
v 1.091834 3.673732 1.395965
v 1.091566 3.719106 1.214775
v 0.859067 3.486528 1.220856
v 1.087099 3.673732 1.214892
v 1.073868 3.630102 1.215238
v 1.052383 3.589892 1.215800
v 1.023469 3.554648 1.216556
v 0.988237 3.525724 1.217478
v 0.948041 3.504231 1.218529
v 0.904426 3.490996 1.219669
v 0.708612 3.744463 1.224790
v 0.868127 3.744463 1.220619
v 0.788370 3.566697 1.222704
v 0.731972 3.728511 1.224179
v 0.759176 3.718483 1.223468
v 0.788370 3.715063 1.222704
v 0.817563 3.718483 1.221941
v 0.844767 3.728511 1.221230
v 0.872863 3.744463 1.401692
v 0.713347 3.744463 1.405864
v 0.793105 3.566697 1.403778
v 0.849502 3.728511 1.402303
v 0.822299 3.718483 1.403014
v 0.793105 3.715063 1.403778
v 0.763912 3.718483 1.404541
v 0.736708 3.728511 1.405253
v 0.487849 2.729343 1.332967
v 0.411142 2.729343 1.411707
v 0.489200 2.650580 1.411707
v 0.542359 2.670580 1.411707
v 0.485698 2.729343 1.353347
v 0.478326 2.729343 1.372337
v 0.466235 2.729343 1.388645
v 0.450249 2.729343 1.401158
v 0.431458 2.729343 1.409024
v 0.406406 2.729343 1.230634
v 0.487232 2.729343 1.309373
v 0.538124 2.671031 1.230634
v 0.485173 2.650577 1.230634
v 0.426863 2.729343 1.233317
v 0.446065 2.729343 1.241183
v 0.462706 2.729343 1.253696
v 0.475650 2.729343 1.270004
v 0.484015 2.729343 1.288994
v 0.411142 3.486528 1.411707
v 0.487849 3.486528 1.332967
v 0.568648 3.486528 1.409648
v 0.489908 3.565295 1.411707
v 0.431458 3.486528 1.409024
v 0.450249 3.486528 1.401158
v 0.466235 3.486528 1.388645
v 0.478326 3.486528 1.372337
v 0.485698 3.486528 1.353347
v 0.487232 3.486528 1.309373
v 0.406406 3.486528 1.230634
v 0.485173 3.565295 1.230634
v 0.563913 3.486528 1.228575
v 0.484015 3.486528 1.288994
v 0.475650 3.486528 1.270004
v 0.462706 3.486528 1.253696
v 0.446065 3.486528 1.241183
v 0.426863 3.486528 1.233317
v -0.405131 1.114003 1.411707
v -0.485173 1.114003 1.331665
v -0.562471 1.114003 1.432485
v -0.425847 1.114003 1.408980
v -0.445152 1.114003 1.400983
v -0.461729 1.114003 1.388263
v -0.474449 1.114003 1.371686
v -0.482446 1.114003 1.352381
v -0.485173 1.114003 1.310676
v -0.405131 1.114003 1.230634
v -0.562471 1.114003 1.209855
v -0.482446 1.114003 1.289959
v -0.474449 1.114003 1.270655
v -0.461729 1.114003 1.254077
v -0.445152 1.114003 1.241357
v -0.425847 1.114003 1.233361
v -0.405131 2.729343 1.411707
v -0.485173 2.729343 1.331665
v -0.425847 2.729343 1.408980
v -0.445152 2.729343 1.400983
v -0.461729 2.729343 1.388263
v -0.474449 2.729343 1.371686
v -0.482446 2.729343 1.352381
v -0.485173 2.729343 1.310676
v -0.405131 2.729343 1.230634
v -0.482446 2.729343 1.289959
v -0.474449 2.729343 1.270655
v -0.461729 2.729343 1.254077
v -0.445152 2.729343 1.241357
v -0.425847 2.729343 1.233361
v -0.405131 1.694113 1.411707
v -0.485173 1.694113 1.331665
v -0.425847 1.694113 1.408980
v -0.445152 1.694113 1.400983
v -0.461729 1.694113 1.388263
v -0.474449 1.694113 1.371686
v -0.482446 1.694113 1.352381
v -0.485173 1.246001 1.331665
v -0.405131 1.246001 1.411707
v -0.482446 1.246001 1.352381
v -0.474449 1.246001 1.371686
v -0.461729 1.246001 1.388263
v -0.445152 1.246001 1.400983
v -0.425847 1.246001 1.408980
v -0.405131 1.246001 1.230634
v -0.485173 1.246001 1.310676
v -0.425847 1.246001 1.233361
v -0.445152 1.246001 1.241357
v -0.461729 1.246001 1.254077
v -0.474449 1.246001 1.270655
v -0.482446 1.246001 1.289959
v -0.485173 1.694113 1.310676
v -0.405131 1.694113 1.230634
v -0.482446 1.694113 1.289959
v -0.474449 1.694113 1.270655
v -0.461729 1.694113 1.254077
v -0.445152 1.694113 1.241357
v -0.425847 1.694113 1.233361
v -0.405131 2.202797 1.411707
v -0.485173 2.202797 1.331665
v -0.425847 2.202797 1.408980
v -0.445152 2.202797 1.400983
v -0.461729 2.202797 1.388263
v -0.474449 2.202797 1.371686
v -0.482446 2.202797 1.352381
v -0.485173 2.202797 1.310676
v -0.405131 2.202797 1.230634
v -0.482446 2.202797 1.289959
v -0.474449 2.202797 1.270655
v -0.461729 2.202797 1.254077
v -0.445152 2.202797 1.241357
v -0.425847 2.202797 1.233361
v -0.485173 3.963707 1.331665
v -0.405131 3.963707 1.411707
v -0.482446 3.963707 1.352381
v -0.474449 3.963707 1.371686
v -0.461729 3.963707 1.388263
v -0.445152 3.963707 1.400983
v -0.425847 3.963707 1.408980
v -0.405131 3.963707 1.230634
v -0.485173 3.963707 1.310676
v -0.425847 3.963707 1.233361
v -0.445152 3.963707 1.241357
v -0.461729 3.963707 1.254077
v -0.474449 3.963707 1.270655
v -0.482446 3.963707 1.289959
v -0.405131 3.486528 1.230634
v -0.485173 3.486528 1.310676
v -0.425847 3.486528 1.233361
v -0.445152 3.486528 1.241357
v -0.461729 3.486528 1.254077
v -0.474449 3.486528 1.270655
v -0.482446 3.486528 1.289959
v -0.485173 3.486528 1.331665
v -0.405131 3.486528 1.411707
v -0.482446 3.486528 1.352381
v -0.474449 3.486528 1.371686
v -0.461729 3.486528 1.388263
v -0.445152 3.486528 1.400983
v -0.425847 3.486528 1.408980
v -0.125567 3.963707 1.230634
v 0.000000 3.963707 1.230634
v -0.125567 3.486528 1.230634
v 0.000000 3.486528 1.230634
v -0.117226 3.543339 0.000000
v -0.008341 3.543339 0.000000
v 0.930793 0.877792 -1.489607
v 0.930793 0.877792 -1.152734
v 0.000000 1.114003 -1.411707
v 0.000000 0.777130 -1.489607
v 0.000000 1.114003 -1.152734
v 0.000000 0.777130 -1.152734
v 0.386212 0.707068 -1.489607
v 0.180407 1.114003 -1.152734
v 0.397466 0.717965 -1.176209
v 0.348346 1.114003 -1.411707
v 1.096957 0.780603 -1.152734
v 1.096957 0.780603 -1.489607
v 1.445168 0.496736 -1.152734
v 1.445168 0.496736 -1.489607
v 1.073000 0.069843 -1.152734
v 1.578035 0.069843 -1.152734
v 1.578035 0.069843 -1.489607
v 1.073000 0.069843 -1.489607
v -0.930793 0.877792 -1.489607
v -0.930793 0.877792 -1.152734
v -0.386212 0.707068 -1.489607
v -0.180407 1.114003 -1.152734
v -0.397466 0.717965 -1.176209
v -0.348346 1.114003 -1.411707
v -1.096957 0.780603 -1.152734
v -1.096957 0.780603 -1.489607
v -1.445168 0.496736 -1.152734
v -1.445168 0.496736 -1.489607
v -1.073000 0.069843 -1.152734
v -1.578035 0.069843 -1.152734
v -1.578035 0.069843 -1.489607
v -1.073000 0.069843 -1.489607
v 0.125567 1.114003 -1.230634
v 0.000000 1.114003 -1.230634
v 0.500484 1.114003 -1.489607
v 0.000000 1.114003 -1.489607
v -0.125567 1.114003 -1.230634
v -0.500484 1.114003 -1.489607
v 0.000000 2.729343 -1.230634
v 0.000000 2.729343 -1.411707
v -0.125567 2.729343 -1.230634
v -0.348346 2.729343 -1.411707
v 0.348346 1.246001 -1.411707
v 0.348346 1.694113 -1.411707
v 0.000000 1.694113 -1.411707
v 0.000000 1.246001 -1.411707
v -0.348346 1.246001 -1.411707
v -0.348346 1.694113 -1.411707
v 0.000000 1.694113 -1.230634
v 0.000000 1.246001 -1.230634
v 0.077727 1.246001 -1.230634
v 0.077727 1.694113 -1.230634
v -0.077727 1.246001 -1.230634
v -0.077727 1.694113 -1.230634
v 0.348346 2.202797 -1.411707
v 0.000000 2.202797 -1.411707
v -0.348346 2.202797 -1.411707
v 0.000000 2.202797 -1.230634
v -0.109473 2.202797 -1.230634
v 1.076606 2.574778 -1.411707
v 0.965993 2.621383 -1.411707
v 0.965993 2.621383 -1.230634
v 1.076606 2.574778 -1.230634
v 0.842374 2.500728 -1.411707
v 0.689262 2.505999 -1.411707
v 0.814253 2.480854 -1.411707
v 0.781661 2.471018 -1.411707
v 0.747788 2.472184 -1.411707
v 0.715949 2.484238 -1.411707
v 0.688558 2.505365 -1.230634
v 0.842374 2.500728 -1.230634
v 0.715463 2.483800 -1.230634
v 0.747498 2.471923 -1.230634
v 0.781527 2.470897 -1.230634
v 0.814219 2.480823 -1.230634
v 1.072417 2.584745 -1.411707
v 0.965993 2.621383 -1.411707
v 1.065556 2.593822 -1.411707
v 1.049928 2.609452 -1.411707
v 1.030789 2.620602 -1.411707
v 1.009441 2.626511 -1.411707
v 0.987341 2.626778 -1.411707
v 0.965993 2.621383 -1.230634
v 1.072417 2.584745 -1.230634
v 0.987341 2.626778 -1.230634
v 1.009441 2.626511 -1.230634
v 1.030789 2.620602 -1.230634
v 1.049928 2.609452 -1.230634
v 1.065556 2.593822 -1.230634
v 1.074829 2.535442 -1.230634
v 0.723654 2.202797 -1.230634
v 1.071244 2.494460 -1.230634
v 1.055321 2.435033 -1.230634
v 1.029320 2.379273 -1.230634
v 0.994031 2.328876 -1.230634
v 0.950527 2.285372 -1.230634
v 0.900130 2.250084 -1.230634
v 0.844371 2.224083 -1.230634
v 0.784944 2.208159 -1.230634
v 0.723654 2.202797 -1.411707
v 1.074829 2.535442 -1.411707
v 0.784944 2.208159 -1.411707
v 0.844371 2.224083 -1.411707
v 0.900130 2.250084 -1.411707
v 0.950527 2.285372 -1.411707
v 0.994031 2.328876 -1.411707
v 1.029320 2.379273 -1.411707
v 1.055321 2.435033 -1.411707
v 1.071244 2.494460 -1.411707
v 0.820397 1.045139 -1.489607
v 0.692471 1.114003 -1.467431
v 0.692471 1.114003 -1.489607
v 0.796733 1.071492 -1.487919
v 0.764111 1.093833 -1.483112
v 0.727499 1.108761 -1.475917
v 0.692471 1.114003 -1.174910
v 0.820397 1.045139 -1.152734
v 0.692471 1.114003 -1.152734
v 0.727499 1.108761 -1.166424
v 0.764111 1.093833 -1.159229
v 0.796733 1.071492 -1.154422
v -0.697668 1.114003 -1.468828
v -0.817535 1.049477 -1.489607
v -0.697668 1.114003 -1.489607
v -0.730490 1.109091 -1.476779
v -0.764795 1.095104 -1.483521
v -0.795362 1.074170 -1.488025
v -0.817535 1.049477 -1.152734
v -0.697668 1.114003 -1.173513
v -0.697668 1.114003 -1.152734
v -0.795362 1.074170 -1.154315
v -0.764795 1.095104 -1.158820
v -0.730490 1.109091 -1.165561
v 0.838643 0.487189 -1.152734
v 0.559198 0.602731 -1.163031
v 0.815608 0.597371 -1.152734
v 0.555429 0.597193 -1.489607
v 0.838643 0.487189 -1.489607
v 0.815608 0.597371 -1.489607
v -0.559198 0.602731 -1.163031
v -0.838643 0.487189 -1.152734
v -0.815608 0.597371 -1.152734
v 0.568059 0.591095 -1.162309
v -0.838643 0.487189 -1.489607
v -0.555429 0.597193 -1.489607
v -0.815608 0.597371 -1.489607
v 0.781522 0.486636 -1.153640
v -0.568059 0.591095 -1.162309
v -0.781522 0.486636 -1.153640
v -0.758976 0.559387 -1.153756
v -0.608995 0.550726 -1.159639
v -0.663937 0.516699 -1.157053
v -0.724521 0.494193 -1.154947
v -0.780467 0.486135 -1.489607
v -0.563766 0.586926 -1.489607
v -0.757674 0.558193 -1.489607
v -0.723227 0.493069 -1.489607
v -0.661944 0.514659 -1.489607
v -0.605948 0.547617 -1.489607
v 0.758976 0.559387 -1.153756
v 0.724521 0.494193 -1.154947
v 0.663937 0.516699 -1.157053
v 0.608995 0.550726 -1.159639
v 0.563766 0.586926 -1.489607
v 0.780467 0.486135 -1.489607
v 0.757674 0.558193 -1.489607
v 0.605948 0.547617 -1.489607
v 0.661944 0.514659 -1.489607
v 0.723227 0.493069 -1.489607
v 1.046402 0.352969 -1.152734
v 0.936635 0.470866 -1.152734
v 1.137989 0.464706 -1.152734
v 1.028216 0.405805 -1.152734
v 0.988039 0.448958 -1.152734
v 0.936635 0.470866 -1.489607
v 1.046402 0.352969 -1.489607
v 1.137989 0.464706 -1.489607
v 0.988039 0.448958 -1.489607
v 1.028216 0.405805 -1.489607
v -0.936635 0.470866 -1.152734
v -1.046402 0.352969 -1.152734
v -1.137989 0.464706 -1.152734
v -0.988039 0.448958 -1.152734
v -1.028216 0.405805 -1.152734
v -1.046402 0.352969 -1.489607
v -0.936635 0.470866 -1.489607
v -1.137989 0.464706 -1.489607
v -1.028216 0.405805 -1.489607
v -0.988039 0.448958 -1.489607
v -0.008341 3.906896 -1.230634
v 0.000000 3.963707 -1.411707
v -0.117226 3.906896 -1.230634
v -0.348346 3.963707 -1.411707
v 0.485173 1.114003 -1.340105
v 0.413571 1.114003 -1.411707
v 0.554321 1.114003 -1.430295
v 0.475580 1.114003 -1.375906
v 0.449372 1.114003 -1.402114
v 0.413571 1.114003 -1.230634
v 0.485173 1.114003 -1.302236
v 0.554321 1.114003 -1.212046
v 0.449372 1.114003 -1.240227
v 0.475580 1.114003 -1.266435
v 0.485173 1.694113 -1.340105
v 0.413571 1.694113 -1.411707
v 0.475580 1.694113 -1.375906
v 0.449372 1.694113 -1.402114
v 0.413571 1.246001 -1.411707
v 0.485173 1.246001 -1.340105
v 0.449372 1.246001 -1.402114
v 0.475580 1.246001 -1.375906
v 0.485173 1.246001 -1.302236
v 0.413571 1.246001 -1.230634
v 0.475580 1.246001 -1.266435
v 0.449372 1.246001 -1.240227
v 0.413571 1.694113 -1.230634
v 0.485173 1.694113 -1.302236
v 0.449372 1.694113 -1.240227
v 0.475580 1.694113 -1.266435
v 0.413571 2.202797 -1.411707
v 0.485173 2.202797 -1.340105
v 0.556775 2.202797 -1.411707
v 0.485817 2.274397 -1.411707
v 0.413571 2.202797 -1.411707
v 0.449372 2.202797 -1.402114
v 0.475580 2.202797 -1.375906
v 0.485173 2.202797 -1.302236
v 0.413571 2.202797 -1.230634
v 0.485173 2.274400 -1.230634
v 0.556775 2.202797 -1.230634
v 0.475580 2.202797 -1.266435
v 0.449372 2.202797 -1.240227
v 0.000000 3.486528 -1.411707
v -0.117226 3.543339 -1.230634
v -0.008341 3.543339 -1.230634
v -0.348346 3.486528 -1.411707
v 0.788370 3.486528 -1.222704
v 0.793105 3.486528 -1.403778
v 1.096302 3.756610 -1.395849
v 0.941625 3.826056 -1.399894
v 1.093330 3.794368 -1.395926
v 1.084528 3.825385 -1.396156
v 1.070234 3.848469 -1.396530
v 1.050998 3.862732 -1.397033
v 1.027559 3.867629 -1.397646
v 1.000817 3.862968 -1.398346
v 0.971801 3.848931 -1.399104
v 0.936890 3.826056 -1.218820
v 1.091566 3.756610 -1.214775
v 0.967066 3.848931 -1.218031
v 0.996082 3.862968 -1.217272
v 1.022823 3.867629 -1.216573
v 1.046263 3.862732 -1.215960
v 1.065499 3.848469 -1.215457
v 1.079792 3.825385 -1.215083
v 1.088594 3.794368 -1.214853
v 0.863803 3.486528 -1.401929
v 1.096302 3.719106 -1.395849
v 0.909161 3.490996 -1.400743
v 0.952776 3.504231 -1.399602
v 0.992972 3.525724 -1.398551
v 1.028204 3.554648 -1.397629
v 1.057119 3.589892 -1.396873
v 1.078604 3.630102 -1.396311
v 1.091834 3.673732 -1.395965
v 1.091566 3.719106 -1.214775
v 0.859067 3.486528 -1.220856
v 1.087099 3.673732 -1.214892
v 1.073868 3.630102 -1.215238
v 1.052383 3.589892 -1.215800
v 1.023469 3.554648 -1.216556
v 0.988237 3.525724 -1.217478
v 0.948041 3.504231 -1.218529
v 0.904426 3.490996 -1.219669
v 0.708612 3.744463 -1.224790
v 0.868127 3.744463 -1.220619
v 0.788370 3.566697 -1.222704
v 0.731972 3.728511 -1.224179
v 0.759176 3.718483 -1.223468
v 0.788370 3.715063 -1.222704
v 0.817563 3.718483 -1.221941
v 0.844767 3.728511 -1.221230
v 0.872863 3.744463 -1.401692
v 0.713347 3.744463 -1.405864
v 0.793105 3.566697 -1.403778
v 0.849502 3.728511 -1.402303
v 0.822299 3.718483 -1.403014
v 0.793105 3.715063 -1.403778
v 0.763912 3.718483 -1.404541
v 0.736708 3.728511 -1.405253
v 0.487849 2.729343 -1.332967
v 0.411142 2.729343 -1.411707
v 0.489200 2.650580 -1.411707
v 0.542359 2.670580 -1.411707
v 0.485698 2.729343 -1.353347
v 0.478326 2.729343 -1.372337
v 0.466235 2.729343 -1.388645
v 0.450249 2.729343 -1.401158
v 0.431458 2.729343 -1.409024
v 0.406406 2.729343 -1.230634
v 0.487232 2.729343 -1.309373
v 0.538124 2.671031 -1.230634
v 0.485173 2.650577 -1.230634
v 0.426863 2.729343 -1.233317
v 0.446065 2.729343 -1.241183
v 0.462706 2.729343 -1.253696
v 0.475650 2.729343 -1.270004
v 0.484015 2.729343 -1.288994
v 0.411142 3.486528 -1.411707
v 0.487849 3.486528 -1.332967
v 0.568648 3.486528 -1.409648
v 0.489908 3.565295 -1.411707
v 0.431458 3.486528 -1.409024
v 0.450249 3.486528 -1.401158
v 0.466235 3.486528 -1.388645
v 0.478326 3.486528 -1.372337
v 0.485698 3.486528 -1.353347
v 0.487232 3.486528 -1.309373
v 0.406406 3.486528 -1.230634
v 0.485173 3.565295 -1.230634
v 0.563913 3.486528 -1.228575
v 0.484015 3.486528 -1.288994
v 0.475650 3.486528 -1.270004
v 0.462706 3.486528 -1.253696
v 0.446065 3.486528 -1.241183
v 0.426863 3.486528 -1.233317
v -0.405131 1.114003 -1.411707
v -0.485173 1.114003 -1.331665
v -0.562471 1.114003 -1.432485
v -0.425847 1.114003 -1.408980
v -0.445152 1.114003 -1.400983
v -0.461729 1.114003 -1.388263
v -0.474449 1.114003 -1.371686
v -0.482446 1.114003 -1.352381
v -0.485173 1.114003 -1.310676
v -0.405131 1.114003 -1.230634
v -0.562471 1.114003 -1.209855
v -0.482446 1.114003 -1.289959
v -0.474449 1.114003 -1.270655
v -0.461729 1.114003 -1.254077
v -0.445152 1.114003 -1.241357
v -0.425847 1.114003 -1.233361
v -0.405131 2.729343 -1.411707
v -0.485173 2.729343 -1.331665
v -0.425847 2.729343 -1.408980
v -0.445152 2.729343 -1.400983
v -0.461729 2.729343 -1.388263
v -0.474449 2.729343 -1.371686
v -0.482446 2.729343 -1.352381
v -0.485173 2.729343 -1.310676
v -0.405131 2.729343 -1.230634
v -0.482446 2.729343 -1.289959
v -0.474449 2.729343 -1.270655
v -0.461729 2.729343 -1.254077
v -0.445152 2.729343 -1.241357
v -0.425847 2.729343 -1.233361
v -0.405131 1.694113 -1.411707
v -0.485173 1.694113 -1.331665
v -0.425847 1.694113 -1.408980
v -0.445152 1.694113 -1.400983
v -0.461729 1.694113 -1.388263
v -0.474449 1.694113 -1.371686
v -0.482446 1.694113 -1.352381
v -0.485173 1.246001 -1.331665
v -0.405131 1.246001 -1.411707
v -0.482446 1.246001 -1.352381
v -0.474449 1.246001 -1.371686
v -0.461729 1.246001 -1.388263
v -0.445152 1.246001 -1.400983
v -0.425847 1.246001 -1.408980
v -0.405131 1.246001 -1.230634
v -0.485173 1.246001 -1.310676
v -0.425847 1.246001 -1.233361
v -0.445152 1.246001 -1.241357
v -0.461729 1.246001 -1.254077
v -0.474449 1.246001 -1.270655
v -0.482446 1.246001 -1.289959
v -0.485173 1.694113 -1.310676
v -0.405131 1.694113 -1.230634
v -0.482446 1.694113 -1.289959
v -0.474449 1.694113 -1.270655
v -0.461729 1.694113 -1.254077
v -0.445152 1.694113 -1.241357
v -0.425847 1.694113 -1.233361
v -0.405131 2.202797 -1.411707
v -0.485173 2.202797 -1.331665
v -0.425847 2.202797 -1.408980
v -0.445152 2.202797 -1.400983
v -0.461729 2.202797 -1.388263
v -0.474449 2.202797 -1.371686
v -0.482446 2.202797 -1.352381
v -0.485173 2.202797 -1.310676
v -0.405131 2.202797 -1.230634
v -0.482446 2.202797 -1.289959
v -0.474449 2.202797 -1.270655
v -0.461729 2.202797 -1.254077
v -0.445152 2.202797 -1.241357
v -0.425847 2.202797 -1.233361
v -0.485173 3.963707 -1.331665
v -0.405131 3.963707 -1.411707
v -0.482446 3.963707 -1.352381
v -0.474449 3.963707 -1.371686
v -0.461729 3.963707 -1.388263
v -0.445152 3.963707 -1.400983
v -0.425847 3.963707 -1.408980
v -0.405131 3.963707 -1.230634
v -0.485173 3.963707 -1.310676
v -0.425847 3.963707 -1.233361
v -0.445152 3.963707 -1.241357
v -0.461729 3.963707 -1.254077
v -0.474449 3.963707 -1.270655
v -0.482446 3.963707 -1.289959
v -0.405131 3.486528 -1.230634
v -0.485173 3.486528 -1.310676
v -0.425847 3.486528 -1.233361
v -0.445152 3.486528 -1.241357
v -0.461729 3.486528 -1.254077
v -0.474449 3.486528 -1.270655
v -0.482446 3.486528 -1.289959
v -0.485173 3.486528 -1.331665
v -0.405131 3.486528 -1.411707
v -0.482446 3.486528 -1.352381
v -0.474449 3.486528 -1.371686
v -0.461729 3.486528 -1.388263
v -0.445152 3.486528 -1.400983
v -0.425847 3.486528 -1.408980
v -0.125567 3.963707 -1.230634
v 0.000000 3.963707 -1.230634
v -0.125567 3.486528 -1.230634
v 0.000000 3.486528 -1.230634
v -0.008341 3.543339 0.615317
v -0.117226 3.543339 0.615317
v -0.008341 3.543339 -0.615317
v -0.117226 3.543339 -0.615317
v -0.077727 1.246001 0.615317
v 0.077727 1.246001 0.615317
v 0.000000 1.246001 0.615317
v -0.077727 1.246001 -0.615317
v 0.077727 1.246001 -0.615317
v 0.000000 1.246001 -0.615317
v -0.077727 1.471933 0.735297
v -0.077727 1.461064 0.492323
v -0.077727 1.306613 0.615317
v -0.077727 1.462770 0.700053
v -0.077727 1.456157 0.658829
v -0.077727 1.452544 0.614434
v -0.077727 1.452178 0.569894
v -0.077727 1.455084 0.528244
v 0.000000 1.461064 0.492323
v 0.000000 1.471933 0.735297
v 0.000000 1.455084 0.528244
v 0.000000 1.452178 0.569894
v 0.000000 1.452544 0.614434
v 0.000000 1.456157 0.658829
v 0.000000 1.462770 0.700053
v 0.077727 1.461064 0.492323
v 0.077727 1.471933 0.735297
v 0.077727 1.306613 0.615317
v 0.077727 1.455084 0.528244
v 0.077727 1.452178 0.569894
v 0.077727 1.452544 0.614434
v 0.077727 1.456157 0.658829
v 0.077727 1.462770 0.700053
v -0.077727 1.461064 -0.492323
v -0.077727 1.471933 -0.735297
v -0.077727 1.306613 -0.615317
v -0.077727 1.455084 -0.528244
v -0.077727 1.452178 -0.569894
v -0.077727 1.452544 -0.614434
v -0.077727 1.456157 -0.658829
v -0.077727 1.462770 -0.700053
v 0.000000 1.471933 -0.735297
v 0.000000 1.461064 -0.492323
v 0.000000 1.462770 -0.700053
v 0.000000 1.456157 -0.658829
v 0.000000 1.452544 -0.614434
v 0.000000 1.452178 -0.569894
v 0.000000 1.455084 -0.528244
v 0.077727 1.471933 -0.735297
v 0.077727 1.461064 -0.492323
v 0.077727 1.306613 -0.615317
v 0.077727 1.462770 -0.700053
v 0.077727 1.456157 -0.658829
v 0.077727 1.452544 -0.614434
v 0.077727 1.452178 -0.569894
v 0.077727 1.455084 -0.528244
v -0.008341 3.746369 0.491898
v -0.008341 3.755235 0.737115
v -0.008341 3.603664 0.615317
v -0.008341 3.742629 0.527991
v -0.008341 3.740974 0.569925
v -0.008341 3.741517 0.614842
v -0.008341 3.744220 0.659681
v -0.008341 3.748899 0.701386
v -0.117226 3.755235 0.737115
v -0.117226 3.746369 0.491898
v -0.117226 3.603664 0.615317
v -0.117226 3.748899 0.701386
v -0.117226 3.744220 0.659681
v -0.117226 3.741517 0.614842
v -0.117226 3.740974 0.569925
v -0.117226 3.742629 0.527991
v -0.008341 3.755235 -0.737115
v -0.008341 3.746369 -0.491898
v -0.008341 3.603664 -0.615317
v -0.008341 3.748899 -0.701386
v -0.008341 3.744220 -0.659681
v -0.008341 3.741517 -0.614842
v -0.008341 3.740974 -0.569925
v -0.008341 3.742629 -0.527991
v -0.117226 3.746369 -0.491898
v -0.117226 3.755235 -0.737115
v -0.117226 3.603664 -0.615317
v -0.117226 3.742629 -0.527991
v -0.117226 3.740974 -0.569925
v -0.117226 3.741517 -0.614842
v -0.117226 3.744220 -0.659681
v -0.117226 3.748899 -0.701386
v -0.117226 3.825421 0.152414
v -0.117226 3.825421 -0.152414
v -0.117226 3.704420 0.000000
v -0.117226 3.833397 0.107773
v -0.117226 3.838411 0.055787
v -0.117226 3.840122 0.000000
v -0.117226 3.838411 -0.055787
v -0.117226 3.833397 -0.107773
v -0.008341 3.825421 -0.152414
v -0.008341 3.825421 0.152414
v -0.008341 3.704420 0.000000
v -0.008341 3.833397 -0.107773
v -0.008341 3.838411 -0.055787
v -0.008341 3.840122 0.000000
v -0.008341 3.838411 0.055787
v -0.008341 3.833397 0.107773
v 0.077727 1.579602 -0.156450
v 0.077727 1.579602 0.156450
v 0.077727 1.468909 0.000000
v 0.077727 1.592011 -0.110627
v 0.077727 1.599812 -0.057265
v 0.077727 1.602473 0.000000
v 0.077727 1.599812 0.057265
v 0.077727 1.592011 0.110627
v 0.000000 1.579602 -0.156450
v 0.000000 1.579602 0.156450
v 0.000000 1.592011 -0.110627
v 0.000000 1.599812 -0.057265
v 0.000000 1.602473 0.000000
v 0.000000 1.599812 0.057265
v 0.000000 1.592011 0.110627
v -0.077727 1.579602 0.156450
v -0.077727 1.579602 -0.156450
v -0.077727 1.468909 0.000000
v -0.077727 1.592011 0.110627
v -0.077727 1.599812 0.057265
v -0.077727 1.602473 0.000000
v -0.077727 1.599812 -0.057265
v -0.077727 1.592011 -0.110627
v 0.366999 3.963707 1.230634
v 0.569479 3.880984 1.228429
v 0.485173 3.845573 1.230634
v 0.400457 3.960888 1.230559
v 0.437381 3.952624 1.230338
v 0.475253 3.939478 1.229988
v 0.511494 3.922345 1.229531
v 0.543632 3.902394 1.229000
v 0.574215 3.880984 1.409502
v 0.371734 3.963707 1.411707
v 0.489908 3.845573 1.411707
v 0.548368 3.902394 1.410073
v 0.516229 3.922345 1.410604
v 0.479989 3.939478 1.411061
v 0.442116 3.952624 1.411412
v 0.405193 3.960888 1.411632
v 0.569479 3.880984 -1.228429
v 0.366999 3.963707 -1.230634
v 0.485173 3.845573 -1.230634
v 0.543633 3.902394 -1.229000
v 0.511494 3.922345 -1.229531
v 0.475253 3.939478 -1.229988
v 0.437381 3.952624 -1.230338
v 0.400457 3.960888 -1.230559
v 0.371734 3.963707 -1.411707
v 0.574215 3.880984 -1.409502
v 0.489908 3.845573 -1.411707
v 0.405193 3.960888 -1.411632
v 0.442116 3.952624 -1.411412
v 0.479989 3.939478 -1.411061
v 0.516229 3.922345 -1.410604
v 0.548368 3.902394 -1.410073
# 1024 positions

vt 0.211627 0.417633
vt 0.160586 0.417624
vt 0.160586 0.398280
vt 0.211627 0.398290
vt 0.658990 0.778461
vt 0.658975 0.803694
vt 0.609607 0.803565
vt 0.609622 0.778332
vt 0.327694 0.417664
vt 0.369890 0.417649
vt 0.376899 0.436989
vt 0.327694 0.437006
vt 0.109546 0.417614
vt 0.099989 0.417613
vt 0.099989 0.398269
vt 0.109546 0.398271
vt 0.103648 0.648832
vt 0.093381 0.592246
vt 0.153014 0.575491
vt 0.153014 0.648823
vt 0.939284 0.318819
vt 0.889915 0.318819
vt 0.893356 0.260468
vt 0.939284 0.262098
vt 0.668077 0.863091
vt 0.673627 0.863091
vt 0.673627 0.936679
vt 0.668077 0.936679
vt 0.939284 0.442031
vt 0.889915 0.442031
vt 0.889915 0.400450
vt 0.939284 0.400450
vt 0.774757 0.905353
vt 0.779451 0.860348
vt 0.795824 0.846935
vt 0.837311 0.850846
vt 0.837311 0.924841
vt 0.658976 0.933946
vt 0.658976 0.975447
vt 0.609607 0.975447
vt 0.609607 0.933946
vt 0.718921 0.557222
vt 0.733162 0.532882
vt 0.760011 0.574112
vt 0.759202 0.611713
vt 0.742287 0.635446
vt 0.049368 0.938707
vt 0.049368 0.880067
vt 0.098737 0.880067
vt 0.098737 0.938707
vt 0.891424 0.236562
vt 0.939284 0.237104
vt 0.077279 0.567454
vt 0.077306 0.529333
vt 0.104157 0.488104
vt 0.118399 0.512448
vt 0.658990 0.857343
vt 0.609622 0.857214
vt 0.277675 0.909253
vt 0.228307 0.909253
vt 0.228307 0.835246
vt 0.277675 0.835246
vt 0.061159 0.525960
vt 0.058767 0.511603
vt 0.057864 0.482100
vt 0.062558 0.437091
vt 0.555357 0.902004
vt 0.555357 0.887615
vt 0.604726 0.887615
vt 0.604726 0.902004
vt 0.041490 0.495523
vt 0.000000 0.491633
vt 0.000000 0.417635
vt 0.931270 0.659419
vt 0.928550 0.638837
vt 0.928551 0.629299
vt 0.939963 0.651546
vt 0.939958 0.679621
vt 0.936708 0.679621
vt 0.939974 0.934439
vt 0.890606 0.934609
vt 0.890590 0.911244
vt 0.939958 0.911074
vt 0.931621 0.496106
vt 0.916844 0.507411
vt 0.913768 0.507411
vt 0.898995 0.496109
vt 0.893673 0.476339
vt 0.936950 0.476336
vt 0.764018 0.924841
vt 0.789140 0.924841
vt 0.789140 0.974209
vt 0.764018 0.974209
vt 0.153014 0.722155
vt 0.093381 0.705422
vt 0.939284 0.375288
vt 0.893356 0.376956
vt 0.975750 0.180895
vt 0.972674 0.180895
vt 0.972674 0.069930
vt 0.975750 0.069930
vt 0.733162 0.854321
vt 0.760011 0.813108
vt 0.776156 0.816489
vt 0.778548 0.830847
vt 0.118399 0.785210
vt 0.104157 0.809559
vt 0.077306 0.768341
vt 0.077279 0.730219
vt 0.555357 0.942560
vt 0.505989 0.942560
vt 0.505989 0.880044
vt 0.555357 0.880044
vt 0.718921 0.829971
vt 0.742287 0.751915
vt 0.759202 0.775574
vt 0.939284 0.399887
vt 0.891424 0.400450
vt 0.890606 0.863052
vt 0.939974 0.862882
vt 0.425781 0.835245
vt 0.425781 0.909252
vt 0.376412 0.909252
vt 0.376412 0.835245
vt 0.061159 0.771719
vt 0.062558 0.860588
vt 0.057864 0.815580
vt 0.058767 0.786077
vt 0.277675 0.943243
vt 0.327044 0.943243
vt 0.327044 0.957573
vt 0.277675 0.957573
vt 0.041490 0.802164
vt 0.000000 0.880067
vt 0.000000 0.806068
vt 0.902025 0.578361
vt 0.902021 0.596723
vt 0.890604 0.604744
vt 0.890609 0.578362
vt 0.684308 0.667152
vt 0.684308 0.592128
vt 0.694399 0.573389
vt 0.961595 0.862882
vt 0.961595 0.912250
vt 0.939974 0.912250
vt 0.939974 0.862882
vt 0.928561 0.578359
vt 0.939977 0.578358
vt 0.902028 0.559999
vt 0.890614 0.551980
vt 0.693763 0.813368
vt 0.684308 0.795803
vt 0.684308 0.720017
vt 0.219947 0.417635
vt 0.219947 0.398292
vt 0.928570 0.527419
vt 0.939990 0.505170
vt 0.388288 0.417643
vt 0.406685 0.417637
vt 0.399676 0.436981
vt 0.388288 0.436985
vt 0.928572 0.519115
vt 0.939996 0.476336
vt 0.219947 0.180919
vt 0.211627 0.180917
vt 0.211627 0.069957
vt 0.219947 0.069959
vt 0.219947 0.332623
vt 0.211627 0.332623
vt 0.211627 0.258079
vt 0.219947 0.258080
vt 0.160586 0.258069
vt 0.160586 0.180907
vt 0.899286 0.659422
vt 0.912505 0.649309
vt 0.918054 0.649309
vt 0.893840 0.679625
vt 0.902014 0.638839
vt 0.890590 0.679625
vt 0.328743 0.654362
vt 0.388288 0.654342
vt 0.388288 0.765293
vt 0.328743 0.765314
vt 0.406685 0.654336
vt 0.447645 0.654322
vt 0.447645 0.765273
vt 0.406685 0.765287
vt 0.902036 0.519117
vt 0.890627 0.476340
vt 0.447645 0.417623
vt 0.447645 0.436965
vt 0.950688 0.000003
vt 0.962054 0.000006
vt 0.964189 0.072465
vt 0.952823 0.072462
vt 0.941457 0.072459
vt 0.939321 0.000000
vt 0.388288 0.502648
vt 0.399676 0.502644
vt 0.447645 0.502627
vt 0.447645 0.577166
vt 0.404327 0.577181
vt 0.388288 0.577186
vt 0.327694 0.577207
vt 0.327694 0.502668
vt 0.376899 0.502652
vt 0.099989 0.332602
vt 0.109546 0.332603
vt 0.160586 0.332613
vt 0.972674 0.332606
vt 0.975750 0.332606
vt 0.975750 0.398277
vt 0.972674 0.398277
vt 0.972674 0.000000
vt 0.975750 0.000000
vt 0.972674 0.258060
vt 0.975750 0.258060
vt 0.218685 0.417635
vt 0.218685 0.507809
vt 0.209802 0.507809
vt 0.185575 0.490226
vt 0.153014 0.417635
vt 0.099989 0.258058
vt 0.109546 0.258060
vt 0.962778 0.891603
vt 0.974322 0.880061
vt 0.977780 0.880062
vt 0.989323 0.891605
vt 0.989322 0.924507
vt 0.962776 0.924506
vt 0.962776 0.732955
vt 0.951386 0.732955
vt 0.951386 0.642781
vt 0.962776 0.642781
vt 0.939996 0.732955
vt 0.939996 0.642781
vt 0.609607 0.417635
vt 0.674432 0.417635
vt 0.674432 0.507809
vt 0.665664 0.507809
vt 0.641748 0.490226
vt 0.668077 0.798267
vt 0.673627 0.798267
vt 0.872653 0.932665
vt 0.869195 0.932680
vt 0.869195 0.823143
vt 0.872653 0.823129
vt 0.961478 0.934609
vt 0.961478 0.961145
vt 0.943837 0.961145
vt 0.943837 0.934609
vt 0.545500 0.058392
vt 0.545500 0.017319
vt 0.562815 0.000010
vt 0.616588 0.000020
vt 0.616588 0.069947
vt 0.557041 0.069936
vt 0.218685 0.417635
vt 0.218685 0.417635
vt 0.218685 0.417635
vt 0.218685 0.417635
vt 0.452317 0.971584
vt 0.441824 0.982076
vt 0.436274 0.982076
vt 0.425781 0.971584
vt 0.425781 0.947129
vt 0.452317 0.947129
vt 0.890590 0.979431
vt 0.917126 0.979431
vt 0.917126 0.980774
vt 0.890590 0.980774
vt 0.710895 0.924841
vt 0.737431 0.924892
vt 0.737410 0.928818
vt 0.710874 0.928762
vt 0.737394 0.933504
vt 0.710858 0.933434
vt 0.737383 0.938489
vt 0.710848 0.938398
vt 0.737380 0.943288
vt 0.710845 0.943170
vt 0.737384 0.947430
vt 0.710848 0.947282
vt 0.037161 0.214386
vt 0.041281 0.217299
vt 0.046056 0.218741
vt 0.051019 0.218572
vt 0.055685 0.216806
vt 0.059595 0.213618
vt 0.081119 0.189504
vt 0.088908 0.192436
vt 0.089404 0.247563
vt 0.079007 0.258054
vt 0.054555 0.258049
vt 0.045575 0.257261
vt 0.036868 0.254927
vt 0.028698 0.251115
vt 0.021314 0.245942
vt 0.014940 0.239566
vt 0.009769 0.232180
vt 0.005959 0.224008
vt 0.003626 0.215299
vt 0.003101 0.209292
vt 0.002841 0.203528
vt 0.003454 0.202068
vt 0.004460 0.200738
vt 0.006749 0.198448
vt 0.009554 0.196815
vt 0.012681 0.195950
vt 0.015920 0.195910
vt 0.019047 0.196702
vt 0.019047 0.196702
vt 0.836310 0.924846
vt 0.836310 0.951382
vt 0.833241 0.951378
vt 0.833241 0.924842
vt 0.830006 0.951377
vt 0.830006 0.924841
vt 0.826828 0.951380
vt 0.826828 0.924844
vt 0.823921 0.951385
vt 0.823921 0.924850
vt 0.821486 0.951394
vt 0.821486 0.924858
vt 0.917126 0.981927
vt 0.890590 0.981927
vt 0.917126 0.973699
vt 0.890590 0.973699
vt 0.890590 0.967686
vt 0.917126 0.967686
vt 0.890590 0.958716
vt 0.917126 0.958716
vt 0.890590 0.950040
vt 0.917126 0.950040
vt 0.890590 0.941922
vt 0.917126 0.941922
vt 0.890590 0.934609
vt 0.917126 0.934609
vt 0.425781 0.914032
vt 0.452317 0.914032
vt 0.452317 0.921354
vt 0.425781 0.921354
vt 0.452317 0.929478
vt 0.425781 0.929478
vt 0.452317 0.938158
vt 0.425781 0.938158
vt 0.142923 0.528619
vt 0.146787 0.532090
vt 0.153014 0.547361
vt 0.150068 0.536883
vt 0.939016 0.690291
vt 0.937954 0.684794
vt 0.892598 0.684798
vt 0.891552 0.690295
vt 0.687249 0.581654
vt 0.690534 0.576860
vt 0.939996 0.698990
vt 0.890627 0.698994
vt 0.890860 0.695280
vt 0.939733 0.695276
vt 0.733671 0.693602
vt 0.684308 0.693585
vt 0.938120 0.471583
vt 0.939117 0.466701
vt 0.150253 0.760900
vt 0.147179 0.765366
vt 0.153014 0.751046
vt 0.143559 0.768611
vt 0.690141 0.810123
vt 0.687064 0.805658
vt 0.891532 0.466705
vt 0.892511 0.471587
vt 0.890886 0.462436
vt 0.939790 0.462432
vt 0.792752 0.925073
vt 0.792752 0.973978
vt 0.218887 0.562301
vt 0.218685 0.514435
vt 0.220394 0.514351
vt 0.220394 0.562320
vt 0.776156 0.570743
vt 0.776235 0.579115
vt 0.765575 0.582415
vt 0.071564 0.537822
vt 0.061005 0.534484
vt 0.277808 0.934871
vt 0.327044 0.934716
vt 0.760909 0.776870
vt 0.765575 0.804816
vt 0.071564 0.759853
vt 0.075775 0.731441
vt 0.775125 0.587470
vt 0.075775 0.566233
vt 0.760909 0.610413
vt 0.061005 0.763195
vt 0.776235 0.808123
vt 0.774757 0.481878
vt 0.837311 0.462432
vt 0.837311 0.536427
vt 0.795824 0.540310
vt 0.779451 0.526886
vt 0.766831 0.782861
vt 0.771822 0.790905
vt 0.775125 0.799775
vt 0.062021 0.754808
vt 0.065185 0.745828
vt 0.070014 0.737623
vt 0.220576 0.465655
vt 0.220704 0.417687
vt 0.227379 0.417635
vt 0.227379 0.465993
vt 0.278687 0.909705
vt 0.327044 0.909253
vt 0.327044 0.917399
vt 0.278308 0.917695
vt 0.327044 0.926340
vt 0.278000 0.926532
vt 0.218685 0.465564
vt 0.219023 0.417700
vt 0.771822 0.596352
vt 0.766831 0.604409
vt 0.070014 0.560054
vt 0.065185 0.551850
vt 0.062021 0.542871
vt 0.555490 0.910374
vt 0.604726 0.910527
vt 0.604726 0.918928
vt 0.555681 0.918740
vt 0.604726 0.927947
vt 0.555990 0.927658
vt 0.604726 0.936212
vt 0.556369 0.935771
vt 0.604726 0.942463
vt 0.556761 0.941842
vt 0.788082 0.542972
vt 0.781758 0.548856
vt 0.778548 0.556386
vt 0.055557 0.504072
vt 0.049233 0.498186
vt 0.781758 0.838379
vt 0.788082 0.844268
vt 0.049233 0.799498
vt 0.055557 0.793610
vt 0.555357 0.880044
vt 0.604726 0.880044
vt 0.609607 0.919860
vt 0.658976 0.919860
vt 0.658976 0.926197
vt 0.609607 0.926197
vt 0.939284 0.450100
vt 0.889915 0.450100
vt 0.939284 0.457285
vt 0.889915 0.457285
vt 0.327044 0.965066
vt 0.277675 0.965066
vt 0.211627 0.000030
vt 0.219947 0.000031
vt 0.207187 0.823820
vt 0.180647 0.823323
vt 0.180945 0.801662
vt 0.207485 0.802159
vt 0.193208 0.978948
vt 0.190170 0.978572
vt 0.187332 0.977424
vt 0.184890 0.975581
vt 0.183009 0.973171
vt 0.181817 0.970357
vt 0.181396 0.967330
vt 0.181337 0.959027
vt 0.180975 0.908088
vt 0.207510 0.907892
vt 0.207641 0.926254
vt 0.207931 0.967135
vt 0.207552 0.970167
vt 0.206401 0.972999
vt 0.204554 0.975437
vt 0.202138 0.977314
vt 0.199317 0.978505
vt 0.196284 0.978926
vt 0.890590 0.823129
vt 0.837311 0.823129
vt 0.859536 0.750804
vt 0.881749 0.732955
vt 0.890590 0.732955
vt 0.160586 0.069947
vt 0.160586 0.000020
vt 0.447645 0.835195
vt 0.406685 0.835209
vt 0.923301 0.647905
vt 0.927143 0.644073
vt 0.903419 0.644074
vt 0.907259 0.647907
vt 0.094771 0.258043
vt 0.091006 0.258006
vt 0.089703 0.257957
vt 0.099989 0.258058
vt 0.317434 0.577373
vt 0.318724 0.577291
vt 0.322479 0.577230
vt 0.317203 0.587702
vt 0.306712 0.577214
vt 0.322479 0.502692
vt 0.322479 0.437029
vt 0.682714 0.797427
vt 0.682714 0.862252
vt 0.678874 0.862866
vt 0.678874 0.798042
vt 0.094771 0.398254
vt 0.094771 0.332587
vt 0.658990 0.862252
vt 0.658990 0.797427
vt 0.662831 0.798042
vt 0.662831 0.862866
vt 0.658990 0.935839
vt 0.662831 0.936454
vt 0.668077 0.779171
vt 0.662831 0.778946
vt 0.658990 0.778332
vt 0.094771 0.417598
vt 0.322479 0.417687
vt 0.682714 0.778332
vt 0.678874 0.778946
vt 0.673627 0.779171
vt 0.682714 0.935839
vt 0.678874 0.936454
vt 0.317203 0.642824
vt 0.309445 0.645824
vt 0.287404 0.621556
vt 0.283462 0.618398
vt 0.278769 0.616659
vt 0.273783 0.616510
vt 0.268993 0.617966
vt 0.264868 0.620884
vt 0.246756 0.638570
vt 0.246756 0.638570
vt 0.243628 0.639362
vt 0.240390 0.639324
vt 0.237262 0.638459
vt 0.234458 0.636826
vt 0.232169 0.634537
vt 0.231164 0.633207
vt 0.230550 0.631747
vt 0.230810 0.625983
vt 0.231335 0.619977
vt 0.233668 0.611268
vt 0.237478 0.603097
vt 0.242648 0.595710
vt 0.249022 0.589333
vt 0.256406 0.584160
vt 0.264575 0.580347
vt 0.273282 0.578011
vt 0.282262 0.577222
vt 0.737431 0.971021
vt 0.725909 0.979001
vt 0.722451 0.978904
vt 0.710896 0.970346
vt 0.100345 0.180896
vt 0.076458 0.012124
vt 0.088804 0.017319
vt 0.088804 0.058392
vt 0.077273 0.069929
vt 0.044402 0.069915
vt 0.044402 0.058167
vt 0.056082 0.032121
vt 0.989321 0.934871
vt 0.962776 0.934869
vt 0.061303 0.965243
vt 0.061303 0.938707
vt 0.073237 0.938972
vt 0.073237 0.965508
vt 0.032722 0.032111
vt 0.034049 0.069910
vt 0.027406 0.069253
vt 0.021019 0.067310
vt 0.015132 0.064158
vt 0.009973 0.059917
vt 0.005738 0.054750
vt 0.002592 0.048857
vt 0.000654 0.042462
vt 0.000000 0.035812
vt 0.000000 0.030317
vt 0.000435 0.024784
vt 0.001724 0.020239
vt 0.003818 0.016857
vt 0.006635 0.014769
vt 0.010067 0.014052
vt 0.013983 0.014737
vt 0.018233 0.016796
vt 0.022652 0.020150
vt 0.100345 0.069936
vt 0.106119 0.000010
vt 0.272755 0.765315
vt 0.272755 0.777062
vt 0.261063 0.803110
vt 0.250982 0.815065
vt 0.246558 0.818417
vt 0.242305 0.820473
vt 0.238384 0.821156
vt 0.234948 0.820438
vt 0.232128 0.818348
vt 0.230033 0.814965
vt 0.228742 0.810420
vt 0.228307 0.804887
vt 0.228307 0.799392
vt 0.228962 0.792743
vt 0.230901 0.786350
vt 0.234051 0.780458
vt 0.238290 0.775294
vt 0.243455 0.771056
vt 0.249347 0.767907
vt 0.255741 0.765968
vt 0.262391 0.765314
vt 0.207931 0.915002
vt 0.207931 0.888457
vt 0.212126 0.888478
vt 0.212126 0.915023
vt 0.216236 0.888492
vt 0.216236 0.915037
vt 0.220103 0.888497
vt 0.220103 0.915042
vt 0.223579 0.888494
vt 0.223579 0.915039
vt 0.226529 0.888484
vt 0.226529 0.915028
vt 0.917301 0.934621
vt 0.943837 0.934608
vt 0.943771 0.937613
vt 0.917235 0.937625
vt 0.943722 0.941893
vt 0.917185 0.941906
vt 0.943690 0.947286
vt 0.917154 0.947298
vt 0.305660 0.765317
vt 0.317203 0.776859
vt 0.317203 0.817929
vt 0.304844 0.823117
vt 0.284447 0.803111
vt 0.917134 0.952724
vt 0.943670 0.952711
vt 0.943663 0.959379
vt 0.917126 0.959392
vt 0.943689 0.966002
vt 0.917152 0.966014
vt 0.943748 0.972322
vt 0.917211 0.972335
vt 0.943837 0.978099
vt 0.917301 0.978111
vt 0.989323 0.958848
vt 0.962778 0.958847
vt 0.962777 0.953734
vt 0.989322 0.953735
vt 0.962776 0.947880
vt 0.989321 0.947882
vt 0.962776 0.941510
vt 0.989321 0.941512
vt 0.281023 0.800774
vt 0.277035 0.799304
vt 0.272755 0.798802
vt 0.268475 0.799303
vt 0.264487 0.800772
vt 0.036143 0.034451
vt 0.040127 0.035921
vt 0.044402 0.036425
vt 0.048677 0.035925
vt 0.052661 0.034457
vt 0.181391 0.778332
vt 0.207931 0.778829
vt 0.207855 0.782092
vt 0.181315 0.781595
vt 0.207772 0.785975
vt 0.181232 0.785478
vt 0.207688 0.790212
vt 0.181148 0.789715
vt 0.207609 0.794514
vt 0.181069 0.794017
vt 0.207540 0.798589
vt 0.181000 0.798092
vt 0.207129 0.854226
vt 0.180589 0.853729
vt 0.089331 0.180784
vt 0.089588 0.180813
vt 0.090614 0.180840
vt 0.092339 0.180862
vt 0.094646 0.180881
vt 0.097376 0.180892
vt 0.325755 0.654369
vt 0.322967 0.654388
vt 0.320569 0.654417
vt 0.318725 0.654455
vt 0.317560 0.654498
vt 0.317155 0.654545
vt 0.097376 0.069932
vt 0.094646 0.069921
vt 0.092339 0.069902
vt 0.090614 0.069880
vt 0.089588 0.069853
vt 0.089331 0.069824
vt 0.317155 0.765496
vt 0.317560 0.765450
vt 0.318725 0.765406
vt 0.320569 0.765369
vt 0.322967 0.765340
vt 0.325755 0.765321
vt 0.875639 0.823180
vt 0.875639 0.932715
vt 0.878422 0.823352
vt 0.878422 0.932889
vt 0.880812 0.823636
vt 0.880812 0.933172
vt 0.861036 0.933255
vt 0.861036 0.823719
vt 0.863425 0.823415
vt 0.863425 0.932951
vt 0.866209 0.823219
vt 0.866209 0.932755
vt 0.928173 0.516086
vt 0.927001 0.513263
vt 0.925138 0.510839
vt 0.922709 0.508979
vt 0.919880 0.507810
vt 0.910732 0.507811
vt 0.907902 0.508980
vt 0.905473 0.510840
vt 0.903608 0.513265
vt 0.902436 0.516088
vt 0.978786 0.332607
vt 0.978786 0.398278
vt 0.981615 0.332610
vt 0.981615 0.398281
vt 0.984044 0.332615
vt 0.984044 0.398285
vt 0.456013 0.437015
vt 0.456013 0.502678
vt 0.453543 0.502650
vt 0.453543 0.436987
vt 0.450689 0.502633
vt 0.450689 0.436970
vt 0.969638 0.398278
vt 0.969638 0.332607
vt 0.966809 0.398281
vt 0.966809 0.332610
vt 0.964379 0.398285
vt 0.964379 0.332615
vt 0.228307 0.332593
vt 0.228307 0.398260
vt 0.225842 0.398277
vt 0.225842 0.332610
vt 0.222990 0.398288
vt 0.222990 0.332621
vt 0.972674 0.417622
vt 0.969638 0.417623
vt 0.966809 0.417625
vt 0.964379 0.417629
vt 0.228307 0.417603
vt 0.225842 0.417621
vt 0.222990 0.417631
vt 0.969638 0.258060
vt 0.966809 0.258063
vt 0.964379 0.258067
vt 0.228307 0.258049
vt 0.225842 0.258066
vt 0.222990 0.258077
vt 0.450689 0.577171
vt 0.453543 0.577188
vt 0.456013 0.577216
vt 0.984044 0.258067
vt 0.981615 0.258063
vt 0.978786 0.258060
vt 0.450689 0.417628
vt 0.453543 0.417645
vt 0.456013 0.417673
vt 0.984044 0.417629
vt 0.981615 0.417625
vt 0.978786 0.417623
vt 0.975750 0.417622
vt 0.969638 0.180896
vt 0.966809 0.180899
vt 0.964379 0.180902
vt 0.228307 0.180887
vt 0.225842 0.180904
vt 0.222990 0.180915
vt 0.450689 0.654327
vt 0.453543 0.654344
vt 0.456013 0.654372
vt 0.984044 0.180902
vt 0.981615 0.180899
vt 0.978786 0.180896
vt 0.978786 0.000001
vt 0.978786 0.069931
vt 0.981615 0.000004
vt 0.981615 0.069934
vt 0.984044 0.000008
vt 0.984044 0.069938
vt 0.456013 0.765324
vt 0.456013 0.835245
vt 0.453543 0.835217
vt 0.453543 0.765296
vt 0.450689 0.835200
vt 0.450689 0.765278
vt 0.222990 0.000028
vt 0.222990 0.069955
vt 0.225842 0.000017
vt 0.225842 0.069944
vt 0.228307 0.000000
vt 0.228307 0.069927
vt 0.964379 0.069938
vt 0.964379 0.000008
vt 0.966809 0.000004
vt 0.966809 0.069934
vt 0.969638 0.000001
vt 0.969638 0.069931
vt 0.389510 0.826890
vt 0.405463 0.826885
vt 0.388288 0.835215
vt 0.405463 0.773612
vt 0.389510 0.773618
vt 0.999958 0.823131
vt 0.984035 0.823127
vt 0.982578 0.750892
vt 0.998500 0.750897
vt 1.000000 0.270523
vt 0.984044 0.270523
vt 0.984044 0.180349
vt 1.000000 0.180349
vt 0.837322 0.360697
vt 0.859262 0.288372
vt 0.881188 0.270523
vt 0.889915 0.270523
vt 0.889915 0.360697
vt 0.439917 0.000003
vt 0.439917 0.019345
vt 0.388879 0.019362
vt 0.388879 0.000020
vt 0.837337 0.360697
vt 0.886705 0.360826
vt 0.886690 0.386060
vt 0.837322 0.385930
vt 0.555991 0.417613
vt 0.555991 0.398269
vt 0.605199 0.398278
vt 0.598190 0.417621
vt 0.337842 0.000038
vt 0.337842 0.019379
vt 0.328285 0.019383
vt 0.328285 0.000041
vt 0.560245 0.648875
vt 0.609607 0.648891
vt 0.609607 0.722219
vt 0.549978 0.705457
vt 0.939959 0.780625
vt 0.939959 0.837345
vt 0.894030 0.838975
vt 0.890590 0.780625
vt 0.851948 0.907889
vt 0.851948 0.981476
vt 0.846398 0.981476
vt 0.846398 0.907889
vt 0.228307 0.950834
vt 0.228307 0.909253
vt 0.277675 0.909253
vt 0.277675 0.950834
vt 0.746866 0.442953
vt 0.684308 0.462432
vt 0.684308 0.388433
vt 0.725798 0.384529
vt 0.742173 0.397945
vt 0.376412 0.950753
vt 0.327044 0.950753
vt 0.327044 0.909253
vt 0.376412 0.909253
vt 0.802707 0.094813
vt 0.779319 0.173028
vt 0.762414 0.149297
vt 0.761614 0.111698
vt 0.788465 0.070469
vt 0.148106 0.938707
vt 0.098737 0.938707
vt 0.098737 0.880067
vt 0.148106 0.880067
vt 0.939959 0.862339
vt 0.892099 0.862882
vt 0.574995 0.785254
vt 0.560754 0.809595
vt 0.533904 0.768363
vt 0.533878 0.730244
vt 0.886705 0.439708
vt 0.837337 0.439579
vt 0.327044 0.835246
vt 0.376412 0.835246
vt 0.519158 0.860598
vt 0.514465 0.815590
vt 0.515368 0.786089
vt 0.517759 0.771733
vt 0.000000 0.920526
vt 0.049369 0.920526
vt 0.049369 0.934915
vt 0.000000 0.934915
vt 0.456605 0.880044
vt 0.456605 0.806049
vt 0.498092 0.802166
vt 0.898612 0.196990
vt 0.893166 0.217192
vt 0.889915 0.217193
vt 0.889921 0.189118
vt 0.901341 0.166869
vt 0.901339 0.176407
vt 0.456621 0.951771
vt 0.456604 0.928406
vt 0.505972 0.928236
vt 0.505989 0.951601
vt 0.898320 0.033677
vt 0.892998 0.013907
vt 0.936276 0.013904
vt 0.930946 0.033674
vt 0.916169 0.044979
vt 0.913094 0.044979
vt 0.792752 0.974210
vt 0.792752 0.924841
vt 0.817875 0.924841
vt 0.817875 0.974210
vt 0.549978 0.592286
vt 0.609607 0.575563
vt 0.894030 0.722487
vt 0.939959 0.724156
vt 0.971070 0.643327
vt 0.971070 0.532362
vt 0.974146 0.532362
vt 0.974146 0.643327
vt 0.788465 0.391925
vt 0.743075 0.368443
vt 0.745467 0.354084
vt 0.761614 0.350706
vt 0.533878 0.567487
vt 0.533904 0.529367
vt 0.560754 0.488155
vt 0.574995 0.512506
vt 0.609607 0.919860
vt 0.609607 0.857343
vt 0.658976 0.857343
vt 0.658976 0.919860
vt 0.802707 0.367575
vt 0.762414 0.313166
vt 0.779319 0.289503
vt 0.892099 0.698994
vt 0.939959 0.699556
vt 0.456621 0.880214
vt 0.505989 0.880044
vt 0.277675 0.835246
vt 0.327044 0.835246
vt 0.327044 0.909253
vt 0.277675 0.909253
vt 0.517759 0.525987
vt 0.515368 0.511629
vt 0.514465 0.482128
vt 0.519158 0.437123
vt 0.425781 0.943243
vt 0.425781 0.957573
vt 0.376412 0.957573
vt 0.376412 0.943243
vt 0.498092 0.495541
vt 0.456605 0.491630
vt 0.456605 0.417635
vt 0.927886 0.115927
vt 0.939302 0.115926
vt 0.939298 0.142308
vt 0.927883 0.134289
vt 0.827231 0.110984
vt 0.837322 0.129726
vt 0.837322 0.204754
vt 0.960942 0.410069
vt 0.939321 0.410069
vt 0.939321 0.360700
vt 0.960942 0.360700
vt 0.889934 0.115930
vt 0.901350 0.115929
vt 0.927890 0.097565
vt 0.939307 0.089544
vt 0.837322 0.257621
vt 0.837322 0.333411
vt 0.827867 0.350976
vt 0.448237 0.000000
vt 0.448237 0.019342
vt 0.889948 0.042742
vt 0.901360 0.064989
vt 0.616588 0.417624
vt 0.616588 0.398280
vt 0.627977 0.398282
vt 0.634986 0.417627
vt 0.889953 0.013907
vt 0.901361 0.056685
vt 0.448237 0.236699
vt 0.448237 0.347650
vt 0.439917 0.347653
vt 0.439917 0.236702
vt 0.448237 0.085005
vt 0.448237 0.159543
vt 0.439917 0.159546
vt 0.439917 0.085008
vt 0.388879 0.236719
vt 0.388879 0.159563
vt 0.930595 0.196987
vt 0.936034 0.217189
vt 0.911830 0.186877
vt 0.917380 0.186877
vt 0.939284 0.217189
vt 0.927875 0.176405
vt 0.557041 0.180896
vt 0.616588 0.180907
vt 0.634986 0.180911
vt 0.634986 0.069951
vt 0.675948 0.069959
vt 0.675948 0.180919
vt 0.939321 0.013903
vt 0.927897 0.056683
vt 0.675948 0.398292
vt 0.675948 0.417635
vt 0.218685 0.688158
vt 0.209802 0.688158
vt 0.187167 0.670133
vt 0.169796 0.620911
vt 0.186018 0.597983
vt 0.218685 0.597983
vt 0.616588 0.332613
vt 0.605199 0.332611
vt 0.555991 0.332602
vt 0.555991 0.258058
vt 0.616588 0.258069
vt 0.632628 0.258072
vt 0.675948 0.258080
vt 0.675948 0.332623
vt 0.627977 0.332615
vt 0.328285 0.085045
vt 0.337842 0.085042
vt 0.388879 0.085025
vt 0.974146 0.795038
vt 0.974146 0.860709
vt 0.971070 0.860709
vt 0.971070 0.795038
vt 0.971070 0.462432
vt 0.974146 0.462432
vt 0.971070 0.720491
vt 0.974146 0.720491
vt 0.643321 0.525834
vt 0.674432 0.597983
vt 0.642186 0.597983
vt 0.626173 0.575056
vt 0.337842 0.159581
vt 0.328285 0.159584
vt 0.425783 0.902490
vt 0.425781 0.869588
vt 0.452327 0.869586
vt 0.452328 0.902489
vt 0.440785 0.914032
vt 0.437327 0.914032
vt 0.962776 0.552607
vt 0.951386 0.552607
vt 0.939996 0.552607
vt 0.609607 0.778332
vt 0.641748 0.705741
vt 0.665664 0.688158
vt 0.674432 0.688158
vt 0.674432 0.778332
vt 0.846399 0.843064
vt 0.851948 0.843064
vt 0.216091 0.887868
vt 0.216091 0.778332
vt 0.219548 0.778347
vt 0.219548 0.887883
vt 0.957600 0.862882
vt 0.939959 0.862882
vt 0.939959 0.836346
vt 0.957600 0.836346
vt 0.218685 0.417635
vt 0.218685 0.417635
vt 0.218685 0.417635
vt 0.218685 0.417635
vt 0.684308 0.982393
vt 0.684308 0.957938
vt 0.710844 0.957938
vt 0.710844 0.982393
vt 0.700351 0.992885
vt 0.694801 0.992885
vt 0.887572 0.978076
vt 0.887572 0.979420
vt 0.861036 0.979420
vt 0.861036 0.978076
vt 0.764018 0.924893
vt 0.763997 0.928814
vt 0.737461 0.928767
vt 0.737482 0.924841
vt 0.763981 0.933486
vt 0.737445 0.933452
vt 0.763970 0.938450
vt 0.737434 0.938438
vt 0.763967 0.943222
vt 0.737431 0.943237
vt 0.763971 0.947334
vt 0.737434 0.947379
vt 0.265460 0.203262
vt 0.247348 0.220948
vt 0.247348 0.220948
vt 0.244220 0.221739
vt 0.240982 0.221701
vt 0.237854 0.220836
vt 0.235050 0.219204
vt 0.232760 0.216914
vt 0.231755 0.215584
vt 0.231141 0.214124
vt 0.231402 0.208360
vt 0.231927 0.202354
vt 0.234260 0.193646
vt 0.238070 0.185474
vt 0.243240 0.178087
vt 0.249614 0.171711
vt 0.256998 0.166537
vt 0.265167 0.162724
vt 0.273874 0.160388
vt 0.282854 0.159599
vt 0.307304 0.159591
vt 0.317700 0.170079
vt 0.317205 0.225202
vt 0.309416 0.228135
vt 0.287893 0.204026
vt 0.283983 0.200839
vt 0.279318 0.199074
vt 0.274355 0.198905
vt 0.269580 0.200348
vt 0.673815 0.963219
vt 0.670745 0.963215
vt 0.670745 0.936679
vt 0.673815 0.936683
vt 0.667510 0.963214
vt 0.667510 0.936678
vt 0.664332 0.963217
vt 0.664332 0.936681
vt 0.661426 0.963223
vt 0.661426 0.936687
vt 0.658990 0.963232
vt 0.658990 0.936696
vt 0.861036 0.980573
vt 0.887572 0.980573
vt 0.861036 0.972344
vt 0.861036 0.966332
vt 0.887572 0.966332
vt 0.887572 0.972344
vt 0.861036 0.957362
vt 0.887572 0.957362
vt 0.861036 0.948686
vt 0.887572 0.948686
vt 0.861036 0.940568
vt 0.887572 0.940568
vt 0.861036 0.933255
vt 0.887572 0.933255
vt 0.710844 0.924841
vt 0.710844 0.932163
vt 0.684308 0.932163
vt 0.684308 0.924841
vt 0.710844 0.940287
vt 0.684308 0.940287
vt 0.710844 0.948967
vt 0.684308 0.948967
vt 0.599517 0.769088
vt 0.609607 0.750348
vt 0.603382 0.765616
vt 0.606667 0.760822
vt 0.890877 0.227863
vt 0.891924 0.222365
vt 0.937280 0.222362
vt 0.938342 0.227859
vt 0.834376 0.119248
vt 0.831095 0.114455
vt 0.889953 0.236562
vt 0.890185 0.232848
vt 0.939059 0.232844
vt 0.939321 0.236558
vt 0.837322 0.231188
vt 0.787956 0.231197
vt 0.891837 0.009155
vt 0.890858 0.004273
vt 0.606852 0.536818
vt 0.609607 0.546673
vt 0.603774 0.532352
vt 0.600152 0.529108
vt 0.831487 0.347731
vt 0.834561 0.343265
vt 0.938442 0.004269
vt 0.937445 0.009151
vt 0.890211 0.000004
vt 0.939116 0.000000
vt 0.821486 0.973978
vt 0.821486 0.925073
vt 0.220596 0.514370
vt 0.222103 0.514351
vt 0.222103 0.562320
vt 0.220394 0.562236
vt 0.745467 0.108325
vt 0.756049 0.119999
vt 0.745388 0.116698
vt 0.528164 0.759873
vt 0.517605 0.763209
vt 0.376412 0.934716
vt 0.425648 0.934871
vt 0.756049 0.342412
vt 0.760707 0.314462
vt 0.528164 0.537854
vt 0.532374 0.566266
vt 0.746497 0.125053
vt 0.532374 0.731465
vt 0.760707 0.147996
vt 0.517605 0.534511
vt 0.745388 0.345717
vt 0.746866 0.019456
vt 0.742173 0.064466
vt 0.725798 0.077888
vt 0.684308 0.073998
vt 0.684308 0.000000
vt 0.754788 0.320454
vt 0.749798 0.328497
vt 0.746497 0.337369
vt 0.518621 0.542898
vt 0.521785 0.551877
vt 0.526614 0.560083
vt 0.220576 0.466331
vt 0.227379 0.465993
vt 0.227379 0.514351
vt 0.220703 0.514299
vt 0.424769 0.909705
vt 0.425148 0.917695
vt 0.376412 0.917399
vt 0.376412 0.909253
vt 0.425457 0.926532
vt 0.376412 0.926340
vt 0.219023 0.514286
vt 0.218685 0.466422
vt 0.749798 0.133935
vt 0.754788 0.141992
vt 0.526614 0.737643
vt 0.521785 0.745845
vt 0.518621 0.754823
vt 0.000133 0.912157
vt 0.000324 0.903790
vt 0.049369 0.903603
vt 0.049369 0.912003
vt 0.000633 0.894872
vt 0.049369 0.894584
vt 0.001012 0.886760
vt 0.049369 0.886319
vt 0.001403 0.880689
vt 0.049369 0.880067
vt 0.733541 0.080551
vt 0.739865 0.086437
vt 0.743075 0.093968
vt 0.512157 0.793620
vt 0.505834 0.799504
vt 0.739865 0.375975
vt 0.733541 0.381863
vt 0.505834 0.498208
vt 0.512157 0.504097
vt 0.049369 0.942487
vt 0.000000 0.942487
vt 0.327044 0.964840
vt 0.327044 0.958502
vt 0.376412 0.958502
vt 0.376412 0.964840
vt 0.277675 0.958904
vt 0.228307 0.958904
vt 0.277675 0.966088
vt 0.228307 0.966088
vt 0.376412 0.965067
vt 0.425781 0.965067
vt 0.448237 0.417572
vt 0.439917 0.417575
vt 0.179708 0.933472
vt 0.180139 0.955135
vt 0.153598 0.955609
vt 0.153167 0.933946
vt 0.165846 0.778332
vt 0.168922 0.778357
vt 0.171954 0.778781
vt 0.174773 0.779974
vt 0.177187 0.781854
vt 0.179030 0.784293
vt 0.180178 0.787126
vt 0.180552 0.790158
vt 0.180205 0.831038
vt 0.180049 0.849400
vt 0.153514 0.849182
vt 0.153946 0.798244
vt 0.154017 0.789940
vt 0.154442 0.786914
vt 0.155638 0.784101
vt 0.157523 0.781692
vt 0.159968 0.779852
vt 0.162807 0.778706
vt 0.860836 0.714868
vt 0.849251 0.665117
vt 0.866983 0.642781
vt 0.890590 0.642781
vt 0.388879 0.417593
vt 0.388879 0.347671
vt 0.634986 0.000024
vt 0.675948 0.000031
vt 0.906584 0.185475
vt 0.902744 0.181642
vt 0.926468 0.181640
vt 0.922627 0.185473
vt 0.328285 0.159584
vt 0.318025 0.159750
vt 0.319315 0.159668
vt 0.323071 0.159607
vt 0.545705 0.257957
vt 0.535008 0.258054
vt 0.545500 0.247562
vt 0.550773 0.258043
vt 0.547008 0.258006
vt 0.550773 0.398254
vt 0.550773 0.332587
vt 0.837311 0.842225
vt 0.841152 0.842839
vt 0.841152 0.907664
vt 0.837311 0.907049
vt 0.323071 0.085069
vt 0.323071 0.019406
vt 0.861036 0.907049
vt 0.857195 0.907664
vt 0.857195 0.842839
vt 0.861036 0.842225
vt 0.861036 0.980637
vt 0.857195 0.981251
vt 0.851948 0.823969
vt 0.857195 0.823744
vt 0.861036 0.823129
vt 0.323071 0.000064
vt 0.550773 0.417599
vt 0.837311 0.823129
vt 0.841152 0.823744
vt 0.846399 0.823969
vt 0.841152 0.981251
vt 0.837311 0.980637
vt 0.545500 0.192437
vt 0.510557 0.258049
vt 0.501577 0.257261
vt 0.492870 0.254927
vt 0.484699 0.251115
vt 0.477315 0.245942
vt 0.470941 0.239566
vt 0.465770 0.232180
vt 0.461961 0.224008
vt 0.459628 0.215299
vt 0.459102 0.209292
vt 0.458842 0.203528
vt 0.459456 0.202068
vt 0.460461 0.200738
vt 0.462751 0.198448
vt 0.465555 0.196815
vt 0.468683 0.195950
vt 0.471921 0.195910
vt 0.475049 0.196702
vt 0.475049 0.196702
vt 0.493162 0.214386
vt 0.497288 0.217304
vt 0.502078 0.218760
vt 0.507064 0.218610
vt 0.511757 0.216870
vt 0.515699 0.213711
vt 0.537741 0.189438
vt 0.764018 0.970398
vt 0.752495 0.978911
vt 0.749037 0.978995
vt 0.737481 0.970969
vt 0.328641 0.236740
vt 0.317101 0.400307
vt 0.304756 0.405505
vt 0.284383 0.385515
vt 0.272704 0.359476
vt 0.272704 0.347728
vt 0.305571 0.347704
vt 0.317101 0.359237
vt 0.425781 0.859224
vt 0.452326 0.859223
vt 0.049369 0.938972
vt 0.061303 0.938707
vt 0.061303 0.965244
vt 0.049369 0.965508
vt 0.261025 0.385533
vt 0.250956 0.397496
vt 0.246537 0.400851
vt 0.242289 0.402911
vt 0.238373 0.403597
vt 0.234941 0.402882
vt 0.232124 0.400794
vt 0.230031 0.397413
vt 0.228742 0.392869
vt 0.228307 0.387337
vt 0.228307 0.381841
vt 0.228961 0.375192
vt 0.230898 0.368798
vt 0.234044 0.362903
vt 0.238278 0.357736
vt 0.243437 0.353493
vt 0.249323 0.350340
vt 0.255710 0.348396
vt 0.262352 0.347736
vt 0.334415 0.417611
vt 0.328641 0.347691
vt 0.501052 0.069937
vt 0.490688 0.069938
vt 0.484039 0.069283
vt 0.477645 0.067344
vt 0.471752 0.064195
vt 0.466588 0.059957
vt 0.462349 0.054792
vt 0.459199 0.048900
vt 0.457260 0.042506
vt 0.456605 0.035857
vt 0.456605 0.030361
vt 0.457040 0.024828
vt 0.458331 0.020283
vt 0.460426 0.016900
vt 0.463246 0.014810
vt 0.466682 0.014091
vt 0.470603 0.014774
vt 0.474856 0.016831
vt 0.479280 0.020183
vt 0.489360 0.032139
vt 0.501052 0.058188
vt 0.207931 0.915042
vt 0.212125 0.915051
vt 0.212125 0.941596
vt 0.207931 0.941587
vt 0.216234 0.915056
vt 0.216234 0.941602
vt 0.220101 0.915058
vt 0.220101 0.941604
vt 0.223577 0.915057
vt 0.223577 0.941602
vt 0.226528 0.915053
vt 0.226528 0.941598
vt 0.940170 0.462420
vt 0.940104 0.459415
vt 0.966640 0.459428
vt 0.966707 0.462432
vt 0.940055 0.455134
vt 0.966591 0.455148
vt 0.940023 0.449742
vt 0.966560 0.449756
vt 0.533957 0.069935
vt 0.512744 0.032138
vt 0.533141 0.012130
vt 0.940003 0.444317
vt 0.939996 0.437649
vt 0.966532 0.437661
vt 0.966539 0.444330
vt 0.940022 0.431026
vt 0.966558 0.431040
vt 0.940081 0.424706
vt 0.966617 0.424719
vt 0.940170 0.418929
vt 0.966707 0.418941
vt 0.452328 0.835246
vt 0.452327 0.840358
vt 0.425782 0.840360
vt 0.425783 0.835247
vt 0.452326 0.846212
vt 0.425781 0.846213
vt 0.452326 0.852582
vt 0.425781 0.852583
vt 0.509320 0.034475
vt 0.505332 0.035945
vt 0.501052 0.036447
vt 0.496773 0.035946
vt 0.492785 0.034476
vt 0.264446 0.383193
vt 0.268429 0.381720
vt 0.272704 0.381216
vt 0.276978 0.381714
vt 0.280962 0.383180
vt 0.154011 0.978940
vt 0.153959 0.975676
vt 0.180500 0.975202
vt 0.180552 0.978465
vt 0.153893 0.971794
vt 0.180435 0.971320
vt 0.153820 0.967557
vt 0.180361 0.967083
vt 0.153742 0.963254
vt 0.180283 0.962780
vt 0.153666 0.959179
vt 0.180208 0.958705
vt 0.179594 0.903066
vt 0.153053 0.903540
vt 0.317656 0.236922
vt 0.325673 0.236747
vt 0.322946 0.236765
vt 0.320644 0.236795
vt 0.318925 0.236832
vt 0.317906 0.236876
vt 0.545423 0.180784
vt 0.545836 0.180813
vt 0.547008 0.180840
vt 0.548858 0.180862
vt 0.551260 0.180881
vt 0.554051 0.180892
vt 0.317656 0.347874
vt 0.317906 0.347827
vt 0.318925 0.347784
vt 0.320644 0.347746
vt 0.322946 0.347717
vt 0.325673 0.347698
vt 0.545423 0.069824
vt 0.554051 0.069932
vt 0.551260 0.069921
vt 0.548858 0.069902
vt 0.547008 0.069880
vt 0.545836 0.069853
vt 0.213104 0.887918
vt 0.213104 0.778383
vt 0.210321 0.888092
vt 0.210321 0.778555
vt 0.207931 0.888375
vt 0.207931 0.778839
vt 0.227708 0.888458
vt 0.225318 0.888154
vt 0.225318 0.778618
vt 0.227708 0.778922
vt 0.222535 0.887958
vt 0.222535 0.778422
vt 0.901762 0.053656
vt 0.902934 0.050833
vt 0.904799 0.048408
vt 0.907228 0.046548
vt 0.910058 0.045378
vt 0.919205 0.045378
vt 0.922034 0.046547
vt 0.924463 0.048407
vt 0.926327 0.050831
vt 0.927498 0.053653
vt 0.968034 0.860710
vt 0.968034 0.795039
vt 0.965205 0.860713
vt 0.965205 0.795042
vt 0.962776 0.860717
vt 0.962776 0.795047
vt 0.684308 0.398260
vt 0.681843 0.398277
vt 0.681843 0.332610
vt 0.684308 0.332593
vt 0.678992 0.398288
vt 0.678992 0.332621
vt 0.977182 0.795039
vt 0.977182 0.860710
vt 0.980011 0.795042
vt 0.980011 0.860713
vt 0.982440 0.795047
vt 0.982440 0.860717
vt 0.456605 0.085055
vt 0.454135 0.085027
vt 0.454135 0.019364
vt 0.456605 0.019392
vt 0.451281 0.085010
vt 0.451281 0.019347
vt 0.977182 0.880054
vt 0.974146 0.880054
vt 0.980011 0.880057
vt 0.982440 0.880061
vt 0.454135 0.000022
vt 0.456605 0.000050
vt 0.451281 0.000005
vt 0.977182 0.720492
vt 0.980011 0.720495
vt 0.982440 0.720499
vt 0.456605 0.159593
vt 0.454135 0.159565
vt 0.451281 0.159548
vt 0.678992 0.258077
vt 0.681843 0.258066
vt 0.684308 0.258049
vt 0.962776 0.720499
vt 0.965205 0.720495
vt 0.968034 0.720492
vt 0.678992 0.417631
vt 0.681843 0.417621
vt 0.684308 0.417603
vt 0.965205 0.880057
vt 0.962776 0.880061
vt 0.968034 0.880054
vt 0.971070 0.880054
vt 0.977182 0.643328
vt 0.980011 0.643331
vt 0.982440 0.643334
vt 0.456605 0.236749
vt 0.454135 0.236721
vt 0.451281 0.236704
vt 0.678992 0.180915
vt 0.681843 0.180904
vt 0.684308 0.180887
vt 0.962776 0.643334
vt 0.965205 0.643331
vt 0.968034 0.643328
vt 0.968034 0.532363
vt 0.968034 0.462433
vt 0.965205 0.532366
vt 0.965205 0.462436
vt 0.962776 0.532370
vt 0.962776 0.462440
vt 0.684308 0.069927
vt 0.681843 0.069944
vt 0.681843 0.000017
vt 0.684308 0.000000
vt 0.678992 0.069955
vt 0.678992 0.000028
vt 0.451281 0.347656
vt 0.451281 0.417578
vt 0.454135 0.347673
vt 0.454135 0.417595
vt 0.456605 0.347701
vt 0.456605 0.417623
vt 0.982440 0.532370
vt 0.980011 0.532366
vt 0.980011 0.462436
vt 0.982440 0.462440
vt 0.977182 0.532363
vt 0.977182 0.462433
vt 0.617810 0.008346
vt 0.633764 0.008348
vt 0.633764 0.061625
vt 0.617810 0.061623
vt 0.890590 0.462432
vt 0.890590 0.552606
vt 0.881749 0.552606
vt 0.859536 0.534757
vt 0.837311 0.462432
vt 1.000000 0.090174
vt 0.984044 0.090174
vt 0.860544 0.252436
vt 0.849109 0.202685
vt 0.866612 0.180349
vt 0.889915 0.180349
vt 1.000000 0.360697
vt 0.984044 0.360697
vt 0.849251 0.620445
vt 0.860836 0.570693
vt 0.998415 0.570792
vt 0.999175 0.620496
vt 0.983252 0.620492
vt 0.982492 0.570788
vt 1.000000 0.000000
vt 0.984044 0.000000
vt 0.860544 0.108261
vt 0.881188 0.090174
vt 0.889915 0.090174
vt 0.849109 0.158012
vt 0.999958 0.462436
vt 0.998500 0.534851
vt 0.982578 0.534847
vt 0.984035 0.462432
vt 0.218685 0.778332
vt 0.153014 0.778332
vt 0.185575 0.705741
vt 0.951386 0.823129
vt 0.939996 0.823129
vt 0.962776 0.823129
vt 0.169796 0.575056
vt 0.187167 0.525834
vt 0.951386 0.462432
vt 0.939996 0.462432
vt 0.962776 0.462432
vt 0.952823 0.287974
vt 0.964189 0.287977
vt 0.962054 0.360700
vt 0.950688 0.360697
vt 0.939321 0.360694
vt 0.941457 0.287971
vt 0.941561 0.252357
vt 0.940422 0.203207
vt 0.951788 0.203210
vt 0.963155 0.203212
vt 0.964294 0.252364
vt 0.952928 0.252361
vt 0.186917 0.700576
vt 0.187886 0.694534
vt 0.188416 0.688028
vt 0.188470 0.681501
vt 0.188044 0.675397
vt 0.644186 0.520570
vt 0.644606 0.514466
vt 0.644553 0.507938
vt 0.644031 0.501432
vt 0.643074 0.495391
vt 0.188044 0.520570
vt 0.188470 0.514466
vt 0.188416 0.507938
vt 0.187886 0.501432
vt 0.186917 0.495391
vt 0.643074 0.700576
vt 0.644031 0.694534
vt 0.644553 0.688028
vt 0.644606 0.681501
vt 0.644186 0.675397
vt 0.643321 0.670133
vt 0.952928 0.108063
vt 0.941561 0.108059
vt 0.941619 0.102792
vt 0.952985 0.102795
vt 0.941647 0.096686
vt 0.953013 0.096689
vt 0.941643 0.090159
vt 0.953009 0.090162
vt 0.941608 0.083655
vt 0.952975 0.083658
vt 0.941545 0.077618
vt 0.952911 0.077621
vt 0.964294 0.108066
vt 0.964351 0.102798
vt 0.964379 0.096692
vt 0.964376 0.090165
vt 0.964341 0.083662
vt 0.964278 0.077624
vt 0.952985 0.257621
vt 0.941619 0.257618
vt 0.953013 0.263723
vt 0.941647 0.263720
vt 0.953009 0.270251
vt 0.941643 0.270248
vt 0.952975 0.276759
vt 0.941608 0.276756
vt 0.952911 0.282804
vt 0.941545 0.282801
vt 0.964351 0.257624
vt 0.964379 0.263726
vt 0.964376 0.270254
vt 0.964341 0.276762
vt 0.964278 0.282807
vt 0.626173 0.620911
vt 0.861085 0.102972
vt 0.861324 0.096826
vt 0.861246 0.090244
vt 0.860855 0.083673
vt 0.860178 0.077561
vt 0.859262 0.072325
vt 0.860465 0.745569
vt 0.861151 0.739457
vt 0.861547 0.732886
vt 0.861627 0.726303
vt 0.861383 0.720158
vt 0.860178 0.283136
vt 0.860855 0.277025
vt 0.861246 0.270453
vt 0.861324 0.263871
vt 0.861085 0.257725
vt 0.861383 0.565404
vt 0.861627 0.559258
vt 0.861547 0.552676
vt 0.861151 0.546105
vt 0.860465 0.539993
vt 0.982492 0.714962
vt 0.998415 0.714966
vt 0.998379 0.720258
vt 0.982457 0.720253
vt 0.998363 0.726404
vt 0.982441 0.726399
vt 0.998368 0.732986
vt 0.982446 0.732982
vt 0.998394 0.739555
vt 0.982472 0.739551
vt 0.998439 0.745664
vt 0.982517 0.745660
vt 0.982457 0.565501
vt 0.998379 0.565505
vt 0.982441 0.559356
vt 0.998363 0.559361
vt 0.982446 0.552774
vt 0.998368 0.552778
vt 0.982472 0.546201
vt 0.998394 0.546205
vt 0.982517 0.540087
vt 0.998439 0.540091
vt 0.837322 0.000000
vt 0.889915 0.000000
vt 0.848082 0.658575
vt 0.847347 0.650956
vt 0.847096 0.642781
vt 0.847347 0.634605
vt 0.848082 0.626987
vt 0.847955 0.196143
vt 0.847229 0.188524
vt 0.846982 0.180349
vt 0.847229 0.172173
vt 0.847955 0.164555
vt 0.999175 0.665168
vt 0.983252 0.665164
vt 0.983329 0.658617
vt 0.999252 0.658621
vt 0.983377 0.650995
vt 0.999300 0.651000
vt 0.983394 0.642819
vt 0.999316 0.642823
vt 0.983377 0.634645
vt 0.999300 0.634649
vt 0.983329 0.627029
vt 0.999252 0.627033
vt 0.624378 0.614196
vt 0.623249 0.606375
vt 0.622864 0.597983
vt 0.623249 0.589591
vt 0.624378 0.581771
vt 0.167977 0.614196
vt 0.166834 0.606375
vt 0.166444 0.597983
vt 0.166834 0.589591
vt 0.167977 0.581771
vt 0.940422 0.157351
vt 0.951788 0.157355
vt 0.951669 0.164077
vt 0.940303 0.164074
vt 0.951594 0.171902
vt 0.940228 0.171899
vt 0.951568 0.180296
vt 0.940202 0.180293
vt 0.951594 0.188686
vt 0.940228 0.188683
vt 0.951669 0.196501
vt 0.940303 0.196499
vt 0.963155 0.157358
vt 0.963035 0.164080
vt 0.962960 0.171905
vt 0.962935 0.180299
vt 0.962960 0.188689
vt 0.963035 0.196505
vt 0.334517 0.835234
vt 0.329615 0.834822
vt 0.324204 0.833613
vt 0.318654 0.831687
vt 0.313343 0.829177
vt 0.308633 0.826254
vt 0.080243 0.008988
vt 0.084951 0.006065
vt 0.090260 0.003557
vt 0.095808 0.001632
vt 0.101217 0.000422
vt 0.536930 0.008992
vt 0.541640 0.006069
vt 0.546951 0.003559
vt 0.552501 0.001633
vt 0.557912 0.000422
vt 0.329513 0.417200
vt 0.324104 0.415991
vt 0.318556 0.414068
vt 0.313248 0.411560
vt 0.308541 0.408639
vt 0.180563 0.848809
vt 0.207104 0.849306
vt 0.180552 0.843330
vt 0.207092 0.843827
vt 0.180555 0.837666
vt 0.207096 0.838163
vt 0.180573 0.832201
vt 0.207113 0.832698
vt 0.180604 0.827309
vt 0.207145 0.827806
vt 0.153104 0.929960
vt 0.179646 0.929486
vt 0.153056 0.925068
vt 0.179597 0.924594
vt 0.153025 0.919604
vt 0.179566 0.919129
vt 0.153014 0.913939
vt 0.179555 0.913464
vt 0.153024 0.908460
vt 0.179564 0.907985
# 1870 texture coordinates

vn 0.000000 0.000000 1.000000
vn 0.687792 0.725908 0.000000
vn 0.570074 0.821594 0.000000
vn 0.130528 0.000000 -0.991445
vn 0.000000 0.000000 -1.000000
vn 0.130528 0.000000 0.991445
vn -0.000000 -0.999808 -0.019598
vn -0.374332 -0.926883 -0.027643
vn -0.368723 -0.929135 -0.027432
vn 0.991445 0.000000 0.130528
vn 0.991445 0.000000 -0.130528
vn 0.977489 -0.210985 0.000000
vn 0.995616 -0.093532 0.000000
vn -0.977489 -0.210985 0.000000
vn -0.995616 -0.093532 0.000000
vn -0.027205 -0.010471 -0.999575
vn -0.012433 0.004854 -0.999911
vn -0.020412 0.007788 -0.999761
vn -0.035092 0.018015 -0.999222
vn -0.016176 -0.021803 -0.999631
vn 0.954821 0.297180 0.000000
vn -0.686838 -0.726321 -0.026684
vn -0.683102 -0.729826 -0.026945
vn 0.631859 0.775083 0.000000
vn 0.000000 -1.000000 0.000000
vn -0.075946 -0.997112 -0.000361
vn -0.280169 -0.959951 0.000000
vn -0.075492 -0.997146 -0.000363
vn 0.000000 1.000000 -0.000000
vn 0.086946 0.995451 0.038950
vn 0.074206 0.997243 0.000000
vn -0.687791 0.725908 0.000000
vn -0.570074 0.821594 0.000000
vn -0.074207 0.997243 0.000000
vn -0.792273 0.610167 0.000000
vn 0.368723 -0.929135 -0.027432
vn 0.374332 -0.926883 -0.027643
vn -0.997860 0.000000 -0.065394
vn -0.997860 0.000000 0.065394
vn 0.012433 0.004854 -0.999911
vn 0.020412 0.007788 -0.999761
vn 0.006559 -0.001371 -0.999978
vn -0.954821 0.297180 0.000000
vn 0.027243 -0.010506 -0.999574
vn 0.016228 -0.021852 -0.999629
vn 0.035092 0.018015 -0.999222
vn 0.683102 -0.729826 -0.026945
vn 0.686838 -0.726321 -0.026684
vn -0.631859 0.775083 0.000000
vn 0.075946 -0.997112 -0.000361
vn 0.075492 -0.997146 -0.000363
vn 0.280169 -0.959951 0.000000
vn -0.005331 -0.015187 -0.999871
vn -0.001900 -0.021429 -0.999769
vn -0.006150 -0.032814 -0.999443
vn 0.792271 0.610170 0.000000
vn 0.006247 -0.032908 -0.999439
vn 0.001998 -0.021521 -0.999766
vn 0.005367 -0.015221 -0.999870
vn -0.065397 0.000000 0.997859
vn -0.086946 0.995451 0.038947
vn 0.086946 0.995451 -0.038950
vn 0.037219 0.000000 -0.999307
vn -0.065397 0.000000 -0.997859
vn -0.086945 0.995452 -0.038948
vn 0.000000 0.912418 -0.409259
vn 0.000000 0.943451 -0.331511
vn 0.074469 0.000000 -0.997223
vn -1.000000 0.000000 0.000000
vn 1.000000 0.000000 0.000000
vn 0.999220 0.000000 0.039495
vn 0.995830 0.000000 -0.091229
vn -0.639837 0.768510 0.000000
vn -0.698476 0.715634 0.000000
vn -0.013074 -0.000001 0.999915
vn -0.013302 -0.002002 0.999910
vn -0.000561 -0.000561 1.000000
vn 0.037219 0.000000 0.999307
vn 0.043618 -0.999048 0.000000
vn 0.984488 0.175454 0.000000
vn 0.866545 0.499099 0.000000
vn -0.439125 0.898426 -0.000144
vn -0.130377 0.991464 -0.000689
vn -0.130546 0.991442 -0.000689
vn 0.194260 0.980948 -0.001850
vn 0.193999 0.981000 -0.001849
vn 0.496256 0.868169 -0.003509
vn 0.496056 0.868283 -0.003508
vn 0.688070 0.725610 -0.007129
vn 0.688040 0.725638 -0.007127
vn -0.245011 0.969520 0.000000
vn -0.117458 0.993078 0.000000
vn 0.140590 0.990068 0.000000
vn 0.388290 0.921537 0.000000
vn 0.610336 0.792143 0.000000
vn 0.754248 0.656590 0.000000
vn 0.997810 -0.066152 0.000000
vn 0.984809 -0.173639 0.000000
vn 0.939695 -0.342014 0.000000
vn 0.866025 -0.500001 0.000000
vn 0.766042 -0.642791 0.000000
vn 0.642786 -0.766046 0.000000
vn 0.499999 -0.866026 0.000000
vn 0.342025 -0.939691 0.000000
vn 0.173651 -0.984807 0.000000
vn 0.007693 0.014292 0.999868
vn 0.079553 0.156018 0.984545
vn 0.012544 0.027733 0.999537
vn 0.215958 0.496267 0.840882
vn 0.469342 0.882378 0.033575
vn 0.273635 0.948218 0.161265
vn 0.273635 0.948218 -0.161265
vn 0.469342 0.882378 -0.033575
vn 0.215958 0.496267 -0.840882
vn 0.079553 0.156018 -0.984545
vn 0.664170 0.747582 0.000000
vn 0.000000 0.004470 -0.999990
vn -0.273632 0.948219 0.161265
vn -0.469343 0.882378 0.033575
vn -0.215958 0.496270 0.840879
vn -0.079566 0.156040 0.984541
vn -0.012545 0.027734 0.999537
vn -0.007695 0.014295 0.999868
vn -0.079527 0.155971 -0.984555
vn -0.215958 0.496270 -0.840879
vn -0.469343 0.882378 -0.033575
vn -0.273632 0.948219 -0.161265
vn -0.664176 0.747576 0.000000
vn -0.739859 -0.672540 -0.017286
vn -0.741266 -0.670988 -0.017333
vn -0.006559 -0.001371 -0.999978
vn -0.018808 -0.004234 -0.999814
vn -0.030044 0.011988 -0.999477
vn 0.055108 -0.998479 -0.001773
vn 0.056242 -0.998416 -0.001790
vn 0.039680 0.030489 -0.998747
vn 0.030044 0.011988 -0.999477
vn -0.030114 -0.002345 -0.999544
vn -0.039680 0.030489 -0.998747
vn 0.018808 -0.004234 -0.999814
vn 0.040459 0.022090 -0.998937
vn 0.038499 0.008539 -0.999222
vn 0.030114 -0.002345 -0.999544
vn 0.739859 -0.672540 -0.017286
vn 0.741266 -0.670988 -0.017333
vn 0.608432 -0.793496 -0.013236
vn 0.605824 -0.795489 -0.013160
vn 0.430919 -0.902351 -0.008405
vn 0.428552 -0.903479 -0.008345
vn 0.234739 -0.972048 -0.004521
vn 0.232427 -0.972603 -0.004486
vn -0.038499 0.008539 -0.999222
vn -0.040459 0.022090 -0.998937
vn -0.055108 -0.998479 -0.001773
vn -0.056242 -0.998416 -0.001790
vn -0.234739 -0.972048 -0.004521
vn -0.232427 -0.972603 -0.004486
vn -0.430919 -0.902351 -0.008405
vn -0.428552 -0.903479 -0.008345
vn -0.608432 -0.793496 -0.013236
vn -0.605824 -0.795489 -0.013160
vn -0.574496 -0.818507 0.000000
vn -0.857402 -0.514648 0.000000
vn 0.857402 -0.514648 0.000000
vn 0.574496 -0.818507 0.000000
vn 0.669401 0.742695 -0.017507
vn 0.634283 0.772923 -0.016588
vn -0.260034 -0.390046 0.883316
vn -0.260034 -0.390046 -0.883316
vn 0.500002 0.000000 -0.866024
vn 0.866025 0.000000 -0.500001
vn 0.500002 0.000000 0.866024
vn 0.866025 0.000000 0.500001
vn 0.743130 0.669074 -0.009844
vn 0.037489 0.000000 0.999297
vn 0.025657 0.001159 0.999670
vn 0.013301 0.002001 0.999910
vn 0.013072 0.000000 0.999915
vn 0.026144 -0.000000 0.999658
vn 0.049040 -0.998796 -0.001283
vn -0.670108 0.742056 0.017525
vn -0.688262 0.725239 0.017999
vn 0.000562 0.000562 1.000000
vn -0.026144 0.000001 -0.999658
vn -0.522045 0.852809 0.013651
vn -0.306359 0.951883 0.008011
vn 0.016685 0.999861 -0.000436
vn 0.409333 0.912322 -0.010704
vn 0.735680 0.677056 -0.019239
vn 0.914568 0.403725 -0.023919
vn 0.983936 0.176655 -0.025735
vn 0.998887 0.039278 -0.026126
vn -0.013074 -0.000001 -0.999915
vn -0.013302 -0.002002 -0.999910
vn -0.025659 -0.001160 -0.999670
vn 0.998454 -0.049069 -0.026114
vn 0.980450 -0.195090 -0.025641
vn 0.923565 -0.382680 -0.024155
vn 0.831185 -0.555570 -0.021739
vn 0.706863 -0.707109 -0.018485
vn 0.555384 -0.831468 -0.014523
vn 0.382557 -0.923878 -0.010004
vn 0.195014 -0.980787 -0.005100
vn -0.458087 0.888827 0.011980
vn -0.232588 0.972556 0.006083
vn 0.232586 0.972557 -0.006083
vn 0.458084 0.888828 -0.011980
vn 0.041346 0.999144 -0.001081
vn 0.042682 0.999088 -0.001116
vn -0.012995 0.401752 0.915656
vn -0.016494 0.400849 -0.915996
vn -0.251262 -0.347751 0.903292
vn -0.282737 -0.337085 -0.898016
vn 0.971876 0.000000 0.235493
vn 0.875591 0.000000 0.483054
vn 0.716290 0.000000 0.697802
vn 0.505780 0.000000 0.862663
vn 0.260823 0.000000 0.965387
vn 0.256696 0.000000 -0.966492
vn 0.494071 0.000000 -0.869422
vn 0.697797 0.000000 -0.716295
vn 0.856209 0.000000 -0.516630
vn 0.959452 0.000000 -0.281872
vn -0.965923 0.000000 -0.258828
vn -0.866020 0.000000 -0.500010
vn -0.707112 0.000000 -0.707101
vn -0.500002 0.000000 -0.866024
vn -0.258815 0.000000 -0.965927
vn -0.965923 0.000000 0.258828
vn -0.866020 0.000000 0.500010
vn -0.707112 0.000000 0.707102
vn -0.500002 0.000000 0.866024
vn -0.258815 0.000000 0.965927
vn 0.000000 0.955883 -0.293748
vn 0.000000 0.972087 -0.234620
vn 0.000000 -0.999808 0.019598
vn -0.368723 -0.929135 0.027432
vn -0.374332 -0.926883 0.027643
vn -0.027205 -0.010471 0.999575
vn -0.016176 -0.021803 0.999631
vn -0.035092 0.018015 0.999222
vn -0.020412 0.007788 0.999761
vn -0.012433 0.004854 0.999911
vn -0.683102 -0.729826 0.026945
vn -0.686838 -0.726321 0.026684
vn -0.075946 -0.997112 0.000361
vn -0.075492 -0.997146 0.000363
vn 0.374332 -0.926883 0.027643
vn 0.368723 -0.929135 0.027432
vn 0.012433 0.004854 0.999911
vn 0.006559 -0.001371 0.999978
vn 0.020412 0.007788 0.999761
vn 0.027243 -0.010506 0.999574
vn 0.035092 0.018015 0.999222
vn 0.016228 -0.021852 0.999629
vn 0.686838 -0.726321 0.026684
vn 0.683102 -0.729826 0.026945
vn 0.075946 -0.997112 0.000361
vn 0.075492 -0.997146 0.000363
vn -0.006150 -0.032814 0.999443
vn -0.001900 -0.021429 0.999769
vn -0.005331 -0.015187 0.999871
vn 0.005367 -0.015221 0.999870
vn 0.001998 -0.021521 0.999766
vn 0.006247 -0.032908 0.999439
vn -0.086946 0.995451 -0.038947
vn -0.086945 0.995452 0.038948
vn 0.074469 0.000000 0.997223
vn 0.999220 0.000000 -0.039495
vn 0.995830 0.000000 0.091229
vn -0.439125 0.898426 0.000144
vn -0.130546 0.991442 0.000689
vn -0.130377 0.991464 0.000689
vn 0.193999 0.981000 0.001849
vn 0.194260 0.980948 0.001850
vn 0.496056 0.868283 0.003508
vn 0.496256 0.868169 0.003509
vn 0.688040 0.725638 0.007127
vn 0.688070 0.725610 0.007129
vn 0.007693 0.014292 -0.999868
vn 0.012544 0.027733 -0.999537
vn 0.000000 0.004470 0.999990
vn -0.012545 0.027734 -0.999537
vn -0.079566 0.156040 -0.984541
vn -0.007695 0.014295 -0.999868
vn -0.079527 0.155971 0.984555
vn -0.741266 -0.670988 0.017333
vn -0.739859 -0.672540 0.017286
vn -0.006559 -0.001371 0.999978
vn -0.030044 0.011988 0.999477
vn -0.018808 -0.004234 0.999814
vn 0.056242 -0.998416 0.001790
vn 0.055108 -0.998479 0.001773
vn 0.030044 0.011988 0.999477
vn 0.039680 0.030489 0.998747
vn -0.030114 -0.002345 0.999544
vn -0.039680 0.030489 0.998747
vn 0.018808 -0.004234 0.999814
vn 0.040459 0.022090 0.998937
vn 0.038499 0.008539 0.999222
vn 0.030114 -0.002345 0.999544
vn 0.739859 -0.672540 0.017286
vn 0.605824 -0.795489 0.013160
vn 0.608432 -0.793496 0.013236
vn 0.741266 -0.670988 0.017333
vn 0.428552 -0.903479 0.008345
vn 0.430919 -0.902351 0.008405
vn 0.232427 -0.972603 0.004486
vn 0.234739 -0.972048 0.004521
vn -0.038499 0.008539 0.999222
vn -0.040459 0.022090 0.998937
vn -0.055108 -0.998479 0.001773
vn -0.232427 -0.972603 0.004486
vn -0.234739 -0.972048 0.004521
vn -0.056242 -0.998416 0.001790
vn -0.428552 -0.903479 0.008345
vn -0.430919 -0.902351 0.008405
vn -0.605825 -0.795489 0.013160
vn -0.608432 -0.793496 0.013236
vn 0.669404 0.742692 0.017507
vn 0.634283 0.772923 0.016588
vn 0.743130 0.669074 0.009844
vn 0.037489 0.000000 -0.999297
vn 0.013301 0.002001 -0.999910
vn 0.025657 0.001159 -0.999670
vn 0.026144 -0.000000 -0.999658
vn 0.013072 0.000000 -0.999915
vn 0.049040 -0.998796 0.001283
vn -0.670108 0.742056 -0.017525
vn -0.688262 0.725239 -0.017999
vn 0.000562 0.000562 -1.000000
vn -0.026144 0.000001 0.999658
vn -0.522045 0.852809 -0.013651
vn -0.306359 0.951883 -0.008011
vn 0.016685 0.999861 0.000436
vn 0.409333 0.912322 0.010704
vn 0.735680 0.677056 0.019239
vn 0.914568 0.403725 0.023919
vn 0.983936 0.176655 0.025735
vn 0.998887 0.039278 0.026126
vn -0.025659 -0.001160 0.999670
vn 0.998454 -0.049069 0.026114
vn 0.980450 -0.195090 0.025641
vn 0.923565 -0.382680 0.024155
vn 0.831185 -0.555570 0.021739
vn 0.706863 -0.707109 0.018485
vn 0.555384 -0.831468 0.014523
vn 0.382557 -0.923878 0.010004
vn 0.195014 -0.980787 0.005100
vn -0.458087 0.888827 -0.011980
vn -0.232588 0.972556 -0.006083
vn 0.232586 0.972557 0.006083
vn 0.458084 0.888828 0.011980
vn 0.041346 0.999144 0.001081
vn 0.042682 0.999088 0.001116
vn -0.012995 0.401752 -0.915656
vn -0.016494 0.400849 0.915996
vn -0.251262 -0.347751 -0.903292
vn -0.282737 -0.337085 0.898016
vn 0.971876 0.000000 -0.235493
vn 0.875591 0.000000 -0.483054
vn 0.716290 0.000000 -0.697802
vn 0.505780 0.000000 -0.862663
vn 0.260823 0.000000 -0.965387
vn 0.256696 0.000000 0.966492
vn 0.494071 0.000000 0.869422
vn 0.697797 0.000000 0.716295
vn 0.856209 0.000000 0.516630
vn 0.959452 0.000000 0.281872
vn 0.000000 0.986251 -0.165254
vn 0.000000 0.979508 -0.201405
vn 0.000000 0.955883 0.293748
vn 0.000000 0.972087 0.234620
vn 0.000000 0.943451 0.331511
vn 0.000000 0.912418 0.409259
vn 0.000000 0.968410 -0.249363
vn 0.000000 0.954795 -0.297265
vn 0.000000 0.968410 0.249363
vn 0.000000 0.993127 0.117042
vn 0.000000 0.999528 0.030716
vn 0.000000 0.999001 -0.044695
vn 0.000000 0.992793 -0.119844
vn 0.000000 0.978712 -0.205240
vn 0.000000 0.993127 -0.117042
vn 0.000000 0.999528 -0.030716
vn 0.000000 0.999001 0.044695
vn 0.000000 0.992793 0.119844
vn 0.000000 0.978712 0.205240
vn 0.000000 0.986251 0.165254
vn 0.000000 0.997456 0.071288
vn 0.000000 0.999907 0.013678
vn 0.000000 0.999347 -0.036142
vn 0.000000 0.996307 -0.085861
vn 0.000000 0.989705 -0.143124
vn 0.000000 0.997456 -0.071288
vn 0.000000 0.999907 -0.013678
vn 0.000000 0.999347 0.036142
vn 0.000000 0.996307 0.085861
vn 0.000000 0.989705 0.143124
vn 0.000000 0.979508 0.201405
vn 0.000000 0.990701 0.136054
vn 0.000000 0.997990 0.063364
vn 0.000000 0.997990 -0.063364
vn 0.000000 0.990701 -0.136054
vn 0.000000 0.954795 0.297265
vn 0.000000 0.979099 0.203382
vn 0.000000 0.995415 0.095652
vn 0.000000 0.995415 -0.095652
vn 0.000000 0.979099 -0.203382
vn -0.000561 -0.000561 -1.000000
vn -0.003614 -0.003305 -0.999988
vn -0.008614 -0.006611 -0.999941
vn -0.013630 -0.008318 -0.999873
vn -0.018594 -0.007988 -0.999795
vn -0.023100 -0.004983 -0.999721
vn 0.023099 0.004984 0.999721
vn 0.018595 0.007990 0.999795
vn 0.013649 0.008320 0.999872
vn 0.008596 0.006594 0.999941
vn 0.003609 0.003302 0.999988
vn -0.023100 -0.004983 0.999721
vn -0.018594 -0.007988 0.999795
vn -0.013630 -0.008318 0.999873
vn -0.008614 -0.006611 0.999941
vn -0.003614 -0.003305 0.999988
vn 0.003609 0.003302 -0.999988
vn 0.008596 0.006594 -0.999941
vn 0.013649 0.008320 -0.999872
vn 0.018595 0.007990 -0.999795
vn 0.023099 0.004984 -0.999721
vn 0.152447 0.988304 -0.003987
vn 0.150581 0.988590 -0.003938
vn 0.274171 0.961654 -0.007170
vn 0.272927 0.962008 -0.007138
vn 0.378543 0.925531 -0.009900
vn 0.377649 0.925896 -0.009876
vn 0.478332 0.878090 -0.012510
vn 0.477682 0.878444 -0.012493
vn 0.583954 0.811643 -0.015273
vn 0.583556 0.811930 -0.015262
vn 0.583955 0.811642 0.015271
vn 0.583557 0.811929 0.015261
vn 0.478329 0.878092 0.012509
vn 0.477679 0.878446 0.012492
vn 0.378543 0.925531 0.009900
vn 0.377650 0.925896 0.009876
vn 0.274171 0.961654 0.007170
vn 0.272927 0.962008 0.007138
vn 0.152447 0.988304 0.003987
vn 0.150581 0.988590 0.003938
# 450 normals

usemtl Material
f 24/1/1 3/2/1 49/3/1 50/4/1
f 1/5/2 12/6/3 11/7/3 2/8/2
f 202/9/4 33/10/5 54/11/5 216/12/4
f 10/13/1 198/14/6 211/15/6 46/16/1
f 4/17/1 7/18/1 35/19/1 36/20/1
f 4/21/7 6/22/7 9/23/8 7/24/9
f 207/25/10 220/26/11 230/27/11 224/28/10
f 184/29/12 188/30/12 32/31/13 29/32/13
f 27/33/5 185/34/5 184/35/5 29/36/5 30/37/5
f 173/38/14 15/39/15 18/40/15 179/41/14
f 2/42/16 11/43/17 139/44/18 138/45/19 9/46/20
f 14/47/21 17/48/21 16/49/21 13/50/21
f 9/23/8 138/51/22 140/52/23 7/24/9
f 7/18/1 140/53/1 142/54/1 12/55/1 1/56/1
f 12/6/3 14/57/24 13/58/24 11/7/3
f 18/59/25 15/60/25 16/61/25 17/62/25
f 142/54/1 141/63/1 178/64/1 180/65/1 14/66/1 12/55/1
f 137/67/26 174/68/27 178/69/27 141/70/28
f 180/65/1 179/71/1 18/72/1 17/73/1 14/66/1
f 199/74/29 198/75/29 10/76/29 35/77/29 115/78/30 114/79/31
f 19/80/32 20/81/32 25/82/33 26/83/33
f 332/84/29 331/85/29 338/86/29 340/87/29 132/88/34 125/89/34
f 19/90/32 126/91/35 131/92/35 20/93/32
f 4/17/1 36/20/1 38/94/1 21/95/1
f 4/21/7 21/96/36 23/97/37 6/22/7
f 353/98/38 347/99/39 423/100/39 417/101/38
f 25/102/40 145/103/41 144/104/42 183/105/5 185/34/5 27/33/5
f 21/95/1 19/106/1 26/107/1 149/108/1 148/109/1
f 28/110/43 27/111/43 30/112/43 31/113/43
f 20/114/44 23/115/45 143/116/46 145/103/41 25/102/40
f 23/97/37 21/96/36 148/117/47 143/118/48
f 26/83/33 25/82/33 27/119/49 28/120/49
f 32/121/25 31/122/25 30/123/25 29/124/25
f 147/125/1 149/108/1 26/107/1 28/126/1 190/127/1 189/128/1
f 144/129/50 147/130/51 189/131/52 183/132/52
f 188/133/1 190/127/1 28/126/1 31/134/1 32/135/1
f 34/136/29 33/137/29 8/138/29 5/139/29
f 2/42/16 9/46/20 8/140/53 121/141/54 120/142/55
f 1/143/2 2/144/2 120/145/56 113/146/56
f 10/76/29 3/147/29 36/148/29 35/77/29
f 37/149/29 34/136/29 5/139/29 22/150/29
f 20/114/44 131/151/57 133/152/58 22/153/59 23/115/45
f 330/154/60 24/1/1 50/4/1 368/155/60
f 3/147/29 24/156/29 38/157/29 36/148/29
f 34/158/5 37/159/5 56/160/5 53/161/5
f 24/156/29 330/162/29 332/84/29 125/89/34 127/163/61 38/157/29
f 346/164/60 42/165/1 239/166/1 424/167/60
f 360/168/60 51/169/1 60/170/1 388/171/60
f 60/170/1 59/172/1 40/173/1 42/165/1
f 204/174/29 203/175/29 197/176/29 199/74/29 114/79/31 119/177/31
f 33/10/5 34/158/5 53/161/5 54/11/5
f 33/137/29 202/178/29 204/174/29 119/177/31 121/179/62 8/138/29
f 3/2/1 10/13/1 46/16/1 49/3/1
f 303/180/63 39/181/5 433/182/5 322/183/63
f 41/184/5 354/185/64 416/186/64 432/187/5
f 340/87/29 339/188/29 37/149/29 22/150/29 133/189/65 132/88/34
f 37/159/5 339/190/64 374/191/64 56/160/5
f 52/192/66 55/193/66 892/194/67 885/195/67 876/196/67 57/197/66
f 52/198/5 57/199/5 382/200/64 396/201/64 62/202/5 61/203/5 231/204/68 219/205/4 55/206/5
f 208/207/6 47/208/1 46/16/1 211/15/6
f 47/208/1 48/209/1 49/3/1 46/16/1
f 361/210/39 381/211/38 375/212/38 367/213/39
f 417/101/38 423/100/39 402/214/39 410/215/38
f 381/211/38 361/210/39 389/216/39 395/217/38
f 488/218/69 873/219/69 901/220/69 900/221/69 489/222/69
f 47/208/1 208/207/6 223/223/6 58/224/1
f 48/209/1 51/169/1 50/4/1 49/3/1
f 314/225/25 313/226/25 321/227/25 324/228/25 240/229/25 241/230/25
f 871/231/25 872/232/25 44/233/25 43/234/25
f 872/232/25 870/235/25 45/236/25 44/233/25
f 55/237/70 54/238/70 871/239/70 893/240/70 892/241/70
f 220/26/11 207/25/10 212/242/10 215/243/11
f 55/206/5 219/205/4 216/12/4 54/11/5
f 294/244/71 304/245/72 321/246/72 313/247/71
f 51/169/1 360/168/60 368/155/60 50/4/1
f 48/209/1 47/208/1 58/224/1 59/172/1
f 51/169/1 48/209/1 59/172/1 60/170/1
f 382/200/64 57/199/5 56/160/5 374/191/64
f 74/248/73 67/249/73 64/250/74 65/251/74
f 755/252/75 1011/253/76 1010/254/77 863/255/1 865/256/1 754/257/78
f 80/258/1 86/259/1 65/260/1 64/261/1
f 225/262/25 224/263/25 230/264/25 233/265/25 94/266/79 103/267/79
f 63/268/80 66/269/80 87/270/81 79/271/81
f 67/272/73 74/273/73 78/274/82 69/275/82
f 69/275/82 78/274/82 77/276/83 70/277/84
f 70/277/84 77/276/83 76/278/85 71/279/86
f 71/279/86 76/278/85 75/280/87 72/281/88
f 72/281/88 75/280/87 73/282/89 68/283/90
f 67/284/1 69/285/1 70/286/1 71/287/1 72/288/1 68/289/1 297/290/1 296/291/1 226/292/1 225/293/1 103/294/1 105/295/1 106/296/1 107/297/1 108/298/1 109/299/1 110/300/1 111/301/1 112/302/1 104/303/1 63/304/1 79/305/1 81/306/1 82/307/1 83/308/1 84/309/1 85/310/1 80/311/1 64/312/1
f 86/313/91 80/314/91 85/315/92 88/316/92
f 88/316/92 85/315/92 84/317/93 89/318/93
f 89/318/93 84/317/93 83/319/94 90/320/94
f 90/320/94 83/319/94 82/321/95 91/322/95
f 91/322/95 82/321/95 81/323/96 92/324/96
f 92/325/96 81/326/96 79/271/81 87/270/81
f 93/327/97 104/328/97 112/329/98 95/330/98
f 95/330/98 112/329/98 111/331/99 96/332/99
f 96/332/99 111/331/99 110/333/100 97/334/100
f 97/334/100 110/333/100 109/335/101 98/336/101
f 98/336/101 109/335/101 108/337/102 99/338/102
f 99/339/102 108/340/102 107/341/103 100/342/103
f 100/342/103 107/341/103 106/343/104 101/344/104
f 101/344/104 106/343/104 105/345/105 102/346/105
f 102/346/105 105/345/105 103/267/79 94/266/79
f 104/328/97 93/327/97 66/269/80 63/268/80
f 113/347/106 116/348/107 115/349/108
f 116/348/107 117/350/109 115/349/108
f 117/351/110 118/352/111 115/78/30
f 118/352/111 114/79/31 115/78/30
f 119/177/31 122/353/112 121/179/62
f 122/353/112 123/354/113 121/179/62
f 123/355/114 124/356/115 121/141/54
f 124/356/115 120/142/55 121/141/54
f 113/357/56 120/358/56 124/359/116 116/360/116
f 116/360/116 124/359/116 123/354/113 117/351/110
f 117/351/110 123/354/113 122/353/112 118/352/111
f 118/352/111 122/353/112 119/177/31 114/79/31
f 7/18/1 1/56/1 113/347/106 115/349/108 35/19/1
f 9/46/20 6/361/117 23/115/45 22/153/59 5/362/117 8/140/53
f 125/89/34 128/363/118 127/163/61
f 128/363/118 129/364/119 127/163/61
f 129/365/120 130/366/121 127/367/122
f 130/366/121 126/368/123 127/367/122
f 131/151/57 134/369/124 133/152/58
f 134/369/124 135/370/125 133/152/58
f 135/371/126 136/372/127 133/189/65
f 136/372/127 132/88/34 133/189/65
f 125/89/34 132/88/34 136/372/127 128/363/118
f 128/363/118 136/372/127 135/371/126 129/364/119
f 129/364/119 135/371/126 134/373/128 130/374/128
f 130/375/128 134/376/128 131/92/35 126/91/35
f 21/95/1 38/94/1 127/367/122 126/368/123 19/106/1
f 140/377/23 138/378/22 146/379/129 167/380/130
f 137/381/131 150/382/132 163/383/133 139/44/18
f 169/384/1 168/385/1 141/63/1 142/54/1
f 147/130/51 144/129/50 152/386/134 157/387/135
f 143/116/46 151/388/136 153/389/137 145/103/41
f 159/390/1 158/391/1 148/109/1 149/108/1
f 150/382/132 164/392/138 163/383/133
f 140/53/1 167/393/1 169/384/1 142/54/1
f 163/383/133 146/394/139 138/45/19 139/44/18
f 147/125/1 157/395/1 159/390/1 149/108/1
f 153/389/137 152/396/140 144/104/42 145/103/41
f 13/397/5 16/398/5 15/399/5 173/400/5 175/401/5
f 151/388/136 154/402/141 153/389/137
f 154/402/141 155/403/142 153/389/137
f 155/403/142 156/404/143 153/389/137
f 156/404/143 152/396/140 153/389/137
f 157/395/1 160/405/1 159/390/1
f 160/405/1 161/406/1 159/390/1
f 161/406/1 162/407/1 159/390/1
f 162/407/1 158/391/1 159/390/1
f 151/408/144 158/409/145 162/410/146 154/411/147
f 154/412/147 162/413/146 161/414/148 155/415/149
f 155/415/149 161/414/148 160/416/150 156/417/151
f 156/417/151 160/416/150 157/387/135 152/386/134
f 158/409/145 151/408/144 143/418/48 148/419/47
f 164/392/138 165/420/152 163/383/133
f 165/420/152 166/421/153 163/383/133
f 166/421/153 146/394/139 163/383/133
f 167/393/1 170/422/1 169/384/1
f 170/422/1 171/423/1 169/384/1
f 171/423/1 172/424/1 169/384/1
f 172/424/1 168/385/1 169/384/1
f 150/425/154 168/426/155 172/427/156 164/428/157
f 164/428/157 172/427/156 171/429/158 165/430/159
f 165/430/159 171/429/158 170/431/160 166/432/161
f 166/432/161 170/431/160 167/433/130 146/434/129
f 168/426/155 150/425/154 137/67/26 141/70/28
f 173/400/5 176/435/5 175/401/5
f 176/435/5 177/436/5 175/401/5
f 177/436/5 174/437/5 175/401/5
f 178/64/1 181/438/1 180/65/1
f 181/438/1 182/439/1 180/65/1
f 182/439/1 179/71/1 180/65/1
f 183/105/5 186/440/5 185/34/5
f 186/440/5 187/441/5 185/34/5
f 187/441/5 184/35/5 185/34/5
f 188/133/1 191/442/1 190/127/1
f 191/442/1 192/443/1 190/127/1
f 192/443/1 189/128/1 190/127/1
f 178/69/27 174/68/27 177/444/162 181/445/162
f 181/446/162 177/447/162 176/448/163 182/449/163
f 182/449/163 176/448/163 173/38/14 179/41/14
f 188/30/12 184/29/12 187/450/164 191/451/164
f 191/451/164 187/450/164 186/452/165 192/453/165
f 192/454/165 186/455/165 183/132/52 189/131/52
f 11/43/17 13/397/5 175/401/5 174/437/5 137/381/131 139/44/18
f 424/167/60 239/166/1 196/456/1 403/457/60
f 994/458/166 1001/459/166 287/460/167 278/461/167
f 402/462/29 404/463/29 405/464/29 406/465/29 407/466/29 408/467/29 403/468/29 196/469/29 194/470/29 431/471/29 430/472/29 409/473/29 411/474/29 412/475/29 413/476/29 414/477/29 415/478/29 410/479/29
f 237/480/69 195/481/69 930/482/69 932/483/69 867/484/69
f 239/166/1 236/485/1 194/486/1 196/456/1
f 432/187/5 416/186/64 409/487/64 430/488/5
f 197/176/29 200/489/29 199/74/29
f 200/489/29 201/490/29 199/74/29
f 201/490/29 198/75/29 199/74/29
f 202/178/29 205/491/29 204/174/29
f 205/491/29 206/492/29 204/174/29
f 206/492/29 203/175/29 204/174/29
f 223/223/168 228/493/168 229/494/168 224/495/168 225/293/168 226/292/168 227/496/168
f 230/497/169 234/498/169 235/499/169 231/204/169 232/500/169 233/501/169
f 216/12/4 219/205/4 221/502/170 218/503/170
f 218/504/170 221/505/170 222/506/171 217/507/171
f 217/507/171 222/506/171 220/26/11 215/243/11
f 208/207/6 211/15/6 213/508/172 210/509/172
f 210/510/172 213/511/172 214/512/173 209/513/173
f 209/513/173 214/512/173 212/242/10 207/25/10
f 223/223/6 208/207/6 210/509/172 228/493/172
f 228/514/172 210/510/172 209/513/173 229/515/173
f 229/515/173 209/513/173 207/25/10 224/28/10
f 197/516/10 212/242/10 214/512/173 200/517/173
f 200/517/173 214/512/173 213/511/172 201/518/172
f 201/519/172 213/508/172 211/15/6 198/14/6
f 202/9/4 216/12/4 218/503/170 205/520/170
f 205/521/170 218/504/170 217/507/171 206/522/171
f 206/522/171 217/507/171 215/243/11 203/523/11
f 219/205/4 231/204/68 235/499/170 221/502/170
f 221/505/170 235/524/170 234/525/171 222/506/171
f 222/506/171 234/525/171 230/27/11 220/26/11
f 197/516/10 203/523/11 215/243/11 212/242/10
f 388/171/60 60/170/1 42/165/1 346/164/60
f 42/165/1 40/173/1 236/485/1 239/166/1
f 306/526/5 305/527/5 73/528/5 75/529/5 76/530/5 77/531/5 78/532/5 74/533/5 65/534/5 86/535/5 88/536/5 89/537/5 90/538/5 91/539/5 92/540/5 87/541/5 66/542/5 93/543/5 95/544/5 96/545/5 97/546/5 98/547/5 99/548/5 100/549/5 101/550/5 102/551/5 94/552/5 233/501/5 232/500/5
f 39/181/5 41/184/5 432/187/5 433/182/5
f 395/217/38 389/216/39 347/99/39 353/98/38
f 68/283/90 73/282/89 305/553/174 304/554/174 294/555/174 297/556/174
f 59/172/1 227/496/1 226/292/1 296/291/1 295/557/175 40/173/1
f 39/181/5 303/180/63 306/526/5 232/500/5 231/204/68 61/203/5 62/202/5 396/201/64 354/185/64 41/184/5
f 1001/558/176 1003/559/177 315/560/178 314/561/179 241/562/179 288/563/179 287/564/179
f 241/230/25 240/229/25 270/565/180 260/566/180
f 279/567/181 286/568/181 243/569/182 251/570/182
f 286/571/179 288/563/179 241/562/179 260/572/179 262/573/179 263/574/179 264/575/179 265/576/179 266/577/179 267/578/179 268/579/179 261/580/179 242/581/179 244/582/179 245/583/179 246/584/179 247/585/179 248/586/179 249/587/179 250/588/179 243/589/179
f 236/485/1 312/590/175 315/560/178 1003/559/177 1002/591/183 194/486/1
f 240/592/184 280/593/184 279/594/184 251/595/184 253/596/184 254/597/184 255/598/184 256/599/184 257/600/184 258/601/184 259/602/184 252/603/184 269/604/184 271/605/184 272/606/184 273/607/184 274/608/184 275/609/184 276/610/184 277/611/184 270/612/184
f 251/613/182 243/614/182 250/615/185 253/616/185
f 253/616/185 250/615/185 249/617/186 254/618/186
f 254/618/186 249/617/186 248/619/187 255/620/187
f 255/620/187 248/619/187 247/621/188 256/622/188
f 256/622/188 247/621/188 246/623/189 257/624/189
f 257/625/189 246/626/189 245/627/190 258/628/190
f 258/628/190 245/627/190 244/629/191 259/630/191
f 259/630/191 244/629/191 242/631/192 252/632/192
f 324/633/184 323/634/193 995/635/194 994/636/195 278/637/184 280/593/184 240/592/184
f 269/638/196 261/639/196 268/640/197 271/641/197
f 271/641/197 268/640/197 267/642/198 272/643/198
f 272/643/198 267/642/198 266/644/199 273/645/199
f 273/645/199 266/644/199 265/646/200 274/647/200
f 274/648/200 265/649/200 264/650/201 275/651/201
f 275/651/201 264/650/201 263/652/202 276/653/202
f 276/653/202 263/652/202 262/654/203 277/655/203
f 277/655/203 262/654/203 260/566/180 270/565/180
f 261/639/196 269/638/196 252/632/192 242/631/192
f 278/637/184 281/656/184 280/593/184
f 281/656/184 282/657/184 280/593/184
f 282/657/184 283/658/184 280/593/184
f 283/658/184 284/659/184 280/593/184
f 284/659/184 285/660/184 280/593/184
f 285/660/184 279/594/184 280/593/184
f 286/571/179 289/661/179 288/563/179
f 289/661/179 290/662/179 288/563/179
f 290/662/179 291/663/179 288/563/179
f 291/663/179 292/664/179 288/563/179
f 292/664/179 293/665/179 288/563/179
f 293/665/179 287/564/179 288/563/179
f 286/666/181 279/667/181 285/668/204 289/669/204
f 289/669/204 285/668/204 284/670/205 290/671/205
f 290/671/205 284/670/205 283/672/29 291/673/29
f 291/673/29 283/672/29 282/674/206 292/675/206
f 292/675/206 282/674/206 281/676/207 293/677/207
f 293/677/207 281/676/207 278/461/167 287/460/167
f 993/678/208 431/471/29 194/470/29 1002/679/209
f 294/680/210 298/681/210 299/682/210 300/683/210 301/684/210 302/685/210 295/557/210 296/291/210 297/290/210
f 303/180/211 307/686/211 308/687/211 309/688/211 310/689/211 311/690/211 304/691/211 305/527/211 306/526/211
f 312/590/212 316/692/212 317/693/212 318/694/212 319/695/212 320/696/212 313/697/212 314/561/212 315/560/212
f 321/698/213 325/699/213 326/700/213 327/701/213 328/702/213 329/703/213 322/183/213 323/634/213 324/633/213
f 294/244/71 313/247/71 320/704/214 298/705/214
f 298/705/214 320/704/214 319/706/215 299/707/215
f 299/707/215 319/706/215 318/708/216 300/709/216
f 300/683/216 318/694/216 317/693/217 301/684/217
f 301/684/217 317/693/217 316/692/218 302/685/218
f 302/685/218 316/692/218 312/590/175 295/557/175
f 303/180/63 322/183/63 329/703/219 307/686/219
f 307/686/219 329/703/219 328/702/220 308/687/220
f 308/687/220 328/702/220 327/701/221 309/688/221
f 309/710/221 327/711/221 326/712/222 310/713/222
f 310/713/222 326/712/222 325/714/223 311/715/223
f 311/715/223 325/714/223 321/246/72 304/245/72
f 40/173/1 295/557/175 312/590/175 236/485/1
f 330/162/29 333/716/29 332/84/29
f 333/716/29 334/717/29 332/84/29
f 334/717/29 335/718/29 332/84/29
f 335/718/29 336/719/29 332/84/29
f 336/719/29 337/720/29 332/84/29
f 337/720/29 331/85/29 332/84/29
f 338/86/29 341/721/29 340/87/29
f 341/721/29 342/722/29 340/87/29
f 342/722/29 343/723/29 340/87/29
f 343/723/29 344/724/29 340/87/29
f 344/724/29 345/725/29 340/87/29
f 345/725/29 339/188/29 340/87/29
f 375/212/38 381/211/38 383/726/224 380/727/224
f 380/727/224 383/726/224 384/728/225 379/729/225
f 379/729/225 384/728/225 385/730/226 378/731/226
f 378/732/226 385/733/226 386/734/227 377/735/227
f 377/735/227 386/734/227 387/736/228 376/737/228
f 376/737/228 387/736/228 382/200/64 374/191/64
f 361/210/39 367/213/39 369/738/229 366/739/229
f 366/739/229 369/738/229 370/740/230 365/741/230
f 365/741/230 370/740/230 371/742/231 364/743/231
f 364/744/231 371/745/231 372/746/232 363/747/232
f 363/747/232 372/746/232 373/748/233 362/749/233
f 362/749/233 373/748/233 368/155/60 360/168/60
f 367/213/39 331/750/39 337/751/229 369/738/229
f 369/738/229 337/751/229 336/752/230 370/740/230
f 370/740/230 336/752/230 335/753/231 371/742/231
f 371/745/231 335/754/231 334/755/232 372/746/232
f 372/746/232 334/755/232 333/756/233 373/748/233
f 373/748/233 333/756/233 330/154/60 368/155/60
f 389/216/39 361/210/39 366/739/229 394/757/229
f 394/757/229 366/739/229 365/741/230 393/758/230
f 393/758/230 365/741/230 364/743/231 392/759/231
f 392/760/231 364/744/231 363/747/232 391/761/232
f 391/761/232 363/747/232 362/749/233 390/762/233
f 390/762/233 362/749/233 360/168/60 388/171/60
f 396/201/64 382/200/64 387/736/228 401/763/228
f 401/763/228 387/736/228 386/734/227 400/764/227
f 400/764/227 386/734/227 385/733/226 399/765/226
f 399/766/226 385/730/226 384/728/225 398/767/225
f 398/767/225 384/728/225 383/726/224 397/768/224
f 397/768/224 383/726/224 381/211/38 395/217/38
f 374/191/64 339/190/64 345/769/228 376/737/228
f 376/737/228 345/769/228 344/770/227 377/735/227
f 377/735/227 344/770/227 343/771/226 378/732/226
f 378/731/226 343/772/226 342/773/225 379/729/225
f 379/729/225 342/773/225 341/774/224 380/727/224
f 380/727/224 341/774/224 338/775/38 375/212/38
f 347/99/39 389/216/39 394/757/229 352/776/229
f 352/776/229 394/757/229 393/758/230 351/777/230
f 351/777/230 393/758/230 392/759/231 350/778/231
f 350/779/231 392/760/231 391/761/232 349/780/232
f 349/780/232 391/761/232 390/762/233 348/781/233
f 348/781/233 390/762/233 388/171/60 346/164/60
f 354/185/64 396/201/64 401/763/228 359/782/228
f 359/782/228 401/763/228 400/764/227 358/783/227
f 358/783/227 400/764/227 399/765/226 357/784/226
f 357/785/226 399/766/226 398/767/225 356/786/225
f 356/786/225 398/767/225 397/768/224 355/787/224
f 355/787/224 397/768/224 395/217/38 353/98/38
f 417/101/38 410/215/38 415/788/224 422/789/224
f 422/789/224 415/788/224 414/790/225 421/791/225
f 421/791/225 414/790/225 413/792/226 420/793/226
f 420/794/226 413/795/226 412/796/227 419/797/227
f 419/797/227 412/796/227 411/798/228 418/799/228
f 418/799/228 411/798/228 409/487/64 416/186/64
f 424/167/60 403/457/60 408/800/233 429/801/233
f 429/801/233 408/800/233 407/802/232 428/803/232
f 428/803/232 407/802/232 406/804/231 427/805/231
f 427/806/231 406/807/231 405/808/230 426/809/230
f 426/809/230 405/808/230 404/810/229 425/811/229
f 425/811/229 404/810/229 402/214/39 423/100/39
f 353/98/38 417/101/38 422/789/224 355/787/224
f 355/787/224 422/789/224 421/791/225 356/786/225
f 356/786/225 421/791/225 420/793/226 357/785/226
f 357/784/226 420/794/226 419/797/227 358/783/227
f 358/783/227 419/797/227 418/799/228 359/782/228
f 359/782/228 418/799/228 416/186/64 354/185/64
f 346/164/60 424/167/60 429/801/233 348/781/233
f 348/781/233 429/801/233 428/803/232 349/780/232
f 349/780/232 428/803/232 427/805/231 350/779/231
f 350/778/231 427/806/231 426/809/230 351/777/230
f 351/777/230 426/809/230 425/811/229 352/776/229
f 352/776/229 425/811/229 423/100/39 347/99/39
f 338/775/38 331/750/39 367/213/39 375/212/38
f 193/812/5 195/813/5 430/488/5 431/814/5
f 195/813/5 237/815/5 432/187/5 430/488/5
f 238/816/5 193/812/5 431/814/5 433/182/5
f 237/815/5 238/816/5 433/182/5 432/187/5
f 195/817/234 193/818/234 923/819/235 930/820/235
f 866/821/25 867/822/25 434/823/25 435/824/25
f 625/825/70 938/826/70 940/827/70 868/828/70 670/829/70
f 459/830/5 482/831/5 481/832/5 438/833/5
f 436/834/2 437/835/2 446/836/3 447/837/3
f 634/838/6 648/839/6 486/840/1 468/841/1
f 445/842/5 478/843/5 643/844/4 630/845/4
f 439/846/5 471/847/5 470/848/5 442/849/5
f 439/850/236 442/851/237 444/852/238 441/853/236
f 639/854/11 656/855/11 662/856/10 652/857/10
f 616/858/12 464/859/13 467/860/13 620/861/12
f 462/862/1 465/863/1 464/864/1 616/865/1 617/866/1
f 605/867/14 611/868/14 453/869/15 450/870/15
f 437/871/239 444/872/240 570/873/241 571/874/242 446/875/243
f 449/876/21 448/877/21 451/878/21 452/879/21
f 444/852/238 442/851/237 572/880/244 570/881/245
f 442/849/5 436/882/5 447/883/5 574/884/5 572/885/5
f 447/837/3 446/836/3 448/886/24 449/887/24
f 453/869/25 452/888/25 451/889/25 450/870/25
f 574/884/5 447/883/5 449/890/5 612/891/5 610/892/5 573/893/5
f 569/894/246 573/895/247 610/896/27 606/897/27
f 612/891/5 449/890/5 452/898/5 453/899/5 611/900/5
f 631/901/29 546/902/31 547/903/62 470/904/29 445/905/29 630/906/29
f 454/907/32 461/908/33 460/909/33 455/910/32
f 764/911/29 557/912/34 564/913/34 772/914/29 770/915/29 763/916/29
f 454/917/32 455/918/32 563/919/35 558/920/35
f 439/846/5 456/921/5 473/922/5 471/847/5
f 439/850/236 441/853/236 458/923/248 456/924/249
f 785/925/39 849/926/39 855/927/38 779/928/38
f 460/929/250 462/862/1 617/866/1 615/930/1 576/931/251 577/932/252
f 456/921/5 580/933/5 581/934/5 461/935/5 454/936/5
f 463/937/43 466/938/43 465/939/43 462/940/43
f 455/941/253 460/929/250 577/932/252 575/942/254 458/943/255
f 458/923/248 575/944/256 580/945/257 456/924/249
f 461/908/33 463/946/49 462/947/49 460/909/33
f 467/948/25 464/949/25 465/950/25 466/951/25
f 579/952/5 621/953/5 622/954/5 463/955/5 461/935/5 581/934/5
f 576/956/258 615/957/52 621/958/52 579/959/259
f 620/960/5 467/961/5 466/962/5 463/955/5 622/954/5
f 469/963/29 440/964/29 443/965/29 468/966/29
f 437/871/239 552/967/260 553/968/261 443/969/262 444/872/240
f 436/970/2 545/971/56 552/972/56 437/973/2
f 445/905/29 470/904/29 471/974/29 438/975/29
f 472/976/29 457/977/29 440/964/29 469/963/29
f 455/941/253 458/943/255 457/978/263 565/979/264 563/980/265
f 762/981/64 800/982/64 482/831/5 459/830/5
f 438/975/29 471/974/29 473/983/29 459/984/29
f 469/985/1 485/986/1 488/987/1 472/988/1
f 459/984/29 473/983/29 559/989/266 557/912/34 764/911/29 762/990/29
f 778/991/64 856/992/64 671/993/5 477/994/5
f 792/995/64 820/996/64 492/997/5 483/998/5
f 492/997/5 477/994/5 475/999/5 491/1000/5
f 636/1001/29 551/1002/31 546/902/31 631/901/29 629/1003/29 635/1004/29
f 468/841/1 486/840/1 485/986/1 469/985/1
f 468/966/29 443/965/29 553/1005/30 551/1002/31 636/1001/29 634/1006/29
f 438/833/5 481/832/5 478/843/5 445/842/5
f 735/1007/78 754/257/78 865/256/1 474/1008/1
f 476/1009/1 864/1010/1 848/1011/60 786/1012/60
f 772/914/29 564/913/34 565/1013/267 457/977/29 472/976/29 771/1014/29
f 472/988/1 488/987/1 806/1015/60 771/1016/60
f 870/1017/69 878/1018/69 877/1019/69 985/1020/69 987/1021/69 45/1022/69
f 484/1023/1 487/1024/1 651/1025/6 663/1026/268 493/1027/1 494/1028/1 828/1029/60 814/1030/60 489/1031/1
f 640/1032/4 643/844/4 478/843/5 479/1033/5
f 479/1033/5 478/843/5 481/832/5 480/1034/5
f 793/1035/38 799/1036/38 807/1037/39 813/1038/39
f 849/926/39 842/1039/39 834/1040/38 855/927/38
f 813/1038/39 827/1041/39 821/1042/38 793/1035/38
f 891/1043/70 893/240/70 871/239/70 43/1044/70 972/1045/70 971/1046/70
f 479/1033/5 490/1047/5 655/1048/4 640/1032/4
f 480/1034/5 481/832/5 482/831/5 483/998/5
f 746/1049/25 673/1050/25 672/1051/25 756/1052/25 753/1053/25 745/1054/25
f 874/1055/25 43/234/25 44/233/25 875/1056/25
f 875/1056/25 44/233/25 45/236/25 873/1057/25
f 487/1058/70 914/1059/70 916/1060/70 874/1061/70 486/1062/70
f 652/857/10 647/1063/10 644/1064/11 639/854/11
f 487/1024/1 486/840/1 648/839/6 651/1025/6
f 726/1065/269 745/1066/269 753/1067/270 736/1068/270
f 483/998/5 482/831/5 800/982/64 792/995/64
f 480/1034/5 491/1000/5 490/1047/5 479/1033/5
f 483/998/5 492/997/5 491/1000/5 480/1034/5
f 814/1030/60 806/1015/60 488/987/1 489/1031/1
f 506/1069/73 497/1070/74 496/1071/74 499/1072/73
f 512/1073/1 496/1074/1 497/1075/1 518/1076/1
f 657/1077/25 535/1078/79 526/1079/79 665/1080/25 662/1081/25 656/1082/25
f 495/1083/80 511/1084/81 519/1085/81 498/1086/80
f 499/1087/73 501/1088/271 510/1089/271 506/1090/73
f 501/1088/271 502/1091/272 509/1092/273 510/1089/271
f 502/1091/272 503/1093/274 508/1094/275 509/1092/273
f 503/1093/274 504/1095/276 507/1096/277 508/1094/275
f 504/1095/276 500/1097/278 505/1098/279 507/1096/277
f 499/1099/5 496/1100/5 512/1101/5 517/1102/5 516/1103/5 515/1104/5 514/1105/5 513/1106/5 511/1107/5 495/1108/5 536/1109/5 544/1110/5 543/1111/5 542/1112/5 541/1113/5 540/1114/5 539/1115/5 538/1116/5 537/1117/5 535/1118/5 657/1119/5 658/1120/5 728/1121/5 729/1122/5 500/1123/5 504/1124/5 503/1125/5 502/1126/5 501/1127/5
f 518/1128/91 520/1129/92 517/1130/92 512/1131/91
f 520/1129/92 521/1132/93 516/1133/93 517/1130/92
f 521/1132/93 522/1134/94 515/1135/94 516/1133/93
f 522/1134/94 523/1136/95 514/1137/95 515/1135/94
f 523/1136/95 524/1138/96 513/1139/96 514/1137/95
f 524/1140/96 519/1085/81 511/1084/81 513/1141/96
f 525/1142/97 527/1143/98 544/1144/98 536/1145/97
f 527/1143/98 528/1146/99 543/1147/99 544/1144/98
f 528/1146/99 529/1148/100 542/1149/100 543/1147/99
f 529/1148/100 530/1150/101 541/1151/101 542/1149/100
f 530/1150/101 531/1152/102 540/1153/102 541/1151/101
f 531/1154/102 532/1155/103 539/1156/103 540/1157/102
f 532/1155/103 533/1158/104 538/1159/104 539/1156/103
f 533/1158/104 534/1160/105 537/1161/105 538/1159/104
f 534/1160/105 526/1079/79 535/1078/79 537/1161/105
f 536/1145/97 495/1083/80 498/1086/80 525/1142/97
f 545/1162/280 547/1163/281 548/1164/115
f 548/1164/115 547/1163/281 549/1165/114
f 549/1166/113 547/903/62 550/1167/112
f 550/1167/112 547/903/62 546/902/31
f 551/1002/31 553/1005/30 554/1168/111
f 554/1168/111 553/1005/30 555/1169/110
f 555/1170/109 553/968/261 556/1171/107
f 556/1171/107 553/968/261 552/967/260
f 545/1172/56 548/1173/116 556/1174/116 552/1175/56
f 548/1173/116 549/1166/113 555/1169/110 556/1174/116
f 549/1166/113 550/1167/112 554/1168/111 555/1169/110
f 550/1167/112 546/902/31 551/1002/31 554/1168/111
f 442/849/5 470/848/5 547/1163/281 545/1162/280 436/882/5
f 444/872/240 443/969/262 440/1176/282 457/978/263 458/943/255 441/1177/282
f 557/912/34 559/989/266 560/1178/127
f 560/1178/127 559/989/266 561/1179/126
f 561/1180/125 559/1181/283 562/1182/284
f 562/1182/284 559/1181/283 558/1183/285
f 563/980/265 565/979/264 566/1184/286
f 566/1184/286 565/979/264 567/1185/120
f 567/1186/119 565/1013/267 568/1187/118
f 568/1187/118 565/1013/267 564/913/34
f 557/912/34 560/1178/127 568/1187/118 564/913/34
f 560/1178/127 561/1179/126 567/1186/119 568/1187/118
f 561/1179/126 562/1188/128 566/1189/128 567/1186/119
f 562/1190/128 558/920/35 563/919/35 566/1191/128
f 456/921/5 454/936/5 558/1183/285 559/1181/283 473/922/5
f 572/1192/244 599/1193/287 578/1194/288 570/1195/245
f 569/1196/289 571/874/242 595/1197/290 582/1198/291
f 601/1199/5 574/884/5 573/893/5 600/1200/5
f 579/959/259 589/1201/292 584/1202/293 576/956/258
f 575/942/254 577/932/252 585/1203/294 583/1204/295
f 591/1205/5 581/934/5 580/933/5 590/1206/5
f 582/1198/291 595/1197/290 596/1207/296
f 572/885/5 574/884/5 601/1199/5 599/1208/5
f 595/1197/290 571/874/242 570/873/241 578/1209/297
f 579/952/5 581/934/5 591/1205/5 589/1210/5
f 585/1203/294 577/932/252 576/931/251 584/1211/298
f 448/1212/1 607/1213/1 605/1214/1 450/1215/1 451/1216/1
f 583/1204/295 585/1203/294 586/1217/299
f 586/1217/299 585/1203/294 587/1218/300
f 587/1218/300 585/1203/294 588/1219/301
f 588/1219/301 585/1203/294 584/1211/298
f 589/1210/5 591/1205/5 592/1220/5
f 592/1220/5 591/1205/5 593/1221/5
f 593/1221/5 591/1205/5 594/1222/5
f 594/1222/5 591/1205/5 590/1206/5
f 583/1223/302 586/1224/303 594/1225/304 590/1226/305
f 586/1227/303 587/1228/306 593/1229/307 594/1230/304
f 587/1228/306 588/1231/308 592/1232/309 593/1229/307
f 588/1231/308 584/1202/293 589/1201/292 592/1232/309
f 590/1226/305 580/1233/257 575/1234/256 583/1223/302
f 596/1207/296 595/1197/290 597/1235/310
f 597/1235/310 595/1197/290 598/1236/311
f 598/1236/311 595/1197/290 578/1209/297
f 599/1208/5 601/1199/5 602/1237/5
f 602/1237/5 601/1199/5 603/1238/5
f 603/1238/5 601/1199/5 604/1239/5
f 604/1239/5 601/1199/5 600/1200/5
f 582/1240/312 596/1241/313 604/1242/314 600/1243/315
f 596/1241/313 597/1244/316 603/1245/317 604/1242/314
f 597/1244/316 598/1246/318 602/1247/319 603/1245/317
f 598/1246/318 578/1248/288 599/1249/287 602/1247/319
f 600/1243/315 573/895/247 569/894/246 582/1240/312
f 605/1214/1 607/1213/1 608/1250/1
f 608/1250/1 607/1213/1 609/1251/1
f 609/1251/1 607/1213/1 606/1252/1
f 610/892/5 612/891/5 613/1253/5
f 613/1253/5 612/891/5 614/1254/5
f 614/1254/5 612/891/5 611/900/5
f 615/930/1 617/866/1 618/1255/1
f 618/1255/1 617/866/1 619/1256/1
f 619/1256/1 617/866/1 616/865/1
f 620/960/5 622/954/5 623/1257/5
f 623/1257/5 622/954/5 624/1258/5
f 624/1258/5 622/954/5 621/953/5
f 610/896/27 613/1259/162 609/1260/162 606/897/27
f 613/1261/162 614/1262/163 608/1263/163 609/1264/162
f 614/1262/163 611/868/14 605/867/14 608/1263/163
f 620/861/12 623/1265/164 619/1266/164 616/858/12
f 623/1265/164 624/1267/165 618/1268/165 619/1266/164
f 624/1269/165 621/958/52 615/957/52 618/1270/165
f 446/875/243 571/874/242 569/1196/289 606/1252/1 607/1213/1 448/1212/1
f 856/992/64 835/1271/64 628/1272/5 671/993/5
f 1009/1273/320 710/1274/321 719/1275/321 1018/1276/320
f 834/1277/29 842/1278/29 847/1279/29 846/1280/29 845/1281/29 844/1282/29 843/1283/29 841/1284/29 862/1285/29 863/1286/29 626/1287/29 628/1288/29 835/1289/29 840/1290/29 839/1291/29 838/1292/29 837/1293/29 836/1294/29
f 867/484/69 932/483/69 931/1295/69 954/1296/69 956/1297/69 434/1298/69
f 671/993/5 628/1272/5 626/1299/5 668/1300/5
f 864/1010/1 862/1301/1 841/1302/60 848/1011/60
f 629/1003/29 631/901/29 632/1303/29
f 632/1303/29 631/901/29 633/1304/29
f 633/1304/29 631/901/29 630/906/29
f 634/1006/29 636/1001/29 637/1305/29
f 637/1305/29 636/1001/29 638/1306/29
f 638/1306/29 636/1001/29 635/1004/29
f 655/1048/169 659/1307/169 658/1120/169 657/1119/169 656/1308/169 661/1309/169 660/1310/169
f 662/1311/168 665/1312/168 664/1313/168 663/1026/168 667/1314/168 666/1315/168
f 648/839/6 650/1316/172 653/1317/172 651/1025/6
f 650/1318/172 649/1319/173 654/1320/173 653/1321/172
f 649/1319/173 647/1063/10 652/857/10 654/1320/173
f 640/1032/4 642/1322/170 645/1323/170 643/844/4
f 642/1324/170 641/1325/171 646/1326/171 645/1327/170
f 641/1325/171 639/854/11 644/1064/11 646/1326/171
f 655/1048/4 660/1310/170 642/1322/170 640/1032/4
f 660/1328/170 661/1329/171 641/1325/171 642/1324/170
f 661/1329/171 656/855/11 639/854/11 641/1325/171
f 629/1330/11 632/1331/171 646/1326/171 644/1064/11
f 632/1331/171 633/1332/170 645/1327/170 646/1326/171
f 633/1333/170 630/845/4 643/844/4 645/1323/170
f 634/838/6 637/1334/172 650/1316/172 648/839/6
f 637/1335/172 638/1336/173 649/1319/173 650/1318/172
f 638/1336/173 635/1337/10 647/1063/10 649/1319/173
f 651/1025/6 653/1317/172 667/1314/172 663/1026/268
f 653/1321/172 654/1320/173 666/1338/173 667/1339/172
f 654/1320/173 652/857/10 662/856/10 666/1338/173
f 629/1330/11 644/1064/11 647/1063/10 635/1337/10
f 820/996/64 778/991/64 477/994/5 492/997/5
f 477/994/5 671/993/5 668/1300/5 475/999/5
f 738/1340/1 664/1313/1 665/1312/1 526/1341/1 534/1342/1 533/1343/1 532/1344/1 531/1345/1 530/1346/1 529/1347/1 528/1348/1 527/1349/1 525/1350/1 498/1351/1 519/1352/1 524/1353/1 523/1354/1 522/1355/1 521/1356/1 520/1357/1 518/1358/1 497/1359/1 506/1360/1 510/1361/1 509/1362/1 508/1363/1 507/1364/1 505/1365/1 737/1366/1
f 474/1008/1 865/256/1 864/1010/1 476/1009/1
f 827/1041/39 785/925/39 779/928/38 821/1042/38
f 500/1097/278 729/1367/322 726/1368/322 736/1369/322 737/1370/322 505/1098/279
f 491/1000/5 475/999/5 727/1371/323 728/1121/5 658/1120/5 659/1307/5
f 474/1008/1 476/1009/1 786/1012/60 828/1029/60 494/1028/1 493/1027/1 663/1026/268 664/1313/1 738/1340/1 735/1007/78
f 1019/1372/324 1018/1373/325 719/1374/326 720/1375/326 673/1376/326 746/1377/326 747/1378/327
f 673/1050/25 692/1379/328 702/1380/328 672/1051/25
f 711/1381/329 683/1382/330 675/1383/330 718/1384/329
f 718/1385/326 675/1386/326 682/1387/326 681/1388/326 680/1389/326 679/1390/326 678/1391/326 677/1392/326 676/1393/326 674/1394/326 693/1395/326 700/1396/326 699/1397/326 698/1398/326 697/1399/326 696/1400/326 695/1401/326 694/1402/326 692/1403/326 673/1376/326 720/1375/326
f 668/1300/5 626/1299/5 1017/1404/331 1019/1372/324 747/1378/327 744/1405/323
f 672/1406/332 702/1407/332 709/1408/332 708/1409/332 707/1410/332 706/1411/332 705/1412/332 704/1413/332 703/1414/332 701/1415/332 684/1416/332 691/1417/332 690/1418/332 689/1419/332 688/1420/332 687/1421/332 686/1422/332 685/1423/332 683/1424/332 711/1425/332 712/1426/332
f 683/1427/330 685/1428/333 682/1429/333 675/1430/330
f 685/1428/333 686/1431/334 681/1432/334 682/1429/333
f 686/1431/334 687/1433/335 680/1434/335 681/1432/334
f 687/1433/335 688/1435/336 679/1436/336 680/1434/335
f 688/1435/336 689/1437/337 678/1438/337 679/1436/336
f 689/1439/337 690/1440/338 677/1441/338 678/1442/337
f 690/1440/338 691/1443/339 676/1444/339 677/1441/338
f 691/1443/339 684/1445/340 674/1446/340 676/1444/339
f 756/1447/332 672/1406/332 712/1426/332 710/1448/332 1009/1449/341 1011/253/76 755/252/75
f 701/1450/342 703/1451/343 700/1452/343 693/1453/342
f 703/1451/343 704/1454/344 699/1455/344 700/1452/343
f 704/1454/344 705/1456/345 698/1457/345 699/1455/344
f 705/1456/345 706/1458/346 697/1459/346 698/1457/345
f 706/1460/346 707/1461/347 696/1462/347 697/1463/346
f 707/1461/347 708/1464/348 695/1465/348 696/1462/347
f 708/1464/348 709/1466/349 694/1467/349 695/1465/348
f 709/1466/349 702/1380/328 692/1379/328 694/1467/349
f 693/1453/342 674/1446/340 684/1445/340 701/1450/342
f 710/1448/332 712/1426/332 713/1468/332
f 713/1468/332 712/1426/332 714/1469/332
f 714/1469/332 712/1426/332 715/1470/332
f 715/1470/332 712/1426/332 716/1471/332
f 716/1471/332 712/1426/332 717/1472/332
f 717/1472/332 712/1426/332 711/1425/332
f 718/1385/326 720/1375/326 721/1473/326
f 721/1473/326 720/1375/326 722/1474/326
f 722/1474/326 720/1375/326 723/1475/326
f 723/1475/326 720/1375/326 724/1476/326
f 724/1476/326 720/1375/326 725/1477/326
f 725/1477/326 720/1375/326 719/1374/326
f 718/1478/329 721/1479/350 717/1480/350 711/1481/329
f 721/1479/350 722/1482/351 716/1483/351 717/1480/350
f 722/1482/351 723/1484/29 715/1485/29 716/1483/351
f 723/1484/29 724/1486/352 714/1487/352 715/1485/29
f 724/1486/352 725/1488/353 713/1489/353 714/1487/352
f 725/1488/353 719/1275/321 710/1274/321 713/1489/353
f 1010/1490/354 1017/1491/355 626/1287/29 863/1286/29
f 726/1492/356 729/1122/356 728/1121/356 727/1371/356 734/1493/356 733/1494/356 732/1495/356 731/1496/356 730/1497/356
f 735/1007/357 738/1340/357 737/1366/357 736/1498/357 743/1499/357 742/1500/357 741/1501/357 740/1502/357 739/1503/357
f 744/1405/358 747/1378/358 746/1377/358 745/1504/358 752/1505/358 751/1506/358 750/1507/358 749/1508/358 748/1509/358
f 753/1510/359 756/1447/359 755/252/359 754/257/359 761/1511/359 760/1512/359 759/1513/359 758/1514/359 757/1515/359
f 726/1065/269 730/1516/360 752/1517/360 745/1066/269
f 730/1516/360 731/1518/361 751/1519/361 752/1517/360
f 731/1518/361 732/1520/362 750/1521/362 751/1519/361
f 732/1495/362 733/1494/363 749/1508/363 750/1507/362
f 733/1494/363 734/1493/364 748/1509/364 749/1508/363
f 734/1493/364 727/1371/323 744/1405/323 748/1509/364
f 735/1007/78 739/1503/365 761/1511/365 754/257/78
f 739/1503/365 740/1502/366 760/1512/366 761/1511/365
f 740/1502/366 741/1501/367 759/1513/367 760/1512/366
f 741/1522/367 742/1523/368 758/1524/368 759/1525/367
f 742/1523/368 743/1526/369 757/1527/369 758/1524/368
f 743/1526/369 736/1068/270 753/1067/270 757/1527/369
f 475/999/5 668/1300/5 744/1405/323 727/1371/323
f 762/990/29 764/911/29 765/1528/29
f 765/1528/29 764/911/29 766/1529/29
f 766/1529/29 764/911/29 767/1530/29
f 767/1530/29 764/911/29 768/1531/29
f 768/1531/29 764/911/29 769/1532/29
f 769/1532/29 764/911/29 763/916/29
f 770/915/29 772/914/29 773/1533/29
f 773/1533/29 772/914/29 774/1534/29
f 774/1534/29 772/914/29 775/1535/29
f 775/1535/29 772/914/29 776/1536/29
f 776/1536/29 772/914/29 777/1537/29
f 777/1537/29 772/914/29 771/1014/29
f 807/1037/39 812/1538/229 815/1539/229 813/1038/39
f 812/1538/229 811/1540/230 816/1541/230 815/1539/229
f 811/1540/230 810/1542/231 817/1543/231 816/1541/230
f 810/1544/231 809/1545/232 818/1546/232 817/1547/231
f 809/1545/232 808/1548/233 819/1549/233 818/1546/232
f 808/1548/233 806/1015/60 814/1030/60 819/1549/233
f 793/1035/38 798/1550/224 801/1551/224 799/1036/38
f 798/1550/224 797/1552/225 802/1553/225 801/1551/224
f 797/1552/225 796/1554/226 803/1555/226 802/1553/225
f 796/1556/226 795/1557/227 804/1558/227 803/1559/226
f 795/1557/227 794/1560/228 805/1561/228 804/1558/227
f 794/1560/228 792/995/64 800/982/64 805/1561/228
f 799/1036/38 801/1551/224 769/1562/224 763/1563/38
f 801/1551/224 802/1553/225 768/1564/225 769/1562/224
f 802/1553/225 803/1555/226 767/1565/226 768/1564/225
f 803/1559/226 804/1558/227 766/1566/227 767/1567/226
f 804/1558/227 805/1561/228 765/1568/228 766/1566/227
f 805/1561/228 800/982/64 762/981/64 765/1568/228
f 821/1042/38 826/1569/224 798/1550/224 793/1035/38
f 826/1569/224 825/1570/225 797/1552/225 798/1550/224
f 825/1570/225 824/1571/226 796/1554/226 797/1552/225
f 824/1572/226 823/1573/227 795/1557/227 796/1556/226
f 823/1573/227 822/1574/228 794/1560/228 795/1557/227
f 822/1574/228 820/996/64 792/995/64 794/1560/228
f 828/1029/60 833/1575/233 819/1549/233 814/1030/60
f 833/1575/233 832/1576/232 818/1546/232 819/1549/233
f 832/1576/232 831/1577/231 817/1547/231 818/1546/232
f 831/1578/231 830/1579/230 816/1541/230 817/1543/231
f 830/1579/230 829/1580/229 815/1539/229 816/1541/230
f 829/1580/229 827/1041/39 813/1038/39 815/1539/229
f 806/1015/60 808/1548/233 777/1581/233 771/1016/60
f 808/1548/233 809/1545/232 776/1582/232 777/1581/233
f 809/1545/232 810/1544/231 775/1583/231 776/1582/232
f 810/1542/231 811/1540/230 774/1584/230 775/1585/231
f 811/1540/230 812/1538/229 773/1586/229 774/1584/230
f 812/1538/229 807/1037/39 770/1587/39 773/1586/229
f 779/928/38 784/1588/224 826/1569/224 821/1042/38
f 784/1588/224 783/1589/225 825/1570/225 826/1569/224
f 783/1589/225 782/1590/226 824/1571/226 825/1570/225
f 782/1591/226 781/1592/227 823/1573/227 824/1572/226
f 781/1592/227 780/1593/228 822/1574/228 823/1573/227
f 780/1593/228 778/991/64 820/996/64 822/1574/228
f 786/1012/60 791/1594/233 833/1575/233 828/1029/60
f 791/1594/233 790/1595/232 832/1576/232 833/1575/233
f 790/1595/232 789/1596/231 831/1577/231 832/1576/232
f 789/1597/231 788/1598/230 830/1579/230 831/1578/231
f 788/1598/230 787/1599/229 829/1580/229 830/1579/230
f 787/1599/229 785/925/39 827/1041/39 829/1580/229
f 849/926/39 854/1600/229 847/1601/229 842/1039/39
f 854/1600/229 853/1602/230 846/1603/230 847/1601/229
f 853/1602/230 852/1604/231 845/1605/231 846/1603/230
f 852/1606/231 851/1607/232 844/1608/232 845/1609/231
f 851/1607/232 850/1610/233 843/1611/233 844/1608/232
f 850/1610/233 848/1011/60 841/1302/60 843/1611/233
f 856/992/64 861/1612/228 840/1613/228 835/1271/64
f 861/1612/228 860/1614/227 839/1615/227 840/1613/228
f 860/1614/227 859/1616/226 838/1617/226 839/1615/227
f 859/1618/226 858/1619/225 837/1620/225 838/1621/226
f 858/1619/225 857/1622/224 836/1623/224 837/1620/225
f 857/1622/224 855/927/38 834/1040/38 836/1623/224
f 785/925/39 787/1599/229 854/1600/229 849/926/39
f 787/1599/229 788/1598/230 853/1602/230 854/1600/229
f 788/1598/230 789/1597/231 852/1604/231 853/1602/230
f 789/1596/231 790/1595/232 851/1607/232 852/1606/231
f 790/1595/232 791/1594/233 850/1610/233 851/1607/232
f 791/1594/233 786/1012/60 848/1011/60 850/1610/233
f 778/991/64 780/1593/228 861/1612/228 856/992/64
f 780/1593/228 781/1592/227 860/1614/227 861/1612/228
f 781/1592/227 782/1591/226 859/1616/226 860/1614/227
f 782/1590/226 783/1589/225 858/1619/225 859/1618/226
f 783/1589/225 784/1588/224 857/1622/224 858/1619/225
f 784/1588/224 779/928/38 855/927/38 857/1622/224
f 770/1587/39 807/1037/39 799/1036/38 763/1563/38
f 625/1624/1 863/255/1 862/1301/1 627/1625/1
f 627/1625/1 862/1301/1 864/1010/1 669/1626/1
f 670/1627/1 865/256/1 863/255/1 625/1624/1
f 669/1626/1 864/1010/1 865/256/1 670/1627/1
f 669/1628/69 869/1629/69 948/1630/69 947/1631/69 627/1632/69
f 868/1633/25 435/824/25 434/823/25 869/1634/25
f 940/827/70 939/1635/70 962/1636/70 964/1637/70 435/1638/70 868/828/70
f 238/1639/25 237/1640/25 867/822/25 866/821/25
f 869/1629/69 434/1298/69 956/1297/69 955/1641/69 946/1642/69 948/1630/69
f 946/1643/370 955/1644/371 962/1645/371 939/1646/370
f 670/1647/25 868/1633/25 869/1634/25 669/1648/25
f 922/1649/70 924/1650/70 866/1651/70 435/1638/70 964/1637/70 963/1652/70
f 627/1653/372 947/1654/373 938/1655/373 625/1656/372
f 56/1657/69 57/1658/69 876/1659/69 878/1018/69 870/1017/69
f 53/1660/25 56/1661/25 870/235/25 872/232/25
f 54/1662/25 53/1660/25 872/232/25 871/231/25
f 873/219/69 45/1022/69 987/1021/69 986/1663/69 899/1664/69 901/220/69
f 485/1665/25 875/1056/25 873/1057/25 488/1666/25
f 486/1667/25 874/1055/25 875/1056/25 485/1665/25
f 907/1668/374 914/1669/374 487/1670/375 484/1671/375 489/1672/375 900/1673/374
f 899/1674/376 986/1675/377 978/1676/377 970/1677/377 915/1678/376 908/1679/376
f 876/1659/69 879/1680/69 878/1018/69
f 879/1680/69 880/1681/69 878/1018/69
f 880/1681/69 881/1682/69 878/1018/69
f 881/1682/69 882/1683/69 878/1018/69
f 882/1683/69 883/1684/69 878/1018/69
f 883/1684/69 877/1019/69 878/1018/69
f 891/1043/70 894/1685/70 893/240/70
f 894/1685/70 895/1686/70 893/240/70
f 895/1686/70 896/1687/70 893/240/70
f 896/1687/70 897/1688/70 893/240/70
f 897/1688/70 898/1689/70 893/240/70
f 898/1689/70 892/241/70 893/240/70
f 899/1664/69 902/1690/69 901/220/69
f 902/1690/69 903/1691/69 901/220/69
f 903/1691/69 904/1692/69 901/220/69
f 904/1692/69 905/1693/69 901/220/69
f 905/1693/69 906/1694/69 901/220/69
f 906/1694/69 900/221/69 901/220/69
f 914/1059/70 917/1695/70 916/1060/70
f 917/1695/70 918/1696/70 916/1060/70
f 918/1696/70 919/1697/70 916/1060/70
f 919/1697/70 920/1698/70 916/1060/70
f 920/1698/70 921/1699/70 916/1060/70
f 921/1699/70 915/1700/70 916/1060/70
f 884/1701/378 877/1702/378 883/1703/379 886/1704/379
f 886/1704/379 883/1703/379 882/1705/380 887/1706/380
f 887/1706/380 882/1705/380 881/1707/381 888/1708/381
f 888/1708/381 881/1707/381 880/1709/382 889/1710/382
f 889/1710/382 880/1709/382 879/1711/383 890/1712/383
f 890/1712/383 879/1711/383 876/196/67 885/195/67
f 891/1713/378 884/1701/378 886/1704/379 894/1714/379
f 894/1714/379 886/1704/379 887/1706/380 895/1715/380
f 895/1715/380 887/1706/380 888/1708/381 896/1716/381
f 896/1716/381 888/1708/381 889/1710/382 897/1717/382
f 897/1717/382 889/1710/382 890/1712/383 898/1718/383
f 898/1718/383 890/1712/383 885/195/67 892/194/67
f 899/1674/376 908/1679/376 913/1719/384 902/1720/384
f 902/1720/384 913/1719/384 912/1721/385 903/1722/385
f 903/1722/385 912/1721/385 911/1723/386 904/1724/386
f 904/1724/386 911/1723/386 910/1725/387 905/1726/387
f 905/1726/387 910/1725/387 909/1727/388 906/1728/388
f 906/1728/388 909/1727/388 907/1668/374 900/1673/374
f 908/1679/376 915/1678/376 921/1729/384 913/1719/384
f 913/1719/384 921/1729/384 920/1730/385 912/1721/385
f 912/1721/385 920/1730/385 919/1731/386 911/1723/386
f 911/1723/386 919/1731/386 918/1732/387 910/1725/387
f 910/1725/387 918/1732/387 917/1733/388 909/1727/388
f 909/1727/388 917/1733/388 914/1669/374 907/1668/374
f 916/1060/70 915/1700/70 970/1734/70 972/1045/70 43/1044/70 874/1061/70
f 922/1649/70 925/1735/70 924/1650/70
f 925/1735/70 926/1736/70 924/1650/70
f 926/1736/70 927/1737/70 924/1650/70
f 927/1737/70 928/1738/70 924/1650/70
f 928/1738/70 929/1739/70 924/1650/70
f 929/1739/70 923/1740/70 924/1650/70
f 930/482/69 933/1741/69 932/483/69
f 933/1741/69 934/1742/69 932/483/69
f 934/1742/69 935/1743/69 932/483/69
f 935/1743/69 936/1744/69 932/483/69
f 936/1744/69 937/1745/69 932/483/69
f 937/1745/69 931/1295/69 932/483/69
f 938/826/70 941/1746/70 940/827/70
f 941/1746/70 942/1747/70 940/827/70
f 942/1747/70 943/1748/70 940/827/70
f 943/1748/70 944/1749/70 940/827/70
f 944/1749/70 945/1750/70 940/827/70
f 945/1750/70 939/1635/70 940/827/70
f 946/1642/69 949/1751/69 948/1630/69
f 949/1751/69 950/1752/69 948/1630/69
f 950/1752/69 951/1753/69 948/1630/69
f 951/1753/69 952/1754/69 948/1630/69
f 952/1754/69 953/1755/69 948/1630/69
f 953/1755/69 947/1631/69 948/1630/69
f 922/1756/389 931/1757/389 937/1758/390 925/1759/390
f 925/1759/390 937/1758/390 936/1760/391 926/1761/391
f 926/1761/391 936/1760/391 935/1762/392 927/1763/392
f 927/1763/392 935/1762/392 934/1764/393 928/1765/393
f 928/1765/393 934/1764/393 933/1766/394 929/1767/394
f 929/1767/394 933/1766/394 930/820/235 923/819/235
f 946/1643/370 939/1646/370 945/1768/395 949/1769/395
f 949/1769/395 945/1768/395 944/1770/396 950/1771/396
f 950/1771/396 944/1770/396 943/1772/397 951/1773/397
f 951/1773/397 943/1772/397 942/1774/398 952/1775/398
f 952/1775/398 942/1774/398 941/1776/399 953/1777/399
f 953/1777/399 941/1776/399 938/1655/373 947/1654/373
f 193/1778/70 238/1779/70 866/1651/70 924/1650/70 923/1740/70
f 954/1296/69 957/1780/69 956/1297/69
f 957/1780/69 958/1781/69 956/1297/69
f 958/1781/69 959/1782/69 956/1297/69
f 959/1782/69 960/1783/69 956/1297/69
f 960/1783/69 961/1784/69 956/1297/69
f 961/1784/69 955/1641/69 956/1297/69
f 962/1636/70 965/1785/70 964/1637/70
f 965/1785/70 966/1786/70 964/1637/70
f 966/1786/70 967/1787/70 964/1637/70
f 967/1787/70 968/1788/70 964/1637/70
f 968/1788/70 969/1789/70 964/1637/70
f 969/1789/70 963/1652/70 964/1637/70
f 954/1790/400 963/1791/400 969/1792/401 957/1793/401
f 957/1793/401 969/1792/401 968/1794/402 958/1795/402
f 958/1795/402 968/1794/402 967/1796/29 959/1797/29
f 959/1797/29 967/1796/29 966/1798/403 960/1799/403
f 960/1799/403 966/1798/403 965/1800/404 961/1801/404
f 961/1801/404 965/1800/404 962/1645/371 955/1644/371
f 931/1757/389 922/1756/389 963/1791/400 954/1790/400
f 970/1734/70 973/1802/70 972/1045/70
f 973/1802/70 974/1803/70 972/1045/70
f 974/1803/70 975/1804/70 972/1045/70
f 975/1804/70 976/1805/70 972/1045/70
f 976/1805/70 977/1806/70 972/1045/70
f 977/1806/70 971/1046/70 972/1045/70
f 985/1020/69 988/1807/69 987/1021/69
f 988/1807/69 989/1808/69 987/1021/69
f 989/1808/69 990/1809/69 987/1021/69
f 990/1809/69 991/1810/69 987/1021/69
f 991/1810/69 992/1811/69 987/1021/69
f 992/1811/69 986/1663/69 987/1021/69
f 985/1812/405 979/1813/405 984/1814/406 988/1815/406
f 988/1815/406 984/1814/406 983/1816/407 989/1817/407
f 989/1817/407 983/1816/407 982/1818/29 990/1819/29
f 990/1819/29 982/1818/29 981/1820/408 991/1821/408
f 991/1821/408 981/1820/408 980/1822/409 992/1823/409
f 992/1823/409 980/1822/409 978/1676/377 986/1675/377
f 979/1813/405 971/1824/405 977/1825/406 984/1814/406
f 984/1814/406 977/1825/406 976/1826/407 983/1816/407
f 983/1816/407 976/1826/407 975/1827/29 982/1818/29
f 982/1818/29 975/1827/29 974/1828/408 981/1820/408
f 981/1820/408 974/1828/408 973/1829/409 980/1822/409
f 980/1822/409 973/1829/409 970/1677/377 978/1676/377
f 877/1702/378 884/1701/378 891/1713/378 971/1824/405 979/1813/405 985/1812/405
f 993/1830/410 996/1831/411 995/635/194
f 996/1831/411 997/1832/412 995/635/194
f 997/1832/412 998/1833/413 995/635/194
f 998/1833/413 999/1834/414 995/635/194
f 999/1834/414 1000/1835/415 995/635/194
f 1000/1835/415 994/636/195 995/635/194
f 1001/558/176 1004/1836/416 1003/559/177
f 1004/1836/416 1005/1837/417 1003/559/177
f 1005/1837/417 1006/1838/418 1003/559/177
f 1006/1838/418 1007/1839/419 1003/559/177
f 1007/1839/419 1008/1840/420 1003/559/177
f 1008/1840/420 1002/591/183 1003/559/177
f 1009/1449/341 1012/1841/421 1011/253/76
f 1012/1841/421 1013/1842/422 1011/253/76
f 1013/1842/422 1014/1843/423 1011/253/76
f 1014/1843/423 1015/1844/424 1011/253/76
f 1015/1844/424 1016/1845/425 1011/253/76
f 1016/1845/425 1010/254/77 1011/253/76
f 1017/1404/331 1020/1846/426 1019/1372/324
f 1020/1846/426 1021/1847/427 1019/1372/324
f 1021/1847/427 1022/1848/428 1019/1372/324
f 1022/1848/428 1023/1849/429 1019/1372/324
f 1023/1849/429 1024/1850/430 1019/1372/324
f 1024/1850/430 1018/1373/325 1019/1372/324
f 993/678/208 1002/679/209 1008/1851/431 996/1852/432
f 996/1852/432 1008/1851/431 1007/1853/433 997/1854/434
f 997/1854/434 1007/1853/433 1006/1855/435 998/1856/436
f 998/1856/436 1006/1855/435 1005/1857/437 999/1858/438
f 999/1858/438 1005/1857/437 1004/1859/439 1000/1860/440
f 1000/1860/440 1004/1859/439 1001/459/166 994/458/166
f 1009/1273/320 1018/1276/320 1024/1861/441 1012/1862/442
f 1012/1862/442 1024/1861/441 1023/1863/443 1013/1864/444
f 1013/1864/444 1023/1863/443 1022/1865/445 1014/1866/446
f 1014/1866/446 1022/1865/445 1021/1867/447 1015/1868/448
f 1015/1868/448 1021/1867/447 1020/1869/449 1016/1870/450
f 1016/1870/450 1020/1869/449 1017/1491/355 1010/1490/354
f 323/634/193 322/183/63 433/182/5 431/814/5 993/1830/410 995/635/194

# 942 faces
