# File generated by ImageToStl.com - Free Image and 3D model conversion tools

mtllib firangi_maratha_indian_sword_game_ready_asset.mtl

o obj1
v 24.40529477 33.73272605 50.576197
v 21.25499338 32.28118614 48.77176196
v 19.05753075 37.72748349 45.53625578
v 21.75206965 39.96356624 46.88596971
v 1.54906544 -1.71833394 6.22257457
v 2.63427847 -0.39450019 5.55662862
v 5.74800754 10.77832571 27.37276441
v 4.19097922 9.13125992 28.45542194
v -3.17164645 23.3914313 -4.3337176
v -3.5531676 27.83663483 -3.73880346
v -0.83066765 30.68113397 -4.43937165
v 7.80174892 30.1042998 -4.66850823
v 5.92754234 22.79169016 -4.58392733
v 24.79863386 -12.47611495 16.08080393
v 14.75833493 -7.50780138 11.28697873
v 9.2999148 -11.59825595 13.49400124
v 16.06434084 -19.49128292 19.77990525
v 18.71154748 32.59059195 -2.01221916
v 18.5820899 28.98021532 -2.53694482
v 15.61285716 26.5654639 -3.49927076
v 7.80174892 30.1042998 -4.66850823
v 8.74752394 35.10530604 -2.62932714
v 11.28459388 71.07568734 98.07293953
v 8.99214387 59.47869748 83.89933563
v 7.984686 59.24840752 84.22830978
v 10.46787991 70.92516928 98.38275011
v 2.87994746 41.34627384 66.6697311
v 0.67060272 30.83148327 52.14842433
v 1.24263368 29.48813411 52.94404776
v 3.40075178 40.17493852 67.44086082
v 9.91035829 55.13657869 87.24708519
v 7.25788768 38.51397385 68.15674561
v 8.65255839 38.86045738 67.74111445
v 10.91781562 55.36685573 86.91808337
v 6.72731515 57.13773027 86.09995194
v 7.11035525 56.31982967 86.70040517
v 10.41223876 41.91685491 65.35139269
v 9.05895714 31.56338184 50.82820644
v 8.48692753 32.90674282 50.03261113
v 9.89143602 43.08820288 64.5802907
v 7.05484026 25.17618507 48.04620948
v 5.87981528 23.96470766 48.9296546
v -2.91165469 12.94576418 26.87767814
v -3.08982004 1.03819147 5.22937336
v -2.83196905 -0.62179853 5.97210388
v -2.43684062 10.79014511 28.07649958
v 1.8039188 19.96824913 22.42846507
v 0.25276096 6.62700017 2.48861571
v -1.0286683 5.88168456 2.90178062
v -0.07807167 19.07837409 23.10377827
v 5.52529266 27.61427438 53.69862788
v 7.08005761 28.02707674 53.27778262
v 2.30898922 8.24138655 29.13073435
v 0.26763641 -2.46364871 6.63573909
v 6.03430001 44.74916714 63.86440611
v 4.20426697 34.78058989 49.27800328
v 2.64950349 34.36779976 49.69887646
v 4.63962942 44.40268402 64.28003706
v 0.48707865 26.82003821 47.67072073
v 0.853068 25.22285955 48.64226744
v 6.80689028 21.58787842 58.96589006
v 11.21600669 22.75850629 57.77236452
v 4.03985315 31.99421923 44.04525041
v 2.61641767 31.34450433 44.59906972
v 16.82792144 32.78703964 50.82568737
v 15.20571502 36.59663511 48.56945574
v 4.45638142 23.31499504 49.48347278
v -14.50207753 30.33801815 56.69978718
v -11.80385235 29.00439946 54.21844029
v -9.60639006 23.55809744 57.45393182
v -11.84885299 24.10717237 60.39000026
v 1.88081239 49.64098957 43.88705526
v 1.8879714 48.6549641 43.38592749
v -5.32342625 46.74032544 45.33802314
v -5.538634 47.67111378 45.89546767
v 25.04775655 34.28824361 51.28476058
v 22.3179838 40.69884303 47.48807378
v 8.18485382 15.44284034 64.98268645
v 8.01524502 15.41577367 63.89004288
v 15.22664221 17.33041066 61.93794802
v 15.60430066 17.4127212 62.9742885
v 3.0606204 41.91064053 46.42949953
v -1.3484965 40.74001088 47.62302591
v 2.2712333 45.2005421 42.49859935
v -3.86748004 43.46541266 44.22559865
v -14.98208922 30.79559728 57.58500964
v -12.25231784 24.38498944 61.38168357
v 7.17990909 16.08505189 60.49161579
v 13.31861957 17.82016766 58.7645893
v -6.96041076 30.71147931 54.56970222
v -5.3382048 26.90188216 56.82593464
v 12.17518565 57.4775305 85.0464424
v 11.79214636 58.29543358 84.44598798
v 9.83728573 70.55181547 98.88026024
v 11.74294574 72.59993184 102.21438703
v 9.47551644 69.38922147 100.11834558
v 9.79941581 68.7769663 100.67042553
v 13.90531201 69.53362953 99.11283293
v 13.58141171 70.14588494 98.56075293
v 12.09623318 67.84716223 101.15823972
v 12.91294807 67.99768005 100.84842919
v 10.41120184 68.2689108 101.06190396
v 7.84977559 55.65232447 87.1292786
v 8.83300529 55.23681688 87.32123885
v 11.21773727 67.94240707 101.2332055
v 12.34388464 72.63261789 102.06872981
v 12.83952718 72.3254707 102.27707859
v 12.96962522 70.65393877 98.16927529
v 12.16309077 70.98044225 97.9979738
v 11.05272657 58.96295169 84.01714222
v 8.87655713 44.03777511 64.0269022
v 7.52211082 44.62102749 63.77550928
v 10.06949459 59.37844412 83.82515543
v -6.63790741 19.08332923 63.05230025
v -5.22701615 19.19039649 59.78229333
v 0.66754849 16.5662041 60.84896299
v 0.33743486 16.03130683 64.2813297
v 16.54112384 44.98740854 44.22367011
v 14.67815854 42.09519751 43.20792181
v 8.78359241 44.71938106 42.14123947
v 9.56578226 48.03943346 42.99463948
v 7.36345752 33.9898722 49.45861893
v 12.0196942 39.66826113 46.94170398
v 7.75490441 41.53429103 46.19024841
v 5.85958806 34.64788251 49.19364515
v -6.89103956 19.21620426 64.12077509
v 0.28554154 16.07614034 65.38528464
v 1.73592506 23.99590141 49.32794023
v -1.2779606 9.13916864 28.92566307
v 0.38855247 8.24415622 29.29585076
v 3.00124152 23.32595755 49.62335161
v 6.76030951 31.31331286 44.20078296
v 5.39086862 19.07046704 22.63353636
v 3.72435532 19.96547863 22.26334906
v 5.49499391 31.98326676 43.90540054
v 2.3661024 28.40499312 53.51801174
v -2.15218398 23.83025615 58.4536864
v 2.11260615 21.9642275 59.20514138
v 3.86997315 27.74699442 53.78301374
v -2.10336325 -1.87020829 6.5001855
v -1.01492658 -2.51698047 6.73322338
v 4.41563056 39.22536588 67.99424952
v 5.77007576 38.64210252 68.24561392
v 2.62376062 6.03355975 2.6241693
v 1.53532396 6.68033193 2.39113141
v 16.58764088 22.79556709 -2.58732334
v 14.16549604 19.07073943 -3.3558371
v -11.74680714 20.7786596 -2.6432579
v -15.06084508 27.51957959 -2.1851839
v -6.92132167 29.99255966 -3.77780848
v 12.00886267 71.56564491 103.25762801
v 12.60642184 71.58699223 103.1004082
v 12.96738679 71.901159 102.70843077
v 12.2511319 72.50491012 103.13201566
v 13.54354133 68.37103052 100.35092064
v 11.70200342 55.89261121 86.38436148
v 12.14353109 56.63377703 85.72711847
v 13.8920157 68.91040059 99.7414841
v 7.20049785 58.72265123 84.76203206
v 6.75896926 57.98148564 85.41927502
v 9.48881453 70.01247428 99.48975059
v 11.51209622 71.86088876 103.0378456
v 11.38536138 72.29712072 102.61798646
v 9.74176331 39.62882151 67.06203137
v 10.35968073 40.70208551 66.22287345
v 1.43199622 33.47234417 50.39216128
v -4.80119748 38.20061844 49.58911832
v -6.77184109 34.67906717 52.02846856
v 0.73709741 32.23055418 51.25233011
v -11.34867099 43.39795205 49.20392161
v -10.97054391 42.58698916 48.55370702
v -14.19365568 36.82726145 52.54342142
v -14.66477221 37.47206173 53.30875045
v 21.41433829 21.68588873 59.66584867
v 20.87376114 21.48375502 58.72227717
v 24.09687199 27.2434759 54.73254914
v 24.7304401 27.61178465 55.56103403
v -8.69797715 39.77815559 47.05930423
v -11.4848589 34.70011245 50.56830542
v 8.29756341 28.9225201 52.58446988
v 14.66870787 25.29789946 55.80627177
v 16.6393513 28.81945011 53.36692182
v 8.99246187 30.16430884 51.72430164
v 1.44139578 30.13304144 45.48254164
v -1.63509903 17.4313152 24.1864494
v -2.63012137 15.27782656 25.51166119
v 0.69366947 28.5442564 46.56115592
v -2.11388133 4.55785082 3.56772657
v -2.83766098 2.85704284 4.38506813
v 6.74302939 12.93180912 26.04753823
v 7.02456344 15.26387761 24.68153525
v 8.00915831 28.48918807 45.85803044
v 7.80256531 26.76496211 46.96758212
v 3.55042292 43.63430725 64.95909242
v 2.93250526 42.5610424 65.79825073
v 3.35805835 1.30630862 4.73928667
v 3.61021718 3.12515915 3.89498184
v 18.14911862 21.50743161 55.93089726
v 20.93599766 26.58545456 52.42185506
v 3.35236613 4.78514894 3.15225142
v 6.54974818 17.4194889 23.48270064
v 7.64316524 30.08635349 44.88645639
v 11.21773727 67.94240707 101.2332055
v 12.00886267 71.56564491 103.25762801
v 12.2511319 72.50491012 103.13201566
v 12.34388464 72.63261789 102.06872981
v 12.16309077 70.98044225 97.9979738
v 10.06949459 59.37844412 83.82515543
v 7.52211082 44.62102749 63.77550928
v 9.56578226 48.03943346 42.99463948
v 8.78359241 44.71938106 42.14123947
v 5.85958806 34.64788251 49.19364515
v 7.75490441 41.53429103 46.19024841
v 5.49499391 31.98326676 43.90540054
v 3.72435532 19.96547863 22.26334906
v 1.53532396 6.68033193 2.39113141
v 16.95670578 45.86762565 44.74896662
v 8.83300529 55.23681688 87.32123885
v 0.33743486 16.03130683 64.2813297
v 0.66754849 16.5662041 60.84896299
v 0.28554154 16.07614034 65.38528464
v 3.00124152 23.32595755 49.62335161
v 0.38855247 8.24415622 29.29585076
v 3.86997315 27.74699442 53.78301374
v 2.11260615 21.9642275 59.20514138
v -1.01492658 -2.51698047 6.73322338
v 5.77007576 38.64210252 68.24561392
v 9.78012398 49.00768706 43.48445825
v 9.78012398 49.00768706 43.48445825
v 9.43975704 42.86635309 3.06303911
v 8.77802048 39.41642591 0.03445866
v 0.73257291 41.43013088 -0.4255116
v -0.43230794 45.33724438 2.4986384
v 0.73257291 41.43013088 -0.4255116
v -0.75043243 37.46176201 -3.1248929
v -0.95470164 36.94090695 -1.83222493
v 0.5199721 40.80238011 0.54490722
v 9.82856238 45.77465479 6.8182958
v -0.93307987 48.46819948 6.20303662
v 10.0297315 47.81526353 10.79816903
v -1.20119318 50.62626549 10.15608028
v -0.66692978 44.60233507 3.38510249
v 9.20513521 42.13144377 3.9495032
v 9.54560723 44.76559765 7.34997682
v -1.21603502 47.45914233 6.73471765
v -0.43230794 45.33724438 2.4986384
v 10.29403692 51.16410699 21.00502454
v 10.16142487 49.54216987 15.52589204
v -1.18799874 52.38283108 14.87702853
v -0.29116384 53.81348992 20.39985279
v 9.7467737 46.80619337 11.32983935
v -1.48415098 49.61719533 10.6877506
v -0.93307987 48.46819948 6.20303662
v 10.19985044 52.15232269 27.05888206
v 0.73456192 54.52140141 26.51773737
v -1.4716928 51.35134812 15.32345586
v 9.87773081 48.51068691 15.97231937
v -1.20119318 50.62626549 10.15608028
v 4.22393625 52.59298888 33.55152132
v 1.74518567 53.19197644 29.98903696
v 9.85944877 51.16104396 30.45294314
v 9.93165021 51.16439812 33.87783986
v 10.00466189 49.96006169 20.79535794
v -0.58053886 52.60944462 20.19018619
v -1.18799874 52.38283108 14.87702853
v 4.18147897 51.30949774 38.40877769
v 9.36711737 50.0115714 38.70523457
v -0.29116384 53.81348992 20.39985279
v 4.44392703 53.54275007 33.86157299
v 1.98388721 54.18359135 30.155046
v 0.47714699 53.48791975 26.49576025
v 9.94243551 51.11884103 27.03690494
v 0.73456192 54.52140141 26.51773737
v 10.15164099 52.11415931 34.18789153
v 10.09815123 52.15266222 30.6189506
v 1.98388721 54.18359135 30.155046
v 4.44392703 53.54275007 33.86157299
v 4.40146863 52.25924795 38.71880084
v 9.26264857 48.58818758 42.04551019
v 2.98178862 50.16023174 41.68642404
v 9.58710611 50.96131826 39.0152593
v 4.40146863 52.25924795 38.71880084
v 3.17677752 51.04696189 42.15784586
v 9.45763746 49.47491772 42.51693201
v 3.17677752 51.04696189 42.15784586
v 21.52806237 39.84075626 3.75414559
v 18.98604459 36.86144699 0.61806665
v 10.94059551 38.87515234 0.15809631
v 11.65599773 42.31164748 3.1897449
v 9.78012398 49.00768706 43.48445825
v 1.88081239 49.64098957 43.88705526
v 9.56578226 48.03943346 42.99463948
v 1.8879714 48.6549641 43.38592749
v 11.4213759 41.57673816 4.076209
v 10.72799471 38.24740156 1.12851513
v 18.77344378 36.23369621 1.58848548
v 21.29344054 39.10584695 4.64060969
v 1.88081239 49.64098957 43.88705526
v 8.56541967 38.78867513 1.00487748
v 23.03990545 42.46797147 7.57360802
v 12.2782617 45.16151653 6.95834877
v 8.53670006 34.56774296 -1.29515611
v 18.50727919 32.06974023 -0.71955276
v 11.99530654 44.15245939 7.49002979
v 22.75695029 41.45891433 8.10528905
v 18.71154748 32.59059195 -2.01221916
v 18.98604459 36.86144699 0.61806665
v 24.1712346 46.03563735 16.3268538
v 23.86429537 44.35259351 11.58911172
v 12.6333693 47.16359582 10.94702289
v 12.82181134 48.87629847 15.67799031
v 12.3504115 46.15452566 11.47869322
v 23.58133757 43.34352334 12.12078205
v 21.52806237 39.84075626 3.75414559
v 23.46474613 47.86759397 21.75801367
v 12.87954954 50.51697585 21.15284216
v 12.53811728 47.84481551 16.12441764
v 23.88754054 45.00415439 16.77328113
v 23.1753711 46.66354867 21.54834707
v 12.59017451 49.31293056 20.94317556
v 23.03990545 42.46797147 7.57360802
v 21.98464101 48.1047826 27.72537582
v 12.51935387 50.47386097 27.18423121
v 23.86429537 44.35259351 11.58911172
v 24.1712346 46.03563735 16.3268538
v 23.46474613 47.86759397 21.75801367
v 22.24205594 49.13826425 27.74735295
v 11.81635777 50.69267235 33.98559141
v 12.24545168 50.56385193 30.58935286
v 20.35971432 48.53292315 31.05325738
v 17.52407277 49.26408134 34.31191001
v 22.24205594 49.13826425 27.74735295
v 12.7767688 51.50734262 27.20620833
v 11.25182578 49.53985193 38.81299998
v 16.43746607 48.24193164 39.10947079
v 17.74406355 50.21384252 34.62196168
v 20.59841586 49.52453806 31.21926643
v 12.48415321 51.55546685 30.7553619
v 12.03634855 51.64243354 34.29564308
v 16.79244561 47.63907956 42.93627395
v 16.65745573 49.19168185 39.41949394
v 11.47181544 50.48960214 39.12302314
v 10.51158561 49.21112374 42.5771878
v 9.56578226 48.03943346 42.99463948
v 10.31659672 48.3243936 42.10576598
v 16.59745672 46.75234941 42.46485214
v 16.54112384 44.98740854 44.22367011
v 20.59841586 49.52453806 31.21926643
v 17.74406355 50.21384252 34.62196168
v 16.95670578 45.86762565 44.74896662
v 9.78012398 49.00768706 43.48445825
v 16.65745573 49.19168185 39.41949394
v 18.71154748 32.59059195 -2.01221916
v 8.74752394 35.10530604 -2.62932714
v 16.79244561 47.63907956 42.93627395
v 16.95670578 45.86762565 44.74896662
v 9.78012398 49.00768706 43.48445825
v 10.51158561 49.21112374 42.5771878
v 11.47181544 50.48960214 39.12302314
v 12.03634855 51.64243354 34.29564308
v 12.48415321 51.55546685 30.7553619
v 12.7767688 51.50734262 27.20620833
v 12.87954954 50.51697585 21.15284216
v 12.82181134 48.87629847 15.67799031
v 12.6333693 47.16359582 10.94702289
v 12.2782617 45.16151653 6.95834877
v 11.65599773 42.31164748 3.1897449
v 10.94059551 38.87515234 0.15809631
v 8.74752394 35.10530604 -2.62932714
v 8.74752394 35.10530604 -2.62932714
v -0.75043243 37.46176201 -3.1248929
v 2.48424954 -13.43883325 14.74148917
v 0.26763641 -2.46364871 6.63573909
v -1.01492658 -2.51698047 6.73322338
v -4.6510345 -12.74933234 14.83950691
v -17.44593062 -17.2520597 20.669391
v -11.01965194 -9.63469939 13.77317757
v -15.65204357 -4.56914042 11.70477127
v -25.3530324 -9.12487758 17.41201211
v -28.73085434 11.77550565 8.06802744
v -17.25887281 8.15046319 5.92606361
v -13.98868694 13.86805269 3.09548856
v -23.6873425 21.36681519 3.40395817
v -1.64922915 19.56334634 -0.34260146
v 5.437544 19.16869817 -0.49315213
v 8.08419824 31.57905352 -3.15256737
v -0.54821694 32.15589271 -2.92343316
v -3.18052074 29.31097567 -2.29607236
v 11.61954451 15.81807595 0.61229517
v 16.42169282 10.92939973 2.67770909
v 26.46432446 18.01558033 2.0727488
v 20.66369228 23.97765911 -0.3168553
v 16.79870838 24.31034981 -1.15382997
v -17.84296795 1.67617724 8.94923358
v -29.31577227 1.06824996 12.98700082
v 29.84214569 -2.88480545 11.41673468
v 18.02852192 -1.79020417 8.45641794
v 30.42706386 7.82245112 6.49776089
v 18.61261595 4.68407407 5.43323371
v -0.95470164 36.94090695 -1.83222493
v -2.08443785 34.79209364 -2.16216122
v 8.08419824 31.57905352 -3.15256737
v 8.53670006 34.56774296 -1.29515611
v 8.53670006 34.56774296 -1.29515611
v 8.08419824 31.57905352 -3.15256737
v 15.89530788 28.04022264 -1.98333227
v 18.475212 29.67449717 -0.9863989
v 18.50727919 32.06974023 -0.71955276
v -14.95304879 28.38198567 -0.29514433
v -8.5302655 17.95851565 0.88847999
v -6.81352538 30.85496574 -1.8877689
v -6.79825315 -22.07600313 22.26322957
v 2.62376062 6.03355975 2.6241693
v 3.35236613 4.78514894 3.15225142
v 1.53532396 6.68033193 2.39113141
v 0.25276096 6.62700017 2.48861571
v -1.0286683 5.88168456 2.90178062
v 2.63427847 -0.39450019 5.55662862
v 1.54906544 -1.71833394 6.22257457
v 4.96898607 -22.86231679 21.95088529
v -2.83766098 2.85704284 4.38506813
v -2.11388133 4.55785082 3.56772657
v -2.83196905 -0.62179853 5.97210388
v -3.08982004 1.03819147 5.22937336
v 3.35805835 1.30630862 4.73928667
v 3.61021718 3.12515915 3.89498184
v -2.10336325 -1.87020829 6.5001855
v 29.73434939 -3.74721152 9.5266951
v 29.84214569 -2.88480545 11.41673468
v 24.79863386 -12.47611495 16.08080393
v 24.69083757 -13.33852102 14.19076436
v -23.79513879 20.50440912 1.5139186
v -23.6873425 21.36681519 3.40395817
v -14.95304879 28.38198567 -0.29514433
v -15.06084508 27.51957959 -2.1851839
v -25.46082869 -9.98728366 15.52197254
v -25.3530324 -9.12487758 17.41201211
v -29.31577227 1.06824996 12.98700082
v -29.42356856 0.20584388 11.09696124
v -0.75043243 37.46176201 -3.1248929
v -2.34656663 34.19948331 -3.73615514
v -6.90604945 -22.9384092 20.37319
v -6.79825315 -22.07600313 22.26322957
v -17.44593062 -17.2520597 20.669391
v -17.55372691 -18.11446578 18.77935142
v 30.31926757 6.96004505 4.60772131
v 30.42706386 7.82245112 6.49776089
v -28.73085434 11.77550565 8.06802744
v -28.83865063 10.91309957 6.17798787
v 18.5820899 28.98021532 -2.53694482
v 18.71154748 32.59059195 -2.01221916
v 4.86118978 -23.72472287 20.06084571
v 4.96898607 -22.86231679 21.95088529
v 15.95654455 -20.35368899 17.88986567
v 16.06434084 -19.49128292 19.77990525
v 26.35652816 17.15317426 0.18270923
v 26.46432446 18.01558033 2.0727488
v 20.55589599 23.11525303 -2.20689488
v 26.35652816 17.15317426 0.18270923
v 20.28805789 12.79506675 -0.8363639
v -2.34656663 34.19948331 -3.73615514
v -0.75043243 37.46176201 -3.1248929
v 8.74752394 35.10530604 -2.62932714
v 7.80174892 30.1042998 -4.66850823
v 20.55589599 23.11525303 -2.20689488
v -6.92132167 29.99255966 -3.77780848
v 1.69948618 19.39209204 55.17056121
v 5.80123285 19.14514726 54.91061009
v 13.59184815 33.90112654 44.76166401
v 10.88914445 36.79795306 43.19905481
v 7.20659979 38.4993468 42.49406474
v 3.10485443 38.74629259 42.75401532
v -4.68576202 23.9903127 52.90296174
v -1.98305717 21.09348679 54.4655706
v -5.71762033 31.49134815 48.25084054
v -5.9971672 27.64155588 50.7206396
v 9.69773026 20.39025634 53.72530172
v 12.79577255 22.93784696 51.79506046
v 14.62370842 26.40009105 49.41378512
v 14.90325425 30.24988313 46.94398621
v -0.79164449 37.50118862 43.93933824
v -3.88968549 34.95359205 45.86956534
v 7.20659979 38.4993468 42.49406474
v 1.69948618 19.39209204 55.17056121
v -19.74711466 -8.21523899 11.08932802
v -25.46082869 -9.98728366 15.52197254
v -29.42356856 0.20584388 11.09696124
v -22.82218216 -0.34023994 7.66209125
v -18.49244452 15.35113668 0.23005532
v -23.79513879 20.50440912 1.5139186
v 22.92254012 -3.35533899 6.40414604
v 29.73434939 -3.74721152 9.5266951
v 24.69083757 -13.33852102 14.19076436
v 19.03338514 -10.7713146 10.02289526
v 15.95654455 -20.35368899 17.88986567
v 12.28775081 -16.19883037 12.8962208
v 30.31926757 6.96004505 4.60772131
v 23.36312151 4.92006818 2.59087392
v 4.86118978 -23.72472287 20.06084571
v 3.71259153 -18.81160043 14.58668019
v -22.38159652 7.93516808 3.84881745
v -28.83865063 10.91309957 6.17798787
v -6.90604945 -22.9384092 20.37319
v -5.38660004 -18.21186217 14.83689139
v -13.62455272 -14.49091505 13.60878491
v -17.55372691 -18.11446578 18.77935142
v 1.88363712 -9.09688772 7.99322629
v -2.66087967 -8.79735212 8.11819493
v 9.53548442 -5.08122805 5.71389176
v 6.1664315 -7.79195718 7.14894972
v 2.98987724 11.68154301 -1.58137193
v 7.10425613 9.82314324 -0.96801218
v -5.83743334 10.67614652 -0.61212736
v -1.55463857 11.98108568 -1.45639004
v -6.77525864 -6.93895274 7.50483431
v 10.16211898 6.68880467 0.29030658
v 11.69793578 2.75570797 2.00203098
v 11.47789051 -1.37738045 3.90653039
v -11.36893981 0.12848057 4.53479187
v -11.14889405 4.26157081 2.63029186
v -9.2064873 7.96541719 0.82293074
v -9.83312151 -3.80461427 6.24651534
v -1.73970912 0.66770768 2.23026268
v -1.70472701 1.32475724 1.92748831
v 1.68316791 1.7106308 1.5555056
v 1.92732311 1.08537505 1.82763442
v 1.047958 -0.59143207 2.64585363
v 0.36710512 -0.79888452 2.780067
v -1.39593586 1.91357882 1.64017889
v -0.3553545 -0.75126069 2.79994422
v -0.8603443 2.34451362 1.41204325
v -0.17949038 2.55196622 1.27783079
v -1.00943379 -0.45583311 2.70241414
v -1.49555372 0.04245253 2.50239044
v 1.89234044 0.42831242 2.13038068
v 1.58354905 -0.16050256 2.41770389
v 1.19704621 2.20890315 1.35545499
v 0.54296851 2.50434358 1.25795308
v 14.14589676 34.18688713 -2.02302607
v 10.57264736 34.28165307 -2.48567316
v 10.50506308 33.93796241 -2.60607283
v 13.99820713 33.06365908 -2.40636457
v -5.30926506 -0.08715361 -9.92373358
v -6.25259796 -11.40735734 -34.05387419
v -6.87891817 -13.66614038 -32.9874927
v -6.15832819 -2.44916711 -8.80475013
v 4.45282218 35.64561429 -5.41045126
v 4.21125263 34.56675968 -5.92730386
v 3.87572902 36.75742006 -2.61018691
v 4.09399995 37.53870639 -2.08380097
v 3.39680176 31.97182012 -5.13449558
v 2.76008385 28.61919857 -7.73485351
v 2.32404053 30.29749122 -4.52228975
v 2.9717902 33.03401751 -3.58086604
v 14.26506764 34.99297734 -1.50230583
v 10.70174824 35.01631549 -2.2865419
v 2.21254742 26.86576299 -7.22355742
v 2.12236122 25.99208816 -8.56185059
v 1.62867527 27.68380984 -4.49127746
v 1.85147235 28.52383202 -4.50130233
v 0.82716491 21.8940362 -7.23150839
v 0.49824365 20.12515937 -8.66470609
v 0.57967761 23.70563593 -4.4399902
v 0.86237117 24.89640104 -4.45445746
v -5.41435597 -8.38429221 -35.48107664
v -6.32208919 -12.19397975 -36.28216026
v -6.75342792 -13.74957476 -35.54775696
v 1.78718495 25.2448888 -7.4555369
v 1.39619019 26.88270205 -4.48035313
v 13.41843267 33.4016006 -4.89787391
v 10.8586387 35.6958397 -5.79871718
v -7.01476008 -16.65383585 -43.69130716
v -8.92692603 -19.65717975 -48.21103715
v -9.13519053 -20.32693228 -48.42139973
v -7.44738811 -18.21408066 -42.95470866
v -6.74065182 -14.71119182 -39.98109256
v -7.23024817 -16.47688914 -39.14749903
v -6.83795389 -14.75121696 -38.45438537
v -7.15949356 -15.91082881 -37.90692748
v -7.00090885 -14.64209861 -35.12639249
v 3.63221995 32.8277256 -5.10625068
v 3.51877591 35.68656882 -3.00548931
v -0.0588769 18.45242324 -7.87352435
v -0.0059009 22.10679985 -4.14264295
v -5.44375123 5.22197466 1.23053063
v -5.30926506 -0.08715361 -9.92373358
v -6.15832819 -2.44916711 -8.80475013
v -6.22120239 2.78364428 2.24233422
v -1.39711633 12.37602063 -10.97949452
v -1.2386142 18.27859603 -3.09824144
v -3.79548414 3.45255705 -10.58404814
v -3.02622694 12.72785018 -1.48721096
v -6.12371561 -12.17536314 -39.67045738
v -5.69067703 -10.92452615 -41.76879421
v -6.1368452 -13.48769306 -45.18605721
v -8.5968162 -18.22105206 -47.16715353
v -3.79548414 3.45255705 -10.58404814
v 7.6292146 35.36481888 -6.48638989
v 7.1107408 33.61062208 -5.66187203
v 3.63221995 32.8277256 -5.10625068
v 4.21125263 34.56675968 -5.92730386
v 3.27429828 -16.25942669 -34.97445686
v 3.7751264 -13.91720881 -33.4805742
v 3.14880618 -16.17599185 -32.41419272
v 3.02681735 -17.15195055 -34.55309239
v 6.21925446 29.40694361 -8.29158358
v 5.7213998 27.64107312 -7.77744711
v 2.21254742 26.86576299 -7.22355742
v 2.76008385 28.61919857 -7.73485351
v 5.67624486 -2.83673041 -9.29567556
v 5.19099692 -5.28980367 -8.15589225
v 0.06454319 4.67413512 -11.36159429
v -1.52064127 -7.23325665 -36.22835627
v -4.85776187 -21.54231365 -49.99195443
v -5.00968395 -22.09021072 -49.73328979
v 14.14589676 34.18688713 -2.02302607
v 13.17891007 32.32223365 -5.41460948
v 13.41843267 33.4016006 -4.89787391
v 14.26506764 34.99297734 -1.50230583
v 5.31663622 26.01504321 -8.00824892
v 4.42448952 22.64719713 -7.78033754
v 0.82716491 21.8940362 -7.23150839
v 1.78718495 25.2448888 -7.4555369
v 12.67703429 27.70622767 -3.93039362
v 11.85136604 26.34373036 -7.21509131
v 12.58893169 29.67111061 -4.60896777
v 13.29355493 30.45057031 -2.99075532
v 5.59870534 26.77552945 -9.11759638
v 2.12236122 25.99208816 -8.56185059
v 12.05561627 25.07403794 -3.89515366
v 11.26516835 23.70372371 -8.03914264
v 11.45287597 24.55298979 -6.69527402
v 12.2559467 25.91968332 -3.90646298
v 3.57681326 19.19598341 -8.42016091
v 2.23541021 13.12037173 -11.52631154
v -1.39711633 12.37602063 -10.97949452
v -0.0588769 18.45242324 -7.87352435
v -1.91935969 -10.21491228 -42.30767676
v -2.36552798 -12.77807961 -45.72493955
v -4.36842972 -19.6436195 -50.2386798
v -2.52423947 -12.08548333 -39.91676073
v -2.66339154 -11.89052143 -36.62929496
v 11.10111671 21.07221199 -3.83846381
v 9.94418423 17.76092327 -8.12466755
v 10.33291339 19.5148307 -6.68805054
v 11.41415346 22.25538246 -3.85119629
v 0.06454319 4.67413512 -11.36159429
v -3.79548414 3.45255705 -10.58404814
v 3.70563701 -14.70383168 -35.70886016
v 4.61336839 -10.89414368 -34.90777666
v 11.08930925 22.91664866 -6.92372055
v 11.88195442 24.25820722 -3.88086632
v 3.65357023 -23.52784695 -47.69024716
v 3.76303118 -22.83336476 -47.48553333
v 3.01296613 -19.16368779 -43.11800706
v 2.58033809 -20.7239326 -42.38140857
v 3.28707438 -17.22104376 -39.40779247
v 2.79747804 -18.98674108 -38.57419893
v 3.18977231 -17.2610689 -37.88108528
v 2.86823265 -18.42068074 -37.33362738
v 4.07563341 20.88331162 -9.21467577
v 0.49824365 20.12515937 -8.66470609
v 6.88958782 32.75114972 -5.68930299
v 3.39680176 31.97182012 -5.13449558
v 13.99820713 33.06365908 -2.40636457
v 12.78155591 30.53772704 -4.58316947
v 10.83151871 19.39428875 -3.52305148
v 9.56196766 16.04441022 -7.32348629
v 5.19099692 -5.28980367 -8.15589225
v 5.67624486 -2.83673041 -9.29567556
v 7.09086727 2.08466956 1.94715351
v 6.51852101 -0.40499677 2.97068324
v 7.87010257 36.44384409 -5.96957626
v 4.45282218 35.64561429 -5.41045126
v 8.21423795 9.97038294 -10.42999903
v 10.00190998 15.4651914 -2.45560387
v 6.08286131 0.98009381 -10.01928837
v 8.78883631 9.77064346 -0.81172613
v 3.90401059 -14.68521508 -39.09715729
v 4.33704917 -13.43437809 -41.19549412
v 3.890881 -15.997545 -44.61275711
v 4.03621326 -21.38298856 -46.44490436
v 6.08286131 0.98009381 -10.01928837
v 0.67918455 -12.72713892 -36.43819489
v 1.82193483 -8.06987414 -36.0372562
v 12.58893169 29.67111061 -4.60896777
v 11.85136604 26.34373036 -7.21509131
v 9.24968186 28.64845421 -8.11832952
v 9.95363112 31.98424655 -5.51412705
v 13.17891007 32.32223365 -5.41460948
v 10.61843452 34.61664334 -6.31549172
v 12.78155591 30.53772704 -4.58316947
v 10.16051869 32.84728941 -5.48751167
v 9.94418423 17.76092327 -8.12466755
v 9.56196766 16.04441022 -7.32348629
v 6.78376206 18.39331225 -8.23681485
v 7.22427904 20.09523323 -9.03466299
v 10.33291339 19.5148307 -6.68805054
v 7.59307242 21.85412862 -7.59918492
v -0.00780914 -20.73504459 -49.98937661
v 0.97704811 -13.61469709 -45.53383948
v 11.26516835 23.70372371 -8.03914264
v 11.08930925 22.91664866 -6.92372055
v 8.41734439 25.23896314 -7.8309768
v 8.64630787 26.01274126 -8.94336039
v 8.21423795 9.97038294 -10.42999903
v 6.08286131 0.98009381 -10.01928837
v 3.35732424 3.8499809 -11.17334108
v 5.43919551 12.31849236 -11.34314634
v 0.81833663 -12.92210081 -39.72566066
v 1.4232164 -11.05152976 -42.11657669
v -0.4971413 -22.63373874 -49.74265123
v 11.45287597 24.55298979 -6.69527402
v 8.80151001 26.87014855 -7.6013526
v -0.64906338 -23.18163581 -49.4839866
v 3.35732424 3.8499809 -11.17334108
v 4.09399995 37.53870639 -2.08380097
v 7.30335321 35.83201001 -2.48078145
v 3.87572902 36.75742006 -2.61018691
v 7.10118525 35.15052959 -2.68414184
v 3.51877591 35.68656882 -3.00548931
v 7.01191996 34.8122655 -2.80578105
v -5.74280178 -24.65890354 25.05776739
v -5.83532721 -24.84533563 25.56220282
v -2.52146682 -25.92287362 26.3550585
v -2.24965773 -25.53320686 25.25747566
v -7.50523862 -15.92492426 -31.92111082
v -6.64289773 -4.89681293 -7.65307209
v -12.79163457 -23.35234069 25.76789766
v -12.22929724 -24.72501219 22.06460453
v -12.37250577 -25.03383468 23.23658565
v -12.82650428 -23.4839896 26.72528438
v -11.78868338 -20.59912799 19.50622985
v -11.33526628 -22.21476326 16.26408527
v -11.68053011 -22.40359488 20.53637894
v -12.19551352 -21.66587508 22.24319579
v -5.96511805 -25.0916518 26.09069597
v -2.65543659 -26.02971866 27.30677952
v -11.2803718 -18.87182726 17.48784524
v -10.94323162 -21.12812111 13.68380913
v -10.96690876 -20.66508695 15.21596759
v -11.44435961 -19.42671959 18.13636569
v -10.49759174 -16.24381418 14.42032233
v -9.89271582 -17.34915892 9.02708573
v -10.06873567 -17.40131927 11.32000316
v -10.75931343 -17.01644724 15.33278406
v -7.24838978 -15.53462247 -34.70502802
v -7.6797288 -17.09021853 -33.97062422
v -8.34348038 -18.94798855 -30.49390876
v -10.69710562 -19.77889165 13.80038949
v -11.14134941 -18.33311759 16.86623581
v -6.82417474 -28.07607481 24.30828642
v -3.40689528 -27.27784836 23.749163
v -9.19495105 -20.6237945 -47.75469404
v -7.88001614 -19.77432548 -42.21811017
v -7.71984451 -18.24258646 -38.31390549
v -7.48103348 -17.07044159 -37.35946914
v -12.72908896 -22.91029712 24.65835091
v -11.83245721 -22.94462491 21.22412328
v -10.2718325 -14.91661356 13.33627468
v -9.51086135 -15.6355428 8.21955556
v -6.15832819 -2.44916711 -8.80475013
v -6.64289773 -4.89681293 -7.65307209
v -6.77988417 0.40329826 3.50544913
v -6.22120239 2.78364428 2.24233422
v -8.72383173 -14.04730106 1.49507281
v -9.51497721 -11.56956788 10.99320909
v -6.95148141 -7.92934148 -5.21060338
v -8.39829061 -6.6461474 7.65933921
v -8.1952715 -19.64629447 -36.14339758
v -8.76981954 -22.02925297 -36.52620344
v -8.75793102 -22.94046827 -40.72336012
v -9.3063699 -20.78001125 -45.95905755
v -6.95148141 -7.92934148 -5.21060338
v -11.83245721 -22.94462491 21.22412328
v -9.21142045 -25.25418896 22.12846627
v -9.66882076 -27.01941854 22.9654852
v -12.22929724 -24.72501219 22.06460453
v 3.14880618 -16.17599185 -32.41419272
v 2.52248574 -18.43477573 -31.34781083
v 2.77933642 -18.04447441 -34.13172792
v 3.02681735 -17.15195055 -34.55309239
v -10.96690876 -20.66508695 15.21596759
v -8.3155414 -22.98224069 16.1220438
v -8.7335821 -24.51948711 17.16732347
v -11.33526628 -22.21476326 16.26408527
v 4.34261219 -7.64638973 -7.02501407
v 5.19099692 -5.28980367 -8.15589225
v -5.55204705 -21.77225893 -29.36442883
v -4.22594434 -10.79922857 -4.05655068
v -5.16160603 -22.63810779 -49.47462516
v -3.40689528 -27.27784836 23.749163
v -3.2616398 -26.96953822 22.57729891
v -2.52146682 -25.92287362 26.3550585
v -2.65543659 -26.02971866 27.30677952
v -10.06873567 -17.40131927 11.32000316
v -7.32889376 -19.74061384 12.23113597
v -8.02514076 -22.10120614 14.70764574
v -10.69710562 -19.77889165 13.80038949
v -2.48840019 -24.70430439 21.06190675
v -2.24398409 -24.49023148 16.78384746
v -1.43568962 -23.19039154 20.09812598
v -1.87374879 -24.24932228 22.83330651
v -10.94323162 -21.12812111 13.68380913
v -8.3243716 -23.43714034 14.58802767
v -1.7265802 -22.97786016 15.74425099
v -1.80042449 -23.41648556 14.20651708
v -0.85343079 -21.48159916 18.08396904
v -1.03988525 -22.03086829 18.73120504
v -8.72383173 -14.04730106 1.49507281
v -5.94878906 -16.39540965 2.40821972
v -6.73265575 -17.98444484 9.13288413
v -9.51086135 -15.6355428 8.21955556
v -5.84409813 -25.32331617 -39.80227774
v -5.85598653 -24.41210046 -35.60512127
v -5.58996742 -24.04901564 -48.15887275
v -5.10959753 -21.40940873 -35.5148942
v -4.65327605 -19.06691024 -33.24128999
v -0.56298718 -19.78052476 11.86346101
v -0.44677524 -19.71339502 9.56712427
v 0.02384737 -18.87723813 15.02184873
v -0.20753115 -19.65746582 15.93604522
v -6.95148141 -7.92934148 -5.21060338
v -4.22594434 -10.79922857 -4.05655068
v 1.68424398 -21.45784002 -29.92060878
v 2.3479974 -19.60007046 -33.39732413
v -1.39498131 -22.1071318 14.33220584
v -0.65558518 -20.95761243 17.46572262
v 2.14771006 -22.28417741 -41.64481007
v 3.49500617 -23.79997951 -47.02919022
v 3.65357023 -23.52784695 -47.69024716
v 2.58033809 -20.7239326 -42.38140857
v 2.30788169 -20.7524384 -37.7406054
v 2.79747804 -18.98674108 -38.57419893
v 2.54669272 -19.58029352 -36.78616905
v 2.86823265 -18.42068074 -37.33362738
v -9.89271582 -17.34915892 9.02708573
v -7.17281155 -19.68347222 9.93708275
v -11.68053011 -22.40359488 20.53637894
v -9.04522816 -24.7167258 21.44153586
v -2.68312125 -25.23462347 21.74720449
v -2.24965773 -25.53320686 25.25747566
v 0.10998321 -18.04355583 8.76959363
v 0.56558711 -17.62912466 13.95586615
v 5.75473432 -2.73400684 4.222072
v 4.34261219 -7.64638973 -7.02501407
v 5.19099692 -5.28980367 -8.15589225
v 6.51852101 -0.40499677 2.97068324
v -9.81271088 -27.32807043 24.13742734
v -12.37250577 -25.03383468 23.23658565
v 0.88752255 -16.45293875 2.0445683
v 1.72554697 -14.38297251 11.63584666
v 2.92686404 -10.40180472 -4.64584361
v 3.41677264 -9.60335413 8.33482403
v 1.8324547 -22.1561464 -35.57009748
v 1.25790667 -24.53910491 -35.95290335
v 1.26979519 -25.4503202 -40.15006002
v 3.32665956 -23.94194775 -45.23680837
v 2.92686404 -10.40180472 -4.64584361
v -2.20947096 -22.60887642 -29.17332876
v -1.31069996 -19.90352773 -33.05018992
v -5.7031547 -25.27797652 17.34057754
v -2.24398409 -24.49023148 16.78384746
v -2.48840019 -24.70430439 21.06190675
v -5.98118485 -25.48362898 21.61671179
v -6.67960084 -27.76759407 23.13638337
v -3.2616398 -26.96953822 22.57729891
v -2.68312125 -25.23462347 21.74720449
v -6.16164257 -26.01752162 22.30282663
v -3.52570695 -18.787116 9.31623018
v 0.10998321 -18.04355583 8.76959363
v -0.44677524 -19.71339502 9.56712427
v -4.02416593 -20.47155061 10.11709553
v -0.56298718 -19.78052476 11.86346101
v -4.16031086 -20.53368236 12.41228859
v -1.22934685 -25.14044073 -47.90956956
v -2.50152203 -26.15993366 -39.61117767
v -4.92443258 -22.8772862 14.88491786
v -1.39498131 -22.1071318 14.33220584
v -1.80042449 -23.41648556 14.20651708
v -5.27676907 -24.19992853 14.76226366
v -0.93316329 -11.6233828 -3.86829747
v 2.92686404 -10.40180472 -4.64584361
v 0.88752255 -16.45293875 2.0445683
v -2.74500376 -17.19728901 2.59138492
v -1.76702144 -22.24602622 -35.32379413
v -2.51341044 -25.24871795 -35.4140212
v -0.80098545 -23.72953288 -49.22532196
v -1.7265802 -22.97786016 15.74425099
v -5.23543119 -23.75316527 16.29813831
v -0.93316329 -11.6233828 -3.86829747
v -12.82650428 -23.4839896 26.72528438
v -9.34861372 -24.22222372 25.87108857
v -12.79163457 -23.35234069 25.76789766
v -9.2965282 -23.97902737 25.36432078
v -12.72908896 -22.91029712 24.65835091
v -9.23594491 -23.78460044 24.85805918
v -8.75492493 -22.52702423 22.43989938
v -12.19551352 -21.66587508 22.24319579
v -5.31433738 -23.38817312 22.63660292
v -1.87374879 -24.24932228 22.83330651
v -8.33768542 -21.46288252 19.70352856
v -11.78868338 -20.59912799 19.50622985
v -4.88668758 -22.32663702 19.90082727
v -1.43568962 -23.19039154 20.09812598
v -7.97620118 -20.29476924 18.33464549
v -11.44435961 -19.42671959 18.13636569
v -4.50804368 -21.16281865 18.53292524
v -1.03988525 -22.03086829 18.73120504
v -14.5274498 -93.8548986 -189.80630821
v -15.08170487 -89.02291866 -191.9794976
v -20.91384309 -136.76518156 -296.43339897
v -20.32357133 -141.08237399 -294.70717441
v -25.23325257 -174.61695386 -378.36930933
v -24.89651845 -178.12208755 -378.28808833
v -19.6728831 -145.48665558 -292.82339967
v -24.08867634 -182.38002914 -377.10132138
v -13.97319917 -98.68690845 -187.63317209
v -10.99693287 -81.12232278 -195.81743055
v -8.00887325 -77.17695564 -197.78811618
v -14.25494538 -125.94721623 -302.04805562
v -17.08725052 -129.41079386 -300.21737914
v -19.38334713 -165.41056593 -385.11268021
v -22.15137732 -168.22191492 -382.96200373
v -19.79739346 -132.73877871 -298.33428161
v -23.96014884 -170.02558819 -380.53691342
v -13.98499302 -85.06769881 -193.84677443
v -26.9348295 -203.97026902 -447.86449998
v -27.32683951 -198.24782983 -435.97361015
v -25.86813942 -195.83288893 -436.96383253
v -26.06569129 -202.47903009 -448.4598138
v -23.42036518 -193.70553574 -438.37287342
v -24.6295319 -200.90585671 -448.74535882
v -26.11422689 -209.5019375 -460.40901526
v -25.63677884 -206.83880571 -457.10123944
v -26.27726277 -210.22681146 -460.73074415
v -26.38716922 -207.24466116 -445.75278114
v -26.30384332 -204.10461177 -433.46342352
v -27.27053554 -200.89051139 -434.57597174
v -26.92469114 -205.57697096 -446.99732958
v -26.37798689 -210.45317075 -459.95993383
v -26.42700133 -209.68869163 -455.75579565
v -25.96708227 -199.23908523 -418.05298869
v -27.16432793 -194.8792366 -419.95397375
v -27.303096 -190.06147028 -414.54406348
v -27.48319139 -191.0925863 -420.9093798
v -27.38131118 -193.70306993 -426.37900449
v -3.65781409 -5.96562667 4.20106262
v -4.10594098 -0.61851777 1.78678895
v -9.4416834 -43.52667777 -92.25663038
v -8.95007219 -48.6677716 -89.93883099
v -8.45846339 -53.80887403 -87.62104434
v -3.20968684 -11.31273432 6.61533571
v -26.48217719 -187.10088006 -415.94177125
v -25.39398098 -188.49460514 -422.9682539
v -22.09526657 -185.27563421 -424.64519583
v -24.932512 -172.90589482 -378.35376408
v -26.93573387 -187.36133425 -410.69636192
v -24.59061104 -171.97654893 -378.71935401
v -26.9211212 -187.77253138 -413.54679919
v -24.42190209 -171.06440652 -379.22310517
v -26.53528456 -185.91713992 -411.37817247
v -20.29689563 -135.78137765 -296.83844965
v -14.43783643 -88.12663701 -192.42516744
v -19.86276769 -134.84086568 -297.28264845
v -13.99561737 -87.17989171 -192.88237928
v -19.75477792 -133.82626546 -297.76146679
v -13.88948074 -86.14902792 -193.35880546
v -8.81551037 -42.61795314 -92.70697698
v -3.49032361 0.2972259 1.33383326
v -8.38020023 -41.66146372 -93.16824932
v -3.05919164 1.25914576 0.87032976
v -8.26299575 -40.62534872 -93.64769442
v -2.93553808 2.29802377 0.38924771
v -8.33665601 -39.54146848 -94.13806535
v -2.99636998 3.38307777 -0.10238205
v 0.16646705 7.82639407 -2.31021152
v 3.32930373 12.26970911 -4.5180404
v -2.14896737 -31.05408777 -98.36367982
v -5.2428125 -35.29777926 -96.25087202
v -14.10230563 -138.47004966 -296.0439732
v -7.99707601 -90.79613914 -191.57445878
v -10.98513537 -94.74150884 -189.60378879
v -16.83222207 -141.95622809 -294.50756876
v -19.3038852 -176.10102252 -378.03031854
v -21.25379252 -179.03382991 -378.07982824
v -19.6728831 -145.48665558 -292.82339967
v -24.08867634 -182.38002914 -377.10132138
v -13.97319917 -98.68690845 -187.63317209
v -14.25494538 -125.94721623 -302.04805562
v -8.00887325 -77.17695564 -197.78811618
v -7.45461844 -82.00893302 -195.61491114
v -13.59590126 -130.28464797 -300.01777349
v -19.38334713 -165.41056593 -385.11268021
v -18.50865138 -169.13365728 -382.75374364
v -12.985856 -134.4436468 -297.94485584
v -18.03078147 -171.50965685 -380.19792263
v -6.90036416 -86.84091929 -193.44173561
v -22.42553724 -196.69454207 -436.76701382
v -22.38758965 -199.48408076 -435.69122585
v -24.14296889 -204.66904725 -447.70488514
v -24.14042794 -202.96090662 -448.34974362
v -23.42036518 -193.70553574 -438.37287342
v -24.6295319 -200.90585671 -448.74535882
v -26.11422689 -209.5019375 -460.40901526
v -25.63677884 -206.83880571 -457.10123944
v -26.27726277 -210.22681146 -460.73074415
v -23.82793336 -201.75216453 -434.37915303
v -26.30384332 -204.10461177 -433.46342352
v -26.38716922 -207.24466116 -445.75278114
v -24.99942778 -206.05884749 -446.88725939
v -26.37798689 -210.45317075 -459.95993383
v -26.42700133 -209.68869163 -455.75579565
v -25.96708227 -199.23908523 -418.05298869
v -22.66648087 -196.00500828 -419.69682511
v -20.86265354 -191.67345655 -414.17585376
v -21.23474607 -195.24150128 -426.02759618
v -20.50625038 -192.83885345 -420.51049765
v -2.27077475 -45.32149333 -91.84665881
v 3.11598687 -2.42610298 2.19967736
v -0.04685016 -6.86941928 4.40750683
v -5.36461879 -49.56517914 -89.73384526
v -8.45846339 -53.80887403 -87.62104434
v -3.20968684 -11.31273432 6.61533571
v -20.04173473 -188.71286633 -415.57356153
v -20.89613162 -189.62037739 -422.71110513
v -22.09526657 -185.27563421 -424.64519583
v -18.76553874 -174.44943415 -378.001189
v -20.32927544 -189.01487286 -410.31866082
v -20.22941755 -189.44740612 -413.1642245
v -18.58949072 -173.47857672 -378.37626099
v -18.25492884 -172.60794585 -378.8705301
v -19.92882614 -187.57067853 -411.00047137
v -14.1374793 -137.32302555 -296.48630661
v -8.09258671 -89.71479738 -192.06240003
v -14.02857551 -136.30111283 -296.94909897
v -7.98645008 -88.68393359 -192.53882621
v -13.59536159 -135.36791335 -297.40932375
v -7.54423102 -87.73718829 -192.99603805
v -2.3444333 -44.23760699 -92.33701583
v 3.05515471 -1.34104993 1.70804804
v -2.22723053 -43.20149808 -92.81647485
v 3.17880853 -0.30217098 1.22696555
v -1.79192053 -42.24500211 -93.27773337
v 3.60994024 0.65974795 0.76346249
v -1.16574736 -41.33628403 -93.72809379
v 4.22555788 1.57549256 0.31050636
v -2.14896737 -31.05408777 -98.36367982
v 3.32930373 12.26970911 -4.5180404
v 3.77743098 6.92260146 -2.10376732
v -1.65735725 -36.19518727 -96.04588619
v 9.78012398 49.00768706 43.48445825
v 9.45763746 49.47491772 42.51693201
v 9.58710611 50.96131826 39.0152593
v 10.15164099 52.11415931 34.18789153
v 10.09815123 52.15266222 30.6189506
v 10.19985044 52.15232269 27.05888206
v 10.29403692 51.16410699 21.00502454
v 10.16142487 49.54216987 15.52589204
v 10.0297315 47.81526353 10.79816903
v 9.82856238 45.77465479 6.8182958
v 9.43975704 42.86635309 3.06303911
v 8.77802048 39.41642591 0.03445866
vn 0.20124 -0.71674 -0.66767
vn 0.0979 -0.53109 -0.84164
vn 0.29835 -0.42375 -0.85523
vn 0.45802 -0.55793 -0.69205
vn -0.56646 -0.82393 -0.01656
vn -0.27665 -0.96008 -0.04137
vn -0.27454 -0.96127 0.02435
vn -0.56792 -0.82076 0.06182
vn 0.28617 0.11947 -0.9507
vn 0.38962 0.1615 -0.90671
vn 0.4859 0.11553 -0.86635
vn 0.54217 -0.00032 -0.84027
vn 0.30434 0.0006 -0.95256
vn 0.09085 0.21337 0.97274
vn 0.08615 0.1959 0.97683
vn 0.15566 0.15166 0.9761
vn 0.16436 0.16154 0.97308
vn 0.73982 -0.0377 -0.67175
vn 0.56403 -0.1019 -0.81944
vn 0.48634 -0.11452 -0.86623
vn 0.74266 0.00126 -0.66966
vn 0.90166 0.42495 -0.08022
vn 0.8983 0.38304 -0.21527
vn 0.68892 0.70768 -0.15676
vn 0.72158 0.69145 -0.03491
vn -0.36895 0.92185 0.11861
vn -0.37718 0.92066 0.10057
vn -0.69234 0.70263 0.16426
vn -0.68356 0.70449 0.19091
vn -0.88057 -0.38091 0.28196
vn -0.8932 -0.38086 0.23903
vn -0.68355 -0.70449 0.19091
vn -0.67327 -0.70465 0.22401
vn -0.36201 0.92205 0.137
vn -0.67327 0.70465 0.22401
vn 0.3768 -0.92477 -0.05319
vn 0.37325 -0.92631 -0.05138
vn 0.69389 -0.7106 -0.11644
vn 0.69417 -0.70861 -0.1265
vn -0.26866 -0.9591 0.0892
vn -0.56077 -0.81626 0.13877
vn -0.27454 0.96127 0.02435
vn -0.27665 0.96008 -0.04137
vn -0.56646 0.82393 -0.01656
vn -0.56792 0.82076 0.06182
vn 0.85379 0.50935 -0.10771
vn 0.83843 0.5241 -0.14952
vn 0.54292 0.83137 -0.11855
vn 0.56449 0.822 -0.07529
vn -0.90184 -0.3795 0.20655
vn -0.69234 -0.70263 0.16426
vn -0.85608 -0.50737 0.09845
vn -0.85816 -0.51335 0.00614
vn 0.90658 0.38377 -0.17561
vn 0.90887 0.38513 -0.16011
vn 0.69389 0.7106 -0.11645
vn 0.69417 0.70861 -0.1265
vn -0.26866 0.9591 0.0892
vn -0.56077 0.81626 0.13877
vn 0.28819 0.06242 0.95554
vn 0.3156 0.07415 0.94599
vn 0.27475 0.13777 0.95159
vn 0.25365 0.11583 0.96034
vn 0.8616 0.50334 -0.06546
vn 0.57607 0.8168 -0.03123
vn 0.07546 0.15463 0.98509
vn 0.06221 0.1852 0.98073
vn -0.00344 0.14297 0.98972
vn 0.0209 0.11911 0.99266
vn -0.84328 -0.50298 0.18946
vn -0.37996 0.71803 -0.58314
vn -0.33044 0.53316 -0.77881
vn -0.52863 0.42675 -0.73378
vn -0.63441 0.55991 -0.53294
vn 0.63698 0.47847 -0.60442
vn 0.587 0.35664 -0.7268
vn 0.45802 0.55792 -0.69205
vn 0.52686 0.60589 -0.59609
vn 0.25167 -0.79163 -0.55676
vn 0.52686 -0.60589 -0.59609
vn -0.8566 -0.3279 -0.39839
vn -0.81402 -0.3092 -0.4917
vn -0.63441 -0.55991 -0.53294
vn -0.67273 -0.60589 -0.42466
vn -0.01594 -0.06474 0.99777
vn -0.04794 -0.07782 0.99581
vn -0.00344 -0.14297 0.98972
vn 0.02091 -0.11911 0.99266
vn 0.4505 0.23915 -0.86015
vn 0.29835 0.42375 -0.85523
vn -0.39754 0.79163 -0.46399
vn -0.67273 0.60589 -0.42466
vn -0.67811 -0.24129 -0.69422
vn -0.52863 -0.42675 -0.73378
vn 0.20141 -0.1523 0.9676
vn 0.21274 -0.18153 0.9601
vn 0.27475 -0.13777 0.95159
vn 0.25365 -0.11582 0.96034
vn 0.37558 -0.9242 -0.06918
vn 0.68892 -0.70768 -0.15676
vn 0.47809 0.8769 0.04971
vn 0.73763 0.65476 0.1649
vn -0.3493 0.88663 0.30311
vn -0.61162 0.69818 0.3721
vn 0.47809 -0.8769 0.04971
vn 0.72158 -0.69145 -0.03491
vn -0.78628 -0.43684 0.43696
vn -0.61162 -0.69819 0.3721
vn -0.78628 0.43684 0.43696
vn -0.88057 0.38091 0.28196
vn -0.95322 0 0.30227
vn -0.88389 0 0.46769
vn 0.96384 -0.25984 0.05918
vn 0.73763 -0.65476 0.1649
vn 0.90166 -0.42495 -0.08022
vn 0.99417 0 -0.10783
vn 0.8983 -0.38304 -0.21527
vn 0.90658 -0.38377 -0.17561
vn 0.98122 -0 -0.19289
vn 0.9718 0 -0.23581
vn -0.81402 0.3092 -0.4917
vn -0.67811 0.24129 -0.69422
vn -0.73499 -0 -0.67807
vn -0.87987 -0 -0.47521
vn 0.587 -0.35664 -0.7268
vn 0.4505 -0.23915 -0.86015
vn 0.50862 0 -0.86099
vn 0.61924 -0 -0.7852
vn -0.01594 0.06474 0.99777
vn -0.04794 0.07782 0.99581
vn -0.06369 -0 0.99797
vn -0.02895 -0 0.99958
vn -0.8566 0.3279 -0.39839
vn -0.92117 -0 -0.38916
vn -0.84328 0.50298 0.18946
vn -0.85608 0.50737 0.09845
vn -0.95219 0.28468 0.11086
vn -0.93874 0.27646 0.20574
vn 0.8616 -0.50334 -0.06546
vn 0.85379 -0.50935 -0.10771
vn 0.95168 -0.28343 -0.11819
vn 0.95753 -0.27762 -0.07782
vn 0.28819 -0.06242 0.95554
vn 0.3156 -0.07415 0.94599
vn 0.32984 -0 0.94404
vn 0.30025 -0 0.95386
vn 0.90887 -0.38513 -0.16011
vn 0.98448 -0 -0.17548
vn -0.85816 0.51335 0.00614
vn -0.95682 0.29024 0.01565
vn -0.8932 0.38086 0.23903
vn -0.90184 0.3795 0.20655
vn -0.97519 0 0.22135
vn -0.96671 0 0.25589
vn 0.83843 -0.5241 -0.14952
vn 0.94414 -0.2888 -0.15875
vn 0.38946 -0.1613 -0.90681
vn 0.28654 -0.11855 -0.95071
vn 0.22037 0.20933 -0.95269
vn 0.29735 0.27464 -0.91442
vn 0.37842 0.19187 -0.90553
vn -0.12672 -0.45246 0.88274
vn -0.3493 -0.88663 0.30311
vn -0.36201 -0.92205 0.137
vn 0.00635 -0.9994 0.03403
vn 0.06878 -0.98197 0.17606
vn 0.37558 0.9242 -0.06918
vn 0.00635 0.9994 0.03403
vn 0.06878 0.98197 0.17605
vn -0.51627 0.6522 0.55507
vn -0.13321 0.90708 0.39933
vn -0.36895 -0.92185 0.11861
vn 0.00335 -0.99945 0.03292
vn 0.07546 -0.15463 0.98509
vn 0.06221 -0.1852 0.98073
vn 0.13823 -0.19846 0.97031
vn 0.13891 -0.1661 0.97628
vn 0.25167 0.79163 -0.55676
vn 0.20124 0.71674 -0.66767
vn -0.08981 0.77114 -0.6303
vn -0.07293 0.85685 -0.51037
vn -0.39754 -0.79163 -0.46399
vn -0.37996 -0.71803 -0.58314
vn -0.08981 -0.77114 -0.6303
vn -0.07293 -0.85685 -0.51037
vn 0.0979 0.53109 -0.84164
vn -0.11668 0.56574 -0.81629
vn 0.20141 0.1523 0.9676
vn 0.21274 0.18153 0.9601
vn 0.13823 0.19846 0.97031
vn 0.13891 0.1661 0.97628
vn 0.28185 0.95944 0.00688
vn 0.27106 0.96165 -0.0419
vn -0.0017 0.99995 -0.00957
vn 0.00625 0.99892 0.04614
vn 0.25395 0.963 -0.09027
vn -0.01102 0.99779 -0.06549
vn -0.0017 -0.99995 -0.00957
vn 0.27106 -0.96165 -0.0419
vn 0.28185 -0.95944 0.00688
vn 0.00625 -0.99892 0.04614
vn -0.37718 -0.92066 0.10057
vn -0.00311 -0.99969 0.02488
vn 0.3768 0.92477 -0.05319
vn 0.00335 0.99945 0.03292
vn 0.37325 0.92631 -0.05138
vn -0.00311 0.99969 0.02488
vn -0.01102 -0.99779 -0.06549
vn 0.25395 -0.963 -0.09027
vn -0.33044 -0.53316 -0.77881
vn -0.11669 -0.56574 -0.81629
vn 0.54292 -0.83137 -0.11855
vn 0.56449 -0.822 -0.07529
vn 0.57607 -0.8168 -0.03123
vn 0.69612 -0.42307 0.58002
vn 0.38097 0.89284 0.24021
vn -0.51627 -0.6522 0.55507
vn -0.75835 -0.27434 0.59131
vn -0.75835 0.27436 0.59131
vn 0.69612 0.42307 0.58002
vn -0.12672 0.45246 0.88274
vn 0.96384 0.25984 0.05918
vn 0.95754 0.27762 -0.07782
vn 0.95168 0.28343 -0.11819
vn 0.94414 0.2888 -0.15875
vn 0.38097 -0.89284 0.24021
vn -0.1332 -0.90708 0.39934
vn 0.63698 -0.47847 -0.60442
vn -0.93874 -0.27646 0.20574
vn -0.95219 -0.28468 0.11086
vn -0.95682 -0.29024 0.01565
vn 0.35275 -0 0.93572
vn 0.33696 0.08292 0.93786
vn -0.02192 0.16205 0.98654
vn -0.07276 0.08838 0.99343
vn -0.0908 0 0.99587
vn -0.07276 -0.08838 0.99343
vn 0.29153 -0.15433 0.94403
vn 0.33696 -0.08292 0.93786
vn 0.13863 -0.22357 0.96478
vn 0.22229 -0.20386 0.95343
vn 0.29153 0.15433 0.94403
vn 0.22229 0.20386 0.95343
vn 0.13863 0.22357 0.96478
vn 0.05273 0.20932 0.97643
vn -0.02192 -0.16205 0.98654
vn 0.05273 -0.20932 0.97643
vn 0.94559 -0 -0.32537
vn 0.87501 0.00147 -0.48411
vn 0.87938 0.0013 -0.47613
vn 0.95233 -0 -0.30507
vn 0.07733 0.99182 0.10153
vn 0.12424 0.98457 0.12327
vn 0.12782 0.9839 0.12493
vn 0.99048 -0 -0.13764
vn 0.99204 -0 -0.12593
vn 0.99982 0 0.01908
vn 0.99974 0 0.02272
vn -0.95294 0 0.30316
vn -0.94593 0 0.32438
vn -0.99051 0 0.13747
vn -0.99216 0 0.12497
vn -0.1214 0.9509 -0.28469
vn -0.1812 0.92214 -0.34179
vn -0.11341 0.95416 -0.27697
vn 0.97827 0 0.20735
vn 0.9937 0 0.11208
vn 0.99383 0 0.11091
vn 0.97973 0 0.20031
vn -0.99983 0 -0.01824
vn -0.99976 0 -0.02185
vn -0.0273 0.98536 -0.1683
vn -0.03004 0.98434 -0.1737
vn 0.93757 0 0.3478
vn 0.94324 0 0.3321
vn -0.99418 0 -0.10771
vn -0.99404 0 -0.10903
vn -0.00286 0.99681 -0.07972
vn -0.00266 0.9971 -0.076
vn -0.86582 0 -0.50035
vn -0.91245 0 -0.40919
vn -0.84997 0 -0.52682
vn -0.98097 0 -0.19415
vn -0.9822 0 -0.18786
vn -0.02363 0.99828 0.05369
vn -0.0261 0.9977 0.06258
vn -0.7271 0 -0.68653
vn -0.72651 0 -0.68716
vn -0.07822 0.98446 0.1572
vn -0.06684 0.98596 0.15302
vn -0.38663 0.7776 0.49584
vn -0.30216 0.85063 0.43027
vn -0.2853 0.86306 0.4168
vn -0.94939 0 -0.3141
vn -0.94355 0 -0.33123
vn -0.14933 0.9539 0.26034
vn -0.14293 0.95794 0.24884
vn 0.8467 -0 0.53206
vn 0.90708 0 0.42095
vn 0.8616 -0 0.50759
vn 0.03136 0.99925 -0.02273
vn -0.07213 0.99421 0.07963
vn 0.0338 0.99911 -0.02515
vn -0.54513 -0.01941 -0.83813
vn -0.54806 -0.01901 -0.83622
vn 0.72669 -0 0.68696
vn 0.72733 -0 0.68629
vn 0.16157 0.96762 -0.19392
vn 0.1649 0.9652 -0.20297
vn 0.56628 0.02221 0.82391
vn 0.56682 0.02211 0.82355
vn 0.95233 0 -0.30507
vn 0.87935 -0.00126 -0.47618
vn 0.87406 -0.00147 -0.48582
vn 0.94559 0 -0.32537
vn 0.47927 0.03802 0.87685
vn -0.44069 -0.03313 -0.89705
vn -0.86084 0.00017 0.50887
vn -0.8686 0.00015 0.49552
vn 0.18891 0.94446 -0.2689
vn -0.8686 -0.00015 0.49551
vn -0.86221 -0.00018 0.50655
vn 0.99204 0 -0.12593
vn 0.99048 0 -0.13764
vn -0.75741 -0.00196 0.65293
vn -0.75548 0.04271 0.65378
vn -0.99051 0 0.13747
vn -0.99216 0 0.12497
vn 0.07733 -0.99182 0.10153
vn 0.1202 -0.98556 0.1193
vn 0.11714 -0.98608 0.11803
vn 0.9937 0 0.11208
vn -0.99983 0 -0.01824
vn -0.99976 0 -0.02185
vn -0.11341 -0.95416 -0.27697
vn -0.1812 -0.92214 -0.34179
vn -0.1214 -0.9509 -0.28469
vn 0.97973 0 0.20031
vn -0.98097 0 -0.19415
vn -0.03004 -0.98434 -0.1737
vn -0.0273 -0.98536 -0.1683
vn -0.00266 -0.9971 -0.076
vn -0.00286 -0.99681 -0.07972
vn -0.06684 -0.98596 0.15302
vn -0.0261 -0.9977 0.06258
vn -0.02363 -0.99828 0.05369
vn -0.07823 -0.98446 0.1572
vn -0.14293 -0.95794 0.24884
vn -0.14933 -0.9539 0.26034
vn -0.91245 0 -0.40919
vn 0.90708 0 0.42095
vn 0.56673 -0.0217 0.82362
vn 0.72733 0 0.68629
vn 0.72669 0 0.68696
vn 0.56251 -0.02248 0.82649
vn -0.43846 0.03288 -0.89815
vn -0.54108 0.01965 -0.84074
vn -0.54857 0.01863 -0.8359
vn -0.38663 -0.7776 0.49584
vn -0.2853 -0.86307 0.4168
vn -0.30216 -0.85063 0.43027
vn 0.47672 -0.03773 0.87824
vn -0.75441 -0.0441 0.65492
vn 0.0338 -0.99911 -0.02515
vn -0.07213 -0.99421 0.07963
vn 0.03136 -0.99925 -0.02274
vn 0.14392 -0.97161 -0.18777
vn 0.14307 -0.97313 -0.18039
vn 0.14985 -0.95896 -0.24071
vn 0.40029 0.85882 -0.31968
vn 0.25636 0.94347 -0.2101
vn 0.24308 0.94917 -0.19997
vn 0.04177 0.99837 -0.03884
vn 0.04277 0.99829 -0.03977
vn 0.02593 0.99911 -0.03326
vn 0.02053 0.99944 -0.02633
vn 0.00674 0.99991 -0.01183
vn 0.02866 0.99877 -0.04044
vn 0.03202 0.99852 -0.04406
vn 0.00763 0.99988 -0.0134
vn 0.0016 0.99999 -0.00456
vn 0.0011 0.99999 -0.00297
vn 0.00113 1 -0.00018
vn 0.00124 1 -0.00083
vn 0.00041 0.99993 0.01206
vn 0.00038 0.99993 0.01159
vn 0.0033 0.99976 0.02152
vn 0.00363 0.99975 0.022
vn 0.00441 0.99988 0.01491
vn 0.00462 0.99986 0.0162
vn 0.08698 0.98959 0.11464
vn 0.0833 0.99045 0.10986
vn 0.16442 0.96263 0.2152
vn 0.73886 0.03876 -0.67274
vn 0.20548 0.08169 0.97525
vn 0.19318 0.08283 0.97766
vn 0.21444 -0.00461 0.97673
vn 0.22267 -0.00536 0.97488
vn 0.21183 -0.08849 0.97329
vn 0.20106 -0.09125 0.97532
vn 0.14814 -0.15849 0.97618
vn 0.16282 -0.16328 0.97305
vn -4E-05 -0.23379 0.97229
vn -0.00238 -0.21286 0.97708
vn -0.0821 -0.19816 0.97672
vn -0.09026 -0.21749 0.97188
vn -0.1976 -0.08514 0.97658
vn -0.21411 0.00504 0.9768
vn -0.22175 0.00113 0.9751
vn -0.45977 -0.11412 0.88067
vn -0.27507 -0.13587 0.95178
vn -0.19337 0.09554 0.97646
vn -0.14378 0.16483 0.97579
vn -0.16266 0.17428 0.97117
vn -0.2633 0.17683 0.94837
vn -0.27365 0.13686 0.95204
vn 0.07694 -0.19948 0.97688
vn 0.08872 -0.21444 0.9727
vn 0.0024 0.2336 0.97233
vn 0.00746 0.21267 0.9771
vn -0.08788 0.21828 0.97192
vn -0.07261 0.20147 0.9768
vn -0.59874 -0.14442 0.78781
vn -0.70608 0.00131 0.70813
vn -0.45977 0.11461 0.88061
vn -0.59933 0.14242 0.78773
vn -0.16407 -0.17225 0.97129
vn -0.15113 -0.15836 0.97575
vn -0.26501 -0.17373 0.94846
vn 0.22918 -0.00113 0.97338
vn -0.17793 0.09025 0.9799
vn -0.12269 0.14931 0.98115
vn -0.20388 0.00469 0.97898
vn -0.18218 -0.0825 0.9798
vn -0.12961 -0.14412 0.98104
vn 0.07349 0.1762 0.98161
vn 0.13878 0.14433 0.97975
vn 0.21263 0.08635 0.97331
vn -0.00052 -0.18593 0.98256
vn -0.06636 -0.17533 0.98227
vn 0.13204 -0.14946 0.97991
vn 0.0658 -0.17856 0.98173
vn 0.00736 0.186 0.98252
vn -0.05869 0.17782 0.98231
vn 0.18893 -0.09073 0.97779
vn 0 -1 0
vn -0.38268 -0.92388 0
vn 0.38268 0.92388 0
vn 0.70711 0.70711 0
vn -0.70711 0.70711 0
vn -0.38268 0.92388 0
vn 0.45076 0.8884 0.08701
vn 0.33482 0.9354 0.11368
vn -1 0 0
vn -0.92388 0.38268 0
vn 0.38268 -0.92388 0
vn 0 1 0
vn 0.32212 -0.94079 0.10556
vn 0.44079 -0.89398 0.08068
vn -0.92388 -0.38268 0
vn -0.70711 -0.70711 0
vn 0.70711 -0.70711 0
vn 0.37859 -0.19148 -0.90554
vn 0.29756 -0.27492 -0.91426
vn 0.22114 -0.20865 -0.95266
vn 0.56338 0.10313 -0.81973
vn 0.7298 -0.6833 0.02212
vn 0.70376 -0.70992 0.02709
vn 0.7327 0.68013 0.0238
vn 0.70775 0.70586 0.02909
vn -0.5544 -0 -0.83225
vn -0.47949 -0 -0.87754
vn -0.44066 -0.15872 -0.88353
vn -0.51247 -0.1774 -0.84018
vn 0.14936 -0.30822 -0.93952
vn 0.0852 -0.26732 -0.95983
vn 0.17709 -0.15782 -0.97146
vn 0.25635 -0.17648 -0.95034
vn 0.29845 0 -0.95442
vn 0.21572 0 -0.97646
vn 0.17709 0.15782 -0.97146
vn 0.25635 0.17648 -0.95034
vn -0.40585 0.30949 -0.85994
vn -0.34839 0.26853 -0.89806
vn -0.44066 0.15872 -0.88353
vn -0.51247 0.1774 -0.84018
vn -0.12847 0.40417 -0.90561
vn -0.13144 0.33967 -0.93131
vn -0.24003 0.32393 -0.91512
vn -0.27044 0.38228 -0.88358
vn -0.40585 -0.30949 -0.85994
vn -0.34839 -0.26853 -0.89806
vn -0.24003 -0.32393 -0.91512
vn -0.27044 -0.38228 -0.88358
vn -0.12847 -0.40417 -0.90561
vn -0.13144 -0.33967 -0.93131
vn -0.02292 -0.32312 -0.94608
vn 0.01362 -0.3814 -0.92431
vn 0.14936 0.30822 -0.93952
vn 0.0852 0.26732 -0.95983
vn -0.02292 0.32312 -0.94608
vn 0.01362 0.3814 -0.92431
vn -0.2153 0.21403 -0.95281
vn -0.28472 0.28465 -0.91537
vn -0.15422 0.37215 -0.91527
vn -0.11725 0.28001 -0.95281
vn 0.11494 0.28093 -0.95282
vn 0.15432 0.37279 -0.91499
vn -0.00063 -0.30353 -0.95282
vn -9E-05 -0.40344 -0.915
vn -0.15435 -0.3724 -0.91515
vn -0.11675 -0.2802 -0.95282
vn -0.28489 -0.28478 -0.91528
vn -0.21499 -0.21431 -0.95281
vn 0.15443 -0.37304 -0.91487
vn 0.11569 -0.28059 -0.95283
vn -0.37197 -0.15402 -0.91538
vn -0.28055 -0.11599 -0.95281
vn -0.00132 0.30355 -0.95281
vn -8E-05 0.40315 -0.91513
vn -0.40247 2E-05 -0.91543
vn -0.30359 -0.00016 -0.9528
vn -0.28068 0.11567 -0.9528
vn -0.37184 0.15401 -0.91543
vn -0.14624 -0.06002 -0.98743
vn -0.15826 5E-05 -0.9874
vn -0.06118 -0.1449 -0.98755
vn -0.11215 -0.11092 -0.98748
vn 0.15579 0.00043 -0.98779
vn 0.14391 -0.05968 -0.98779
vn 0.10964 0.11142 -0.98771
vn 0.14376 0.06052 -0.98776
vn -0.14638 0.06014 -0.9874
vn 0.10992 -0.11068 -0.98776
vn 0.05901 -0.14477 -0.9877
vn -0.00107 -0.15679 -0.98763
vn -0.06153 0.14522 -0.98748
vn -0.00146 0.15726 -0.98756
vn 0.05865 0.14539 -0.98763
vn -0.11241 0.11112 -0.98743
vn -0.05407 0.12729 -0.99039
vn -0.00143 0.13783 -0.99045
vn 0.09616 -0.09695 -0.99063
vn 0.05155 -0.12683 -0.99058
vn -0.09843 -0.09717 -0.99039
vn -0.12831 -0.05257 -0.99034
vn 0.05123 0.12743 -0.99052
vn -0.13884 7E-05 -0.99031
vn 0.09592 0.09766 -0.99059
vn 0.12581 0.05306 -0.99064
vn -0.12843 0.05273 -0.99032
vn -0.09867 0.0974 -0.99034
vn -0.0011 -0.13736 -0.99052
vn -0.05376 -0.12694 -0.99045
vn 0.12594 -0.05227 -0.99066
vn 0.13635 0.00041 -0.99066
vn -0.72996 0.00731 0.68345
vn -0.69545 0.00267 0.71857
vn -0.68976 0 0.72404
vn -0.68976 0 0.72404
vn 0.06498 0.99698 -0.04249
vn 0.02888 0.99955 -0.00771
vn -0 0.99994 -0.01108
vn 0 0.99912 -0.04197
vn 0.28032 0.94236 -0.18271
vn 0.17272 0.96104 -0.21581
vn 0.2488 0.94918 -0.19277
vn 0.27128 0.92988 -0.24847
vn 0.13259 0.97181 -0.19494
vn 0.23006 0.94982 -0.21194
vn 0.22018 0.9317 -0.2889
vn -0.7612 0.0133 0.64838
vn -0.7074 0.00642 0.70678
vn 0.20486 0.96448 -0.16675
vn 0.07562 0.98397 -0.16151
vn 0.16958 0.97242 -0.16011
vn 0.14441 0.97368 -0.17635
vn 0.16768 0.96981 -0.17707
vn 0.09726 0.98478 -0.14404
vn 0.15445 0.9742 -0.16455
vn 0.12084 0.97636 -0.17923
vn 0.05755 0.99832 -0.00616
vn 0.06261 0.98332 -0.17076
vn 0.05381 0.98424 -0.16844
vn 0.95648 -0.14626 0.25251
vn 0.88949 -0.06107 0.45285
vn 0.90568 -0.07739 0.41684
vn -0.03759 0.98818 0.14865
vn -0.03909 0.96645 0.25386
vn 0 0.97033 0.24177
vn 0 0.99256 0.12177
vn 0.174 0.9426 -0.28501
vn 0.14219 0.96037 -0.23974
vn 0.10718 0.98541 -0.13224
vn 0.0964 0.98598 -0.1362
vn 0.07343 0.99438 -0.07633
vn 0 0.99809 -0.06175
vn 0.07087 0.99173 -0.10701
vn 0.09497 0.98841 -0.11847
vn 0.08162 0.99438 -0.06747
vn 0.07102 0.99267 -0.09775
vn -0.03433 0.99389 0.10492
vn -0.10891 0.93668 0.33283
vn 0.00249 0.00056 -1
vn 0.193 0.04406 -0.98021
vn 0.29908 0.16706 -0.93949
vn 0.00252 0.00143 -1
vn 0.02888 -0.99955 -0.00771
vn 0 -0.99994 -0.01108
vn 0.15343 0.03443 -0.98756
vn 0.15374 0.04941 -0.98688
vn 0.15433 0.08625 -0.98425
vn 0.06498 -0.99698 -0.04249
vn -0 -0.99912 -0.04197
vn 0.83021 0.55727 -0.01398
vn 0.44831 0.44328 -0.77622
vn 0.36281 0.38539 -0.84844
vn 0.46684 0.45552 -0.758
vn 0.2488 -0.94918 -0.19277
vn 0.17272 -0.96104 -0.21581
vn 0.28032 -0.94236 -0.18271
vn 0.35421 0.07848 -0.93187
vn 0.35377 0.10879 -0.92898
vn 0.3509 0.19113 -0.9167
vn 0.23006 -0.94982 -0.21194
vn 0.13259 -0.97181 -0.19494
vn 0.27128 -0.92988 -0.24847
vn 0.22018 -0.9317 -0.2889
vn 0.95839 0.24474 -0.14693
vn 0.95629 0.25292 -0.14679
vn 0.86514 0.48213 -0.13817
vn 0.16958 -0.97242 -0.16011
vn 0.07562 -0.98397 -0.16151
vn 0.20486 -0.96448 -0.16675
vn 0.14441 -0.97368 -0.17635
vn 0.766 0.17456 -0.61869
vn 0.61564 0.16587 -0.77037
vn 0.52362 0.29755 -0.79831
vn 0.71862 0.3828 -0.58056
vn 0.95141 0.22159 -0.2138
vn 0.89928 0.22771 -0.37343
vn 0.80063 0.46583 -0.37682
vn 0.87323 0.44606 -0.19623
vn 0.72439 0.32776 -0.60649
vn 0.65566 0.48548 -0.57829
vn 0.46512 0.10648 0.87882
vn 0.4604 0.0835 0.88378
vn 0.48112 0.19651 0.85435
vn 0.91053 0.15692 0.3825
vn 0.91264 0.14545 0.38201
vn 0.87373 0.29825 0.38425
vn 0.15445 -0.9742 -0.16455
vn 0.09726 -0.98478 -0.14404
vn 0.16768 -0.96981 -0.17707
vn 0.12084 -0.97636 -0.17923
vn 0.38836 0.13347 -0.91179
vn 0.3774 0.23042 -0.89693
vn 0.05756 -0.99832 -0.00616
vn 0.06261 -0.98332 -0.17076
vn 0.05381 -0.98424 -0.16844
vn -0.49425 -0.11177 -0.86211
vn -0.49292 -0.15375 -0.85638
vn -0.48457 -0.26914 -0.83232
vn 0 -0.97033 0.24177
vn -0.03909 -0.96645 0.25386
vn -0.03759 -0.98818 0.14865
vn 0 -0.99256 0.12177
vn 0.87227 0.20664 -0.44323
vn 0.86616 0.23619 -0.44043
vn 0.80231 0.4337 -0.41012
vn 0.00182 0.0004 -1
vn 0.00183 0.00057 -1
vn 0.00184 0.00099 -1
vn 0.44013 0.13761 -0.88733
vn 0.43277 0.24172 -0.8685
vn 0.14219 -0.96037 -0.23974
vn 0.174 -0.9426 -0.28501
vn 0.0964 -0.98598 -0.1362
vn 0.10718 -0.98541 -0.13224
vn 0.07343 -0.99438 -0.07633
vn -0 -0.99809 -0.06175
vn 0.74913 0.17997 -0.6375
vn 0.74241 0.22298 -0.63175
vn 0.69841 0.39898 -0.59417
vn 0.07087 -0.99173 -0.10701
vn 0.09497 -0.98841 -0.11847
vn 0.08162 -0.99438 -0.06747
vn 0.07102 -0.99267 -0.09775
vn 0.86195 0.20968 -0.4616
vn 0.85515 0.2423 -0.45827
vn 0.78961 0.44244 -0.42516
vn -0.03433 -0.99389 0.10492
vn -0.10891 -0.93668 0.33283
vn 0.51602 -0.2666 -0.81403
vn 0.50859 -0.14673 -0.84841
vn 0.50468 -0.10911 -0.85638
vn 0.50859 0.14673 -0.84841
vn 0.51602 0.2666 -0.81403
vn 0.50468 0.10911 -0.85638
vn 0.78961 -0.44244 -0.42516
vn 0.85515 -0.2423 -0.45827
vn 0.86195 -0.20968 -0.4616
vn 0.69841 -0.39898 -0.59417
vn 0.74241 -0.22298 -0.63175
vn 0.74913 -0.17997 -0.6375
vn 0.29908 -0.16706 -0.93949
vn 0.43277 -0.24172 -0.8685
vn 0.44013 -0.13761 -0.88733
vn 0.193 -0.04406 -0.98021
vn 0.00184 -0.00099 -1
vn 0.00183 -0.00057 -1
vn 0.00182 -0.0004 -1
vn 0.80231 -0.4337 -0.41013
vn 0.86616 -0.2362 -0.44044
vn 0.87227 -0.20664 -0.44323
vn 0.80063 -0.46583 -0.37682
vn 0.65566 -0.48548 -0.57829
vn 0.72439 -0.32776 -0.60649
vn 0.89928 -0.22771 -0.37343
vn -0.48457 0.26914 -0.83232
vn -0.49292 0.15375 -0.85638
vn -0.49425 0.11177 -0.86211
vn 0.52362 -0.29755 -0.79831
vn 0.3774 -0.23042 -0.89693
vn 0.38836 -0.13347 -0.91179
vn 0.61564 -0.16587 -0.77037
vn 0.87373 -0.29825 0.38425
vn 0.91264 -0.14545 0.38201
vn 0.91053 -0.15692 0.3825
vn 0.48112 -0.19651 0.85435
vn 0.4604 -0.0835 0.88378
vn 0.46512 -0.10648 0.87882
vn 0.46684 -0.45552 -0.758
vn 0.44831 -0.44328 -0.77622
vn 0.2977 0 -0.95466
vn 0.15057 0 -0.9886
vn 0.87323 -0.44606 -0.19623
vn 0.95141 -0.22159 -0.2138
vn 0.71862 -0.3828 -0.58056
vn 0.766 -0.17456 -0.61869
vn 0.86514 -0.48213 -0.13818
vn 0.95629 -0.25292 -0.1468
vn 0.95839 -0.24474 -0.14693
vn 0.3509 -0.19113 -0.9167
vn 0.35377 -0.10879 -0.92898
vn 0.35421 -0.07848 -0.93187
vn 0.36281 -0.38539 -0.84844
vn 0 0 -1
vn 0.83021 -0.55727 -0.01398
vn 0.99981 0 -0.01929
vn 0.15433 -0.08625 -0.98425
vn 0.15374 -0.04941 -0.98688
vn 0.15343 -0.03443 -0.98756
vn 0.00252 -0.00143 -1
vn 0.00249 -0.00056 -1
vn 0.88816 0.06421 0.45503
vn 0.95589 0.1404 0.258
vn 0.90436 0.07889 0.41941
vn -0.71012 -0.00539 0.70406
vn -0.76643 -0.00917 0.64226
vn -0.73298 -0.00504 0.68023
vn -0.69677 -0.00234 0.71729
vn -0.68976 0 0.72404
vn 0.6443 0 0.76477
vn 0.69481 0.00276 0.71918
vn 0.73318 0.00701 0.68
vn 0.64336 0 0.76556
vn -0.02888 0.99955 -0.00771
vn -0.06498 0.99698 -0.04249
vn -0.2488 0.94918 -0.19277
vn -0.17272 0.96104 -0.21581
vn -0.28032 0.94236 -0.18271
vn -0.23006 0.94982 -0.21194
vn -0.13259 0.97181 -0.19494
vn -0.27128 0.92988 -0.24847
vn -0.22018 0.9317 -0.2889
vn 0.70503 0.00634 0.70915
vn 0.76877 0.01311 0.63939
vn -0.16958 0.97242 -0.16011
vn -0.07562 0.98397 -0.16151
vn -0.20486 0.96448 -0.16675
vn -0.14441 0.97368 -0.17635
vn -0.15445 0.9742 -0.16455
vn -0.09726 0.98478 -0.14404
vn -0.16768 0.96981 -0.17707
vn -0.12084 0.97636 -0.17923
vn -0.05756 0.99832 -0.00616
vn -0.06261 0.98332 -0.17076
vn -0.05381 0.98424 -0.16844
vn -0.90568 -0.07739 0.41684
vn -0.88949 -0.06107 0.45285
vn -0.95648 -0.14626 0.25251
vn 0.03909 0.96645 0.25386
vn 0.03759 0.98818 0.14865
vn -0.14219 0.96037 -0.23974
vn -0.174 0.9426 -0.28501
vn -0.0964 0.98598 -0.1362
vn -0.10718 0.98541 -0.13224
vn -0.07343 0.99438 -0.07633
vn -0.07087 0.99173 -0.10701
vn -0.09497 0.98841 -0.11847
vn -0.08162 0.99438 -0.06747
vn -0.07102 0.99267 -0.09775
vn 0.03433 0.99389 0.10492
vn 0.10891 0.93668 0.33283
vn -0.29908 0.16706 -0.93949
vn -0.193 0.04406 -0.98021
vn -0.00249 0.00056 -1
vn -0.00252 0.00143 -1
vn -0.02888 -0.99955 -0.00771
vn -0.15433 0.08625 -0.98425
vn -0.15374 0.04941 -0.98688
vn -0.15343 0.03443 -0.98756
vn -0.06498 -0.99698 -0.04249
vn -0.83021 0.55727 -0.01398
vn -0.36281 0.38539 -0.84844
vn -0.44831 0.44328 -0.77622
vn -0.46684 0.45552 -0.758
vn -0.28032 -0.94236 -0.18271
vn -0.17272 -0.96104 -0.21581
vn -0.2488 -0.94918 -0.19277
vn -0.3509 0.19113 -0.9167
vn -0.35377 0.10879 -0.92898
vn -0.35421 0.07848 -0.93187
vn -0.27128 -0.92988 -0.24847
vn -0.13259 -0.97181 -0.19494
vn -0.23006 -0.94982 -0.21194
vn -0.22018 -0.9317 -0.2889
vn -0.86514 0.48213 -0.13817
vn -0.95629 0.25292 -0.14679
vn -0.95839 0.24474 -0.14693
vn -0.20486 -0.96448 -0.16675
vn -0.07562 -0.98397 -0.16151
vn -0.16958 -0.97242 -0.16011
vn -0.14441 -0.97368 -0.17635
vn -0.52362 0.29755 -0.79831
vn -0.61564 0.16587 -0.77037
vn -0.766 0.17456 -0.61869
vn -0.71862 0.3828 -0.58056
vn -0.80063 0.46583 -0.37682
vn -0.89928 0.22771 -0.37343
vn -0.95141 0.22159 -0.2138
vn -0.87323 0.44606 -0.19623
vn -0.72439 0.32776 -0.60649
vn -0.65566 0.48548 -0.57829
vn -0.48112 0.19651 0.85435
vn -0.4604 0.0835 0.88378
vn -0.46512 0.10648 0.87882
vn -0.87373 0.29825 0.38425
vn -0.91264 0.14545 0.38201
vn -0.91053 0.15692 0.3825
vn -0.16768 -0.96981 -0.17707
vn -0.09726 -0.98478 -0.14404
vn -0.15445 -0.9742 -0.16455
vn -0.12084 -0.97636 -0.17923
vn -0.3774 0.23042 -0.89693
vn -0.38836 0.13347 -0.91179
vn -0.05755 -0.99832 -0.00616
vn -0.06261 -0.98332 -0.17076
vn -0.05381 -0.98424 -0.16844
vn 0.48457 -0.26914 -0.83232
vn 0.49292 -0.15375 -0.85638
vn 0.49425 -0.11177 -0.86211
vn 0.03759 -0.98818 0.14865
vn 0.03909 -0.96645 0.25386
vn -0.80231 0.4337 -0.41012
vn -0.86616 0.23619 -0.44043
vn -0.87227 0.20664 -0.44323
vn -0.00184 0.00099 -1
vn -0.00183 0.00057 -1
vn -0.00182 0.0004 -1
vn -0.43277 0.24172 -0.8685
vn -0.44013 0.13761 -0.88733
vn -0.174 -0.9426 -0.28501
vn -0.14219 -0.96037 -0.23974
vn -0.10718 -0.98541 -0.13224
vn -0.0964 -0.98598 -0.1362
vn -0.07343 -0.99438 -0.07633
vn -0.69841 0.39898 -0.59416
vn -0.74241 0.22298 -0.63175
vn -0.74913 0.17997 -0.6375
vn -0.07087 -0.99173 -0.10701
vn -0.09497 -0.98841 -0.11847
vn -0.08162 -0.99438 -0.06747
vn -0.07102 -0.99267 -0.09775
vn -0.78961 0.44244 -0.42516
vn -0.85515 0.2423 -0.45827
vn -0.86195 0.20968 -0.4616
vn 0.03433 -0.99389 0.10492
vn 0.10891 -0.93668 0.33283
vn -0.50468 -0.10911 -0.85638
vn -0.50859 -0.14673 -0.84841
vn -0.51602 -0.2666 -0.81403
vn -0.51602 0.2666 -0.81403
vn -0.50859 0.14673 -0.84841
vn -0.50468 0.10911 -0.85638
vn -0.85515 -0.2423 -0.45827
vn -0.78961 -0.44244 -0.42516
vn -0.86195 -0.20968 -0.4616
vn -0.74241 -0.22298 -0.63175
vn -0.69841 -0.39898 -0.59417
vn -0.74913 -0.17997 -0.6375
vn -0.44013 -0.13761 -0.88733
vn -0.43277 -0.24172 -0.8685
vn -0.29908 -0.16706 -0.93949
vn -0.193 -0.04406 -0.98021
vn -0.00183 -0.00057 -1
vn -0.00184 -0.00099 -1
vn -0.00182 -0.0004 -1
vn -0.86616 -0.2362 -0.44044
vn -0.80231 -0.4337 -0.41013
vn -0.87227 -0.20664 -0.44323
vn -0.72439 -0.32776 -0.60649
vn -0.65566 -0.48548 -0.57829
vn -0.80063 -0.46583 -0.37682
vn -0.89928 -0.22771 -0.37343
vn 0.49292 0.15375 -0.85638
vn 0.48457 0.26914 -0.83232
vn 0.49425 0.11177 -0.86211
vn -0.38836 -0.13347 -0.91179
vn -0.3774 -0.23042 -0.89693
vn -0.52362 -0.29755 -0.79831
vn -0.61564 -0.16587 -0.77037
vn -0.91264 -0.14545 0.38201
vn -0.87373 -0.29825 0.38425
vn -0.91053 -0.15692 0.3825
vn -0.4604 -0.0835 0.88378
vn -0.48112 -0.19651 0.85435
vn -0.46512 -0.10648 0.87882
vn -0.44831 -0.44328 -0.77622
vn -0.46684 -0.45552 -0.758
vn -0.15057 0 -0.9886
vn -0.2977 0 -0.95466
vn -0.87323 -0.44606 -0.19623
vn -0.95141 -0.22159 -0.2138
vn -0.71862 -0.3828 -0.58056
vn -0.766 -0.17456 -0.61869
vn -0.95629 -0.25292 -0.14679
vn -0.86514 -0.48213 -0.13817
vn -0.95839 -0.24474 -0.14693
vn -0.35377 -0.10879 -0.92898
vn -0.3509 -0.19113 -0.9167
vn -0.35421 -0.07848 -0.93187
vn -0.36281 -0.38539 -0.84844
vn -0.83021 -0.55727 -0.01398
vn -0.99981 0 -0.01929
vn -0.15374 -0.04941 -0.98688
vn -0.15433 -0.08625 -0.98425
vn -0.15343 -0.03443 -0.98756
vn -0.00252 -0.00143 -1
vn -0.00249 -0.00056 -1
vn -0.95589 0.1404 0.258
vn -0.88816 0.06421 0.45503
vn -0.90436 0.07889 0.41941
vn 0.73653 -0.00473 0.67639
vn 0.77468 -0.00885 0.6323
vn 0.7081 -0.00517 0.70609
vn 0.69642 -0.00233 0.71763
vn 0.64336 -0 0.76557
vn 0.6443 -0 0.76477
vn 0.64038 0 0.76806
vn 0.64005 0 0.76833
vn 0.55066 0 0.83473
vn 0.54976 0 0.83532
vn 0.40355 0 0.91496
vn -0.34528 0.9385 -0.00173
vn -0.3444 0.93882 -0.00121
vn -0.09111 0.99584 -0.00222
vn -0.36813 0.92977 -0.00316
vn -0.20935 0.97784 -0.00108
vn -0.40187 0.91567 -0.00715
vn -0.37714 0.92615 -0.00387
vn -0.42477 0.90525 -0.00997
vn -0.34609 0.9382 -0.00226
vn 0.34528 0.9385 -0.00173
vn 0.34609 0.9382 -0.00226
vn 0.37714 0.92615 -0.00387
vn 0.36813 0.92977 -0.00316
vn 0.42477 0.90525 -0.00997
vn 0.40187 0.91567 -0.00715
vn 0.09111 0.99584 -0.00222
vn 0.20935 0.97784 -0.00108
vn 0.3444 0.93882 -0.00121
vn -0 0.99596 -0.08975
vn -0 0.99767 -0.06817
vn 0.38308 0.92107 -0.06982
vn 0.35787 0.92925 -0.09173
vn 0.48856 0.86937 -0.0742
vn 0.47883 0.87281 -0.09448
vn 0.2343 0.96757 -0.0944
vn 0.45427 0.88546 -0.09799
vn 0 0.99536 -0.09624
vn -0.47883 0.87281 -0.09448
vn -0.48856 0.86937 -0.0742
vn -0.38308 0.92107 -0.06982
vn -0.35787 0.92925 -0.09173
vn -0.2343 0.96757 -0.0944
vn -0.45427 0.88546 -0.09799
vn -0.46561 0.88431 -0.03486
vn -0.39557 0.91743 -0.04301
vn -0.2493 0.96842 -0.00298
vn -0 0.9986 -0.05287
vn -0.28953 0.95578 -0.0516
vn -0.32179 0.94681 -0.00087
vn -0.32179 0.94681 -0.00057
vn -0.32834 0.94456 -0.00072
vn -0.32834 0.94456 -0.00108
vn -0.32832 0.94457 -0.00145
vn -0.32179 0.94681 -0.00117
vn 0.28953 0.95578 -0.05159
vn 0.2493 0.96842 -0.00298
vn 0.39557 0.91743 -0.04301
vn 0.4656 0.88431 -0.03486
vn 0.04432 0.99901 0.00229
vn -0.03671 0.9993 0.00684
vn 0 0.99999 0.00413
vn -0 0.99994 0.01061
vn -0.04432 0.99901 0.00229
vn 0.03671 0.9993 0.00684
vn 0.16319 0.98659 -0.00096
vn 0.30456 0.95249 -0.00073
vn 0.22754 0.97377 -0.00072
vn -0 1 -0.00013
vn -0 1 -0.00071
vn -0.16319 0.98659 -0.00096
vn -0.22754 0.97377 -0.00072
vn -0.30456 0.95249 -0.00073
vn 0.30492 0.95238 -0.00036
vn 0.22524 0.9743 -0.00043
vn 0.29793 0.95459 -0.00028
vn 0.21992 0.97552 -0.00034
vn 0 1 -0.00051
vn 0 1 -0.00039
vn -0.22524 0.9743 -0.00043
vn -0.21992 0.97552 -0.00034
vn -0.30492 0.95238 -0.00036
vn -0.29793 0.95459 -0.00028
vn 0.32179 0.94681 -0.00087
vn 0.32179 0.94681 -0.00117
vn 0.32832 0.94457 -0.00145
vn 0.32834 0.94456 -0.00108
vn 0.32834 0.94456 -0.00072
vn 0.32179 0.94681 -0.00057
vn -0.09111 -0.99584 -0.00222
vn -0.3444 -0.93882 -0.00121
vn -0.34528 -0.9385 -0.00173
vn -0.36813 -0.92977 -0.00316
vn -0.20935 -0.97784 -0.00108
vn -0.40187 -0.91567 -0.00715
vn -0.37714 -0.92615 -0.00387
vn -0.42477 -0.90525 -0.00997
vn -0.34609 -0.9382 -0.00226
vn 0.37714 -0.92615 -0.00387
vn 0.34609 -0.9382 -0.00226
vn 0.34528 -0.9385 -0.00173
vn 0.36813 -0.92977 -0.00316
vn 0.42477 -0.90525 -0.00997
vn 0.40187 -0.91567 -0.00715
vn 0.09111 -0.99584 -0.00222
vn 0.20935 -0.97784 -0.00108
vn 0.3444 -0.93882 -0.00121
vn 0.38308 -0.92107 -0.06982
vn -0 -0.99767 -0.06817
vn -0 -0.99596 -0.08975
vn 0.35787 -0.92925 -0.09173
vn 0.48856 -0.86937 -0.0742
vn 0.47883 -0.87281 -0.09448
vn 0.2343 -0.96757 -0.0944
vn 0.45427 -0.88546 -0.09799
vn 0 -0.99536 -0.09624
vn -0.38308 -0.92107 -0.06982
vn -0.48856 -0.86937 -0.0742
vn -0.47883 -0.87281 -0.09448
vn -0.35787 -0.92925 -0.09173
vn -0.2343 -0.96757 -0.0944
vn -0.45427 -0.88546 -0.09799
vn -0.46561 -0.88431 -0.03486
vn -0.39557 -0.91743 -0.04301
vn -0.2493 -0.96842 -0.00298
vn -0.28953 -0.95578 -0.0516
vn -0 -0.9986 -0.05287
vn -0.32834 -0.94456 -0.00072
vn -0.32179 -0.94681 -0.00057
vn -0.32179 -0.94681 -0.00087
vn -0.32834 -0.94456 -0.00108
vn -0.32832 -0.94457 -0.00145
vn -0.32179 -0.94681 -0.00117
vn 0.2493 -0.96842 -0.00298
vn 0.28953 -0.95578 -0.05159
vn 0.39557 -0.91743 -0.04301
vn 0.4656 -0.88431 -0.03486
vn 0.04432 -0.99901 0.00229
vn -0.03671 -0.9993 0.00684
vn -0 -0.99994 0.01061
vn 0 -0.99999 0.00413
vn -0.04432 -0.99901 0.00229
vn 0.03671 -0.9993 0.00684
vn 0.16319 -0.98659 -0.00096
vn 0.30456 -0.95249 -0.00073
vn 0.22754 -0.97377 -0.00072
vn -0 -1 -0.00013
vn -0 -1 -0.00071
vn -0.16319 -0.98659 -0.00096
vn -0.22754 -0.97377 -0.00072
vn -0.30456 -0.95249 -0.00073
vn 0.30492 -0.95238 -0.00036
vn 0.22524 -0.9743 -0.00043
vn 0.29793 -0.95459 -0.00028
vn 0.21992 -0.97552 -0.00034
vn 0 -1 -0.00051
vn 0 -1 -0.00039
vn -0.22524 -0.9743 -0.00043
vn -0.21992 -0.97552 -0.00034
vn -0.30492 -0.95238 -0.00036
vn -0.29793 -0.95459 -0.00028
vn 0.32832 -0.94457 -0.00145
vn 0.32179 -0.94681 -0.00117
vn 0.32179 -0.94681 -0.00087
vn 0.32834 -0.94456 -0.00108
vn 0.32834 -0.94456 -0.00072
vn 0.32179 -0.94681 -0.00057
vn -0.02906 0.99957 -0.00399
vt 0.69129 0.75814
vt 0.69151 0.75382
vt 0.6831 0.75258
vt 0.68268 0.75744
vt 0.71877 0.61528
vt 0.71471 0.61549
vt 0.71324 0.66934
vt 0.71864 0.66956
vt 0.7919 0.60494
vt 0.78999 0.59574
vt 0.78249 0.59183
vt 0.76549 0.59896
vt 0.77435 0.61213
vt 0.73809 0.81286
vt 0.77361 0.80643
vt 0.77654 0.78597
vt 0.74054 0.77658
vt 0.74073 0.6026
vt 0.74419 0.60962
vt 0.75234 0.61189
vt 0.76518 0.59849
vt 0.75816 0.58905
vt 0.57862 0.62781
vt 0.5869 0.67151
vt 0.58954 0.67106
vt 0.58077 0.62765
vt 0.61108 0.73035
vt 0.62038 0.77766
vt 0.62485 0.77652
vt 0.61468 0.72966
vt 0.68355 0.90009
vt 0.69914 0.83949
vt 0.69556 0.83872
vt 0.68094 0.89945
vt 0.59744 0.66953
vt 0.60005 0.66894
vt 0.68473 0.83688
vt 0.69203 0.78939
vt 0.68737 0.78922
vt 0.6811 0.83639
vt 0.70675 0.72901
vt 0.71156 0.72912
vt 0.63176 0.89912
vt 0.63287 0.95294
vt 0.63693 0.95318
vt 0.63715 0.89894
vt 0.60991 0.9003
vt 0.61651 0.95262
vt 0.61991 0.95252
vt 0.61464 0.89996
vt 0.70998 0.79337
vt 0.70573 0.79186
vt 0.72334 0.66975
vt 0.72219 0.61508
vt 0.59659 0.73245
vt 0.60188 0.77884
vt 0.60648 0.77916
vt 0.60022 0.73199
vt 0.62565 0.83944
vt 0.63046 0.83936
vt 0.72015 0.77546
vt 0.71202 0.77271
vt 0.60649 0.84205
vt 0.61049 0.84111
vt 0.69089 0.76999
vt 0.68344 0.77044
vt 0.71566 0.72895
vt 0.62529 0.80933
vt 0.62571 0.81347
vt 0.63369 0.81343
vt 0.63334 0.809
vt 0.58953 0.81066
vt 0.58992 0.81243
vt 0.60173 0.8109
vt 0.60163 0.80945
vt 0.6912 0.75933
vt 0.68257 0.7589
vt 0.72391 0.76121
vt 0.72391 0.75958
vt 0.71428 0.75947
vt 0.71422 0.7607
vt 0.59448 0.79603
vt 0.60253 0.79792
vt 0.59223 0.81854
vt 0.60214 0.81576
vt 0.62524 0.80819
vt 0.63329 0.80771
vt 0.72378 0.75439
vt 0.71465 0.75505
vt 0.62384 0.79729
vt 0.63112 0.79571
vt 0.67307 0.89781
vt 0.67043 0.89733
vt 0.5828 0.6273
vt 0.58121 0.61755
vt 0.58669 0.62609
vt 0.58859 0.62527
vt 0.66369 0.94111
vt 0.66166 0.94076
vt 0.67141 0.94411
vt 0.66948 0.94314
vt 0.59052 0.6243
vt 0.60266 0.66829
vt 0.60525 0.6676
vt 0.59244 0.62321
vt 0.66058 0.95145
vt 0.66209 0.95087
vt 0.65951 0.9406
vt 0.6573 0.94065
vt 0.66779 0.89688
vt 0.67748 0.83592
vt 0.67376 0.83547
vt 0.66516 0.89645
vt 0.64305 0.80891
vt 0.64289 0.81413
vt 0.65459 0.81672
vt 0.65675 0.80979
vt 0.67085 0.75588
vt 0.67319 0.74976
vt 0.66343 0.7424
vt 0.65875 0.7473
vt 0.68277 0.78953
vt 0.67539 0.77232
vt 0.66754 0.77699
vt 0.6784 0.7905
vt 0.64306 0.80726
vt 0.65713 0.80753
vt 0.63455 0.83955
vt 0.64186 0.89878
vt 0.6462 0.89861
vt 0.63797 0.84021
vt 0.6876 0.72629
vt 0.69138 0.66802
vt 0.68706 0.66761
vt 0.68441 0.725
vt 0.6291 0.77501
vt 0.63928 0.79296
vt 0.64909 0.78773
vt 0.633 0.77303
vt 0.64034 0.9534
vt 0.64317 0.95357
vt 0.61826 0.72888
vt 0.62181 0.728
vt 0.69834 0.61571
vt 0.69551 0.61539
vt 0.75305 0.62032
vt 0.7609 0.62552
vt 0.81085 0.605
vt 0.81386 0.58953
vt 0.79546 0.5893
vt 0.66575 0.95302
vt 0.66477 0.95171
vt 0.66353 0.951
vt 0.66289 0.95357
vt 0.66758 0.94232
vt 0.67833 0.89886
vt 0.6757 0.89831
vt 0.66565 0.94164
vt 0.59218 0.67058
vt 0.59482 0.67007
vt 0.58476 0.62677
vt 0.58388 0.61671
vt 0.58264 0.61742
vt 0.69197 0.83803
vt 0.68835 0.83742
vt 0.61114 0.779
vt 0.60997 0.79839
vt 0.61694 0.79814
vt 0.61579 0.77848
vt 0.61026 0.80905
vt 0.61035 0.81024
vt 0.61788 0.8097
vt 0.61781 0.80864
vt 0.70619 0.76029
vt 0.70627 0.7591
vt 0.69881 0.7587
vt 0.69873 0.75977
vt 0.61055 0.81456
vt 0.61819 0.81392
vt 0.70127 0.79073
vt 0.70476 0.77113
vt 0.69785 0.77026
vt 0.69668 0.78991
vt 0.61523 0.84034
vt 0.62007 0.89964
vt 0.62592 0.89936
vt 0.62041 0.83957
vt 0.62396 0.95257
vt 0.62841 0.95272
vt 0.7074 0.66907
vt 0.70155 0.66875
vt 0.69633 0.72805
vt 0.70151 0.72886
vt 0.60385 0.73149
vt 0.60747 0.73095
vt 0.71025 0.61568
vt 0.70579 0.61581
vt 0.70669 0.75496
vt 0.69914 0.75449
vt 0.70174 0.61583
vt 0.69612 0.66839
vt 0.69159 0.72726
vt 0.67333 0.9452
vt 0.58486 0.6154
vt 0.582 0.61484
vt 0.57969 0.61697
vt 0.57641 0.62776
vt 0.58428 0.67193
vt 0.59288 0.73291
vt 0.57781 0.82093
vt 0.58246 0.82584
vt 0.59751 0.77788
vt 0.58665 0.79135
vt 0.6033 0.84332
vt 0.60558 0.90068
vt 0.61368 0.95292
vt 0.67046 0.75765
vt 0.68614 0.90079
vt 0.73754 0.75876
vt 0.73543 0.75188
vt 0.73792 0.76101
vt 0.71908 0.72832
vt 0.72769 0.66995
vt 0.71387 0.79534
vt 0.72991 0.78067
vt 0.72502 0.61493
vt 0.70269 0.84037
vt 0.57641 0.8031
vt 0.6573 0.7652
vt 0.89402 0.69554
vt 0.89393 0.70518
vt 0.91122 0.70525
vt 0.91523 0.69561
vt 0.93128 0.85317
vt 0.93144 0.84288
vt 0.92858 0.84329
vt 0.92877 0.8535
vt 0.89431 0.68562
vt 0.91743 0.6857
vt 0.89451 0.67631
vt 0.91863 0.67639
vt 0.93152 0.86385
vt 0.90976 0.86362
vt 0.91009 0.87273
vt 0.93329 0.87257
vt 0.93369 0.86314
vt 0.89457 0.65394
vt 0.8946 0.66583
vt 0.91899 0.66592
vt 0.9173 0.65402
vt 0.9106 0.88194
vt 0.93422 0.88151
vt 0.93558 0.87243
vt 0.8946 0.64117
vt 0.91493 0.64125
vt 0.9344 0.89123
vt 0.91107 0.89194
vt 0.93652 0.88122
vt 0.92567 0.92881
vt 0.92934 0.92033
vt 0.91258 0.92229
vt 0.91228 0.92925
vt 0.91137 0.90215
vt 0.93353 0.90126
vt 0.93666 0.89113
vt 0.92428 0.94037
vt 0.91216 0.93997
vt 0.93569 0.90249
vt 0.92768 0.92966
vt 0.93102 0.92125
vt 0.93158 0.9137
vt 0.91206 0.9152
vt 0.93352 0.91442
vt 0.89391 0.62636
vt 0.89442 0.63377
vt 0.91185 0.63383
vt 0.90617 0.6264
vt 0.92656 0.94032
vt 0.9107 0.94782
vt 0.92528 0.94856
vt 0.89394 0.61596
vt 0.90509 0.616
vt 0.9273 0.94819
vt 0.89308 0.60809
vt 0.90657 0.60814
vt 0.88836 0.62312
vt 0.88441 0.61345
vt 0.86712 0.6134
vt 0.86715 0.62305
vt 0.89209 0.60598
vt 0.90834 0.60307
vt 0.9099 0.95004
vt 0.9257 0.95357
vt 0.91023 0.82332
vt 0.91002 0.83301
vt 0.92951 0.83308
vt 0.93202 0.82267
vt 0.92759 0.95302
vt 0.90949 0.85401
vt 0.89049 0.63304
vt 0.86737 0.63296
vt 0.90854 0.84363
vt 0.92961 0.84325
vt 0.9104 0.81428
vt 0.93361 0.81391
vt 0.93246 0.84358
vt 0.93202 0.83335
vt 0.89192 0.65283
vt 0.89164 0.64235
vt 0.86751 0.64228
vt 0.86754 0.65276
vt 0.91072 0.80505
vt 0.93437 0.80494
vt 0.9342 0.82334
vt 0.89016 0.66472
vt 0.86742 0.66465
vt 0.91095 0.79495
vt 0.93436 0.79522
vt 0.9333 0.78517
vt 0.91106 0.78468
vt 0.93593 0.81399
vt 0.93112 0.77274
vt 0.9115 0.77157
vt 0.93666 0.80518
vt 0.93662 0.79527
vt 0.93545 0.78391
vt 0.93306 0.77198
vt 0.91148 0.75746
vt 0.9119 0.76445
vt 0.92876 0.76612
vt 0.92493 0.75768
vt 0.88771 0.67748
vt 0.86737 0.67741
vt 0.91116 0.74667
vt 0.92334 0.74611
vt 0.87884 0.69227
vt 0.88458 0.68488
vt 0.86714 0.68482
vt 0.86658 0.69223
vt 0.87913 0.71053
vt 0.87769 0.70266
vt 0.86655 0.70262
vt 0.86563 0.71049
vt 0.90841 0.73644
vt 0.90943 0.73873
vt 0.92421 0.73795
vt 0.9244 0.73299
vt 0.93042 0.76516
vt 0.92693 0.75679
vt 0.88054 0.71562
vt 0.86432 0.71257
vt 0.92562 0.74612
vt 0.88574 0.60309
vt 0.86432 0.603
vt 0.92623 0.73826
vt 0.92632 0.73349
vt 0.90641 0.73723
vt 0.9074 0.73931
vt 0.90897 0.74699
vt 0.90944 0.75718
vt 0.90987 0.76413
vt 0.90936 0.77125
vt 0.90876 0.78365
vt 0.90866 0.79509
vt 0.90834 0.80513
vt 0.9081 0.81399
vt 0.9079 0.82348
vt 0.90752 0.83283
vt 0.90548 0.84355
vt 0.89209 0.71557
vt 0.91248 0.71562
vt 0.78793 0.76817
vt 0.81626 0.79554
vt 0.81867 0.79368
vt 0.806 0.75672
vt 0.82896 0.71579
vt 0.82743 0.75414
vt 0.84772 0.76085
vt 0.86512 0.7277
vt 0.9053 0.78631
vt 0.8709 0.79378
vt 0.87045 0.81326
vt 0.90328 0.82081
vt 0.85049 0.84073
vt 0.83806 0.84758
vt 0.84582 0.86653
vt 0.85686 0.86259
vt 0.86053 0.85876
vt 0.82385 0.84968
vt 0.80739 0.84877
vt 0.80442 0.87954
vt 0.82674 0.87677
vt 0.82962 0.86915
vt 0.86306 0.77509
vt 0.89203 0.75305
vt 0.75054 0.8456
vt 0.7791 0.8257
vt 0.77448 0.86908
vt 0.79133 0.84053
vt 0.85815 0.86708
vt 0.85875 0.86602
vt 0.8458 0.86585
vt 0.84708 0.86925
vt 0.84681 0.86939
vt 0.84549 0.86599
vt 0.83478 0.86972
vt 0.8354 0.87333
vt 0.83622 0.8735
vt 0.88724 0.84974
vt 0.86266 0.8299
vt 0.86781 0.86274
vt 0.79012 0.72075
vt 0.82507 0.81873
vt 0.82165 0.81678
vt 0.82846 0.81896
vt 0.8308 0.81657
vt 0.83197 0.8128
vt 0.81476 0.80376
vt 0.81486 0.79909
vt 0.75862 0.7436
vt 0.83075 0.8032
vt 0.83196 0.80816
vt 0.8252 0.79516
vt 0.82846 0.79862
vt 0.81604 0.80879
vt 0.8185 0.81341
vt 0.82173 0.79345
vt 0.82038 0.92215
vt 0.81761 0.9231
vt 0.82638 0.93826
vt 0.82858 0.93634
vt 0.89233 0.88112
vt 0.89457 0.87923
vt 0.88095 0.86823
vt 0.8794 0.87094
vt 0.89801 0.92751
vt 0.90063 0.92882
vt 0.9053 0.91191
vt 0.90238 0.91169
vt 0.85821 0.86723
vt 0.85989 0.86704
vt 0.87368 0.94859
vt 0.87461 0.95136
vt 0.88986 0.94268
vt 0.88794 0.94046
vt 0.81821 0.90592
vt 0.81529 0.90575
vt 0.90317 0.8945
vt 0.90039 0.89541
vt 0.83528 0.87477
vt 0.83632 0.87318
vt 0.8574 0.95065
vt 0.8572 0.95357
vt 0.84157 0.94635
vt 0.84027 0.94897
vt 0.8224 0.89002
vt 0.81956 0.8888
vt 0.745 0.62288
vt 0.73809 0.63996
vt 0.7536 0.64302
vt 0.78345 0.58354
vt 0.77816 0.57768
vt 0.75987 0.588
vt 0.76517 0.59848
vt 0.83005 0.88022
vt 0.86732 0.86776
vt 0.7287 0.74055
vt 0.72104 0.74395
vt 0.68605 0.74259
vt 0.67913 0.7396
vt 0.59177 0.834
vt 0.59811 0.8287
vt 0.63282 0.82328
vt 0.64006 0.82459
vt 0.61896 0.82358
vt 0.62581 0.82309
vt 0.71383 0.7452
vt 0.70682 0.74535
vt 0.69997 0.74483
vt 0.69308 0.74413
vt 0.60504 0.82575
vt 0.61207 0.82425
vt 0.67281 0.73426
vt 0.64772 0.82806
vt 0.84877 0.66214
vt 0.86415 0.665
vt 0.86412 0.63996
vt 0.8488 0.64323
vt 0.82829 0.61234
vt 0.83688 0.59916
vt 0.76081 0.67946
vt 0.74761 0.68811
vt 0.7653 0.70592
vt 0.77417 0.69288
vt 0.78856 0.71562
vt 0.79167 0.70012
vt 0.73809 0.66494
vt 0.75361 0.66196
vt 0.81375 0.71559
vt 0.81062 0.70021
vt 0.8416 0.62575
vt 0.85454 0.61685
vt 0.83693 0.70593
vt 0.82813 0.69299
vt 0.84151 0.67961
vt 0.85461 0.68815
vt 0.80584 0.67615
vt 0.81453 0.67258
vt 0.78779 0.67251
vt 0.79646 0.67612
vt 0.7879 0.63254
vt 0.78125 0.63915
vt 0.80594 0.62899
vt 0.79658 0.62897
vt 0.82117 0.66595
vt 0.77763 0.6478
vt 0.77761 0.65718
vt 0.78118 0.66586
vt 0.82478 0.64791
vt 0.82121 0.63924
vt 0.8146 0.6326
vt 0.82477 0.65728
vt 0.80491 0.65181
vt 0.80435 0.65044
vt 0.79748 0.65179
vt 0.79748 0.65327
vt 0.80045 0.65625
vt 0.80192 0.65626
vt 0.8033 0.64939
vt 0.80329 0.6557
vt 0.80194 0.64883
vt 0.80046 0.64882
vt 0.80434 0.65465
vt 0.80491 0.65329
vt 0.79804 0.65464
vt 0.79908 0.65568
vt 0.79805 0.65043
vt 0.7991 0.64938
vt 0.25258 0.15322
vt 0.24907 0.13466
vt 0.2471 0.13474
vt 0.2464 0.15355
vt 0.34295 0.42465
vt 0.33277 0.30026
vt 0.321 0.30071
vt 0.3294 0.42567
vt 0.19334 0.42251
vt 0.18857 0.41979
vt 0.1963 0.43601
vt 0.19983 0.43857
vt 0.17602 0.42221
vt 0.16131 0.40968
vt 0.1671 0.42507
vt 0.17943 0.4302
vt 0.25721 0.15326
vt 0.25306 0.13441
vt 0.15291 0.41144
vt 0.14919 0.40526
vt 0.15494 0.4244
vt 0.15885 0.42461
vt 0.12953 0.41027
vt 0.12169 0.40349
vt 0.13642 0.42362
vt 0.14193 0.42389
vt 0.34685 0.30166
vt 0.3343 0.28826
vt 0.32505 0.28915
vt 0.14526 0.41005
vt 0.15118 0.42427
vt 0.27316 0.14299
vt 0.26933 0.12902
vt 0.32259 0.25879
vt 0.31855 0.24788
vt 0.31742 0.24736
vt 0.31822 0.2593
vt 0.32554 0.2706
vt 0.31905 0.27161
vt 0.32442 0.27579
vt 0.31937 0.27641
vt 0.32025 0.28952
vt 0.17999 0.42268
vt 0.19132 0.43396
vt 0.1136 0.40669
vt 0.12871 0.42471
vt 0.04786 0.44549
vt 0.02718 0.39383
vt 0.0157 0.39845
vt 0.03616 0.44956
vt 0.08624 0.39144
vt 0.11041 0.42862
vt 0.04459 0.39127
vt 0.08387 0.43478
vt 0.33486 0.27176
vt 0.33743 0.26431
vt 0.33108 0.25624
vt 0.32085 0.25028
vt 0.36376 0.42755
vt 0.27268 0.11745
vt 0.28084 0.11567
vt 0.28474 0.09943
vt 0.27567 0.10246
vt 0.40201 0.25672
vt 0.40298 0.27542
vt 0.41619 0.26789
vt 0.40829 0.25309
vt 0.30384 0.11445
vt 0.31236 0.11318
vt 0.31658 0.09706
vt 0.30858 0.09925
vt 0.44434 0.40517
vt 0.458 0.40098
vt 0.38585 0.42423
vt 0.36199 0.30067
vt 0.31841 0.23869
vt 0.31684 0.23873
vt 0.42963 0.02854
vt 0.42413 0.04565
vt 0.4285 0.04231
vt 0.43278 0.02553
vt 0.32498 0.1131
vt 0.34073 0.11135
vt 0.3456 0.09478
vt 0.32998 0.09771
vt 0.40215 0.04329
vt 0.39847 0.05931
vt 0.41137 0.04493
vt 0.41368 0.03655
vt 0.31912 0.11374
vt 0.32385 0.09882
vt 0.39019 0.04558
vt 0.38705 0.06531
vt 0.38991 0.05869
vt 0.39403 0.04484
vt 0.35965 0.11045
vt 0.39037 0.10945
vt 0.39584 0.09404
vt 0.36477 0.09393
vt 0.34542 0.25941
vt 0.33889 0.25099
vt 0.32289 0.2395
vt 0.34846 0.26864
vt 0.35308 0.28242
vt 0.37194 0.04883
vt 0.36004 0.07075
vt 0.3669 0.06299
vt 0.37736 0.04783
vt 0.42855 0.10698
vt 0.43715 0.09062
vt 0.39128 0.26393
vt 0.38959 0.28762
vt 0.38251 0.06109
vt 0.38648 0.04621
vt 0.33332 0.2057
vt 0.3358 0.20873
vt 0.36147 0.21941
vt 0.36553 0.21009
vt 0.38035 0.23533
vt 0.38991 0.22593
vt 0.3889 0.23947
vt 0.39644 0.23386
vt 0.35092 0.11154
vt 0.35631 0.09589
vt 0.2848 0.11501
vt 0.28868 0.09846
vt 0.42496 0.03124
vt 0.41525 0.04393
vt 0.36415 0.04878
vt 0.35159 0.06866
vt 0.25567 0.08992
vt 0.26767 0.09296
vt 0.28125 0.039
vt 0.26911 0.03653
vt 0.26794 0.11808
vt 0.26998 0.10331
vt 0.32652 0.08744
vt 0.3455 0.04735
vt 0.28526 0.09317
vt 0.31837 0.0448
vt 0.37362 0.24914
vt 0.36221 0.24699
vt 0.35384 0.23423
vt 0.34204 0.21453
vt 0.42575 0.4156
vt 0.36992 0.27525
vt 0.37477 0.29699
vt 0.29182 0.14504
vt 0.31086 0.14199
vt 0.30463 0.12761
vt 0.2858 0.12953
vt 0.27875 0.143
vt 0.27386 0.12893
vt 0.28789 0.14464
vt 0.28187 0.12947
vt 0.35849 0.14049
vt 0.36709 0.1416
vt 0.36029 0.12573
vt 0.3518 0.12548
vt 0.34796 0.14266
vt 0.34129 0.12668
vt 0.32562 0.22693
vt 0.34558 0.2444
vt 0.32605 0.14085
vt 0.3322 0.14131
vt 0.32574 0.12663
vt 0.32001 0.12656
vt 0.39815 0.13836
vt 0.43942 0.13768
vt 0.42929 0.12232
vt 0.3912 0.12355
vt 0.36061 0.26194
vt 0.35257 0.25394
vt 0.31839 0.22366
vt 0.31902 0.14333
vt 0.31289 0.12788
vt 0.31574 0.22244
vt 0.40373 0.4208
vt 0.25333 0.09549
vt 0.252 0.11491
vt 0.24877 0.09619
vt 0.24796 0.11522
vt 0.24258 0.09676
vt 0.24598 0.11539
vt 0.25443 0.1724
vt 0.25733 0.17217
vt 0.25798 0.15359
vt 0.25192 0.15386
vt 0.30928 0.30184
vt 0.31582 0.42647
vt 0.06492 0.10549
vt 0.07041 0.08838
vt 0.06605 0.09172
vt 0.06177 0.1085
vt 0.0924 0.09074
vt 0.09607 0.07472
vt 0.08317 0.0891
vt 0.08086 0.09748
vt 0.2604 0.172
vt 0.26248 0.15308
vt 0.10436 0.08845
vt 0.10749 0.06872
vt 0.10464 0.07534
vt 0.10051 0.08919
vt 0.12261 0.0852
vt 0.13451 0.06328
vt 0.12765 0.07104
vt 0.11718 0.08621
vt 0.31544 0.2898
vt 0.30615 0.29016
vt 0.29551 0.30511
vt 0.11203 0.07294
vt 0.10806 0.08782
vt 0.27706 0.17524
vt 0.27904 0.16113
vt 0.31637 0.24803
vt 0.31382 0.25938
vt 0.31248 0.27148
vt 0.31428 0.27647
vt 0.06958 0.10279
vt 0.0793 0.0901
vt 0.13039 0.08525
vt 0.14296 0.06537
vt 0.23887 0.04411
vt 0.22688 0.04107
vt 0.21329 0.09503
vt 0.22544 0.0975
vt 0.16803 0.0466
vt 0.14905 0.08668
vt 0.20928 0.04086
vt 0.17618 0.08923
vt 0.30339 0.27387
vt 0.29985 0.26683
vt 0.30506 0.25799
vt 0.31441 0.25071
vt 0.29559 0.43213
vt 0.29569 0.20166
vt 0.28993 0.1866
vt 0.28182 0.18595
vt 0.28667 0.1999
vt 0.22228 0.28092
vt 0.23638 0.28661
vt 0.23483 0.26795
vt 0.22813 0.26519
vt 0.32665 0.20021
vt 0.32032 0.18511
vt 0.312 0.18489
vt 0.31848 0.19906
vt 0.21275 0.42073
vt 0.19865 0.4184
vt 0.28037 0.30615
vt 0.27326 0.43179
vt 0.31528 0.23891
vt 0.06826 0.12472
vt 0.07304 0.12744
vt 0.0653 0.11123
vt 0.06178 0.10867
vt 0.35515 0.1983
vt 0.34809 0.18305
vt 0.33278 0.18349
vt 0.33966 0.19775
vt 0.08558 0.12503
vt 0.1003 0.13755
vt 0.09451 0.12217
vt 0.08218 0.11703
vt 0.33356 0.19752
vt 0.32711 0.18367
vt 0.1087 0.13579
vt 0.11241 0.14197
vt 0.10667 0.12284
vt 0.10276 0.12262
vt 0.40367 0.19134
vt 0.39603 0.17743
vt 0.36633 0.1812
vt 0.37374 0.1963
vt 0.29663 0.25383
vt 0.29128 0.26305
vt 0.31094 0.2403
vt 0.2895 0.2726
vt 0.28677 0.28688
vt 0.13208 0.13697
vt 0.13991 0.14375
vt 0.12519 0.12362
vt 0.11968 0.12335
vt 0.44369 0.188
vt 0.43286 0.17375
vt 0.25127 0.29691
vt 0.24644 0.27366
vt 0.11635 0.13718
vt 0.11042 0.12297
vt 0.27002 0.22556
vt 0.29403 0.21154
vt 0.29608 0.2082
vt 0.26475 0.21686
vt 0.25344 0.24385
vt 0.24271 0.23582
vt 0.24552 0.2491
vt 0.2373 0.24455
vt 0.3653 0.19567
vt 0.35783 0.18142
vt 0.29957 0.20213
vt 0.29383 0.18674
vt 0.08161 0.12456
vt 0.07028 0.11328
vt 0.14801 0.14055
vt 0.13289 0.12253
vt 0.21374 0.10175
vt 0.23442 0.1534
vt 0.2459 0.14878
vt 0.22545 0.09767
vt 0.27718 0.186
vt 0.28114 0.19982
vt 0.17536 0.1558
vt 0.15119 0.11861
vt 0.21702 0.15596
vt 0.17774 0.11246
vt 0.26196 0.25664
vt 0.27298 0.25299
vt 0.27957 0.23922
vt 0.28863 0.21812
vt 0.23256 0.42858
vt 0.26722 0.30422
vt 0.26912 0.28202
vt 0.31148 0.17213
vt 0.31566 0.15771
vt 0.29688 0.15694
vt 0.29289 0.17261
vt 0.28146 0.17472
vt 0.28447 0.16047
vt 0.29313 0.15778
vt 0.28911 0.17318
vt 0.36479 0.16647
vt 0.3689 0.15035
vt 0.3609 0.15266
vt 0.3567 0.16794
vt 0.35056 0.15213
vt 0.34647 0.16829
vt 0.30656 0.22821
vt 0.28911 0.24819
vt 0.33154 0.17043
vt 0.33579 0.15566
vt 0.33003 0.15692
vt 0.32603 0.17127
vt 0.43111 0.15898
vt 0.43833 0.14271
vt 0.39883 0.14864
vt 0.39451 0.16383
vt 0.27656 0.26759
vt 0.28346 0.25858
vt 0.31329 0.224
vt 0.32313 0.15549
vt 0.3194 0.17089
vt 0.25508 0.43079
vt 0.2665 0.21001
vt 0.26191 0.19125
vt 0.26197 0.21008
vt 0.25885 0.19153
vt 0.25589 0.21058
vt 0.25593 0.19175
vt 0.24124 0.1923
vt 0.24192 0.21042
vt 0.23996 0.17389
vt 0.23817 0.1559
vt 0.22603 0.19318
vt 0.22697 0.21124
vt 0.22481 0.17509
vt 0.2233 0.15712
vt 0.21674 0.19378
vt 0.2177 0.21187
vt 0.21555 0.17574
vt 0.21406 0.15775
vt 0.60412 0.4708
vt 0.59493 0.4616
vt 0.39646 0.66014
vt 0.4042 0.66856
vt 0.24105 0.81651
vt 0.2443 0.82447
vt 0.41239 0.67705
vt 0.25085 0.83325
vt 0.61332 0.48
vt 0.57768 0.44435
vt 0.56847 0.43516
vt 0.37143 0.63608
vt 0.37992 0.64427
vt 0.21518 0.79766
vt 0.22397 0.80417
vt 0.38834 0.65201
vt 0.23194 0.80741
vt 0.58688 0.45355
vt 0.10698 0.94134
vt 0.12984 0.91876
vt 0.12494 0.91339
vt 0.10398 0.93802
vt 0.11825 0.90797
vt 0.10099 0.93369
vt 0.08212 0.964
vt 0.0873 0.9549
vt 0.08202 0.96599
vt 0.11455 0.94742
vt 0.14051 0.93047
vt 0.13516 0.9237
vt 0.11026 0.94437
vt 0.08401 0.96591
vt 0.09317 0.96085
vt 0.17205 0.90683
vt 0.1638 0.89824
vt 0.17192 0.88273
vt 0.15853 0.89039
vt 0.14814 0.90067
vt 0.97347 0.10343
vt 0.96331 0.09327
vt 0.7845 0.27206
vt 0.79428 0.28184
vt 0.80405 0.29161
vt 0.98364 0.1136
vt 0.1661 0.8771
vt 0.15083 0.88502
vt 0.14227 0.87674
vt 0.23961 0.8125
vt 0.17833 0.87332
vt 0.23792 0.81054
vt 0.17217 0.87672
vt 0.23597 0.80882
vt 0.17546 0.8706
vt 0.39447 0.6579
vt 0.59287 0.45954
vt 0.39254 0.65594
vt 0.5909 0.45757
vt 0.39058 0.65401
vt 0.58893 0.4556
vt 0.78244 0.27
vt 0.96125 0.09121
vt 0.78046 0.26802
vt 0.95926 0.08922
vt 0.77848 0.26603
vt 0.95727 0.08723
vt 0.77642 0.26397
vt 0.95521 0.08517
vt 0.94504 0.075
vt 0.93488 0.06484
vt 0.75686 0.24442
vt 0.76664 0.2542
vt 0.60266 0.35291
vt 0.40413 0.55137
vt 0.41333 0.56057
vt 0.61108 0.36065
vt 0.75906 0.19752
vt 0.76703 0.20075
vt 0.61957 0.36884
vt 0.77582 0.20726
vt 0.42253 0.56976
vt 0.57861 0.32787
vt 0.37769 0.52492
vt 0.38688 0.53412
vt 0.5868 0.33637
vt 0.74015 0.17167
vt 0.7467 0.18045
vt 0.59454 0.34478
vt 0.74995 0.18841
vt 0.39608 0.54332
vt 0.85584 0.08122
vt 0.86117 0.08616
vt 0.88402 0.06359
vt 0.88074 0.06055
vt 0.85049 0.07445
vt 0.87646 0.0575
vt 0.90699 0.03901
vt 0.89783 0.04407
vt 0.90898 0.03894
vt 0.86606 0.09153
vt 0.87275 0.09695
vt 0.89002 0.07123
vt 0.88702 0.0669
vt 0.90888 0.04092
vt 0.9037 0.05003
vt 0.84873 0.12818
vt 0.84017 0.1199
vt 0.82491 0.12782
vt 0.84286 0.10426
vt 0.83247 0.11453
vt 0.21459 0.74095
vt 0.03579 0.91975
vt 0.04596 0.92992
vt 0.22436 0.75072
vt 0.23414 0.7605
vt 0.05612 0.94008
vt 0.81908 0.12219
vt 0.8272 0.10668
vt 0.81895 0.09809
vt 0.75503 0.1961
vt 0.81554 0.13432
vt 0.81883 0.1282
vt 0.75309 0.19438
vt 0.75139 0.19242
vt 0.81268 0.1316
vt 0.60042 0.35091
vt 0.40207 0.54932
vt 0.59846 0.34898
vt 0.4001 0.54735
vt 0.59654 0.34702
vt 0.39813 0.54538
vt 0.21253 0.73889
vt 0.03373 0.91769
vt 0.21054 0.7369
vt 0.03174 0.91571
vt 0.20856 0.73492
vt 0.02976 0.91372
vt 0.2065 0.73286
vt 0.02769 0.91166
vt 0.18695 0.71331
vt 0.00737 0.89133
vt 0.01753 0.90149
vt 0.19672 0.72309
vt 0.90785 0.94939
vt 0.90866 0.94736
vt 0.90999 0.93971
vt 0.91026 0.92957
vt 0.91056 0.92265
vt 0.90993 0.91557
vt 0.90911 0.90323
vt 0.90879 0.89184
vt 0.90827 0.88193
vt 0.90775 0.87309
vt 0.90739 0.86349
vt 0.907 0.85413
usemtl mat0
f 1/1/1 2/2/2 3/3/3
f 3/3/3 4/4/4 1/1/1
f 5/5/5 6/6/6 7/7/7
f 7/7/7 8/8/8 5/5/5
f 9/9/9 10/10/10 11/11/11
f 9/9/9 11/11/11 12/12/12
f 12/12/12 13/13/13 9/9/9
f 14/14/14 15/15/15 16/16/16
f 16/16/16 17/17/17 14/14/14
f 18/18/18 19/19/19 20/20/20
f 18/18/18 20/20/20 21/21/12
f 21/21/12 22/22/21 18/18/18
f 23/23/22 24/24/23 25/25/24
f 25/25/24 26/26/25 23/23/22
f 27/27/26 28/28/27 29/29/28
f 29/29/28 30/30/29 27/27/26
f 31/31/30 32/32/31 33/33/32
f 33/33/32 34/34/33 31/31/30
f 35/35/34 27/27/26 30/30/29
f 30/30/29 36/36/35 35/35/34
f 37/37/36 38/38/37 39/39/38
f 39/39/38 40/40/39 37/37/36
f 8/8/8 7/7/7 41/41/40
f 41/41/40 42/42/41 8/8/8
f 43/43/42 44/44/43 45/45/44
f 45/45/44 46/46/45 43/43/42
f 47/47/46 48/48/47 49/49/48
f 49/49/48 50/50/49 47/47/46
f 32/32/31 51/51/50 52/52/51
f 52/52/51 33/33/32 32/32/31
f 53/53/52 54/54/53 5/5/5
f 5/5/5 8/8/8 53/53/52
f 55/55/54 56/56/55 57/57/56
f 57/57/56 58/58/57 55/55/54
f 59/59/58 43/43/42 46/46/45
f 46/46/45 60/60/59 59/59/58
f 51/51/60 61/61/61 62/62/62
f 62/62/62 52/52/63 51/51/60
f 63/63/64 47/47/46 50/50/49
f 50/50/49 64/64/65 63/63/64
f 38/38/66 65/65/67 66/66/68
f 66/66/68 39/39/69 38/38/66
f 67/67/70 53/53/52 8/8/8
f 8/8/8 42/42/41 67/67/70
f 68/68/71 69/69/72 70/70/73
f 70/70/73 71/71/74 68/68/71
f 72/72/75 73/73/76 74/74/77
f 74/74/77 75/75/78 72/72/75
f 76/76/79 1/1/1 4/4/4
f 4/4/4 77/77/80 76/76/79
f 78/78/81 79/79/82 80/80/83
f 80/80/83 81/81/84 78/78/81
f 56/56/85 82/82/86 83/83/87
f 83/83/87 57/57/88 56/56/85
f 73/73/76 84/84/89 85/85/90
f 85/85/90 74/74/77 73/73/76
f 86/86/91 68/68/71 71/71/74
f 71/71/74 87/87/92 86/86/91
f 79/79/82 88/88/93 89/89/94
f 89/89/94 80/80/83 79/79/82
f 28/28/95 90/90/96 91/91/97
f 91/91/97 29/29/98 28/28/95
f 24/24/23 55/55/54 58/58/57
f 58/58/57 25/25/24 24/24/23
f 92/92/99 37/37/36 40/40/39
f 40/40/39 93/93/100 92/92/99
f 94/94/101 95/95/102 23/23/22
f 23/23/22 26/26/25 94/94/101
f 96/96/103 35/35/34 36/36/35
f 36/36/35 97/97/104 96/96/103
f 98/98/105 92/92/99 93/93/100
f 93/93/100 99/99/106 98/98/105
f 100/100/107 31/31/30 34/34/33
f 34/34/33 101/101/108 100/100/107
f 102/102/109 103/103/110 104/104/111
f 104/104/111 105/105/112 102/102/109
f 106/106/113 107/107/114 108/108/115
f 108/108/115 109/109/116 106/106/113
f 110/110/117 111/111/118 112/112/119
f 112/112/119 113/113/120 110/110/117
f 114/114/121 115/115/122 116/116/123
f 116/116/123 117/117/124 114/114/121
f 118/118/125 119/119/126 120/120/127
f 120/120/127 121/121/128 118/118/125
f 122/122/129 123/123/130 124/124/131
f 124/124/131 125/125/132 122/122/129
f 126/126/133 114/114/121 117/117/124
f 117/117/124 127/127/134 126/126/133
f 128/128/135 129/129/136 130/130/137
f 130/130/137 131/131/138 128/128/135
f 132/132/139 133/133/140 134/134/141
f 134/134/141 135/135/142 132/132/139
f 136/136/143 137/137/144 138/138/145
f 138/138/145 139/139/146 136/136/143
f 111/111/118 122/122/147 125/125/148
f 125/125/148 112/112/119 111/111/118
f 129/129/136 140/140/149 141/141/150
f 141/141/150 130/130/137 129/129/136
f 142/142/151 136/136/152 139/139/153
f 139/139/153 143/143/154 142/142/151
f 133/133/140 144/144/155 145/145/156
f 145/145/156 134/134/141 133/133/140
f 103/103/110 142/142/151 143/143/154
f 143/143/154 104/104/111 103/103/110
f 108/108/115 110/110/117 113/113/120
f 113/113/120 109/109/116 108/108/115
f 13/13/13 12/12/12 20/20/20
f 13/13/13 20/20/20 146/146/157
f 146/146/157 147/147/158 13/13/13
f 148/148/159 149/149/160 150/150/161
f 148/148/159 150/150/161 10/10/10
f 10/10/10 9/9/9 148/148/159
f 151/151/162 152/152/162 153/153/162
f 153/153/162 154/154/162 151/151/162
f 155/155/163 156/156/164 157/157/165
f 157/157/165 158/158/166 155/155/163
f 94/94/101 159/159/167 160/160/168
f 160/160/168 161/161/169 94/94/101
f 96/96/103 162/162/170 163/163/171
f 163/163/171 161/161/169 96/96/103
f 156/156/164 164/164/172 165/165/173
f 165/165/173 157/157/165 156/156/164
f 166/166/174 167/167/175 168/168/176
f 168/168/176 169/169/177 166/166/174
f 170/170/178 171/171/179 172/172/180
f 172/172/180 173/173/181 170/170/178
f 174/174/182 175/175/183 176/176/184
f 176/176/184 177/177/185 174/174/182
f 171/171/179 178/178/186 179/179/187
f 179/179/187 172/172/180 171/171/179
f 180/180/188 181/181/189 182/182/190
f 182/182/190 183/183/191 180/180/188
f 184/184/192 185/185/193 186/186/194
f 186/186/194 187/187/195 184/184/192
f 185/185/193 188/188/196 189/189/197
f 189/189/197 186/186/194 185/185/193
f 190/190/198 191/191/199 192/192/200
f 192/192/200 193/193/201 190/190/198
f 164/164/172 180/180/202 183/183/203
f 183/183/203 165/165/173 164/164/172
f 159/159/167 194/194/204 195/195/205
f 195/195/205 160/160/168 159/159/167
f 194/194/204 166/166/206 169/169/207
f 169/169/207 195/195/205 194/194/204
f 196/196/208 197/197/209 191/191/199
f 191/191/199 190/190/198 196/196/208
f 175/175/183 198/198/210 199/199/211
f 199/199/211 176/176/184 175/175/183
f 197/197/209 200/200/212 201/201/213
f 201/201/213 191/191/199 197/197/209
f 58/58/57 57/57/56 166/166/206
f 166/166/206 194/194/204 58/58/57
f 25/25/24 58/58/57 194/194/204
f 194/194/204 159/159/167 25/25/24
f 191/191/199 201/201/213 202/202/214
f 202/202/214 192/192/200 191/191/199
f 50/50/49 49/49/48 188/188/196
f 188/188/196 185/185/193 50/50/49
f 64/64/65 50/50/49 185/185/193
f 185/185/193 184/184/192 64/64/65
f 74/74/77 85/85/90 178/178/186
f 178/178/186 171/171/179 74/74/77
f 75/75/78 74/74/77 171/171/179
f 171/171/179 170/170/178 75/75/78
f 57/57/88 83/83/87 167/167/175
f 167/167/175 166/166/174 57/57/88
f 26/26/25 25/25/24 159/159/167
f 159/159/167 94/94/101 26/26/25
f 154/154/215 153/153/215 107/107/215
f 107/107/215 106/106/215 154/154/215
f 158/158/166 157/157/165 92/92/99
f 92/92/99 98/98/105 158/158/166
f 161/161/169 163/163/216 95/95/102
f 95/95/102 94/94/101 161/161/169
f 157/157/165 165/165/173 37/37/36
f 37/37/36 92/92/99 157/157/165
f 177/177/185 176/176/184 1/1/1
f 1/1/1 76/76/79 177/177/185
f 183/183/191 182/182/190 65/65/67
f 65/65/67 38/38/66 183/183/191
f 165/165/173 183/183/203 38/38/37
f 38/38/37 37/37/36 165/165/173
f 176/176/184 199/199/211 2/2/2
f 2/2/2 1/1/1 176/176/184
f 80/80/83 89/89/94 198/198/210
f 198/198/210 175/175/183 80/80/83
f 33/33/32 52/52/51 180/180/202
f 180/180/202 164/164/172 33/33/32
f 52/52/63 62/62/62 181/181/189
f 181/181/189 180/180/188 52/52/63
f 81/81/84 80/80/83 175/175/183
f 175/175/183 174/174/182 81/81/84
f 34/34/33 33/33/32 164/164/172
f 164/164/172 156/156/164 34/34/33
f 97/97/104 102/102/109 162/162/170
f 162/162/170 96/96/103 97/97/104
f 101/101/108 34/34/33 156/156/164
f 156/156/164 155/155/163 101/101/108
f 203/203/112 100/100/107 152/152/217
f 152/152/217 151/151/218 203/203/112
f 161/161/169 160/160/168 35/35/34
f 35/35/34 96/96/103 161/161/169
f 169/169/177 168/168/176 90/90/96
f 90/90/96 28/28/95 169/169/177
f 173/173/181 172/172/180 68/68/71
f 68/68/71 86/86/91 173/173/181
f 172/172/180 179/179/187 69/69/72
f 69/69/72 68/68/71 172/172/180
f 187/187/195 186/186/194 43/43/42
f 43/43/42 59/59/58 187/187/195
f 186/186/194 189/189/197 44/44/43
f 44/44/43 43/43/42 186/186/194
f 7/7/7 190/190/198 193/193/201
f 193/193/201 41/41/40 7/7/7
f 160/160/168 195/195/205 27/27/26
f 27/27/26 35/35/34 160/160/168
f 195/195/205 169/169/207 28/28/27
f 28/28/27 27/27/26 195/195/205
f 6/6/6 196/196/208 190/190/198
f 190/190/198 7/7/7 6/6/6
f 102/102/109 105/105/112 204/204/219
f 204/204/219 162/162/170 102/102/109
f 163/163/220 205/205/220 206/206/220
f 206/206/220 95/95/220 163/163/220
f 162/162/221 204/204/221 205/205/221
f 205/205/221 163/163/221 162/162/221
f 36/36/35 30/30/29 142/142/151
f 142/142/151 103/103/110 36/36/35
f 30/30/29 29/29/28 136/136/152
f 136/136/152 142/142/151 30/30/29
f 46/46/45 45/45/44 140/140/149
f 140/140/149 129/129/136 46/46/45
f 29/29/98 91/91/97 137/137/144
f 137/137/144 136/136/143 29/29/98
f 60/60/59 46/46/45 129/129/136
f 129/129/136 128/128/135 60/60/59
f 87/87/92 71/71/74 114/114/121
f 114/114/121 126/126/133 87/87/92
f 71/71/74 70/70/73 115/115/122
f 115/115/122 114/114/121 71/71/74
f 97/97/104 36/36/35 103/103/110
f 103/103/110 102/102/109 97/97/104
f 95/95/102 206/206/222 207/207/116
f 207/207/116 23/23/22 95/95/102
f 208/208/120 209/209/119 55/55/54
f 55/55/54 24/24/23 208/208/120
f 210/210/128 211/211/127 84/84/89
f 84/84/89 73/73/76 210/210/128
f 212/212/132 213/213/131 82/82/86
f 82/82/86 56/56/85 212/212/132
f 214/214/223 215/215/224 47/47/46
f 47/47/46 63/63/64 214/214/223
f 209/209/119 212/212/148 56/56/55
f 56/56/55 55/55/54 209/209/119
f 215/215/224 216/216/225 48/48/47
f 48/48/47 47/47/46 215/215/224
f 207/207/116 208/208/120 24/24/23
f 24/24/23 23/23/22 207/207/116
f 101/101/108 155/155/163 152/152/217
f 101/101/108 152/152/217 100/100/107
f 153/153/226 158/158/166 98/98/105
f 98/98/105 107/107/114 153/153/226
f 152/152/217 155/155/163 158/158/166
f 158/158/166 153/153/227 152/152/217
f 99/99/106 93/93/100 110/110/117
f 110/110/117 108/108/115 99/99/106
f 201/201/213 200/200/212 144/144/155
f 144/144/155 133/133/140 201/201/213
f 40/40/39 39/39/38 122/122/147
f 122/122/147 111/111/118 40/40/39
f 202/202/214 201/201/213 133/133/140
f 133/133/140 132/132/139 202/202/214
f 77/77/80 4/4/4 118/118/125
f 118/118/125 217/217/228 77/77/80
f 39/39/69 66/66/68 123/123/130
f 123/123/130 122/122/129 39/39/69
f 4/4/4 3/3/3 119/119/126
f 119/119/126 118/118/125 4/4/4
f 93/93/100 40/40/39 111/111/118
f 111/111/118 110/110/117 93/93/100
f 107/107/114 98/98/105 99/99/106
f 99/99/106 108/108/115 107/107/114
f 203/203/112 218/218/111 31/31/30
f 31/31/30 100/100/107 203/203/112
f 219/219/124 220/220/123 88/88/93
f 88/88/93 79/79/82 219/219/124
f 221/221/134 219/219/124 79/79/82
f 79/79/82 78/78/81 221/221/134
f 222/222/229 223/223/230 53/53/52
f 53/53/52 67/67/70 222/222/229
f 224/224/146 225/225/145 61/61/61
f 61/61/61 51/51/60 224/224/146
f 223/223/230 226/226/231 54/54/53
f 54/54/53 53/53/52 223/223/230
f 227/227/154 224/224/153 51/51/50
f 51/51/50 32/32/31 227/227/154
f 218/218/111 227/227/154 32/32/31
f 32/32/31 31/31/30 218/218/111
f 225/225/145 221/221/232 78/78/233
f 78/78/233 61/61/61 225/225/145
f 66/66/68 77/77/234 217/217/235
f 217/217/235 123/123/130 66/66/68
f 213/213/131 228/228/236 72/72/237
f 72/72/237 82/82/86 213/213/131
f 91/91/97 87/87/238 126/126/239
f 126/126/239 137/137/144 91/91/97
f 168/168/176 173/173/240 86/86/241
f 86/86/241 90/90/96 168/168/176
f 62/62/62 81/81/242 174/174/243
f 174/174/243 181/181/189 62/62/62
f 182/182/190 177/177/244 76/76/245
f 76/76/245 65/65/67 182/182/190
f 83/83/87 75/75/246 170/170/247
f 170/170/247 167/167/175 83/83/87
f 181/181/189 174/174/243 177/177/244
f 177/177/244 182/182/190 181/181/189
f 167/167/175 170/170/247 173/173/240
f 173/173/240 168/168/176 167/167/175
f 137/137/144 126/126/239 127/127/232
f 127/127/232 138/138/145 137/137/144
f 123/123/130 217/217/235 229/229/236
f 229/229/236 124/124/131 123/123/130
f 90/90/96 86/86/241 87/87/238
f 87/87/238 91/91/97 90/90/96
f 82/82/86 72/72/237 75/75/246
f 75/75/246 83/83/87 82/82/86
f 65/65/67 76/76/245 77/77/234
f 77/77/234 66/66/68 65/65/67
f 61/61/61 78/78/233 81/81/242
f 81/81/242 62/62/62 61/61/61
f 230/230/248 231/231/249 232/232/250
f 232/232/250 233/233/251 230/230/248
f 234/234/252 235/235/253 236/236/254
f 236/236/254 237/237/252 234/234/252
f 238/238/255 230/230/248 233/233/251
f 233/233/251 239/239/256 238/238/255
f 240/240/257 238/238/255 239/239/256
f 239/239/256 241/241/258 240/240/257
f 242/242/259 243/243/260 244/244/261
f 244/244/261 245/245/262 242/242/259
f 246/246/263 234/234/264 237/237/264
f 237/237/264 242/242/265 246/246/263
f 247/247/266 248/248/267 249/249/268
f 249/249/268 250/250/269 247/247/266
f 245/245/262 244/244/261 251/251/270
f 251/251/270 252/252/271 245/245/262
f 253/253/272 246/246/263 242/242/265
f 242/242/265 245/245/273 253/253/272
f 254/254/274 247/247/266 250/250/269
f 250/250/269 255/255/275 254/254/274
f 256/256/276 252/252/271 251/251/270
f 251/251/270 257/257/277 256/256/276
f 258/258/278 253/253/272 245/245/273
f 245/245/273 252/252/279 258/258/278
f 259/259/280 260/260/281 261/261/281
f 261/261/281 262/262/282 259/259/280
f 248/248/267 240/240/257 241/241/258
f 241/241/258 249/249/268 248/248/267
f 256/256/276 257/257/277 263/263/283
f 263/263/283 264/264/284 256/256/276
f 265/265/285 258/258/278 252/252/279
f 252/252/279 256/256/286 265/265/285
f 266/266/287 259/259/280 262/262/282
f 262/262/282 267/267/288 266/266/287
f 268/268/289 265/265/285 256/256/286
f 256/256/286 264/264/290 268/268/289
f 269/269/291 270/270/292 260/260/293
f 260/260/293 259/259/291 269/269/291
f 271/271/294 264/264/284 263/263/283
f 263/263/283 272/272/295 271/271/294
f 273/273/296 268/268/289 264/264/290
f 264/264/290 271/271/297 273/273/296
f 274/274/298 275/275/299 276/276/299
f 276/276/299 277/277/300 274/274/298
f 278/278/301 269/269/302 259/259/302
f 259/259/302 266/266/303 278/278/301
f 266/266/287 267/267/288 279/279/304
f 279/279/304 280/280/305 266/266/287
f 281/281/306 274/274/298 277/277/300
f 277/277/300 282/282/307 281/281/306
f 283/283/308 278/278/301 266/266/303
f 266/266/303 280/280/309 283/283/308
f 284/284/310 281/281/306 282/282/307
f 282/282/307 285/285/311 284/284/310
f 286/286/312 287/287/313 288/288/314
f 288/288/314 289/289/315 286/286/312
f 290/290/316 284/284/310 285/285/311
f 285/285/311 291/291/316 290/290/316
f 280/280/305 279/279/304 292/292/317
f 292/292/317 293/293/317 280/280/305
f 294/294/260 295/295/318 296/296/319
f 296/296/319 297/297/259 294/294/260
f 298/298/320 283/283/308 280/280/309
f 280/280/309 293/293/320 298/298/320
f 237/237/321 299/299/322 243/243/260
f 243/243/260 242/242/259 237/237/321
f 300/300/323 286/286/312 289/289/315
f 289/289/315 301/301/324 300/300/323
f 295/295/318 302/302/325 303/303/326
f 303/303/326 296/296/319 295/295/318
f 304/304/327 294/294/260 297/297/259
f 297/297/259 305/305/328 304/304/327
f 296/296/329 303/303/330 306/306/331
f 306/306/331 307/307/329 296/296/329
f 308/308/268 309/309/258 310/310/257
f 310/310/257 311/311/332 308/308/268
f 312/312/333 304/304/327 305/305/328
f 305/305/328 313/313/334 312/312/333
f 297/297/335 296/296/336 307/307/336
f 307/307/336 314/314/337 297/297/335
f 315/315/338 308/308/268 311/311/332
f 311/311/332 316/316/266 315/315/338
f 317/317/277 318/318/276 319/319/284
f 319/319/284 320/320/339 317/317/277
f 305/305/340 297/297/335 314/314/337
f 314/314/337 321/321/341 305/305/340
f 320/320/339 319/319/284 322/322/294
f 322/322/294 323/323/295 320/320/339
f 309/309/258 300/300/323 301/301/324
f 301/301/324 310/310/257 309/309/258
f 313/313/342 305/305/340 321/321/341
f 321/321/341 324/324/343 313/313/342
f 319/319/344 318/318/345 325/325/346
f 325/325/346 326/326/347 319/319/344
f 312/312/333 313/313/334 318/318/276
f 318/318/276 317/317/277 312/312/333
f 318/318/345 313/313/342 324/324/343
f 324/324/343 325/325/346 318/318/345
f 322/322/348 319/319/344 326/326/347
f 326/326/347 327/327/349 322/322/348
f 328/328/282 329/329/350 330/330/350
f 330/330/350 331/331/280 328/328/282
f 332/332/275 315/315/338 316/316/266
f 316/316/266 333/333/274 332/332/275
f 334/334/288 328/328/282 331/331/280
f 331/331/280 335/335/287 334/334/288
f 336/336/300 337/337/299 338/338/351
f 338/338/351 339/339/298 336/336/300
f 340/340/352 341/341/353 342/342/354
f 342/342/354 343/343/355 340/340/352
f 344/344/356 345/345/357 346/346/358
f 346/346/358 347/347/356 344/344/356
f 341/341/353 336/336/300 339/339/298
f 339/339/298 342/342/354 341/341/353
f 331/331/359 330/330/360 348/348/361
f 348/348/361 349/349/359 331/331/359
f 350/350/362 340/340/352 343/343/355
f 343/343/355 351/351/362 350/350/362
f 237/237/321 236/236/363 302/302/325
f 302/302/325 299/299/322 237/237/321
f 335/335/364 331/331/365 349/349/365
f 349/349/365 352/352/366 335/335/364
f 287/287/313 353/353/18 354/354/21
f 354/354/21 288/288/314 287/287/313
f 345/345/357 334/334/288 335/335/287
f 335/335/287 346/346/358 345/345/357
f 346/346/367 335/335/364 352/352/366
f 352/352/366 355/355/368 346/346/367
f 347/347/369 346/346/367 355/355/368
f 355/355/368 356/356/369 347/347/369
f 357/357/370 358/358/371 345/345/372
f 345/345/372 344/344/370 357/357/370
f 358/358/371 359/359/373 334/334/374
f 334/334/374 345/345/372 358/358/371
f 328/328/375 334/334/374 359/359/373
f 359/359/373 360/360/376 328/328/375
f 323/323/377 329/329/378 361/361/379
f 361/361/379 362/362/380 323/323/377
f 320/320/381 323/323/377 362/362/380
f 362/362/380 363/363/382 320/320/381
f 363/363/382 364/364/383 317/317/384
f 317/317/384 320/320/381 363/363/382
f 364/364/383 365/365/385 312/312/386
f 312/312/386 317/317/384 364/364/383
f 365/365/385 366/366/387 304/304/388
f 304/304/388 312/312/386 365/365/385
f 366/366/387 367/367/389 294/294/390
f 294/294/390 304/304/388 366/366/387
f 367/367/389 368/368/391 295/295/392
f 295/295/392 294/294/390 367/367/389
f 295/295/392 368/368/391 369/369/393
f 369/369/393 302/302/393 295/295/392
f 232/232/250 231/231/249 370/370/21
f 370/370/21 371/371/394 232/232/250
f 372/372/395 373/373/396 374/374/397
f 374/374/397 375/375/398 372/372/395
f 376/376/399 377/377/400 378/378/401
f 378/378/401 379/379/402 376/376/399
f 380/380/403 381/381/404 382/382/405
f 382/382/405 383/383/406 380/380/403
f 384/384/407 385/385/408 386/386/409
f 384/384/407 386/386/409 387/387/410
f 387/387/410 388/388/411 384/384/407
f 389/389/412 390/390/413 391/391/414
f 389/389/412 391/391/414 392/392/415
f 392/392/415 393/393/416 389/389/412
f 379/379/402 378/378/401 394/394/417
f 394/394/417 395/395/418 379/379/402
f 396/396/419 397/397/420 15/15/15
f 15/15/15 14/14/14 396/396/419
f 398/398/421 399/399/422 397/397/420
f 397/397/420 396/396/419 398/398/421
f 395/395/418 394/394/417 381/381/404
f 381/381/404 380/380/403 395/395/418
f 400/400/363 401/401/423 387/387/410
f 400/400/363 387/387/410 402/402/424
f 402/402/424 403/403/325 400/400/363
f 404/404/325 405/405/424 406/406/425
f 404/404/325 406/406/425 407/407/426
f 407/407/426 408/408/326 404/404/325
f 386/386/409 385/385/408 389/389/412
f 386/386/409 389/389/412 393/393/416
f 393/393/416 406/406/425 386/386/409
f 409/409/427 410/410/428 384/384/407
f 409/409/427 384/384/407 388/388/411
f 388/388/411 411/411/429 409/409/427
f 383/383/406 382/382/405 410/410/428
f 410/410/428 409/409/427 383/383/406
f 412/412/430 375/375/398 377/377/400
f 377/377/400 376/376/399 412/412/430
f 413/413/431 414/414/432 390/390/413
f 390/390/413 389/389/412 413/413/431
f 385/385/408 415/415/433 413/413/431
f 413/413/431 389/389/412 385/385/408
f 416/416/434 415/415/433 385/385/408
f 385/385/408 384/384/407 416/416/434
f 410/410/428 417/417/435 416/416/434
f 416/416/434 384/384/407 410/410/428
f 15/15/15 418/418/436 419/419/437
f 419/419/437 16/16/16 15/15/15
f 17/17/17 16/16/16 372/372/395
f 372/372/395 420/420/438 17/17/17
f 381/381/404 421/421/439 422/422/440
f 422/422/440 382/382/405 381/381/404
f 378/378/401 423/423/441 424/424/442
f 424/424/442 394/394/417 378/378/401
f 397/397/420 425/425/443 418/418/436
f 418/418/436 15/15/15 397/397/420
f 399/399/422 426/426/444 425/425/443
f 425/425/443 397/397/420 399/399/422
f 394/394/417 424/424/442 421/421/439
f 421/421/439 381/381/404 394/394/417
f 391/391/414 390/390/413 399/399/422
f 399/399/422 398/398/421 391/391/414
f 375/375/398 374/374/397 427/427/445
f 427/427/445 377/377/400 375/375/398
f 16/16/16 419/419/437 373/373/396
f 373/373/396 372/372/395 16/16/16
f 390/390/413 414/414/432 426/426/444
f 426/426/444 399/399/422 390/390/413
f 428/428/446 429/429/446 430/430/447
f 430/430/447 431/431/447 428/428/446
f 432/432/448 433/433/448 434/434/449
f 434/434/449 435/435/449 432/432/448
f 436/436/450 437/437/450 438/438/451
f 438/438/451 439/439/451 436/436/450
f 440/440/253 441/441/452 401/401/453
f 401/401/453 400/400/254 440/440/253
f 442/442/454 443/443/454 444/444/455
f 444/444/455 445/445/455 442/442/454
f 445/445/455 444/444/455 437/437/450
f 437/437/450 436/436/450 445/445/455
f 446/446/456 447/447/456 429/429/446
f 429/429/446 428/428/446 446/446/456
f 377/377/400 427/427/445 423/423/441
f 423/423/441 378/378/401 377/377/400
f 439/439/451 438/438/451 448/448/457
f 448/448/457 449/449/457 439/439/451
f 408/408/330 407/407/458 450/450/459
f 450/450/459 451/451/331 408/408/330
f 452/452/460 453/453/460 443/443/454
f 443/443/454 442/442/454 452/452/460
f 449/449/457 448/448/457 433/433/448
f 433/433/448 432/432/448 449/449/457
f 454/454/461 455/455/461 453/453/460
f 453/453/460 452/452/460 454/454/461
f 456/456/462 457/457/462 447/447/456
f 447/447/456 446/446/456 456/456/462
f 431/431/447 430/430/447 455/455/461
f 455/455/461 454/454/461 431/431/447
f 147/147/158 146/146/157 458/458/463
f 147/147/158 458/458/463 459/459/464
f 459/459/464 460/460/465 147/147/158
f 382/382/405 422/422/440 417/417/435
f 417/417/435 410/410/428 382/382/405
f 461/461/466 462/462/394 463/463/21
f 461/461/466 463/463/21 464/464/12
f 464/464/12 11/11/11 461/461/466
f 465/465/467 392/392/468 457/457/462
f 457/457/462 456/456/462 465/465/467
f 10/10/10 150/150/161 461/461/466
f 461/461/466 11/11/11 10/10/10
f 20/20/20 19/19/19 458/458/463
f 458/458/463 146/146/157 20/20/20
f 393/393/416 392/392/415 407/407/426
f 407/407/426 406/406/425 393/393/416
f 387/387/410 401/401/423 411/411/429
f 411/411/429 388/388/411 387/387/410
f 407/407/458 392/392/468 465/465/467
f 465/465/467 450/450/459 407/407/458
f 441/441/452 466/466/469 411/411/470
f 411/411/470 401/401/453 441/441/452
f 435/435/449 434/434/449 411/411/470
f 411/411/470 466/466/469 435/435/449
f 275/275/299 254/254/274 255/255/275
f 255/255/275 276/276/299 275/275/299
f 270/270/292 273/273/296 271/271/297
f 271/271/297 260/260/293 270/270/292
f 260/260/281 271/271/294 272/272/295
f 272/272/295 261/261/281 260/260/281
f 329/329/378 328/328/375 360/360/376
f 360/360/376 361/361/379 329/329/378
f 330/330/360 322/322/348 327/327/349
f 327/327/349 348/348/361 330/330/360
f 337/337/299 332/332/275 333/333/274
f 333/333/274 338/338/351 337/337/299
f 329/329/350 323/323/295 322/322/294
f 322/322/294 330/330/350 329/329/350
f 467/467/471 222/222/472 67/67/473
f 67/67/473 468/468/474 467/467/471
f 220/220/123 467/467/471 468/468/474
f 468/468/474 88/88/93 220/220/123
f 469/469/475 202/202/476 132/132/477
f 132/132/477 470/470/478 469/469/475
f 3/3/3 469/469/475 470/470/478
f 470/470/478 119/119/126 3/3/3
f 471/471/479 214/214/480 63/63/481
f 63/63/481 472/472/482 471/471/479
f 211/211/127 471/471/479 472/472/482
f 472/472/482 84/84/89 211/211/127
f 473/473/483 60/60/484 128/128/485
f 128/128/485 474/474/486 473/473/483
f 70/70/73 473/473/483 474/474/486
f 474/474/486 115/115/122 70/70/73
f 475/475/487 187/187/488 59/59/489
f 59/59/489 476/476/490 475/475/487
f 179/179/187 475/475/487 476/476/490
f 476/476/490 69/69/72 179/179/187
f 477/477/491 42/42/492 41/41/493
f 41/41/493 478/478/494 477/477/491
f 89/89/94 477/477/491 478/478/494
f 478/478/494 198/198/210 89/89/94
f 479/479/495 193/193/496 192/192/497
f 192/192/497 480/480/498 479/479/495
f 199/199/211 479/479/495 480/480/498
f 480/480/498 2/2/2 199/199/211
f 481/481/499 64/64/500 184/184/501
f 184/184/501 482/482/502 481/481/499
f 85/85/90 481/481/499 482/482/502
f 482/482/502 178/178/186 85/85/90
f 478/478/494 41/41/493 193/193/496
f 193/193/496 479/479/495 478/478/494
f 198/198/210 478/478/494 479/479/495
f 479/479/495 199/199/211 198/198/210
f 482/482/502 184/184/501 187/187/488
f 187/187/488 475/475/487 482/482/502
f 178/178/186 482/482/502 475/475/487
f 475/475/487 179/179/187 178/178/186
f 470/470/478 132/132/477 135/135/480
f 135/135/480 483/483/479 470/470/478
f 119/119/126 470/470/478 483/483/479
f 483/483/479 120/120/127 119/119/126
f 474/474/486 128/128/485 131/131/472
f 131/131/472 484/484/471 474/474/486
f 115/115/122 474/474/486 484/484/471
f 484/484/471 116/116/123 115/115/122
f 468/468/474 67/67/473 42/42/492
f 42/42/492 477/477/491 468/468/474
f 88/88/93 468/468/474 477/477/491
f 477/477/491 89/89/94 88/88/93
f 472/472/482 63/63/481 64/64/500
f 64/64/500 481/481/499 472/472/482
f 84/84/89 472/472/482 481/481/499
f 481/481/499 85/85/90 84/84/89
f 476/476/490 59/59/489 60/60/484
f 60/60/484 473/473/483 476/476/490
f 69/69/72 476/476/490 473/473/483
f 473/473/483 70/70/73 69/69/72
f 480/480/498 192/192/497 202/202/476
f 202/202/476 469/469/475 480/480/498
f 2/2/2 480/480/498 469/469/475
f 469/469/475 3/3/3 2/2/2
f 420/420/438 372/372/395 375/375/398
f 375/375/398 412/412/430 420/420/438
f 485/485/503 486/486/504 487/487/505
f 487/487/505 488/488/506 485/485/503
f 489/489/507 490/490/508 149/149/160
f 149/149/160 148/148/159 489/489/507
f 491/491/509 492/492/510 493/493/511
f 493/493/511 494/494/512 491/491/509
f 494/494/512 493/493/511 495/495/513
f 495/495/513 496/496/514 494/494/512
f 460/460/465 459/459/464 497/497/515
f 497/497/515 498/498/516 460/460/465
f 496/496/514 495/495/513 499/499/517
f 499/499/517 500/500/518 496/496/514
f 501/501/519 502/502/520 490/490/508
f 490/490/508 489/489/507 501/501/519
f 500/500/518 499/499/517 503/503/521
f 503/503/521 504/504/522 500/500/518
f 488/488/506 487/487/505 502/502/520
f 502/502/520 501/501/519 488/488/506
f 498/498/516 497/497/515 492/492/510
f 492/492/510 491/491/509 498/498/516
f 505/505/523 506/506/524 486/486/504
f 486/486/504 485/485/503 505/505/523
f 504/504/522 503/503/521 506/506/524
f 506/506/524 505/505/523 504/504/522
f 507/507/525 500/500/518 504/504/522
f 504/504/522 508/508/526 507/507/525
f 509/509/527 494/494/512 496/496/514
f 496/496/514 510/510/528 509/509/527
f 511/511/529 13/13/13 147/147/158
f 147/147/158 512/512/530 511/511/529
f 513/513/531 148/148/159 9/9/9
f 9/9/9 514/514/532 513/513/531
f 508/508/526 504/504/522 505/505/523
f 505/505/523 515/515/533 508/508/526
f 516/516/534 460/460/465 498/498/516
f 498/498/516 517/517/535 516/516/534
f 518/518/536 491/491/509 494/494/512
f 494/494/512 509/509/527 518/518/536
f 519/519/537 488/488/506 501/501/519
f 501/501/519 520/520/538 519/519/537
f 520/520/538 501/501/519 489/489/507
f 489/489/507 521/521/539 520/520/538
f 514/514/532 9/9/9 13/13/13
f 13/13/13 511/511/529 514/514/532
f 517/517/535 498/498/516 491/491/509
f 491/491/509 518/518/536 517/517/535
f 510/510/528 496/496/514 500/500/518
f 500/500/518 507/507/525 510/510/528
f 521/521/539 489/489/507 148/148/159
f 148/148/159 513/513/531 521/521/539
f 522/522/540 485/485/503 488/488/506
f 488/488/506 519/519/537 522/522/540
f 512/512/530 147/147/158 460/460/465
f 460/460/465 516/516/534 512/512/530
f 515/515/533 505/505/523 485/485/503
f 485/485/503 522/522/540 515/515/533
f 523/523/541 519/519/537 520/520/538
f 520/520/538 524/524/542 523/523/541
f 525/525/543 516/516/534 517/517/535
f 517/517/535 526/526/544 525/525/543
f 527/527/545 510/510/528 507/507/525
f 507/507/525 528/528/546 527/527/545
f 524/524/542 520/520/538 521/521/539
f 521/521/539 529/529/547 524/524/542
f 528/528/546 507/507/525 508/508/526
f 508/508/526 530/530/548 528/528/546
f 531/531/549 513/513/531 514/514/532
f 514/514/532 532/532/550 531/531/549
f 530/530/548 508/508/526 515/515/533
f 515/515/533 533/533/551 530/530/548
f 534/534/552 522/522/540 519/519/537
f 519/519/537 523/523/541 534/534/552
f 535/535/553 518/518/536 509/509/527
f 509/509/527 536/536/554 535/535/553
f 526/526/544 517/517/535 518/518/536
f 518/518/536 535/535/553 526/526/544
f 537/537/555 512/512/530 516/516/534
f 516/516/534 525/525/543 537/537/555
f 529/529/547 521/521/539 513/513/531
f 513/513/531 531/531/549 529/529/547
f 538/538/556 511/511/529 512/512/530
f 512/512/530 537/537/555 538/538/556
f 536/536/554 509/509/527 510/510/528
f 510/510/528 527/527/545 536/536/554
f 533/533/551 515/515/533 522/522/540
f 522/522/540 534/534/552 533/533/551
f 532/532/550 514/514/532 511/511/529
f 511/511/529 538/538/556 532/532/550
f 539/539/557 540/540/558 541/541/559
f 541/541/559 542/542/560 539/539/557
f 543/543/561 544/544/562 545/545/563
f 545/545/563 546/546/564 543/543/561
f 547/547/565 548/548/566 549/549/567
f 549/549/567 550/550/565 547/547/565
f 551/551/568 552/552/569 553/553/570
f 553/553/570 554/554/571 551/551/568
f 555/555/572 556/556/573 540/540/558
f 540/540/558 539/539/557 555/555/572
f 557/557/574 558/558/575 559/559/576
f 559/559/576 560/560/577 557/557/574
f 561/561/578 562/562/579 563/563/580
f 563/563/580 564/564/581 561/561/578
f 565/565/582 566/566/457 567/567/457
f 567/567/457 544/544/562 565/565/582
f 568/568/583 561/561/578 564/564/581
f 564/564/581 569/569/584 568/568/583
f 558/558/575 568/568/583 569/569/584
f 569/569/584 559/559/576 558/558/575
f 570/570/585 571/571/586 556/556/587
f 556/556/587 555/555/585 570/570/585
f 552/552/569 557/557/574 560/560/577
f 560/560/577 553/553/570 552/552/569
f 572/572/588 573/573/589 574/574/590
f 574/574/590 575/575/591 572/572/588
f 576/576/457 572/572/588 575/575/591
f 575/575/591 577/577/457 576/576/457
f 578/578/457 576/576/457 577/577/457
f 577/577/457 579/579/457 578/578/457
f 567/567/457 578/578/457 579/579/457
f 579/579/457 580/580/457 567/567/457
f 548/548/566 581/581/592 582/582/593
f 582/582/593 549/549/567 548/548/566
f 581/581/592 551/551/568 554/554/571
f 554/554/571 582/582/593 581/581/592
f 562/562/579 583/583/594 584/584/595
f 584/584/595 563/563/580 562/562/579
f 585/585/596 586/586/561 587/587/564
f 587/587/564 588/588/597 585/585/596
f 584/584/595 583/583/594 589/589/598
f 589/589/598 590/590/599 584/584/595
f 590/590/599 589/589/598 591/591/600
f 591/591/600 592/592/601 590/590/599
f 592/592/601 591/591/600 586/586/561
f 586/586/561 585/585/596 592/592/601
f 566/566/457 593/593/457 578/578/457
f 578/578/457 567/567/457 566/566/457
f 593/593/457 594/594/457 576/576/457
f 576/576/457 578/578/457 593/593/457
f 594/594/457 595/595/602 572/572/588
f 572/572/588 576/576/457 594/594/457
f 596/596/603 573/573/589 572/572/588
f 596/596/603 572/572/588 595/595/602
f 597/597/600 565/565/582 544/544/562
f 544/544/562 543/543/561 597/597/600
f 598/598/604 599/599/605 600/600/606
f 600/600/606 601/601/607 598/598/604
f 602/602/446 603/603/608 604/604/609
f 604/604/609 605/605/446 602/602/446
f 606/606/610 607/607/611 608/608/612
f 608/608/612 609/609/612 606/606/610
f 604/604/609 603/603/608 610/610/613
f 610/610/613 611/611/614 604/604/609
f 612/612/615 613/613/615 565/565/615
f 565/565/615 597/597/615 612/612/615
f 614/614/616 615/615/617 574/574/617
f 574/574/617 573/573/618 614/614/616
f 616/616/619 617/617/620 618/618/621
f 618/618/621 619/619/621 616/616/619
f 620/620/622 621/621/623 622/622/624
f 622/622/624 623/623/624 620/620/622
f 624/624/625 625/625/626 626/626/627
f 626/626/627 627/627/628 624/624/625
f 607/607/629 628/628/630 629/629/631
f 629/629/631 608/608/631 607/607/629
f 630/630/632 631/631/633 632/632/634
f 632/632/634 633/633/635 630/630/632
f 634/634/636 635/635/637 636/636/638
f 636/636/638 637/637/639 634/634/636
f 638/638/640 639/639/641 595/595/642
f 595/595/642 594/594/643 638/638/640
f 640/640/644 614/614/616 573/573/618
f 573/573/618 596/596/645 640/640/644
f 641/641/646 638/638/647 594/594/648
f 594/594/648 593/593/648 641/641/646
f 642/642/649 641/641/650 593/593/651
f 593/593/651 566/566/651 642/642/649
f 643/643/652 644/644/653 645/645/654
f 645/645/654 646/646/655 643/643/652
f 635/635/637 647/647/656 648/648/657
f 648/648/657 636/636/638 635/635/637
f 602/602/446 649/649/446 650/650/658
f 650/650/658 603/603/608 602/602/446
f 646/646/655 645/645/654 651/651/659
f 651/651/659 652/652/660 646/646/655
f 652/652/660 651/651/659 631/631/633
f 631/631/633 630/630/632 652/652/660
f 628/628/661 620/620/662 623/623/663
f 623/623/663 629/629/663 628/628/661
f 633/633/635 632/632/634 625/625/626
f 625/625/626 624/624/625 633/633/635
f 639/639/641 640/640/644 596/596/645
f 596/596/645 595/595/642 639/639/641
f 653/653/664 654/654/665 655/655/666
f 655/655/666 656/656/667 653/653/664
f 656/656/667 655/655/666 657/657/446
f 657/657/446 658/658/446 656/656/667
f 658/658/446 657/657/446 659/659/446
f 659/659/446 660/660/446 658/658/446
f 660/660/446 659/659/446 602/602/446
f 602/602/446 605/605/446 660/660/446
f 621/621/668 661/661/669 662/662/670
f 662/662/670 622/622/670 621/621/668
f 661/661/671 634/634/672 637/637/673
f 637/637/673 662/662/673 661/661/671
f 599/599/605 663/663/674 664/664/675
f 664/664/675 600/600/606 599/599/605
f 665/665/676 666/666/677 617/617/620
f 617/617/620 616/616/619 665/665/676
f 627/627/628 626/626/627 666/666/677
f 666/666/677 665/665/676 627/627/628
f 667/667/678 668/668/679 644/644/653
f 644/644/653 643/643/652 667/667/678
f 669/669/614 670/670/613 671/671/680
f 671/671/680 672/672/681 669/669/614
f 673/673/682 598/598/683 601/601/684
f 601/601/684 674/674/684 673/673/682
f 675/675/685 668/668/679 667/667/678
f 667/667/678 676/676/686 675/675/685
f 677/677/687 675/675/685 676/676/686
f 676/676/686 678/678/688 677/677/687
f 663/663/689 606/606/690 609/609/691
f 609/609/691 664/664/691 663/663/689
f 670/670/613 677/677/687 678/678/688
f 678/678/688 671/671/680 670/670/613
f 659/659/446 679/679/446 649/649/446
f 649/649/446 602/602/446 659/659/446
f 657/657/446 680/680/446 679/679/446
f 679/679/446 659/659/446 657/657/446
f 655/655/666 681/681/692 680/680/446
f 680/680/446 657/657/446 655/655/666
f 682/682/693 681/681/692 655/655/666
f 682/682/693 655/655/666 654/654/665
f 603/603/608 650/650/658 683/683/687
f 683/683/687 610/610/613 603/603/608
f 649/649/694 684/684/695 685/685/696
f 685/685/696 650/650/694 649/649/694
f 567/567/457 580/580/457 545/545/563
f 545/545/563 544/544/562 567/567/457
f 642/642/697 566/566/698 565/565/698
f 565/565/698 613/613/699 642/642/697
f 684/684/695 642/642/697 613/613/699
f 613/613/699 685/685/696 684/684/695
f 686/686/700 687/687/700 688/688/701
f 688/688/701 689/689/702 686/686/700
f 689/689/702 688/688/701 606/606/690
f 606/606/690 663/663/689 689/689/702
f 570/570/703 690/690/703 691/691/704
f 691/691/704 571/571/705 570/570/703
f 571/571/705 691/691/704 598/598/683
f 598/598/683 673/673/682 571/571/705
f 692/692/706 686/686/707 689/689/708
f 689/689/708 693/693/709 692/692/706
f 693/693/709 689/689/708 663/663/674
f 663/663/674 599/599/605 693/693/709
f 694/694/710 695/695/710 696/696/711
f 696/696/711 697/697/712 694/694/710
f 697/697/712 696/696/711 634/634/672
f 634/634/672 661/661/671 697/697/712
f 698/698/713 694/694/713 697/697/714
f 697/697/714 699/699/715 698/698/713
f 699/699/715 697/697/714 661/661/669
f 661/661/669 621/621/668 699/699/715
f 681/681/716 682/682/717 700/700/718
f 700/700/718 701/701/719 681/681/716
f 701/701/719 700/700/718 640/640/644
f 640/640/644 639/639/641 701/701/719
f 702/702/720 703/703/720 704/704/721
f 704/704/721 705/705/722 702/702/720
f 705/705/722 704/704/721 620/620/662
f 620/620/662 628/628/661 705/705/722
f 706/706/723 707/707/724 708/708/725
f 708/708/725 709/709/726 706/706/723
f 709/709/726 708/708/725 647/647/656
f 647/647/656 635/635/637 709/709/726
f 649/649/727 679/679/727 710/710/728
f 710/710/728 684/684/729 649/649/727
f 684/684/729 710/710/728 641/641/650
f 641/641/650 642/642/649 684/684/729
f 679/679/730 680/680/730 711/711/731
f 711/711/731 710/710/732 679/679/730
f 710/710/732 711/711/731 638/638/647
f 638/638/647 641/641/646 710/710/732
f 682/682/717 654/654/733 712/712/734
f 712/712/734 700/700/718 682/682/717
f 700/700/735 712/712/736 614/614/736
f 614/614/736 640/640/735 700/700/735
f 680/680/737 681/681/716 701/701/719
f 701/701/719 711/711/738 680/680/737
f 711/711/738 701/701/719 639/639/641
f 639/639/641 638/638/640 711/711/738
f 695/695/739 706/706/723 709/709/726
f 709/709/726 696/696/740 695/695/739
f 696/696/740 709/709/726 635/635/637
f 635/635/637 634/634/636 696/696/740
f 713/713/741 702/702/741 705/705/742
f 705/705/742 714/714/743 713/713/741
f 714/714/743 705/705/742 628/628/630
f 628/628/630 607/607/629 714/714/743
f 703/703/744 698/698/744 699/699/745
f 699/699/745 704/704/746 703/703/744
f 704/704/746 699/699/745 621/621/623
f 621/621/623 620/620/622 704/704/746
f 654/654/733 653/653/747 715/715/747
f 715/715/747 712/712/734 654/654/733
f 712/712/736 715/715/748 615/615/748
f 615/615/748 614/614/736 712/712/736
f 683/683/749 650/650/749 685/685/749
f 685/685/749 716/716/749 683/683/749
f 716/716/750 685/685/750 613/613/750
f 613/613/750 612/612/750 716/716/750
f 687/687/751 713/713/751 714/714/752
f 714/714/752 688/688/753 687/687/751
f 688/688/753 714/714/752 607/607/611
f 607/607/611 606/606/610 688/688/753
f 690/690/754 692/692/706 693/693/709
f 693/693/709 691/691/755 690/690/754
f 691/691/755 693/693/709 599/599/605
f 599/599/605 598/598/604 691/691/755
f 673/673/756 674/674/757 717/717/757
f 717/717/757 718/718/758 673/673/756
f 571/571/586 673/673/756 718/718/758
f 718/718/758 556/556/587 571/571/586
f 718/718/759 717/717/760 719/719/761
f 719/719/761 720/720/762 718/718/759
f 556/556/573 718/718/759 720/720/762
f 720/720/762 540/540/558 556/556/573
f 720/720/762 719/719/761 721/721/763
f 721/721/763 722/722/559 720/720/762
f 540/540/558 720/720/762 722/722/559
f 722/722/559 541/541/559 540/540/558
f 723/723/764 724/724/765 725/725/766
f 725/725/766 726/726/767 723/723/764
f 545/545/563 727/727/768 728/728/769
f 728/728/769 546/546/564 545/545/563
f 729/729/770 730/730/771 731/731/772
f 731/731/772 732/732/772 729/729/770
f 733/733/773 734/734/774 735/735/775
f 735/735/775 736/736/776 733/733/773
f 724/724/765 737/737/777 738/738/778
f 738/738/778 725/725/766 724/724/765
f 739/739/779 740/740/780 741/741/781
f 741/741/781 742/742/782 739/739/779
f 743/743/783 744/744/784 745/745/785
f 745/745/785 746/746/786 743/743/783
f 747/747/457 748/748/457 749/749/787
f 749/749/787 727/727/768 747/747/457
f 746/746/786 745/745/785 750/750/788
f 750/750/788 751/751/789 746/746/786
f 751/751/789 750/750/788 740/740/780
f 740/740/780 739/739/779 751/751/789
f 737/737/790 752/752/791 753/753/792
f 753/753/792 738/738/792 737/737/790
f 742/742/782 741/741/781 734/734/774
f 734/734/774 733/733/773 742/742/782
f 574/574/590 754/754/793 755/755/794
f 755/755/794 575/575/591 574/574/590
f 575/575/591 755/755/794 756/756/457
f 756/756/457 577/577/457 575/575/591
f 577/577/457 756/756/457 757/757/457
f 757/757/457 579/579/457 577/577/457
f 579/579/457 757/757/457 747/747/457
f 747/747/457 580/580/457 579/579/457
f 758/758/795 759/759/796 730/730/771
f 730/730/771 729/729/770 758/758/795
f 736/736/776 735/735/775 759/759/796
f 759/759/796 758/758/795 736/736/776
f 760/760/797 761/761/798 744/744/784
f 744/744/784 743/743/783 760/760/797
f 762/762/564 763/763/769 764/764/799
f 764/764/799 765/765/597 762/762/564
f 766/766/800 761/761/798 760/760/797
f 760/760/797 767/767/801 766/766/800
f 768/768/802 766/766/800 767/767/801
f 767/767/801 769/769/803 768/768/802
f 763/763/769 768/768/802 769/769/803
f 769/769/803 764/764/799 763/763/769
f 757/757/457 770/770/457 748/748/457
f 748/748/457 747/747/457 757/757/457
f 756/756/457 771/771/457 770/770/457
f 770/770/457 757/757/457 756/756/457
f 755/755/794 772/772/804 771/771/457
f 771/771/457 756/756/457 755/755/794
f 773/773/805 772/772/804 755/755/794
f 773/773/805 755/755/794 754/754/793
f 727/727/768 749/749/787 774/774/802
f 774/774/802 728/728/769 727/727/768
f 775/775/806 776/776/807 777/777/808
f 777/777/808 778/778/809 775/775/806
f 779/779/609 780/780/810 781/781/446
f 781/781/446 782/782/446 779/779/609
f 783/783/811 784/784/812 785/785/813
f 785/785/813 786/786/811 783/783/811
f 787/787/814 780/780/810 779/779/609
f 779/779/609 788/788/614 787/787/814
f 749/749/815 789/789/815 790/790/815
f 790/790/815 774/774/815 749/749/815
f 574/574/816 615/615/816 791/791/817
f 791/791/817 754/754/818 574/574/816
f 792/792/819 793/793/820 794/794/821
f 794/794/821 795/795/819 792/792/819
f 796/796/822 797/797/823 798/798/824
f 798/798/824 799/799/822 796/796/822
f 800/800/825 801/801/826 802/802/827
f 802/802/827 803/803/828 800/800/825
f 804/804/829 805/805/830 784/784/831
f 784/784/831 783/783/829 804/804/829
f 806/806/832 807/807/833 808/808/834
f 808/808/834 809/809/835 806/806/832
f 810/810/836 811/811/837 812/812/838
f 812/812/838 813/813/839 810/810/836
f 772/772/840 814/814/841 815/815/842
f 815/815/842 771/771/843 772/772/840
f 754/754/818 791/791/817 816/816/844
f 816/816/844 773/773/845 754/754/818
f 771/771/846 815/815/847 817/817/848
f 817/817/848 770/770/846 771/771/846
f 770/770/849 817/817/850 818/818/851
f 818/818/851 748/748/849 770/770/849
f 819/819/852 820/820/853 821/821/854
f 821/821/854 822/822/855 819/819/852
f 823/823/856 824/824/857 811/811/837
f 811/811/837 810/810/836 823/823/856
f 825/825/858 826/826/446 781/781/446
f 781/781/446 780/780/810 825/825/858
f 827/827/859 819/819/852 822/822/855
f 822/822/855 828/828/860 827/827/859
f 807/807/833 827/827/859 828/828/860
f 828/828/860 808/808/834 807/807/833
f 799/799/861 798/798/862 805/805/863
f 805/805/863 804/804/861 799/799/861
f 801/801/826 806/806/832 809/809/835
f 809/809/835 802/802/827 801/801/826
f 773/773/845 816/816/844 814/814/841
f 814/814/841 772/772/840 773/773/845
f 829/829/864 830/830/865 831/831/664
f 831/831/664 832/832/667 829/829/864
f 833/833/446 829/829/864 832/832/667
f 832/832/667 834/834/446 833/833/446
f 835/835/446 833/833/446 834/834/446
f 834/834/446 836/836/446 835/835/446
f 781/781/446 835/835/446 836/836/446
f 836/836/446 782/782/446 781/781/446
f 837/837/866 838/838/867 797/797/868
f 797/797/868 796/796/866 837/837/866
f 813/813/869 812/812/870 838/838/871
f 838/838/871 837/837/869 813/813/869
f 839/839/872 840/840/873 776/776/807
f 776/776/807 775/775/806 839/839/872
f 793/793/820 841/841/874 842/842/875
f 842/842/875 794/794/821 793/793/820
f 841/841/874 800/800/825 803/803/828
f 803/803/828 842/842/875 841/841/874
f 820/820/853 843/843/876 844/844/877
f 844/844/877 821/821/854 820/820/853
f 845/845/878 846/846/814 847/847/614
f 847/847/614 848/848/681 845/845/878
f 778/778/879 777/777/880 849/849/881
f 849/849/881 850/850/879 778/778/879
f 844/844/877 843/843/876 851/851/882
f 851/851/882 852/852/883 844/844/877
f 852/852/883 851/851/882 853/853/884
f 853/853/884 854/854/885 852/852/883
f 786/786/886 785/785/887 840/840/888
f 840/840/888 839/839/886 786/786/886
f 854/854/885 853/853/884 846/846/814
f 846/846/814 845/845/878 854/854/885
f 826/826/446 855/855/446 835/835/446
f 835/835/446 781/781/446 826/826/446
f 855/855/446 856/856/446 833/833/446
f 833/833/446 835/835/446 855/855/446
f 856/856/446 857/857/889 829/829/864
f 829/829/864 833/833/446 856/856/446
f 858/858/890 830/830/865 829/829/864
f 858/858/890 829/829/864 857/857/889
f 859/859/884 825/825/858 780/780/810
f 780/780/810 787/787/814 859/859/884
f 860/860/891 861/861/892 826/826/893
f 826/826/893 825/825/893 860/860/891
f 545/545/563 580/580/457 747/747/457
f 747/747/457 727/727/768 545/545/563
f 749/749/894 748/748/894 818/818/895
f 818/818/895 789/789/896 749/749/894
f 789/789/896 818/818/895 861/861/892
f 861/861/892 860/860/891 789/789/896
f 862/862/897 863/863/898 864/864/898
f 864/864/898 865/865/899 862/862/897
f 785/785/887 862/862/897 865/865/899
f 865/865/899 840/840/888 785/785/887
f 866/866/900 867/867/901 753/753/901
f 753/753/901 752/752/902 866/866/900
f 777/777/880 866/866/900 752/752/902
f 752/752/902 849/849/881 777/777/880
f 865/865/903 864/864/904 868/868/905
f 868/868/905 869/869/906 865/865/903
f 840/840/873 865/865/903 869/869/906
f 869/869/906 776/776/807 840/840/873
f 870/870/907 871/871/908 872/872/908
f 872/872/908 873/873/909 870/870/907
f 812/812/870 870/870/907 873/873/909
f 873/873/909 838/838/871 812/812/870
f 873/873/910 872/872/911 874/874/911
f 874/874/911 875/875/912 873/873/910
f 838/838/867 873/873/910 875/875/912
f 875/875/912 797/797/868 838/838/867
f 876/876/913 858/858/914 857/857/915
f 857/857/915 877/877/916 876/876/913
f 816/816/844 876/876/913 877/877/916
f 877/877/916 814/814/841 816/816/844
f 878/878/917 879/879/918 880/880/918
f 880/880/918 881/881/919 878/878/917
f 798/798/862 878/878/917 881/881/919
f 881/881/919 805/805/863 798/798/862
f 882/882/920 883/883/921 884/884/922
f 884/884/922 885/885/923 882/882/920
f 824/824/857 882/882/920 885/885/923
f 885/885/923 811/811/837 824/824/857
f 886/886/924 855/855/925 826/826/925
f 826/826/925 861/861/926 886/886/924
f 817/817/850 886/886/924 861/861/926
f 861/861/926 818/818/851 817/817/850
f 887/887/927 856/856/928 855/855/928
f 855/855/928 886/886/929 887/887/927
f 815/815/847 887/887/927 886/886/929
f 886/886/929 817/817/848 815/815/847
f 888/888/930 830/830/931 858/858/914
f 858/858/914 876/876/913 888/888/930
f 791/791/932 888/888/932 876/876/933
f 876/876/933 816/816/933 791/791/932
f 877/877/916 857/857/915 856/856/934
f 856/856/934 887/887/935 877/877/916
f 814/814/841 877/877/916 887/887/935
f 887/887/935 815/815/842 814/814/841
f 885/885/923 884/884/922 871/871/936
f 871/871/936 870/870/937 885/885/923
f 811/811/837 885/885/923 870/870/937
f 870/870/937 812/812/838 811/811/837
f 881/881/938 880/880/939 889/889/939
f 889/889/939 890/890/940 881/881/938
f 805/805/830 881/881/938 890/890/940
f 890/890/940 784/784/831 805/805/830
f 875/875/941 874/874/942 879/879/942
f 879/879/942 878/878/943 875/875/941
f 797/797/823 875/875/941 878/878/943
f 878/878/943 798/798/824 797/797/823
f 715/715/944 831/831/944 830/830/931
f 830/830/931 888/888/930 715/715/944
f 615/615/748 715/715/748 888/888/932
f 888/888/932 791/791/932 615/615/748
f 860/860/945 825/825/945 859/859/945
f 859/859/945 891/891/945 860/860/945
f 789/789/946 860/860/946 891/891/946
f 891/891/946 790/790/946 789/789/946
f 890/890/947 889/889/948 863/863/948
f 863/863/948 862/862/949 890/890/947
f 784/784/812 890/890/947 862/862/949
f 862/862/949 785/785/813 784/784/812
f 869/869/906 868/868/905 867/867/950
f 867/867/950 866/866/951 869/869/906
f 776/776/807 869/869/906 866/866/951
f 866/866/951 777/777/808 776/776/807
f 892/892/952 850/850/952 849/849/953
f 849/849/953 893/893/954 892/892/952
f 893/893/954 849/849/953 752/752/791
f 752/752/791 737/737/790 893/893/954
f 894/894/955 892/892/956 893/893/957
f 893/893/957 895/895/958 894/894/955
f 895/895/958 893/893/957 737/737/777
f 737/737/777 724/724/765 895/895/958
f 896/896/959 894/894/955 895/895/958
f 895/895/958 897/897/960 896/896/959
f 897/897/960 895/895/958 724/724/765
f 724/724/765 723/723/764 897/897/960
f 898/898/961 899/899/962 896/896/959
f 896/896/959 897/897/960 898/898/961
f 897/897/960 723/723/764 900/900/961
f 900/900/961 898/898/961 897/897/960
f 726/726/767 901/901/962 900/900/961
f 900/900/961 723/723/764 726/726/767
f 902/902/963 903/903/964 899/899/962
f 899/899/962 898/898/961 902/902/963
f 898/898/961 900/900/961 904/904/963
f 904/904/963 902/902/963 898/898/961
f 901/901/962 905/905/964 904/904/963
f 904/904/963 900/900/961 901/901/962
f 906/906/965 907/907/965 903/903/964
f 903/903/964 902/902/963 906/906/965
f 902/902/963 904/904/963 908/908/965
f 908/908/965 906/906/965 902/902/963
f 905/905/964 909/909/965 908/908/965
f 908/908/965 904/904/963 905/905/964
f 910/910/966 911/911/967 912/912/968
f 912/912/968 913/913/969 910/910/966
f 913/913/969 912/912/968 914/914/970
f 914/914/970 915/915/971 913/913/969
f 916/916/972 913/913/969 915/915/971
f 915/915/971 917/917/973 916/916/972
f 918/918/974 910/910/966 913/913/969
f 913/913/969 916/916/972 918/918/974
f 919/919/975 920/920/976 921/921/977
f 921/921/977 922/922/978 919/919/975
f 922/922/978 921/921/977 923/923/979
f 923/923/979 924/924/980 922/922/978
f 925/925/981 922/922/978 924/924/980
f 924/924/980 926/926/982 925/925/981
f 927/927/983 919/919/975 922/922/978
f 922/922/978 925/925/981 927/927/983
f 928/928/984 929/929/985 930/930/986
f 930/930/986 931/931/987 928/928/984
f 931/931/987 930/930/986 932/932/988
f 932/932/988 933/933/989 931/931/987
f 934/934/990 931/931/987 933/933/989
f 933/933/989 935/935/991 934/934/990
f 936/936/992 928/928/984 931/931/987
f 931/931/987 934/934/990 936/936/992
f 937/937/993 938/938/994 939/939/995
f 939/939/995 940/940/996 937/937/993
f 940/940/996 939/939/995 929/929/985
f 929/929/985 928/928/984 940/940/996
f 941/941/997 940/940/996 928/928/984
f 928/928/984 936/936/992 941/941/997
f 942/942/998 937/937/993 940/940/996
f 940/940/996 941/941/997 942/942/998
f 943/943/999 917/917/973 915/915/971
f 915/915/971 944/944/1000 943/943/999
f 915/915/971 914/914/970 945/945/1001
f 945/945/1001 944/944/1000 915/915/971
f 945/945/1001 946/946/1002 947/947/1003
f 947/947/1003 944/944/1000 945/945/1001
f 947/947/1003 929/929/985 939/939/995
f 939/939/995 944/944/1000 947/947/1003
f 939/939/995 938/938/994 943/943/999
f 943/943/999 944/944/1000 939/939/995
f 948/948/1004 949/949/1005 950/950/1006
f 950/950/1006 951/951/1007 948/948/1004
f 951/951/1007 950/950/1006 911/911/967
f 911/911/967 910/910/966 951/951/1007
f 952/952/1008 951/951/1007 910/910/966
f 910/910/966 918/918/974 952/952/1008
f 953/953/1009 948/948/1004 951/951/1007
f 951/951/1007 952/952/1008 953/953/1009
f 947/947/1010 946/946/1002 954/954/1011
f 954/954/1011 955/955/1012 947/947/1010
f 954/954/1011 926/926/982 924/924/980
f 924/924/980 955/955/1012 954/954/1011
f 924/924/980 923/923/979 956/956/1013
f 956/956/1013 955/955/1012 924/924/980
f 956/956/1013 932/932/988 930/930/986
f 930/930/986 955/955/1012 956/956/1013
f 930/930/986 929/929/985 947/947/1010
f 947/947/1010 955/955/1012 930/930/986
f 945/945/1001 914/914/970 957/957/1014
f 957/957/1014 958/958/1015 945/945/1001
f 957/957/1014 959/959/1016 960/960/1017
f 960/960/1017 958/958/1015 957/957/1014
f 960/960/1017 946/946/1002 945/945/1001
f 945/945/1001 958/958/1015 960/960/1017
f 960/960/1017 959/959/1016 961/961/1018
f 961/961/1018 962/962/1019 960/960/1017
f 961/961/1018 926/926/982 954/954/1011
f 954/954/1011 962/962/1019 961/961/1018
f 954/954/1011 946/946/1002 960/960/1017
f 960/960/1017 962/962/1019 954/954/1011
f 957/957/1014 914/914/970 912/912/968
f 912/912/968 963/963/1020 957/957/1014
f 963/963/1020 912/912/968 911/911/1021
f 911/911/1021 964/964/1022 963/963/1020
f 965/965/1023 963/963/1020 964/964/1022
f 964/964/1022 966/966/1024 965/965/1023
f 959/959/1016 957/957/1014 963/963/1020
f 963/963/1020 965/965/1023 959/959/1016
f 961/961/1018 959/959/1016 965/965/1023
f 965/965/1023 967/967/1025 961/961/1018
f 967/967/1025 965/965/1023 966/966/1024
f 966/966/1024 968/968/1026 967/967/1025
f 925/925/981 967/967/1025 968/968/1026
f 968/968/1026 927/927/1027 925/925/981
f 926/926/982 961/961/1018 967/967/1025
f 967/967/1025 925/925/981 926/926/982
f 964/964/1022 911/911/1021 950/950/1028
f 950/950/1028 969/969/1029 964/964/1022
f 969/969/1029 950/950/1028 949/949/1030
f 949/949/1030 970/970/1031 969/969/1029
f 971/971/1032 969/969/1029 970/970/1031
f 970/970/1031 972/972/1033 971/971/1032
f 966/966/1024 964/964/1022 969/969/1029
f 969/969/1029 971/971/1032 966/966/1024
f 968/968/1026 966/966/1024 971/971/1032
f 971/971/1032 973/973/1034 968/968/1026
f 973/973/1034 971/971/1032 972/972/1033
f 972/972/1033 974/974/1035 973/973/1034
f 975/975/1036 973/973/1034 974/974/1035
f 974/974/1035 976/976/1037 975/975/1036
f 927/927/1027 968/968/1026 973/973/1034
f 973/973/1034 975/975/1036 927/927/1027
f 977/977/1038 978/978/1039 979/979/1040
f 979/979/1040 980/980/1041 977/977/1038
f 980/980/1041 979/979/1040 920/920/976
f 920/920/976 919/919/975 980/980/1041
f 975/975/1042 980/980/1041 919/919/975
f 919/919/975 927/927/983 975/975/1042
f 976/976/1043 977/977/1038 980/980/1041
f 980/980/1041 975/975/1042 976/976/1043
f 981/981/1044 982/982/1045 983/983/1046
f 983/983/1046 984/984/1047 981/981/1044
f 985/985/1048 981/981/1044 984/984/1047
f 984/984/1047 986/986/1049 985/985/1048
f 986/986/1049 984/984/1047 987/987/1050
f 987/987/1050 988/988/1051 986/986/1049
f 984/984/1047 983/983/1046 989/989/1052
f 989/989/1052 987/987/1050 984/984/1047
f 990/990/1053 991/991/1054 992/992/1055
f 992/992/1055 993/993/1056 990/990/1053
f 994/994/1057 990/990/1053 993/993/1056
f 993/993/1056 995/995/1058 994/994/1057
f 995/995/1058 993/993/1056 996/996/1059
f 996/996/1059 997/997/1060 995/995/1058
f 993/993/1056 992/992/1055 998/998/1061
f 998/998/1061 996/996/1059 993/993/1056
f 999/999/1062 1000/1000/1063 1001/1001/1064
f 1001/1001/1064 1002/1002/1065 999/999/1062
f 1003/1003/1066 999/999/1062 1002/1002/1065
f 1002/1002/1065 1004/1004/1067 1003/1003/1066
f 1004/1004/1067 1002/1002/1065 1005/1005/1068
f 1005/1005/1068 1006/1006/1069 1004/1004/1067
f 1002/1002/1065 1001/1001/1064 1007/1007/1070
f 1007/1007/1070 1005/1005/1068 1002/1002/1065
f 1008/1008/1071 1009/1009/1072 1010/1010/1073
f 1010/1010/1073 1011/1011/1074 1008/1008/1071
f 1000/1000/1063 1008/1008/1071 1011/1011/1074
f 1011/1011/1074 1001/1001/1064 1000/1000/1063
f 1001/1001/1064 1011/1011/1074 1012/1012/1075
f 1012/1012/1075 1007/1007/1070 1001/1001/1064
f 1011/1011/1074 1010/1010/1073 1013/1013/1076
f 1013/1013/1076 1012/1012/1075 1011/1011/1074
f 986/986/1049 988/988/1051 1014/1014/1077
f 1014/1014/1077 1015/1015/1078 986/986/1049
f 1016/1016/1079 985/985/1048 986/986/1049
f 986/986/1049 1015/1015/1078 1016/1016/1079
f 1017/1017/1080 1018/1018/1081 1016/1016/1079
f 1016/1016/1079 1015/1015/1078 1017/1017/1080
f 1008/1008/1071 1000/1000/1063 1017/1017/1080
f 1017/1017/1080 1015/1015/1078 1008/1008/1071
f 1014/1014/1077 1009/1009/1072 1008/1008/1071
f 1008/1008/1071 1015/1015/1078 1014/1014/1077
f 1019/1019/1082 1020/1020/1083 1021/1021/1084
f 1021/1021/1084 1022/1022/1085 1019/1019/1082
f 982/982/1045 1019/1019/1082 1022/1022/1085
f 1022/1022/1085 983/983/1046 982/982/1045
f 983/983/1046 1022/1022/1085 1023/1023/1086
f 1023/1023/1086 989/989/1052 983/983/1046
f 1022/1022/1085 1021/1021/1084 1024/1024/1087
f 1024/1024/1087 1023/1023/1086 1022/1022/1085
f 1025/1025/1088 1018/1018/1081 1017/1017/1089
f 1017/1017/1089 1026/1026/1090 1025/1025/1088
f 995/995/1058 997/997/1060 1025/1025/1088
f 1025/1025/1088 1026/1026/1090 995/995/1058
f 1027/1027/1091 994/994/1057 995/995/1058
f 995/995/1058 1026/1026/1090 1027/1027/1091
f 999/999/1062 1003/1003/1066 1027/1027/1091
f 1027/1027/1091 1026/1026/1090 999/999/1062
f 1017/1017/1089 1000/1000/1063 999/999/1062
f 999/999/1062 1026/1026/1090 1017/1017/1089
f 1028/1028/1092 985/985/1048 1016/1016/1079
f 1016/1016/1079 1029/1029/1093 1028/1028/1092
f 1030/1030/1094 1031/1031/1095 1028/1028/1092
f 1028/1028/1092 1029/1029/1093 1030/1030/1094
f 1016/1016/1079 1018/1018/1081 1030/1030/1094
f 1030/1030/1094 1029/1029/1093 1016/1016/1079
f 1032/1032/1096 1031/1031/1095 1030/1030/1094
f 1030/1030/1094 1033/1033/1097 1032/1032/1096
f 1025/1025/1088 997/997/1060 1032/1032/1096
f 1032/1032/1096 1033/1033/1097 1025/1025/1088
f 1030/1030/1094 1018/1018/1081 1025/1025/1088
f 1025/1025/1088 1033/1033/1097 1030/1030/1094
f 981/981/1044 985/985/1048 1028/1028/1092
f 1028/1028/1092 1034/1034/1098 981/981/1044
f 982/982/1099 981/981/1044 1034/1034/1098
f 1034/1034/1098 1035/1035/1100 982/982/1099
f 1035/1035/1100 1034/1034/1098 1036/1036/1101
f 1036/1036/1101 1037/1037/1102 1035/1035/1100
f 1034/1034/1098 1028/1028/1092 1031/1031/1095
f 1031/1031/1095 1036/1036/1101 1034/1034/1098
f 1036/1036/1101 1031/1031/1095 1032/1032/1096
f 1032/1032/1096 1038/1038/1103 1036/1036/1101
f 1037/1037/1102 1036/1036/1101 1038/1038/1103
f 1038/1038/1103 1039/1039/1104 1037/1037/1102
f 1039/1039/1104 1038/1038/1103 996/996/1059
f 996/996/1059 998/998/1105 1039/1039/1104
f 1038/1038/1103 1032/1032/1096 997/997/1060
f 997/997/1060 996/996/1059 1038/1038/1103
f 1019/1019/1106 982/982/1099 1035/1035/1100
f 1035/1035/1100 1040/1040/1107 1019/1019/1106
f 1020/1020/1108 1019/1019/1106 1040/1040/1107
f 1040/1040/1107 1041/1041/1109 1020/1020/1108
f 1041/1041/1109 1040/1040/1107 1042/1042/1110
f 1042/1042/1110 1043/1043/1111 1041/1041/1109
f 1040/1040/1107 1035/1035/1100 1037/1037/1102
f 1037/1037/1102 1042/1042/1110 1040/1040/1107
f 1042/1042/1110 1037/1037/1102 1039/1039/1104
f 1039/1039/1104 1044/1044/1112 1042/1042/1110
f 1043/1043/1111 1042/1042/1110 1044/1044/1112
f 1044/1044/1112 1045/1045/1113 1043/1043/1111
f 1045/1045/1113 1044/1044/1112 1046/1046/1114
f 1046/1046/1114 1047/1047/1115 1045/1045/1113
f 1044/1044/1112 1039/1039/1104 998/998/1105
f 998/998/1105 1046/1046/1114 1044/1044/1112
f 1048/1048/1116 1049/1049/1117 1050/1050/1118
f 1050/1050/1118 1051/1051/1119 1048/1048/1116
f 991/991/1054 1048/1048/1116 1051/1051/1119
f 1051/1051/1119 992/992/1055 991/991/1054
f 992/992/1055 1051/1051/1119 1046/1046/1120
f 1046/1046/1120 998/998/1061 992/992/1055
f 1051/1051/1119 1050/1050/1118 1047/1047/1121
f 1047/1047/1121 1046/1046/1120 1051/1051/1119
f 279/279/1122 292/292/1122 1052/1052/1122
f 279/279/1122 1052/1052/1122 1053/1053/1122
f 279/279/1122 1053/1053/1122 1054/1054/1122
f 279/279/1122 1054/1054/1122 1055/1055/1122
f 1055/1055/1122 1056/1056/1122 1057/1057/1122
f 1055/1055/1122 1057/1057/1122 1058/1058/1122
f 1055/1055/1122 1058/1058/1122 1059/1059/1122
f 1059/1059/1122 1060/1060/1122 1061/1061/1122
f 1059/1059/1122 1061/1061/1122 1062/1062/1122
f 1062/1062/1122 1063/1063/1122 369/369/1122
f 1062/1062/1122 369/369/1122 302/302/1122
f 1062/1062/1122 302/302/1122 299/299/1122
f 1062/1062/1122 299/299/1122 243/243/1122
f 1062/1062/1122 243/243/1122 244/244/1122
f 1062/1062/1122 244/244/1122 251/251/1122
f 267/267/1122 279/279/1122 1055/1055/1122
f 1059/1059/1122 1062/1062/1122 251/251/1122
f 1059/1059/1122 251/251/1122 257/257/1122
f 1059/1059/1122 257/257/1122 263/263/1122
f 1059/1059/1122 263/263/1122 272/272/1122
f 262/262/1122 267/267/1122 1055/1055/1122
f 1055/1055/1122 1059/1059/1122 272/272/1122
f 1055/1055/1122 272/272/1122 261/261/1122
f 1055/1055/1122 261/261/1122 262/262/1122
# Vertices: 1063, normals: 1122, texture coordinates: 1063, faces: 1522

